solid OpenSCAD_Model
  facet normal 0.09801712723695497 -0.9951847279617059 0
    outer loop
      vertex 70.3752628043294 -51.68082631379366 0
      vertex 70.18803399801254 -51.699266739189625 4.6
      vertex 70.18803399801254 -51.699266739189625 0
    endloop
  endfacet
  facet normal 0.09801712723695497 -0.9951847279617059 0
    outer loop
      vertex 70.3752628043294 -51.68082631379366 0
      vertex 70.3752628043294 -51.68082631379366 4.6
      vertex 70.18803399801254 -51.699266739189625 4.6
    endloop
  endfacet
  facet normal 0.16289550763718086 -0.9866433264314035 0
    outer loop
      vertex 70.56088467687368 -51.650180011987686 0
      vertex 70.3752628043294 -51.68082631379366 4.6
      vertex 70.3752628043294 -51.68082631379366 0
    endloop
  endfacet
  facet normal 0.16289550763718086 -0.9866433264314035 0
    outer loop
      vertex 70.56088467687368 -51.650180011987686 0
      vertex 70.56088467687368 -51.650180011987686 4.6
      vertex 70.3752628043294 -51.68082631379366 4.6
    endloop
  endfacet
  facet normal 0.22707625147378707 -0.9738769819728842 0
    outer loop
      vertex 70.744104757905 -51.6074590831995 0
      vertex 70.56088467687368 -51.650180011987686 4.6
      vertex 70.56088467687368 -51.650180011987686 0
    endloop
  endfacet
  facet normal 0.22707625147378707 -0.9738769819728842 0
    outer loop
      vertex 70.744104757905 -51.6074590831995 0
      vertex 70.744104757905 -51.6074590831995 4.6
      vertex 70.56088467687368 -51.650180011987686 4.6
    endloop
  endfacet
  facet normal 0.2902846841853716 -0.9569403336297405 0
    outer loop
      vertex 70.9241384640336 -51.55284645408392 0
      vertex 70.744104757905 -51.6074590831995 4.6
      vertex 70.744104757905 -51.6074590831995 0
    endloop
  endfacet
  facet normal 0.2902846841853716 -0.9569403336297405 0
    outer loop
      vertex 70.9241384640336 -51.55284645408392 0
      vertex 70.9241384640336 -51.55284645408392 4.6
      vertex 70.744104757905 -51.6074590831995 4.6
    endloop
  endfacet
  facet normal 0.35225003417803036 -0.9359059319299011 0
    outer loop
      vertex 71.10021486878395 -51.4865759909153 0
      vertex 70.9241384640336 -51.55284645408392 4.6
      vertex 70.9241384640336 -51.55284645408392 0
    endloop
  endfacet
  facet normal 0.35225003417803036 -0.9359059319299011 0
    outer loop
      vertex 71.10021486878395 -51.4865759909153 0
      vertex 71.10021486878395 -51.4865759909153 4.6
      vertex 70.9241384640336 -51.55284645408392 4.6
    endloop
  endfacet
  facet normal 0.4127070510908354 -0.9108638152764146 0
    outer loop
      vertex 71.27157998085022 -51.40893146395683 0
      vertex 71.10021486878395 -51.4865759909153 4.6
      vertex 71.10021486878395 -51.4865759909153 0
    endloop
  endfacet
  facet normal 0.4127070510908354 -0.9108638152764146 0
    outer loop
      vertex 71.27157998085022 -51.40893146395683 0
      vertex 71.27157998085022 -51.40893146395683 4.6
      vertex 71.10021486878395 -51.4865759909153 4.6
    endloop
  endfacet
  facet normal 0.471396719360214 -0.8819212736840107 0
    outer loop
      vertex 71.4375 -51.32024537026882 0
      vertex 71.27157998085022 -51.40893146395683 4.6
      vertex 71.27157998085022 -51.40893146395683 0
    endloop
  endfacet
  facet normal 0.471396719360214 -0.8819212736840107 0
    outer loop
      vertex 71.4375 -51.32024537026882 0
      vertex 71.4375 -51.32024537026882 4.6
      vertex 71.27157998085022 -51.40893146395683 4.6
    endloop
  endfacet
  facet normal 0.5280678448524562 -0.8492021851319522 0
    outer loop
      vertex 71.59726441651583 -51.22089747339487 0
      vertex 71.4375 -51.32024537026882 4.6
      vertex 71.4375 -51.32024537026882 0
    endloop
  endfacet
  facet normal 0.5280678448524562 -0.8492021851319522 0
    outer loop
      vertex 71.59726441651583 -51.22089747339487 0
      vertex 71.59726441651583 -51.22089747339487 4.6
      vertex 71.4375 -51.32024537026882 4.6
    endloop
  endfacet
  facet normal 0.5824776994180552 -0.8128466827641297 0
    outer loop
      vertex 71.75018911063671 -51.1113131865859 0
      vertex 71.59726441651583 -51.22089747339487 4.6
      vertex 71.59726441651583 -51.22089747339487 0
    endloop
  endfacet
  facet normal 0.5824776994180552 -0.8128466827641297 0
    outer loop
      vertex 71.75018911063671 -51.1113131865859 0
      vertex 71.75018911063671 -51.1113131865859 4.6
      vertex 71.59726441651583 -51.22089747339487 4.6
    endloop
  endfacet
  facet normal 0.6343932912358563 -0.7730104475587235 0
    outer loop
      vertex 71.89561922103167 -50.991961777210236 0
      vertex 71.75018911063671 -51.1113131865859 4.6
      vertex 71.75018911063671 -51.1113131865859 0
    endloop
  endfacet
  facet normal 0.6343932912358563 -0.7730104475587235 0
    outer loop
      vertex 71.89561922103167 -50.991961777210236 0
      vertex 71.89561922103167 -50.991961777210236 4.6
      vertex 71.75018911063671 -51.1113131865859 4.6
    endloop
  endfacet
  facet normal 0.6835922850979462 -0.7298640885497575 0
    outer loop
      vertex 72.03293199837208 -50.863354332745075 0
      vertex 71.89561922103167 -50.991961777210236 4.6
      vertex 71.89561922103167 -50.991961777210236 0
    endloop
  endfacet
  facet normal 0.6835922850979462 -0.7298640885497575 0
    outer loop
      vertex 72.03293199837208 -50.863354332745075 0
      vertex 72.03293199837208 -50.863354332745075 4.6
      vertex 71.89561922103167 -50.991961777210236 4.6
    endloop
  endfacet
  facet normal 0.7298640885497575 -0.6835922850979462 0
    outer loop
      vertex 72.16153944283724 -50.72604155540466 0
      vertex 72.03293199837208 -50.863354332745075 4.6
      vertex 72.03293199837208 -50.863354332745075 0
    endloop
  endfacet
  facet normal 0.7298640885497575 -0.6835922850979462 0
    outer loop
      vertex 72.16153944283724 -50.72604155540466 0
      vertex 72.16153944283724 -50.72604155540466 4.6
      vertex 72.03293199837208 -50.863354332745075 4.6
    endloop
  endfacet
  facet normal 0.7730104475587235 -0.6343932912358563 0
    outer loop
      vertex 72.2808908522129 -50.58061144500971 0
      vertex 72.16153944283724 -50.72604155540466 4.6
      vertex 72.16153944283724 -50.72604155540466 0
    endloop
  endfacet
  facet normal 0.7730104475587235 -0.6343932912358563 0
    outer loop
      vertex 72.2808908522129 -50.58061144500971 0
      vertex 72.2808908522129 -50.58061144500971 4.6
      vertex 72.16153944283724 -50.72604155540466 4.6
    endloop
  endfacet
  facet normal 0.8128466827641297 -0.5824776994180552 0
    outer loop
      vertex 72.39047513902187 -50.427686750888824 0
      vertex 72.2808908522129 -50.58061144500971 4.6
      vertex 72.2808908522129 -50.58061144500971 0
    endloop
  endfacet
  facet normal 0.8128466827641297 -0.5824776994180552 0
    outer loop
      vertex 72.39047513902187 -50.427686750888824 0
      vertex 72.39047513902187 -50.427686750888824 4.6
      vertex 72.2808908522129 -50.58061144500971 4.6
    endloop
  endfacet
  facet normal 0.8492021851319522 -0.5280678448524562 0
    outer loop
      vertex 72.48982303589582 -50.267922334373 0
      vertex 72.39047513902187 -50.427686750888824 4.6
      vertex 72.39047513902187 -50.427686750888824 0
    endloop
  endfacet
  facet normal 0.8492021851319522 -0.5280678448524562 0
    outer loop
      vertex 72.48982303589582 -50.267922334373 0
      vertex 72.48982303589582 -50.267922334373 4.6
      vertex 72.39047513902187 -50.427686750888824 4.6
    endloop
  endfacet
  facet normal 0.8819212736840107 -0.471396719360214 0
    outer loop
      vertex 72.57850912958384 -50.10200231522322 0
      vertex 72.48982303589582 -50.267922334373 4.6
      vertex 72.48982303589582 -50.267922334373 0
    endloop
  endfacet
  facet normal 0.8819212736840107 -0.471396719360214 0
    outer loop
      vertex 72.57850912958384 -50.10200231522322 0
      vertex 72.57850912958384 -50.10200231522322 4.6
      vertex 72.48982303589582 -50.267922334373 4.6
    endloop
  endfacet
  facet normal 0.9108638152764146 -0.4127070510908354 0
    outer loop
      vertex 72.6561536565423 -49.93063720315695 0
      vertex 72.57850912958384 -50.10200231522322 4.6
      vertex 72.57850912958384 -50.10200231522322 0
    endloop
  endfacet
  facet normal 0.9108638152764146 -0.4127070510908354 0
    outer loop
      vertex 72.6561536565423 -49.93063720315695 0
      vertex 72.6561536565423 -49.93063720315695 4.6
      vertex 72.57850912958384 -50.10200231522322 4.6
    endloop
  endfacet
  facet normal 0.9359059319299011 -0.35225003417803036 0
    outer loop
      vertex 72.72242411971092 -49.7545607984066 0
      vertex 72.6561536565423 -49.93063720315695 4.6
      vertex 72.6561536565423 -49.93063720315695 0
    endloop
  endfacet
  facet normal 0.9359059319299011 -0.35225003417803036 0
    outer loop
      vertex 72.72242411971092 -49.7545607984066 0
      vertex 72.72242411971092 -49.7545607984066 4.6
      vertex 72.6561536565423 -49.93063720315695 4.6
    endloop
  endfacet
  facet normal 0.9569403336297405 -0.2902846841853716 0
    outer loop
      vertex 72.7770367488265 -49.574527092278004 0
      vertex 72.72242411971092 -49.7545607984066 4.6
      vertex 72.72242411971092 -49.7545607984066 0
    endloop
  endfacet
  facet normal 0.9569403336297405 -0.2902846841853716 0
    outer loop
      vertex 72.7770367488265 -49.574527092278004 0
      vertex 72.7770367488265 -49.574527092278004 4.6
      vertex 72.72242411971092 -49.7545607984066 4.6
    endloop
  endfacet
  facet normal 0.9738769819728842 -0.22707625147378707 0
    outer loop
      vertex 72.81975767761469 -49.39130701124668 0
      vertex 72.7770367488265 -49.574527092278004 4.6
      vertex 72.7770367488265 -49.574527092278004 0
    endloop
  endfacet
  facet normal 0.9738769819728842 -0.22707625147378707 0
    outer loop
      vertex 72.81975767761469 -49.39130701124668 0
      vertex 72.81975767761469 -49.39130701124668 4.6
      vertex 72.7770367488265 -49.574527092278004 4.6
    endloop
  endfacet
  facet normal 0.9866433264314035 -0.16289550763718086 0
    outer loop
      vertex 72.85040397942066 -49.20568513870239 0
      vertex 72.81975767761469 -49.39130701124668 4.6
      vertex 72.81975767761469 -49.39130701124668 0
    endloop
  endfacet
  facet normal 0.9866433264314035 -0.16289550763718086 0
    outer loop
      vertex 72.85040397942066 -49.20568513870239 0
      vertex 72.85040397942066 -49.20568513870239 4.6
      vertex 72.81975767761469 -49.39130701124668 4.6
    endloop
  endfacet
  facet normal 0.9951847279617059 -0.09801712723695497 0
    outer loop
      vertex 72.86884440481663 -49.01845633238554 0
      vertex 72.85040397942066 -49.20568513870239 4.6
      vertex 72.85040397942066 -49.20568513870239 0
    endloop
  endfacet
  facet normal 0.9951847279617059 -0.09801712723695497 0
    outer loop
      vertex 72.86884440481663 -49.01845633238554 0
      vertex 72.86884440481663 -49.01845633238554 4.6
      vertex 72.85040397942066 -49.20568513870239 4.6
    endloop
  endfacet
  facet normal 0.9994645875726546 -0.03271907988045452 0
    outer loop
      vertex 72.875 -48.830422334373 0
      vertex 72.86884440481663 -49.01845633238554 4.6
      vertex 72.86884440481663 -49.01845633238554 0
    endloop
  endfacet
  facet normal 0.9994645875726546 -0.03271907988045452 0
    outer loop
      vertex 72.875 -48.830422334373 0
      vertex 72.875 -48.830422334373 4.6
      vertex 72.86884440481663 -49.01845633238554 4.6
    endloop
  endfacet
  facet normal 1 0 0
    outer loop
      vertex 72.875 48.830422334373 0
      vertex 72.875 -48.830422334373 4.6
      vertex 72.875 -48.830422334373 0
    endloop
  endfacet
  facet normal 1 0 0
    outer loop
      vertex 72.875 48.830422334373 0
      vertex 72.875 48.830422334373 4.6
      vertex 72.875 -48.830422334373 4.6
    endloop
  endfacet
  facet normal 0.9994645875726546 0.03271907988045452 0
    outer loop
      vertex 72.86884440481663 49.01845633238554 0
      vertex 72.875 48.830422334373 4.6
      vertex 72.875 48.830422334373 0
    endloop
  endfacet
  facet normal 0.9994645875726546 0.03271907988045452 0
    outer loop
      vertex 72.86884440481663 49.01845633238554 0
      vertex 72.86884440481663 49.01845633238554 4.6
      vertex 72.875 48.830422334373 4.6
    endloop
  endfacet
  facet normal 0.9951847279617059 0.09801712723695497 0
    outer loop
      vertex 72.85040397942066 49.20568513870239 0
      vertex 72.86884440481663 49.01845633238554 4.6
      vertex 72.86884440481663 49.01845633238554 0
    endloop
  endfacet
  facet normal 0.9951847279617059 0.09801712723695497 0
    outer loop
      vertex 72.85040397942066 49.20568513870239 0
      vertex 72.85040397942066 49.20568513870239 4.6
      vertex 72.86884440481663 49.01845633238554 4.6
    endloop
  endfacet
  facet normal 0.9866433264314035 0.16289550763718086 0
    outer loop
      vertex 72.81975767761469 49.39130701124668 0
      vertex 72.85040397942066 49.20568513870239 4.6
      vertex 72.85040397942066 49.20568513870239 0
    endloop
  endfacet
  facet normal 0.9866433264314035 0.16289550763718086 0
    outer loop
      vertex 72.81975767761469 49.39130701124668 0
      vertex 72.81975767761469 49.39130701124668 4.6
      vertex 72.85040397942066 49.20568513870239 4.6
    endloop
  endfacet
  facet normal 0.9738769819728842 0.22707625147378707 0
    outer loop
      vertex 72.7770367488265 49.574527092278004 0
      vertex 72.81975767761469 49.39130701124668 4.6
      vertex 72.81975767761469 49.39130701124668 0
    endloop
  endfacet
  facet normal 0.9738769819728842 0.22707625147378707 0
    outer loop
      vertex 72.7770367488265 49.574527092278004 0
      vertex 72.7770367488265 49.574527092278004 4.6
      vertex 72.81975767761469 49.39130701124668 4.6
    endloop
  endfacet
  facet normal 0.9569403336297405 0.2902846841853716 0
    outer loop
      vertex 72.72242411971092 49.7545607984066 0
      vertex 72.7770367488265 49.574527092278004 4.6
      vertex 72.7770367488265 49.574527092278004 0
    endloop
  endfacet
  facet normal 0.9569403336297405 0.2902846841853716 0
    outer loop
      vertex 72.72242411971092 49.7545607984066 0
      vertex 72.72242411971092 49.7545607984066 4.6
      vertex 72.7770367488265 49.574527092278004 4.6
    endloop
  endfacet
  facet normal 0.9359059319299011 0.35225003417803036 0
    outer loop
      vertex 72.6561536565423 49.93063720315695 0
      vertex 72.72242411971092 49.7545607984066 4.6
      vertex 72.72242411971092 49.7545607984066 0
    endloop
  endfacet
  facet normal 0.9359059319299011 0.35225003417803036 0
    outer loop
      vertex 72.6561536565423 49.93063720315695 0
      vertex 72.6561536565423 49.93063720315695 4.6
      vertex 72.72242411971092 49.7545607984066 4.6
    endloop
  endfacet
  facet normal 0.9108638152764146 0.4127070510908354 0
    outer loop
      vertex 72.57850912958384 50.10200231522322 0
      vertex 72.6561536565423 49.93063720315695 4.6
      vertex 72.6561536565423 49.93063720315695 0
    endloop
  endfacet
  facet normal 0.9108638152764146 0.4127070510908354 0
    outer loop
      vertex 72.57850912958384 50.10200231522322 0
      vertex 72.57850912958384 50.10200231522322 4.6
      vertex 72.6561536565423 49.93063720315695 4.6
    endloop
  endfacet
  facet normal 0.8819212736840107 0.471396719360214 0
    outer loop
      vertex 72.48982303589582 50.267922334373 0
      vertex 72.57850912958384 50.10200231522322 4.6
      vertex 72.57850912958384 50.10200231522322 0
    endloop
  endfacet
  facet normal 0.8819212736840107 0.471396719360214 0
    outer loop
      vertex 72.48982303589582 50.267922334373 0
      vertex 72.48982303589582 50.267922334373 4.6
      vertex 72.57850912958384 50.10200231522322 4.6
    endloop
  endfacet
  facet normal 0.8492021851319522 0.5280678448524562 0
    outer loop
      vertex 72.39047513902187 50.427686750888824 0
      vertex 72.48982303589582 50.267922334373 4.6
      vertex 72.48982303589582 50.267922334373 0
    endloop
  endfacet
  facet normal 0.8492021851319522 0.5280678448524562 0
    outer loop
      vertex 72.39047513902187 50.427686750888824 0
      vertex 72.39047513902187 50.427686750888824 4.6
      vertex 72.48982303589582 50.267922334373 4.6
    endloop
  endfacet
  facet normal 0.8128466827641297 0.5824776994180552 0
    outer loop
      vertex 72.2808908522129 50.58061144500971 0
      vertex 72.39047513902187 50.427686750888824 4.6
      vertex 72.39047513902187 50.427686750888824 0
    endloop
  endfacet
  facet normal 0.8128466827641297 0.5824776994180552 0
    outer loop
      vertex 72.2808908522129 50.58061144500971 0
      vertex 72.2808908522129 50.58061144500971 4.6
      vertex 72.39047513902187 50.427686750888824 4.6
    endloop
  endfacet
  facet normal 0.7730104475587235 0.6343932912358563 0
    outer loop
      vertex 72.16153944283724 50.72604155540466 0
      vertex 72.2808908522129 50.58061144500971 4.6
      vertex 72.2808908522129 50.58061144500971 0
    endloop
  endfacet
  facet normal 0.7730104475587235 0.6343932912358563 0
    outer loop
      vertex 72.16153944283724 50.72604155540466 0
      vertex 72.16153944283724 50.72604155540466 4.6
      vertex 72.2808908522129 50.58061144500971 4.6
    endloop
  endfacet
  facet normal 0.7298640885497575 0.6835922850979462 0
    outer loop
      vertex 72.03293199837208 50.863354332745075 0
      vertex 72.16153944283724 50.72604155540466 4.6
      vertex 72.16153944283724 50.72604155540466 0
    endloop
  endfacet
  facet normal 0.7298640885497575 0.6835922850979462 0
    outer loop
      vertex 72.03293199837208 50.863354332745075 0
      vertex 72.03293199837208 50.863354332745075 4.6
      vertex 72.16153944283724 50.72604155540466 4.6
    endloop
  endfacet
  facet normal 0.6835922850979462 0.7298640885497575 0
    outer loop
      vertex 71.89561922103167 50.991961777210236 0
      vertex 72.03293199837208 50.863354332745075 4.6
      vertex 72.03293199837208 50.863354332745075 0
    endloop
  endfacet
  facet normal 0.6835922850979462 0.7298640885497575 0
    outer loop
      vertex 71.89561922103167 50.991961777210236 0
      vertex 71.89561922103167 50.991961777210236 4.6
      vertex 72.03293199837208 50.863354332745075 4.6
    endloop
  endfacet
  facet normal 0.6343932912358563 0.7730104475587235 0
    outer loop
      vertex 71.75018911063671 51.1113131865859 0
      vertex 71.89561922103167 50.991961777210236 4.6
      vertex 71.89561922103167 50.991961777210236 0
    endloop
  endfacet
  facet normal 0.6343932912358563 0.7730104475587235 0
    outer loop
      vertex 71.75018911063671 51.1113131865859 0
      vertex 71.75018911063671 51.1113131865859 4.6
      vertex 71.89561922103167 50.991961777210236 4.6
    endloop
  endfacet
  facet normal 0.5824776994180552 0.8128466827641297 0
    outer loop
      vertex 71.59726441651583 51.22089747339487 0
      vertex 71.75018911063671 51.1113131865859 4.6
      vertex 71.75018911063671 51.1113131865859 0
    endloop
  endfacet
  facet normal 0.5824776994180552 0.8128466827641297 0
    outer loop
      vertex 71.59726441651583 51.22089747339487 0
      vertex 71.59726441651583 51.22089747339487 4.6
      vertex 71.75018911063671 51.1113131865859 4.6
    endloop
  endfacet
  facet normal 0.5280678448524562 0.8492021851319522 0
    outer loop
      vertex 71.4375 51.32024537026882 0
      vertex 71.59726441651583 51.22089747339487 4.6
      vertex 71.59726441651583 51.22089747339487 0
    endloop
  endfacet
  facet normal 0.5280678448524562 0.8492021851319522 0
    outer loop
      vertex 71.4375 51.32024537026882 0
      vertex 71.4375 51.32024537026882 4.6
      vertex 71.59726441651583 51.22089747339487 4.6
    endloop
  endfacet
  facet normal 0.471396719360214 0.8819212736840107 0
    outer loop
      vertex 71.27157998085022 51.40893146395683 0
      vertex 71.4375 51.32024537026882 4.6
      vertex 71.4375 51.32024537026882 0
    endloop
  endfacet
  facet normal 0.471396719360214 0.8819212736840107 0
    outer loop
      vertex 71.27157998085022 51.40893146395683 0
      vertex 71.27157998085022 51.40893146395683 4.6
      vertex 71.4375 51.32024537026882 4.6
    endloop
  endfacet
  facet normal 0.4127070510908354 0.9108638152764146 0
    outer loop
      vertex 71.10021486878395 51.4865759909153 0
      vertex 71.27157998085022 51.40893146395683 4.6
      vertex 71.27157998085022 51.40893146395683 0
    endloop
  endfacet
  facet normal 0.4127070510908354 0.9108638152764146 0
    outer loop
      vertex 71.10021486878395 51.4865759909153 0
      vertex 71.10021486878395 51.4865759909153 4.6
      vertex 71.27157998085022 51.40893146395683 4.6
    endloop
  endfacet
  facet normal 0.35225003417803036 0.9359059319299011 0
    outer loop
      vertex 70.9241384640336 51.55284645408392 0
      vertex 71.10021486878395 51.4865759909153 4.6
      vertex 71.10021486878395 51.4865759909153 0
    endloop
  endfacet
  facet normal 0.35225003417803036 0.9359059319299011 0
    outer loop
      vertex 70.9241384640336 51.55284645408392 0
      vertex 70.9241384640336 51.55284645408392 4.6
      vertex 71.10021486878395 51.4865759909153 4.6
    endloop
  endfacet
  facet normal 0.2902846841853716 0.9569403336297405 0
    outer loop
      vertex 70.744104757905 51.6074590831995 0
      vertex 70.9241384640336 51.55284645408392 4.6
      vertex 70.9241384640336 51.55284645408392 0
    endloop
  endfacet
  facet normal 0.2902846841853716 0.9569403336297405 0
    outer loop
      vertex 70.744104757905 51.6074590831995 0
      vertex 70.744104757905 51.6074590831995 4.6
      vertex 70.9241384640336 51.55284645408392 4.6
    endloop
  endfacet
  facet normal 0.22707625147378707 0.9738769819728842 0
    outer loop
      vertex 70.56088467687368 51.650180011987686 0
      vertex 70.744104757905 51.6074590831995 4.6
      vertex 70.744104757905 51.6074590831995 0
    endloop
  endfacet
  facet normal 0.22707625147378707 0.9738769819728842 0
    outer loop
      vertex 70.56088467687368 51.650180011987686 0
      vertex 70.56088467687368 51.650180011987686 4.6
      vertex 70.744104757905 51.6074590831995 4.6
    endloop
  endfacet
  facet normal 0.16289550763718086 0.9866433264314035 0
    outer loop
      vertex 70.3752628043294 51.68082631379366 0
      vertex 70.56088467687368 51.650180011987686 4.6
      vertex 70.56088467687368 51.650180011987686 0
    endloop
  endfacet
  facet normal 0.16289550763718086 0.9866433264314035 0
    outer loop
      vertex 70.3752628043294 51.68082631379366 0
      vertex 70.3752628043294 51.68082631379366 4.6
      vertex 70.56088467687368 51.650180011987686 4.6
    endloop
  endfacet
  facet normal 0.09801712723695497 0.9951847279617059 0
    outer loop
      vertex 70.18803399801254 51.699266739189625 0
      vertex 70.3752628043294 51.68082631379366 4.6
      vertex 70.3752628043294 51.68082631379366 0
    endloop
  endfacet
  facet normal 0.09801712723695497 0.9951847279617059 0
    outer loop
      vertex 70.18803399801254 51.699266739189625 0
      vertex 70.18803399801254 51.699266739189625 4.6
      vertex 70.3752628043294 51.68082631379366 4.6
    endloop
  endfacet
  facet normal 0.03271907988045452 0.9994645875726546 0
    outer loop
      vertex 70 51.705422334373 0
      vertex 70.18803399801254 51.699266739189625 4.6
      vertex 70.18803399801254 51.699266739189625 0
    endloop
  endfacet
  facet normal 0.03271907988045452 0.9994645875726546 0
    outer loop
      vertex 70 51.705422334373 0
      vertex 70 51.705422334373 4.6
      vertex 70.18803399801254 51.699266739189625 4.6
    endloop
  endfacet
  facet normal 0 1 0
    outer loop
      vertex -70 51.705422334373 0
      vertex 70 51.705422334373 4.6
      vertex 70 51.705422334373 0
    endloop
  endfacet
  facet normal 0 1 0
    outer loop
      vertex -70 51.705422334373 0
      vertex -70 51.705422334373 4.6
      vertex 70 51.705422334373 4.6
    endloop
  endfacet
  facet normal -0.03271907988045452 0.9994645875726546 0
    outer loop
      vertex -70.18803399801254 51.699266739189625 0
      vertex -70 51.705422334373 4.6
      vertex -70 51.705422334373 0
    endloop
  endfacet
  facet normal -0.03271907988045452 0.9994645875726546 0
    outer loop
      vertex -70.18803399801254 51.699266739189625 0
      vertex -70.18803399801254 51.699266739189625 4.6
      vertex -70 51.705422334373 4.6
    endloop
  endfacet
  facet normal -0.09801712723695497 0.9951847279617059 0
    outer loop
      vertex -70.3752628043294 51.68082631379366 0
      vertex -70.18803399801254 51.699266739189625 4.6
      vertex -70.18803399801254 51.699266739189625 0
    endloop
  endfacet
  facet normal -0.09801712723695497 0.9951847279617059 0
    outer loop
      vertex -70.3752628043294 51.68082631379366 0
      vertex -70.3752628043294 51.68082631379366 4.6
      vertex -70.18803399801254 51.699266739189625 4.6
    endloop
  endfacet
  facet normal -0.16289550763718086 0.9866433264314035 0
    outer loop
      vertex -70.56088467687368 51.650180011987686 0
      vertex -70.3752628043294 51.68082631379366 4.6
      vertex -70.3752628043294 51.68082631379366 0
    endloop
  endfacet
  facet normal -0.16289550763718086 0.9866433264314035 0
    outer loop
      vertex -70.56088467687368 51.650180011987686 0
      vertex -70.56088467687368 51.650180011987686 4.6
      vertex -70.3752628043294 51.68082631379366 4.6
    endloop
  endfacet
  facet normal -0.22707625147378707 0.9738769819728842 0
    outer loop
      vertex -70.744104757905 51.6074590831995 0
      vertex -70.56088467687368 51.650180011987686 4.6
      vertex -70.56088467687368 51.650180011987686 0
    endloop
  endfacet
  facet normal -0.22707625147378707 0.9738769819728842 0
    outer loop
      vertex -70.744104757905 51.6074590831995 0
      vertex -70.744104757905 51.6074590831995 4.6
      vertex -70.56088467687368 51.650180011987686 4.6
    endloop
  endfacet
  facet normal -0.2902846841853716 0.9569403336297405 0
    outer loop
      vertex -70.9241384640336 51.55284645408392 0
      vertex -70.744104757905 51.6074590831995 4.6
      vertex -70.744104757905 51.6074590831995 0
    endloop
  endfacet
  facet normal -0.2902846841853716 0.9569403336297405 0
    outer loop
      vertex -70.9241384640336 51.55284645408392 0
      vertex -70.9241384640336 51.55284645408392 4.6
      vertex -70.744104757905 51.6074590831995 4.6
    endloop
  endfacet
  facet normal -0.35225003417803036 0.9359059319299011 0
    outer loop
      vertex -71.10021486878395 51.4865759909153 0
      vertex -70.9241384640336 51.55284645408392 4.6
      vertex -70.9241384640336 51.55284645408392 0
    endloop
  endfacet
  facet normal -0.35225003417803036 0.9359059319299011 0
    outer loop
      vertex -71.10021486878395 51.4865759909153 0
      vertex -71.10021486878395 51.4865759909153 4.6
      vertex -70.9241384640336 51.55284645408392 4.6
    endloop
  endfacet
  facet normal -0.4127070510908354 0.9108638152764146 0
    outer loop
      vertex -71.27157998085022 51.40893146395683 0
      vertex -71.10021486878395 51.4865759909153 4.6
      vertex -71.10021486878395 51.4865759909153 0
    endloop
  endfacet
  facet normal -0.4127070510908354 0.9108638152764146 0
    outer loop
      vertex -71.27157998085022 51.40893146395683 0
      vertex -71.27157998085022 51.40893146395683 4.6
      vertex -71.10021486878395 51.4865759909153 4.6
    endloop
  endfacet
  facet normal -0.471396719360214 0.8819212736840107 0
    outer loop
      vertex -71.4375 51.32024537026882 0
      vertex -71.27157998085022 51.40893146395683 4.6
      vertex -71.27157998085022 51.40893146395683 0
    endloop
  endfacet
  facet normal -0.471396719360214 0.8819212736840107 0
    outer loop
      vertex -71.4375 51.32024537026882 0
      vertex -71.4375 51.32024537026882 4.6
      vertex -71.27157998085022 51.40893146395683 4.6
    endloop
  endfacet
  facet normal -0.5280678448524562 0.8492021851319522 0
    outer loop
      vertex -71.59726441651583 51.22089747339487 0
      vertex -71.4375 51.32024537026882 4.6
      vertex -71.4375 51.32024537026882 0
    endloop
  endfacet
  facet normal -0.5280678448524562 0.8492021851319522 0
    outer loop
      vertex -71.59726441651583 51.22089747339487 0
      vertex -71.59726441651583 51.22089747339487 4.6
      vertex -71.4375 51.32024537026882 4.6
    endloop
  endfacet
  facet normal -0.5824776994180552 0.8128466827641297 0
    outer loop
      vertex -71.75018911063671 51.1113131865859 0
      vertex -71.59726441651583 51.22089747339487 4.6
      vertex -71.59726441651583 51.22089747339487 0
    endloop
  endfacet
  facet normal -0.5824776994180552 0.8128466827641297 0
    outer loop
      vertex -71.75018911063671 51.1113131865859 0
      vertex -71.75018911063671 51.1113131865859 4.6
      vertex -71.59726441651583 51.22089747339487 4.6
    endloop
  endfacet
  facet normal -0.6343932912358563 0.7730104475587235 0
    outer loop
      vertex -71.89561922103167 50.991961777210236 0
      vertex -71.75018911063671 51.1113131865859 4.6
      vertex -71.75018911063671 51.1113131865859 0
    endloop
  endfacet
  facet normal -0.6343932912358563 0.7730104475587235 0
    outer loop
      vertex -71.89561922103167 50.991961777210236 0
      vertex -71.89561922103167 50.991961777210236 4.6
      vertex -71.75018911063671 51.1113131865859 4.6
    endloop
  endfacet
  facet normal -0.6835922850979462 0.7298640885497575 0
    outer loop
      vertex -72.03293199837208 50.863354332745075 0
      vertex -71.89561922103167 50.991961777210236 4.6
      vertex -71.89561922103167 50.991961777210236 0
    endloop
  endfacet
  facet normal -0.6835922850979462 0.7298640885497575 0
    outer loop
      vertex -72.03293199837208 50.863354332745075 0
      vertex -72.03293199837208 50.863354332745075 4.6
      vertex -71.89561922103167 50.991961777210236 4.6
    endloop
  endfacet
  facet normal -0.7298640885497575 0.6835922850979462 0
    outer loop
      vertex -72.16153944283724 50.72604155540466 0
      vertex -72.03293199837208 50.863354332745075 4.6
      vertex -72.03293199837208 50.863354332745075 0
    endloop
  endfacet
  facet normal -0.7298640885497575 0.6835922850979462 0
    outer loop
      vertex -72.16153944283724 50.72604155540466 0
      vertex -72.16153944283724 50.72604155540466 4.6
      vertex -72.03293199837208 50.863354332745075 4.6
    endloop
  endfacet
  facet normal -0.7730104475587235 0.6343932912358563 0
    outer loop
      vertex -72.2808908522129 50.58061144500971 0
      vertex -72.16153944283724 50.72604155540466 4.6
      vertex -72.16153944283724 50.72604155540466 0
    endloop
  endfacet
  facet normal -0.7730104475587235 0.6343932912358563 0
    outer loop
      vertex -72.2808908522129 50.58061144500971 0
      vertex -72.2808908522129 50.58061144500971 4.6
      vertex -72.16153944283724 50.72604155540466 4.6
    endloop
  endfacet
  facet normal -0.8128466827641297 0.5824776994180552 0
    outer loop
      vertex -72.39047513902187 50.427686750888824 0
      vertex -72.2808908522129 50.58061144500971 4.6
      vertex -72.2808908522129 50.58061144500971 0
    endloop
  endfacet
  facet normal -0.8128466827641297 0.5824776994180552 0
    outer loop
      vertex -72.39047513902187 50.427686750888824 0
      vertex -72.39047513902187 50.427686750888824 4.6
      vertex -72.2808908522129 50.58061144500971 4.6
    endloop
  endfacet
  facet normal -0.8492021851319522 0.5280678448524562 0
    outer loop
      vertex -72.48982303589582 50.267922334373 0
      vertex -72.39047513902187 50.427686750888824 4.6
      vertex -72.39047513902187 50.427686750888824 0
    endloop
  endfacet
  facet normal -0.8492021851319522 0.5280678448524562 0
    outer loop
      vertex -72.48982303589582 50.267922334373 0
      vertex -72.48982303589582 50.267922334373 4.6
      vertex -72.39047513902187 50.427686750888824 4.6
    endloop
  endfacet
  facet normal -0.8819212736840107 0.471396719360214 0
    outer loop
      vertex -72.57850912958384 50.10200231522322 0
      vertex -72.48982303589582 50.267922334373 4.6
      vertex -72.48982303589582 50.267922334373 0
    endloop
  endfacet
  facet normal -0.8819212736840107 0.471396719360214 0
    outer loop
      vertex -72.57850912958384 50.10200231522322 0
      vertex -72.57850912958384 50.10200231522322 4.6
      vertex -72.48982303589582 50.267922334373 4.6
    endloop
  endfacet
  facet normal -0.9108638152764146 0.4127070510908354 0
    outer loop
      vertex -72.6561536565423 49.93063720315695 0
      vertex -72.57850912958384 50.10200231522322 4.6
      vertex -72.57850912958384 50.10200231522322 0
    endloop
  endfacet
  facet normal -0.9108638152764146 0.4127070510908354 0
    outer loop
      vertex -72.6561536565423 49.93063720315695 0
      vertex -72.6561536565423 49.93063720315695 4.6
      vertex -72.57850912958384 50.10200231522322 4.6
    endloop
  endfacet
  facet normal -0.9359059319299011 0.35225003417803036 0
    outer loop
      vertex -72.72242411971092 49.7545607984066 0
      vertex -72.6561536565423 49.93063720315695 4.6
      vertex -72.6561536565423 49.93063720315695 0
    endloop
  endfacet
  facet normal -0.9359059319299011 0.35225003417803036 0
    outer loop
      vertex -72.72242411971092 49.7545607984066 0
      vertex -72.72242411971092 49.7545607984066 4.6
      vertex -72.6561536565423 49.93063720315695 4.6
    endloop
  endfacet
  facet normal -0.9569403336297405 0.2902846841853716 0
    outer loop
      vertex -72.7770367488265 49.574527092278004 0
      vertex -72.72242411971092 49.7545607984066 4.6
      vertex -72.72242411971092 49.7545607984066 0
    endloop
  endfacet
  facet normal -0.9569403336297405 0.2902846841853716 0
    outer loop
      vertex -72.7770367488265 49.574527092278004 0
      vertex -72.7770367488265 49.574527092278004 4.6
      vertex -72.72242411971092 49.7545607984066 4.6
    endloop
  endfacet
  facet normal -0.9738769819728842 0.22707625147378707 0
    outer loop
      vertex -72.81975767761469 49.39130701124668 0
      vertex -72.7770367488265 49.574527092278004 4.6
      vertex -72.7770367488265 49.574527092278004 0
    endloop
  endfacet
  facet normal -0.9738769819728842 0.22707625147378707 0
    outer loop
      vertex -72.81975767761469 49.39130701124668 0
      vertex -72.81975767761469 49.39130701124668 4.6
      vertex -72.7770367488265 49.574527092278004 4.6
    endloop
  endfacet
  facet normal -0.9866433264314035 0.16289550763718086 0
    outer loop
      vertex -72.85040397942066 49.20568513870239 0
      vertex -72.81975767761469 49.39130701124668 4.6
      vertex -72.81975767761469 49.39130701124668 0
    endloop
  endfacet
  facet normal -0.9866433264314035 0.16289550763718086 0
    outer loop
      vertex -72.85040397942066 49.20568513870239 0
      vertex -72.85040397942066 49.20568513870239 4.6
      vertex -72.81975767761469 49.39130701124668 4.6
    endloop
  endfacet
  facet normal -0.9951847279617059 0.09801712723695497 0
    outer loop
      vertex -72.86884440481663 49.01845633238554 0
      vertex -72.85040397942066 49.20568513870239 4.6
      vertex -72.85040397942066 49.20568513870239 0
    endloop
  endfacet
  facet normal -0.9951847279617059 0.09801712723695497 0
    outer loop
      vertex -72.86884440481663 49.01845633238554 0
      vertex -72.86884440481663 49.01845633238554 4.6
      vertex -72.85040397942066 49.20568513870239 4.6
    endloop
  endfacet
  facet normal -0.9994645875726546 0.03271907988045452 0
    outer loop
      vertex -72.875 48.830422334373 0
      vertex -72.86884440481663 49.01845633238554 4.6
      vertex -72.86884440481663 49.01845633238554 0
    endloop
  endfacet
  facet normal -0.9994645875726546 0.03271907988045452 0
    outer loop
      vertex -72.875 48.830422334373 0
      vertex -72.875 48.830422334373 4.6
      vertex -72.86884440481663 49.01845633238554 4.6
    endloop
  endfacet
  facet normal -1 0 0
    outer loop
      vertex -72.875 -48.830422334373 0
      vertex -72.875 48.830422334373 4.6
      vertex -72.875 48.830422334373 0
    endloop
  endfacet
  facet normal -1 0 0
    outer loop
      vertex -72.875 -48.830422334373 0
      vertex -72.875 -48.830422334373 4.6
      vertex -72.875 48.830422334373 4.6
    endloop
  endfacet
  facet normal -0.9994645875726546 -0.03271907988045452 0
    outer loop
      vertex -72.86884440481663 -49.01845633238554 0
      vertex -72.875 -48.830422334373 4.6
      vertex -72.875 -48.830422334373 0
    endloop
  endfacet
  facet normal -0.9994645875726546 -0.03271907988045452 0
    outer loop
      vertex -72.86884440481663 -49.01845633238554 0
      vertex -72.86884440481663 -49.01845633238554 4.6
      vertex -72.875 -48.830422334373 4.6
    endloop
  endfacet
  facet normal -0.9951847279617059 -0.09801712723695497 0
    outer loop
      vertex -72.85040397942066 -49.20568513870239 0
      vertex -72.86884440481663 -49.01845633238554 4.6
      vertex -72.86884440481663 -49.01845633238554 0
    endloop
  endfacet
  facet normal -0.9951847279617059 -0.09801712723695497 0
    outer loop
      vertex -72.85040397942066 -49.20568513870239 0
      vertex -72.85040397942066 -49.20568513870239 4.6
      vertex -72.86884440481663 -49.01845633238554 4.6
    endloop
  endfacet
  facet normal -0.9866433264314035 -0.16289550763718086 0
    outer loop
      vertex -72.81975767761469 -49.39130701124668 0
      vertex -72.85040397942066 -49.20568513870239 4.6
      vertex -72.85040397942066 -49.20568513870239 0
    endloop
  endfacet
  facet normal -0.9866433264314035 -0.16289550763718086 0
    outer loop
      vertex -72.81975767761469 -49.39130701124668 0
      vertex -72.81975767761469 -49.39130701124668 4.6
      vertex -72.85040397942066 -49.20568513870239 4.6
    endloop
  endfacet
  facet normal -0.9738769819728842 -0.22707625147378707 0
    outer loop
      vertex -72.7770367488265 -49.574527092278004 0
      vertex -72.81975767761469 -49.39130701124668 4.6
      vertex -72.81975767761469 -49.39130701124668 0
    endloop
  endfacet
  facet normal -0.9738769819728842 -0.22707625147378707 0
    outer loop
      vertex -72.7770367488265 -49.574527092278004 0
      vertex -72.7770367488265 -49.574527092278004 4.6
      vertex -72.81975767761469 -49.39130701124668 4.6
    endloop
  endfacet
  facet normal -0.9569403336297405 -0.2902846841853716 0
    outer loop
      vertex -72.72242411971092 -49.7545607984066 0
      vertex -72.7770367488265 -49.574527092278004 4.6
      vertex -72.7770367488265 -49.574527092278004 0
    endloop
  endfacet
  facet normal -0.9569403336297405 -0.2902846841853716 0
    outer loop
      vertex -72.72242411971092 -49.7545607984066 0
      vertex -72.72242411971092 -49.7545607984066 4.6
      vertex -72.7770367488265 -49.574527092278004 4.6
    endloop
  endfacet
  facet normal -0.9359059319299011 -0.35225003417803036 0
    outer loop
      vertex -72.6561536565423 -49.93063720315695 0
      vertex -72.72242411971092 -49.7545607984066 4.6
      vertex -72.72242411971092 -49.7545607984066 0
    endloop
  endfacet
  facet normal -0.9359059319299011 -0.35225003417803036 0
    outer loop
      vertex -72.6561536565423 -49.93063720315695 0
      vertex -72.6561536565423 -49.93063720315695 4.6
      vertex -72.72242411971092 -49.7545607984066 4.6
    endloop
  endfacet
  facet normal -0.9108638152764146 -0.4127070510908354 0
    outer loop
      vertex -72.57850912958384 -50.10200231522322 0
      vertex -72.6561536565423 -49.93063720315695 4.6
      vertex -72.6561536565423 -49.93063720315695 0
    endloop
  endfacet
  facet normal -0.9108638152764146 -0.4127070510908354 0
    outer loop
      vertex -72.57850912958384 -50.10200231522322 0
      vertex -72.57850912958384 -50.10200231522322 4.6
      vertex -72.6561536565423 -49.93063720315695 4.6
    endloop
  endfacet
  facet normal -0.8819212736840107 -0.471396719360214 0
    outer loop
      vertex -72.48982303589582 -50.267922334373 0
      vertex -72.57850912958384 -50.10200231522322 4.6
      vertex -72.57850912958384 -50.10200231522322 0
    endloop
  endfacet
  facet normal -0.8819212736840107 -0.471396719360214 0
    outer loop
      vertex -72.48982303589582 -50.267922334373 0
      vertex -72.48982303589582 -50.267922334373 4.6
      vertex -72.57850912958384 -50.10200231522322 4.6
    endloop
  endfacet
  facet normal -0.8492021851319522 -0.5280678448524562 0
    outer loop
      vertex -72.39047513902187 -50.427686750888824 0
      vertex -72.48982303589582 -50.267922334373 4.6
      vertex -72.48982303589582 -50.267922334373 0
    endloop
  endfacet
  facet normal -0.8492021851319522 -0.5280678448524562 0
    outer loop
      vertex -72.39047513902187 -50.427686750888824 0
      vertex -72.39047513902187 -50.427686750888824 4.6
      vertex -72.48982303589582 -50.267922334373 4.6
    endloop
  endfacet
  facet normal -0.8128466827641297 -0.5824776994180552 0
    outer loop
      vertex -72.2808908522129 -50.58061144500971 0
      vertex -72.39047513902187 -50.427686750888824 4.6
      vertex -72.39047513902187 -50.427686750888824 0
    endloop
  endfacet
  facet normal -0.8128466827641297 -0.5824776994180552 0
    outer loop
      vertex -72.2808908522129 -50.58061144500971 0
      vertex -72.2808908522129 -50.58061144500971 4.6
      vertex -72.39047513902187 -50.427686750888824 4.6
    endloop
  endfacet
  facet normal -0.7730104475587235 -0.6343932912358563 0
    outer loop
      vertex -72.16153944283724 -50.72604155540466 0
      vertex -72.2808908522129 -50.58061144500971 4.6
      vertex -72.2808908522129 -50.58061144500971 0
    endloop
  endfacet
  facet normal -0.7730104475587235 -0.6343932912358563 0
    outer loop
      vertex -72.16153944283724 -50.72604155540466 0
      vertex -72.16153944283724 -50.72604155540466 4.6
      vertex -72.2808908522129 -50.58061144500971 4.6
    endloop
  endfacet
  facet normal -0.7298640885497575 -0.6835922850979462 0
    outer loop
      vertex -72.03293199837208 -50.863354332745075 0
      vertex -72.16153944283724 -50.72604155540466 4.6
      vertex -72.16153944283724 -50.72604155540466 0
    endloop
  endfacet
  facet normal -0.7298640885497575 -0.6835922850979462 0
    outer loop
      vertex -72.03293199837208 -50.863354332745075 0
      vertex -72.03293199837208 -50.863354332745075 4.6
      vertex -72.16153944283724 -50.72604155540466 4.6
    endloop
  endfacet
  facet normal -0.6835922850979462 -0.7298640885497575 0
    outer loop
      vertex -71.89561922103167 -50.991961777210236 0
      vertex -72.03293199837208 -50.863354332745075 4.6
      vertex -72.03293199837208 -50.863354332745075 0
    endloop
  endfacet
  facet normal -0.6835922850979462 -0.7298640885497575 0
    outer loop
      vertex -71.89561922103167 -50.991961777210236 0
      vertex -71.89561922103167 -50.991961777210236 4.6
      vertex -72.03293199837208 -50.863354332745075 4.6
    endloop
  endfacet
  facet normal -0.6343932912358563 -0.7730104475587235 0
    outer loop
      vertex -71.75018911063671 -51.1113131865859 0
      vertex -71.89561922103167 -50.991961777210236 4.6
      vertex -71.89561922103167 -50.991961777210236 0
    endloop
  endfacet
  facet normal -0.6343932912358563 -0.7730104475587235 0
    outer loop
      vertex -71.75018911063671 -51.1113131865859 0
      vertex -71.75018911063671 -51.1113131865859 4.6
      vertex -71.89561922103167 -50.991961777210236 4.6
    endloop
  endfacet
  facet normal -0.5824776994180552 -0.8128466827641297 0
    outer loop
      vertex -71.59726441651583 -51.22089747339487 0
      vertex -71.75018911063671 -51.1113131865859 4.6
      vertex -71.75018911063671 -51.1113131865859 0
    endloop
  endfacet
  facet normal -0.5824776994180552 -0.8128466827641297 0
    outer loop
      vertex -71.59726441651583 -51.22089747339487 0
      vertex -71.59726441651583 -51.22089747339487 4.6
      vertex -71.75018911063671 -51.1113131865859 4.6
    endloop
  endfacet
  facet normal -0.5280678448524562 -0.8492021851319522 0
    outer loop
      vertex -71.4375 -51.32024537026882 0
      vertex -71.59726441651583 -51.22089747339487 4.6
      vertex -71.59726441651583 -51.22089747339487 0
    endloop
  endfacet
  facet normal -0.5280678448524562 -0.8492021851319522 0
    outer loop
      vertex -71.4375 -51.32024537026882 0
      vertex -71.4375 -51.32024537026882 4.6
      vertex -71.59726441651583 -51.22089747339487 4.6
    endloop
  endfacet
  facet normal -0.471396719360214 -0.8819212736840107 0
    outer loop
      vertex -71.27157998085022 -51.40893146395683 0
      vertex -71.4375 -51.32024537026882 4.6
      vertex -71.4375 -51.32024537026882 0
    endloop
  endfacet
  facet normal -0.471396719360214 -0.8819212736840107 0
    outer loop
      vertex -71.27157998085022 -51.40893146395683 0
      vertex -71.27157998085022 -51.40893146395683 4.6
      vertex -71.4375 -51.32024537026882 4.6
    endloop
  endfacet
  facet normal -0.4127070510908354 -0.9108638152764146 0
    outer loop
      vertex -71.10021486878395 -51.4865759909153 0
      vertex -71.27157998085022 -51.40893146395683 4.6
      vertex -71.27157998085022 -51.40893146395683 0
    endloop
  endfacet
  facet normal -0.4127070510908354 -0.9108638152764146 0
    outer loop
      vertex -71.10021486878395 -51.4865759909153 0
      vertex -71.10021486878395 -51.4865759909153 4.6
      vertex -71.27157998085022 -51.40893146395683 4.6
    endloop
  endfacet
  facet normal -0.35225003417803036 -0.9359059319299011 0
    outer loop
      vertex -70.9241384640336 -51.55284645408392 0
      vertex -71.10021486878395 -51.4865759909153 4.6
      vertex -71.10021486878395 -51.4865759909153 0
    endloop
  endfacet
  facet normal -0.35225003417803036 -0.9359059319299011 0
    outer loop
      vertex -70.9241384640336 -51.55284645408392 0
      vertex -70.9241384640336 -51.55284645408392 4.6
      vertex -71.10021486878395 -51.4865759909153 4.6
    endloop
  endfacet
  facet normal -0.2902846841853716 -0.9569403336297405 0
    outer loop
      vertex -70.744104757905 -51.6074590831995 0
      vertex -70.9241384640336 -51.55284645408392 4.6
      vertex -70.9241384640336 -51.55284645408392 0
    endloop
  endfacet
  facet normal -0.2902846841853716 -0.9569403336297405 0
    outer loop
      vertex -70.744104757905 -51.6074590831995 0
      vertex -70.744104757905 -51.6074590831995 4.6
      vertex -70.9241384640336 -51.55284645408392 4.6
    endloop
  endfacet
  facet normal -0.22707625147378707 -0.9738769819728842 0
    outer loop
      vertex -70.56088467687368 -51.650180011987686 0
      vertex -70.744104757905 -51.6074590831995 4.6
      vertex -70.744104757905 -51.6074590831995 0
    endloop
  endfacet
  facet normal -0.22707625147378707 -0.9738769819728842 0
    outer loop
      vertex -70.56088467687368 -51.650180011987686 0
      vertex -70.56088467687368 -51.650180011987686 4.6
      vertex -70.744104757905 -51.6074590831995 4.6
    endloop
  endfacet
  facet normal -0.16289550763718086 -0.9866433264314035 0
    outer loop
      vertex -70.3752628043294 -51.68082631379366 0
      vertex -70.56088467687368 -51.650180011987686 4.6
      vertex -70.56088467687368 -51.650180011987686 0
    endloop
  endfacet
  facet normal -0.16289550763718086 -0.9866433264314035 0
    outer loop
      vertex -70.3752628043294 -51.68082631379366 0
      vertex -70.3752628043294 -51.68082631379366 4.6
      vertex -70.56088467687368 -51.650180011987686 4.6
    endloop
  endfacet
  facet normal -0.09801712723695497 -0.9951847279617059 0
    outer loop
      vertex -70.18803399801254 -51.699266739189625 0
      vertex -70.3752628043294 -51.68082631379366 4.6
      vertex -70.3752628043294 -51.68082631379366 0
    endloop
  endfacet
  facet normal -0.09801712723695497 -0.9951847279617059 0
    outer loop
      vertex -70.18803399801254 -51.699266739189625 0
      vertex -70.18803399801254 -51.699266739189625 4.6
      vertex -70.3752628043294 -51.68082631379366 4.6
    endloop
  endfacet
  facet normal -0.03271907988045452 -0.9994645875726546 0
    outer loop
      vertex -70 -51.705422334373 0
      vertex -70.18803399801254 -51.699266739189625 4.6
      vertex -70.18803399801254 -51.699266739189625 0
    endloop
  endfacet
  facet normal -0.03271907988045452 -0.9994645875726546 0
    outer loop
      vertex -70 -51.705422334373 0
      vertex -70 -51.705422334373 4.6
      vertex -70.18803399801254 -51.699266739189625 4.6
    endloop
  endfacet
  facet normal 0 -1 0
    outer loop
      vertex 70 -51.705422334373 0
      vertex -70 -51.705422334373 4.6
      vertex -70 -51.705422334373 0
    endloop
  endfacet
  facet normal 0 -1 0
    outer loop
      vertex 70 -51.705422334373 0
      vertex 70 -51.705422334373 4.6
      vertex -70 -51.705422334373 4.6
    endloop
  endfacet
  facet normal 0.03271907988045452 -0.9994645875726546 0
    outer loop
      vertex 70.18803399801254 -51.699266739189625 0
      vertex 70 -51.705422334373 4.6
      vertex 70 -51.705422334373 0
    endloop
  endfacet
  facet normal 0.03271907988045452 -0.9994645875726546 0
    outer loop
      vertex 70.18803399801254 -51.699266739189625 0
      vertex 70.18803399801254 -51.699266739189625 4.6
      vertex 70 -51.705422334373 4.6
    endloop
  endfacet
  facet normal 0.03271908187799826 0.9994645875072617 0
    outer loop
      vertex -39.44388688355684 -38.495289631187916 0
      vertex -39.44388688355684 -38.495289631187916 4.6
      vertex -39.29999999701977 -38.5 0
    endloop
  endfacet
  facet normal 0.03271908187799826 0.9994645875072617 0
    outer loop
      vertex -39.29999999701977 -38.5 4.6
      vertex -39.29999999701977 -38.5 0
      vertex -39.44388688355684 -38.495289631187916 4.6
    endloop
  endfacet
  facet normal 0.09801715152442476 0.9951847255695989 0
    outer loop
      vertex -39.58715762197971 -38.48117869347334 0
      vertex -39.58715762197971 -38.48117869347334 4.6
      vertex -39.44388688355684 -38.495289631187916 0
    endloop
  endfacet
  facet normal 0.09801715152442476 0.9951847255695989 0
    outer loop
      vertex -39.44388688355684 -38.495289631187916 4.6
      vertex -39.44388688355684 -38.495289631187916 0
      vertex -39.58715762197971 -38.48117869347334 4.6
    endloop
  endfacet
  facet normal 0.16289550050373788 0.98664332760914 0
    outer loop
      vertex -39.72919870913029 -38.45772761106491 0
      vertex -39.72919870913029 -38.45772761106491 4.6
      vertex -39.58715762197971 -38.48117869347334 0
    endloop
  endfacet
  facet normal 0.16289550050373788 0.98664332760914 0
    outer loop
      vertex -39.58715762197971 -38.48117869347334 4.6
      vertex -39.58715762197971 -38.48117869347334 0
      vertex -39.72919870913029 -38.45772761106491 4.6
    endloop
  endfacet
  facet normal 0.22707623329767604 0.9738769862109585 0
    outer loop
      vertex -39.86940189450979 -38.42503681778908 0
      vertex -39.86940189450979 -38.42503681778908 4.6
      vertex -39.72919870913029 -38.45772761106491 0
    endloop
  endfacet
  facet normal 0.22707623329767604 0.9738769862109585 0
    outer loop
      vertex -39.72919870913029 -38.45772761106491 4.6
      vertex -39.72919870913029 -38.45772761106491 0
      vertex -39.86940189450979 -38.42503681778908 4.6
    endloop
  endfacet
  facet normal 0.2902847086987408 0.9569403261936907 0
    outer loop
      vertex -40.00716681778431 -38.38324628025293 0
      vertex -40.00716681778431 -38.38324628025293 4.6
      vertex -39.86940189450979 -38.42503681778908 0
    endloop
  endfacet
  facet normal 0.2902847086987408 0.9569403261936907 0
    outer loop
      vertex -39.86940189450979 -38.42503681778908 4.6
      vertex -39.86940189450979 -38.42503681778908 0
      vertex -40.00716681778431 -38.38324628025293 4.6
    endloop
  endfacet
  facet normal 0.35225002655202603 0.9359059348001256 0
    outer loop
      vertex -40.141903549432755 -38.332534968853 0
      vertex -40.141903549432755 -38.332534968853 4.6
      vertex -40.00716681778431 -38.38324628025293 0
    endloop
  endfacet
  facet normal 0.35225002655202603 0.9359059348001256 0
    outer loop
      vertex -40.00716681778431 -38.38324628025293 4.6
      vertex -40.00716681778431 -38.38324628025293 0
      vertex -40.141903549432755 -38.332534968853 4.6
    endloop
  endfacet
  facet normal 0.4127070184968951 0.9108638300445371 0
    outer loop
      vertex -40.2730351164937 -38.273120030760765 0
      vertex -40.2730351164937 -38.273120030760765 4.6
      vertex -40.141903549432755 -38.332534968853 0
    endloop
  endfacet
  facet normal 0.4127070184968951 0.9108638300445371 0
    outer loop
      vertex -40.141903549432755 -38.332534968853 4.6
      vertex -40.141903549432755 -38.332534968853 0
      vertex -40.2730351164937 -38.273120030760765 4.6
    endloop
  endfacet
  facet normal 0.4713967316717486 0.8819212671033585 0
    outer loop
      vertex -40.399999998509884 -38.20525588840246 0
      vertex -40.399999998509884 -38.20525588840246 4.6
      vertex -40.2730351164937 -38.273120030760765 0
    endloop
  endfacet
  facet normal 0.4713967316717486 0.8819212671033585 0
    outer loop
      vertex -40.2730351164937 -38.273120030760765 4.6
      vertex -40.2730351164937 -38.273120030760765 0
      vertex -40.399999998509884 -38.20525588840246 4.6
    endloop
  endfacet
  facet normal 0.5280678635228664 0.8492021735219449 0
    outer loop
      vertex -40.52225451171398 -38.12923314422369 0
      vertex -40.52225451171398 -38.12923314422369 4.6
      vertex -40.399999998509884 -38.20525588840246 0
    endloop
  endfacet
  facet normal 0.5280678635228664 0.8492021735219449 0
    outer loop
      vertex -40.399999998509884 -38.20525588840246 4.6
      vertex -40.399999998509884 -38.20525588840246 0
      vertex -40.52225451171398 -38.12923314422369 4.6
    endloop
  endfacet
  facet normal 0.5824777116316723 0.8128466740119754 0
    outer loop
      vertex -40.63927514106035 -38.04537734389305 0
      vertex -40.63927514106035 -38.04537734389305 4.6
      vertex -40.52225451171398 -38.12923314422369 0
    endloop
  endfacet
  facet normal 0.5824777116316723 0.8128466740119754 0
    outer loop
      vertex -40.52225451171398 -38.12923314422369 4.6
      vertex -40.52225451171398 -38.12923314422369 0
      vertex -40.63927514106035 -38.04537734389305 4.6
    endloop
  endfacet
  facet normal 0.6343932685786593 0.7730104661530044 0
    outer loop
      vertex -40.75056079030037 -37.954047575592995 0
      vertex -40.75056079030037 -37.954047575592995 4.6
      vertex -40.63927514106035 -38.04537734389305 0
    endloop
  endfacet
  facet normal 0.6343932685786593 0.7730104661530044 0
    outer loop
      vertex -40.63927514106035 -38.04537734389305 4.6
      vertex -40.63927514106035 -38.04537734389305 0
      vertex -40.75056079030037 -37.954047575592995 4.6
    endloop
  endfacet
  facet normal 0.6835923300083221 0.7298640464865996 0
    outer loop
      vertex -40.85563491284847 -37.85563491284847 0
      vertex -40.85563491284847 -37.85563491284847 4.6
      vertex -40.75056079030037 -37.954047575592995 0
    endloop
  endfacet
  facet normal 0.6835923300083221 0.7298640464865996 0
    outer loop
      vertex -40.75056079030037 -37.954047575592995 4.6
      vertex -40.75056079030037 -37.954047575592995 0
      vertex -40.85563491284847 -37.85563491284847 4.6
    endloop
  endfacet
  facet normal 0.7298640464865996 0.6835923300083221 0
    outer loop
      vertex -40.954047575592995 -37.75056079030037 0
      vertex -40.954047575592995 -37.75056079030037 4.6
      vertex -40.85563491284847 -37.85563491284847 0
    endloop
  endfacet
  facet normal 0.7298640464865996 0.6835923300083221 0
    outer loop
      vertex -40.85563491284847 -37.85563491284847 4.6
      vertex -40.85563491284847 -37.85563491284847 0
      vertex -40.954047575592995 -37.75056079030037 4.6
    endloop
  endfacet
  facet normal 0.7730104661530044 0.6343932685786593 0
    outer loop
      vertex -41.04537734389305 -37.63927514106035 0
      vertex -41.04537734389305 -37.63927514106035 4.6
      vertex -40.954047575592995 -37.75056079030037 0
    endloop
  endfacet
  facet normal 0.7730104661530044 0.6343932685786593 0
    outer loop
      vertex -40.954047575592995 -37.75056079030037 4.6
      vertex -40.954047575592995 -37.75056079030037 0
      vertex -41.04537734389305 -37.63927514106035 4.6
    endloop
  endfacet
  facet normal 0.8128466740119754 0.5824777116316723 0
    outer loop
      vertex -41.12923314422369 -37.52225451171398 0
      vertex -41.12923314422369 -37.52225451171398 4.6
      vertex -41.04537734389305 -37.63927514106035 0
    endloop
  endfacet
  facet normal 0.8128466740119754 0.5824777116316723 0
    outer loop
      vertex -41.04537734389305 -37.63927514106035 4.6
      vertex -41.04537734389305 -37.63927514106035 0
      vertex -41.12923314422369 -37.52225451171398 4.6
    endloop
  endfacet
  facet normal 0.8492021735219449 0.5280678635228664 0
    outer loop
      vertex -41.20525588840246 -37.399999998509884 0
      vertex -41.20525588840246 -37.399999998509884 4.6
      vertex -41.12923314422369 -37.52225451171398 0
    endloop
  endfacet
  facet normal 0.8492021735219449 0.5280678635228664 0
    outer loop
      vertex -41.12923314422369 -37.52225451171398 4.6
      vertex -41.12923314422369 -37.52225451171398 0
      vertex -41.20525588840246 -37.399999998509884 4.6
    endloop
  endfacet
  facet normal 0.8819212671033585 0.4713967316717486 0
    outer loop
      vertex -41.273120030760765 -37.2730351164937 0
      vertex -41.273120030760765 -37.2730351164937 4.6
      vertex -41.20525588840246 -37.399999998509884 0
    endloop
  endfacet
  facet normal 0.8819212671033585 0.4713967316717486 0
    outer loop
      vertex -41.20525588840246 -37.399999998509884 4.6
      vertex -41.20525588840246 -37.399999998509884 0
      vertex -41.273120030760765 -37.2730351164937 4.6
    endloop
  endfacet
  facet normal 0.9108638300445371 0.4127070184968951 0
    outer loop
      vertex -41.332534968853 -37.141903549432755 0
      vertex -41.332534968853 -37.141903549432755 4.6
      vertex -41.273120030760765 -37.2730351164937 0
    endloop
  endfacet
  facet normal 0.9108638300445371 0.4127070184968951 0
    outer loop
      vertex -41.273120030760765 -37.2730351164937 4.6
      vertex -41.273120030760765 -37.2730351164937 0
      vertex -41.332534968853 -37.141903549432755 4.6
    endloop
  endfacet
  facet normal 0.9359059348001256 0.35225002655202603 0
    outer loop
      vertex -41.38324628025293 -37.00716681778431 0
      vertex -41.38324628025293 -37.00716681778431 4.6
      vertex -41.332534968853 -37.141903549432755 0
    endloop
  endfacet
  facet normal 0.9359059348001256 0.35225002655202603 0
    outer loop
      vertex -41.332534968853 -37.141903549432755 4.6
      vertex -41.332534968853 -37.141903549432755 0
      vertex -41.38324628025293 -37.00716681778431 4.6
    endloop
  endfacet
  facet normal 0.9569403261936907 0.2902847086987408 0
    outer loop
      vertex -41.42503681778908 -36.86940189450979 0
      vertex -41.42503681778908 -36.86940189450979 4.6
      vertex -41.38324628025293 -37.00716681778431 0
    endloop
  endfacet
  facet normal 0.9569403261936907 0.2902847086987408 0
    outer loop
      vertex -41.38324628025293 -37.00716681778431 4.6
      vertex -41.38324628025293 -37.00716681778431 0
      vertex -41.42503681778908 -36.86940189450979 4.6
    endloop
  endfacet
  facet normal 0.9738769862109585 0.22707623329767604 0
    outer loop
      vertex -41.45772761106491 -36.72919870913029 0
      vertex -41.45772761106491 -36.72919870913029 4.6
      vertex -41.42503681778908 -36.86940189450979 0
    endloop
  endfacet
  facet normal 0.9738769862109585 0.22707623329767604 0
    outer loop
      vertex -41.42503681778908 -36.86940189450979 4.6
      vertex -41.42503681778908 -36.86940189450979 0
      vertex -41.45772761106491 -36.72919870913029 4.6
    endloop
  endfacet
  facet normal 0.98664332760914 0.16289550050373788 0
    outer loop
      vertex -41.48117869347334 -36.58715762197971 0
      vertex -41.48117869347334 -36.58715762197971 4.6
      vertex -41.45772761106491 -36.72919870913029 0
    endloop
  endfacet
  facet normal 0.98664332760914 0.16289550050373788 0
    outer loop
      vertex -41.45772761106491 -36.72919870913029 4.6
      vertex -41.45772761106491 -36.72919870913029 0
      vertex -41.48117869347334 -36.58715762197971 4.6
    endloop
  endfacet
  facet normal 0.9951847255695989 0.09801715152442476 0
    outer loop
      vertex -41.495289631187916 -36.44388688355684 0
      vertex -41.495289631187916 -36.44388688355684 4.6
      vertex -41.48117869347334 -36.58715762197971 0
    endloop
  endfacet
  facet normal 0.9951847255695989 0.09801715152442476 0
    outer loop
      vertex -41.48117869347334 -36.58715762197971 4.6
      vertex -41.48117869347334 -36.58715762197971 0
      vertex -41.495289631187916 -36.44388688355684 4.6
    endloop
  endfacet
  facet normal 0.9994645875072617 0.03271908187799826 0
    outer loop
      vertex -41.5 -36.29999999701977 0
      vertex -41.5 -36.29999999701977 4.6
      vertex -41.495289631187916 -36.44388688355684 0
    endloop
  endfacet
  facet normal 0.9994645875072617 0.03271908187799826 0
    outer loop
      vertex -41.495289631187916 -36.44388688355684 4.6
      vertex -41.495289631187916 -36.44388688355684 0
      vertex -41.5 -36.29999999701977 4.6
    endloop
  endfacet
  facet normal 1 0 0
    outer loop
      vertex -41.5 -30.700000002980232 0
      vertex -41.5 -30.700000002980232 4.6
      vertex -41.5 -36.29999999701977 0
    endloop
  endfacet
  facet normal 1 0 0
    outer loop
      vertex -41.5 -36.29999999701977 4.6
      vertex -41.5 -36.29999999701977 0
      vertex -41.5 -30.700000002980232 4.6
    endloop
  endfacet
  facet normal 0.9994645875072617 -0.03271908187799826 0
    outer loop
      vertex -41.495289631187916 -30.556113116443157 0
      vertex -41.495289631187916 -30.556113116443157 4.6
      vertex -41.5 -30.700000002980232 0
    endloop
  endfacet
  facet normal 0.9994645875072617 -0.03271908187799826 0
    outer loop
      vertex -41.5 -30.700000002980232 4.6
      vertex -41.5 -30.700000002980232 0
      vertex -41.495289631187916 -30.556113116443157 4.6
    endloop
  endfacet
  facet normal 0.9951847255695989 -0.09801715152442476 0
    outer loop
      vertex -41.48117869347334 -30.412842378020287 0
      vertex -41.48117869347334 -30.412842378020287 4.6
      vertex -41.495289631187916 -30.556113116443157 0
    endloop
  endfacet
  facet normal 0.9951847255695989 -0.09801715152442476 0
    outer loop
      vertex -41.495289631187916 -30.556113116443157 4.6
      vertex -41.495289631187916 -30.556113116443157 0
      vertex -41.48117869347334 -30.412842378020287 4.6
    endloop
  endfacet
  facet normal 0.98664332760914 -0.16289550050373788 0
    outer loop
      vertex -41.45772761106491 -30.270801290869713 0
      vertex -41.45772761106491 -30.270801290869713 4.6
      vertex -41.48117869347334 -30.412842378020287 0
    endloop
  endfacet
  facet normal 0.98664332760914 -0.16289550050373788 0
    outer loop
      vertex -41.48117869347334 -30.412842378020287 4.6
      vertex -41.48117869347334 -30.412842378020287 0
      vertex -41.45772761106491 -30.270801290869713 4.6
    endloop
  endfacet
  facet normal 0.9738769862109585 -0.22707623329767604 0
    outer loop
      vertex -41.42503681778908 -30.130598105490208 0
      vertex -41.42503681778908 -30.130598105490208 4.6
      vertex -41.45772761106491 -30.270801290869713 0
    endloop
  endfacet
  facet normal 0.9738769862109585 -0.22707623329767604 0
    outer loop
      vertex -41.45772761106491 -30.270801290869713 4.6
      vertex -41.45772761106491 -30.270801290869713 0
      vertex -41.42503681778908 -30.130598105490208 4.6
    endloop
  endfacet
  facet normal 0.9569403261936907 -0.2902847086987408 0
    outer loop
      vertex -41.38324628025293 -29.99283318221569 0
      vertex -41.38324628025293 -29.99283318221569 4.6
      vertex -41.42503681778908 -30.130598105490208 0
    endloop
  endfacet
  facet normal 0.9569403261936907 -0.2902847086987408 0
    outer loop
      vertex -41.42503681778908 -30.130598105490208 4.6
      vertex -41.42503681778908 -30.130598105490208 0
      vertex -41.38324628025293 -29.99283318221569 4.6
    endloop
  endfacet
  facet normal 0.9359059348001256 -0.35225002655202603 0
    outer loop
      vertex -41.332534968853 -29.858096450567245 0
      vertex -41.332534968853 -29.858096450567245 4.6
      vertex -41.38324628025293 -29.99283318221569 0
    endloop
  endfacet
  facet normal 0.9359059348001256 -0.35225002655202603 0
    outer loop
      vertex -41.38324628025293 -29.99283318221569 4.6
      vertex -41.38324628025293 -29.99283318221569 0
      vertex -41.332534968853 -29.858096450567245 4.6
    endloop
  endfacet
  facet normal 0.9108638327645996 -0.41270701249358904 0
    outer loop
      vertex -41.28631968051195 -29.75609713047743 0
      vertex -41.28631968051195 -29.75609713047743 4.6
      vertex -41.332534968853 -29.858096450567245 0
    endloop
  endfacet
  facet normal 0.9108638327645996 -0.41270701249358904 0
    outer loop
      vertex -41.332534968853 -29.858096450567245 4.6
      vertex -41.332534968853 -29.858096450567245 0
      vertex -41.28631968051195 -29.75609713047743 4.6
    endloop
  endfacet
  facet normal 0.09801708059094283 0.9951847325559354 0
    outer loop
      vertex -41.415785767138004 -29.743345841765404 0
      vertex -41.415785767138004 -29.743345841765404 4.6
      vertex -41.28631968051195 -29.75609713047743 0
    endloop
  endfacet
  facet normal 0.09801708059094283 0.9951847325559354 0
    outer loop
      vertex -41.28631968051195 -29.75609713047743 4.6
      vertex -41.28631968051195 -29.75609713047743 0
      vertex -41.415785767138004 -29.743345841765404 4.6
    endloop
  endfacet
  facet normal 0.1628954729438304 0.9866433321592994 0
    outer loop
      vertex -43.35270965844393 -29.42355841398239 0
      vertex -43.35270965844393 -29.42355841398239 4.6
      vertex -41.415785767138004 -29.743345841765404 0
    endloop
  endfacet
  facet normal 0.1628954729438304 0.9866433321592994 0
    outer loop
      vertex -41.415785767138004 -29.743345841765404 4.6
      vertex -41.415785767138004 -29.743345841765404 0
      vertex -43.35270965844393 -29.42355841398239 4.6
    endloop
  endfacet
  facet normal 0.2270762623073126 0.9738769794468605 0
    outer loop
      vertex -45.264571353793144 -28.977774791419506 0
      vertex -45.264571353793144 -28.977774791419506 4.6
      vertex -43.35270965844393 -29.42355841398239 0
    endloop
  endfacet
  facet normal 0.2270762623073126 0.9738769794468605 0
    outer loop
      vertex -43.35270965844393 -29.42355841398239 4.6
      vertex -43.35270965844393 -29.42355841398239 0
      vertex -45.264571353793144 -28.977774791419506 4.6
    endloop
  endfacet
  facet normal 0.290284677139699 0.9569403357670221 0
    outer loop
      vertex -47.14318396151066 -28.407903887331486 0
      vertex -47.14318396151066 -28.407903887331486 4.6
      vertex -45.264571353793144 -28.977774791419506 0
    endloop
  endfacet
  facet normal 0.290284677139699 0.9569403357670221 0
    outer loop
      vertex -45.264571353793144 -28.977774791419506 4.6
      vertex -45.264571353793144 -28.977774791419506 0
      vertex -47.14318396151066 -28.407903887331486 4.6
    endloop
  endfacet
  facet normal 0.35225004944279825 0.9359059261846493 0
    outer loop
      vertex -48.98050297051668 -27.71638597548008 0
      vertex -48.98050297051668 -27.71638597548008 4.6
      vertex -47.14318396151066 -28.407903887331486 0
    endloop
  endfacet
  facet normal 0.35225004944279825 0.9359059261846493 0
    outer loop
      vertex -47.14318396151066 -28.407903887331486 4.6
      vertex -47.14318396151066 -28.407903887331486 0
      vertex -48.98050297051668 -27.71638597548008 4.6
    endloop
  endfacet
  facet normal 0.412707029924782 0.910863824866629 0
    outer loop
      vertex -50.768660709261894 -26.90618224442005 0
      vertex -50.768660709261894 -26.90618224442005 4.6
      vertex -48.98050297051668 -27.71638597548008 0
    endloop
  endfacet
  facet normal 0.412707029924782 0.910863824866629 0
    outer loop
      vertex -48.98050297051668 -27.71638597548008 4.6
      vertex -48.98050297051668 -27.71638597548008 0
      vertex -50.768660709261894 -26.90618224442005 4.6
    endloop
  endfacet
  facet normal 0.47139673555833117 0.8819212650259369 0
    outer loop
      vertex -52.5 -25.980762116611004 0
      vertex -52.5 -25.980762116611004 4.6
      vertex -50.768660709261894 -26.90618224442005 0
    endloop
  endfacet
  facet normal 0.47139673555833117 0.8819212650259369 0
    outer loop
      vertex -50.768660709261894 -26.90618224442005 4.6
      vertex -50.768660709261894 -26.90618224442005 0
      vertex -52.5 -25.980762116611004 4.6
    endloop
  endfacet
  facet normal 0.528067850921373 0.8492021813580571 0
    outer loop
      vertex -54.16710699349642 -24.944088369607925 0
      vertex -54.16710699349642 -24.944088369607925 4.6
      vertex -52.5 -25.980762116611004 0
    endloop
  endfacet
  facet normal 0.528067850921373 0.8492021813580571 0
    outer loop
      vertex -52.5 -25.980762116611004 4.6
      vertex -52.5 -25.980762116611004 0
      vertex -54.16710699349642 -24.944088369607925 4.6
    endloop
  endfacet
  facet normal 0.5824776976430034 0.8128466840361138 0
    outer loop
      vertex -55.76284287124872 -23.800600208342075 0
      vertex -55.76284287124872 -23.800600208342075 4.6
      vertex -54.16710699349642 -24.944088369607925 0
    endloop
  endfacet
  facet normal 0.5824776976430034 0.8128466840361138 0
    outer loop
      vertex -54.16710699349642 -24.944088369607925 4.6
      vertex -54.16710699349642 -24.944088369607925 0
      vertex -55.76284287124872 -23.800600208342075 4.6
    endloop
  endfacet
  facet normal 0.6343932853150274 0.7730104524178223 0
    outer loop
      vertex -57.28037445247173 -22.555194221436977 0
      vertex -57.28037445247173 -22.555194221436977 4.6
      vertex -55.76284287124872 -23.800600208342075 0
    endloop
  endfacet
  facet normal 0.6343932853150274 0.7730104524178223 0
    outer loop
      vertex -55.76284287124872 -23.800600208342075 4.6
      vertex -55.76284287124872 -23.800600208342075 0
      vertex -57.28037445247173 -22.555194221436977 4.6
    endloop
  endfacet
  facet normal 0.6835923000256635 0.7298640745684248 0
    outer loop
      vertex -58.71320343762636 -21.213203437626362 0
      vertex -58.71320343762636 -21.213203437626362 4.6
      vertex -57.28037445247173 -22.555194221436977 0
    endloop
  endfacet
  facet normal 0.6835923000256635 0.7298640745684248 0
    outer loop
      vertex -57.28037445247173 -22.555194221436977 4.6
      vertex -57.28037445247173 -22.555194221436977 0
      vertex -58.71320343762636 -21.213203437626362 4.6
    endloop
  endfacet
  facet normal 0.7298640745684248 0.6835923000256635 0
    outer loop
      vertex -60.05519422143698 -19.780374452471733 0
      vertex -60.05519422143698 -19.780374452471733 4.6
      vertex -58.71320343762636 -21.213203437626362 0
    endloop
  endfacet
  facet normal 0.7298640745684248 0.6835923000256635 0
    outer loop
      vertex -58.71320343762636 -21.213203437626362 4.6
      vertex -58.71320343762636 -21.213203437626362 0
      vertex -60.05519422143698 -19.780374452471733 4.6
    endloop
  endfacet
  facet normal 0.7730104524178223 0.6343932853150274 0
    outer loop
      vertex -61.300600208342075 -18.262842871248722 0
      vertex -61.300600208342075 -18.262842871248722 4.6
      vertex -60.05519422143698 -19.780374452471733 0
    endloop
  endfacet
  facet normal 0.7730104524178223 0.6343932853150274 0
    outer loop
      vertex -60.05519422143698 -19.780374452471733 4.6
      vertex -60.05519422143698 -19.780374452471733 0
      vertex -61.300600208342075 -18.262842871248722 4.6
    endloop
  endfacet
  facet normal 0.8128466840361138 0.5824776976430034 0
    outer loop
      vertex -62.444088369607925 -16.667106993496418 0
      vertex -62.444088369607925 -16.667106993496418 4.6
      vertex -61.300600208342075 -18.262842871248722 0
    endloop
  endfacet
  facet normal 0.8128466840361138 0.5824776976430034 0
    outer loop
      vertex -61.300600208342075 -18.262842871248722 4.6
      vertex -61.300600208342075 -18.262842871248722 0
      vertex -62.444088369607925 -16.667106993496418 4.6
    endloop
  endfacet
  facet normal 0.8492021813580571 0.528067850921373 0
    outer loop
      vertex -63.480762116611004 -15 0
      vertex -63.480762116611004 -15 4.6
      vertex -62.444088369607925 -16.667106993496418 0
    endloop
  endfacet
  facet normal 0.8492021813580571 0.528067850921373 0
    outer loop
      vertex -62.444088369607925 -16.667106993496418 4.6
      vertex -62.444088369607925 -16.667106993496418 0
      vertex -63.480762116611004 -15 4.6
    endloop
  endfacet
  facet normal 0.8819212650259369 0.47139673555833117 0
    outer loop
      vertex -64.40618224442005 -13.268660709261894 0
      vertex -64.40618224442005 -13.268660709261894 4.6
      vertex -63.480762116611004 -15 0
    endloop
  endfacet
  facet normal 0.8819212650259369 0.47139673555833117 0
    outer loop
      vertex -63.480762116611004 -15 4.6
      vertex -63.480762116611004 -15 0
      vertex -64.40618224442005 -13.268660709261894 4.6
    endloop
  endfacet
  facet normal 0.910863824866629 0.412707029924782 0
    outer loop
      vertex -65.21638597548008 -11.480502970516682 0
      vertex -65.21638597548008 -11.480502970516682 4.6
      vertex -64.40618224442005 -13.268660709261894 0
    endloop
  endfacet
  facet normal 0.910863824866629 0.412707029924782 0
    outer loop
      vertex -64.40618224442005 -13.268660709261894 4.6
      vertex -64.40618224442005 -13.268660709261894 0
      vertex -65.21638597548008 -11.480502970516682 4.6
    endloop
  endfacet
  facet normal 0.9359059261846493 0.35225004944279825 0
    outer loop
      vertex -65.90790388733149 -9.643183961510658 0
      vertex -65.90790388733149 -9.643183961510658 4.6
      vertex -65.21638597548008 -11.480502970516682 0
    endloop
  endfacet
  facet normal 0.9359059261846493 0.35225004944279825 0
    outer loop
      vertex -65.21638597548008 -11.480502970516682 4.6
      vertex -65.21638597548008 -11.480502970516682 0
      vertex -65.90790388733149 -9.643183961510658 4.6
    endloop
  endfacet
  facet normal 0.9569403357670221 0.290284677139699 0
    outer loop
      vertex -66.4777747914195 -7.764571353793144 0
      vertex -66.4777747914195 -7.764571353793144 4.6
      vertex -65.90790388733149 -9.643183961510658 0
    endloop
  endfacet
  facet normal 0.9569403357670221 0.290284677139699 0
    outer loop
      vertex -65.90790388733149 -9.643183961510658 4.6
      vertex -65.90790388733149 -9.643183961510658 0
      vertex -66.4777747914195 -7.764571353793144 4.6
    endloop
  endfacet
  facet normal 0.9738769794468605 0.2270762623073126 0
    outer loop
      vertex -66.92355841398239 -5.852709658443928 0
      vertex -66.92355841398239 -5.852709658443928 4.6
      vertex -66.4777747914195 -7.764571353793144 0
    endloop
  endfacet
  facet normal 0.9738769794468605 0.2270762623073126 0
    outer loop
      vertex -66.4777747914195 -7.764571353793144 4.6
      vertex -66.4777747914195 -7.764571353793144 0
      vertex -66.92355841398239 -5.852709658443928 4.6
    endloop
  endfacet
  facet normal 0.9866433321592994 0.1628954729438304 0
    outer loop
      vertex -67.2433458417654 -3.9157857671380043 0
      vertex -67.2433458417654 -3.9157857671380043 4.6
      vertex -66.92355841398239 -5.852709658443928 0
    endloop
  endfacet
  facet normal 0.9866433321592994 0.1628954729438304 0
    outer loop
      vertex -66.92355841398239 -5.852709658443928 4.6
      vertex -66.92355841398239 -5.852709658443928 0
      vertex -67.2433458417654 -3.9157857671380043 4.6
    endloop
  endfacet
  facet normal 0.9951847268043855 0.0980171389874271 0
    outer loop
      vertex -67.43576769530773 -1.9620938748121262 0
      vertex -67.43576769530773 -1.9620938748121262 4.6
      vertex -67.2433458417654 -3.9157857671380043 0
    endloop
  endfacet
  facet normal 0.9951847268043855 0.0980171389874271 0
    outer loop
      vertex -67.2433458417654 -3.9157857671380043 4.6
      vertex -67.2433458417654 -3.9157857671380043 0
      vertex -67.43576769530773 -1.9620938748121262 4.6
    endloop
  endfacet
  facet normal 0.9994645874444017 0.032719083798173614 0
    outer loop
      vertex -67.5 0 0
      vertex -67.5 0 4.6
      vertex -67.43576769530773 -1.9620938748121262 0
    endloop
  endfacet
  facet normal 0.9994645874444017 0.032719083798173614 0
    outer loop
      vertex -67.43576769530773 -1.9620938748121262 4.6
      vertex -67.43576769530773 -1.9620938748121262 0
      vertex -67.5 0 4.6
    endloop
  endfacet
  facet normal 0.9994645874444017 -0.032719083798173614 0
    outer loop
      vertex -67.43576769530773 1.9620938748121262 0
      vertex -67.43576769530773 1.9620938748121262 4.6
      vertex -67.5 0 0
    endloop
  endfacet
  facet normal 0.9994645874444017 -0.032719083798173614 0
    outer loop
      vertex -67.5 0 4.6
      vertex -67.5 0 0
      vertex -67.43576769530773 1.9620938748121262 4.6
    endloop
  endfacet
  facet normal 0.9951847268043855 -0.0980171389874271 0
    outer loop
      vertex -67.2433458417654 3.9157857671380043 0
      vertex -67.2433458417654 3.9157857671380043 4.6
      vertex -67.43576769530773 1.9620938748121262 0
    endloop
  endfacet
  facet normal 0.9951847268043855 -0.0980171389874271 0
    outer loop
      vertex -67.43576769530773 1.9620938748121262 4.6
      vertex -67.43576769530773 1.9620938748121262 0
      vertex -67.2433458417654 3.9157857671380043 4.6
    endloop
  endfacet
  facet normal 0.9866433321592994 -0.1628954729438304 0
    outer loop
      vertex -66.92355841398239 5.852709658443928 0
      vertex -66.92355841398239 5.852709658443928 4.6
      vertex -67.2433458417654 3.9157857671380043 0
    endloop
  endfacet
  facet normal 0.9866433321592994 -0.1628954729438304 0
    outer loop
      vertex -67.2433458417654 3.9157857671380043 4.6
      vertex -67.2433458417654 3.9157857671380043 0
      vertex -66.92355841398239 5.852709658443928 4.6
    endloop
  endfacet
  facet normal 0.9738769794468605 -0.2270762623073126 0
    outer loop
      vertex -66.4777747914195 7.764571353793144 0
      vertex -66.4777747914195 7.764571353793144 4.6
      vertex -66.92355841398239 5.852709658443928 0
    endloop
  endfacet
  facet normal 0.9738769794468605 -0.2270762623073126 0
    outer loop
      vertex -66.92355841398239 5.852709658443928 4.6
      vertex -66.92355841398239 5.852709658443928 0
      vertex -66.4777747914195 7.764571353793144 4.6
    endloop
  endfacet
  facet normal 0.9569403357670221 -0.290284677139699 0
    outer loop
      vertex -65.90790388733149 9.643183961510658 0
      vertex -65.90790388733149 9.643183961510658 4.6
      vertex -66.4777747914195 7.764571353793144 0
    endloop
  endfacet
  facet normal 0.9569403357670221 -0.290284677139699 0
    outer loop
      vertex -66.4777747914195 7.764571353793144 4.6
      vertex -66.4777747914195 7.764571353793144 0
      vertex -65.90790388733149 9.643183961510658 4.6
    endloop
  endfacet
  facet normal 0.9359059261846493 -0.35225004944279825 0
    outer loop
      vertex -65.21638597548008 11.480502970516682 0
      vertex -65.21638597548008 11.480502970516682 4.6
      vertex -65.90790388733149 9.643183961510658 0
    endloop
  endfacet
  facet normal 0.9359059261846493 -0.35225004944279825 0
    outer loop
      vertex -65.90790388733149 9.643183961510658 4.6
      vertex -65.90790388733149 9.643183961510658 0
      vertex -65.21638597548008 11.480502970516682 4.6
    endloop
  endfacet
  facet normal 0.910863824866629 -0.412707029924782 0
    outer loop
      vertex -64.40618224442005 13.268660709261894 0
      vertex -64.40618224442005 13.268660709261894 4.6
      vertex -65.21638597548008 11.480502970516682 0
    endloop
  endfacet
  facet normal 0.910863824866629 -0.412707029924782 0
    outer loop
      vertex -65.21638597548008 11.480502970516682 4.6
      vertex -65.21638597548008 11.480502970516682 0
      vertex -64.40618224442005 13.268660709261894 4.6
    endloop
  endfacet
  facet normal 0.8819212650259369 -0.47139673555833117 0
    outer loop
      vertex -63.480762116611004 15 0
      vertex -63.480762116611004 15 4.6
      vertex -64.40618224442005 13.268660709261894 0
    endloop
  endfacet
  facet normal 0.8819212650259369 -0.47139673555833117 0
    outer loop
      vertex -64.40618224442005 13.268660709261894 4.6
      vertex -64.40618224442005 13.268660709261894 0
      vertex -63.480762116611004 15 4.6
    endloop
  endfacet
  facet normal 0.8492021813580571 -0.528067850921373 0
    outer loop
      vertex -62.444088369607925 16.667106993496418 0
      vertex -62.444088369607925 16.667106993496418 4.6
      vertex -63.480762116611004 15 0
    endloop
  endfacet
  facet normal 0.8492021813580571 -0.528067850921373 0
    outer loop
      vertex -63.480762116611004 15 4.6
      vertex -63.480762116611004 15 0
      vertex -62.444088369607925 16.667106993496418 4.6
    endloop
  endfacet
  facet normal 0.8128466840361138 -0.5824776976430034 0
    outer loop
      vertex -61.300600208342075 18.262842871248722 0
      vertex -61.300600208342075 18.262842871248722 4.6
      vertex -62.444088369607925 16.667106993496418 0
    endloop
  endfacet
  facet normal 0.8128466840361138 -0.5824776976430034 0
    outer loop
      vertex -62.444088369607925 16.667106993496418 4.6
      vertex -62.444088369607925 16.667106993496418 0
      vertex -61.300600208342075 18.262842871248722 4.6
    endloop
  endfacet
  facet normal 0.7730104524178223 -0.6343932853150274 0
    outer loop
      vertex -60.05519422143698 19.780374452471733 0
      vertex -60.05519422143698 19.780374452471733 4.6
      vertex -61.300600208342075 18.262842871248722 0
    endloop
  endfacet
  facet normal 0.7730104524178223 -0.6343932853150274 0
    outer loop
      vertex -61.300600208342075 18.262842871248722 4.6
      vertex -61.300600208342075 18.262842871248722 0
      vertex -60.05519422143698 19.780374452471733 4.6
    endloop
  endfacet
  facet normal 0.7298640745684248 -0.6835923000256635 0
    outer loop
      vertex -58.71320343762636 21.213203437626362 0
      vertex -58.71320343762636 21.213203437626362 4.6
      vertex -60.05519422143698 19.780374452471733 0
    endloop
  endfacet
  facet normal 0.7298640745684248 -0.6835923000256635 0
    outer loop
      vertex -60.05519422143698 19.780374452471733 4.6
      vertex -60.05519422143698 19.780374452471733 0
      vertex -58.71320343762636 21.213203437626362 4.6
    endloop
  endfacet
  facet normal 0.6835923000256635 -0.7298640745684248 0
    outer loop
      vertex -57.28037445247173 22.555194221436977 0
      vertex -57.28037445247173 22.555194221436977 4.6
      vertex -58.71320343762636 21.213203437626362 0
    endloop
  endfacet
  facet normal 0.6835923000256635 -0.7298640745684248 0
    outer loop
      vertex -58.71320343762636 21.213203437626362 4.6
      vertex -58.71320343762636 21.213203437626362 0
      vertex -57.28037445247173 22.555194221436977 4.6
    endloop
  endfacet
  facet normal 0.6343932853150274 -0.7730104524178223 0
    outer loop
      vertex -55.76284287124872 23.800600208342075 0
      vertex -55.76284287124872 23.800600208342075 4.6
      vertex -57.28037445247173 22.555194221436977 0
    endloop
  endfacet
  facet normal 0.6343932853150274 -0.7730104524178223 0
    outer loop
      vertex -57.28037445247173 22.555194221436977 4.6
      vertex -57.28037445247173 22.555194221436977 0
      vertex -55.76284287124872 23.800600208342075 4.6
    endloop
  endfacet
  facet normal 0.5824776976430034 -0.8128466840361138 0
    outer loop
      vertex -54.16710699349642 24.944088369607925 0
      vertex -54.16710699349642 24.944088369607925 4.6
      vertex -55.76284287124872 23.800600208342075 0
    endloop
  endfacet
  facet normal 0.5824776976430034 -0.8128466840361138 0
    outer loop
      vertex -55.76284287124872 23.800600208342075 4.6
      vertex -55.76284287124872 23.800600208342075 0
      vertex -54.16710699349642 24.944088369607925 4.6
    endloop
  endfacet
  facet normal 0.528067850921373 -0.8492021813580571 0
    outer loop
      vertex -52.5 25.980762116611004 0
      vertex -52.5 25.980762116611004 4.6
      vertex -54.16710699349642 24.944088369607925 0
    endloop
  endfacet
  facet normal 0.528067850921373 -0.8492021813580571 0
    outer loop
      vertex -54.16710699349642 24.944088369607925 4.6
      vertex -54.16710699349642 24.944088369607925 0
      vertex -52.5 25.980762116611004 4.6
    endloop
  endfacet
  facet normal 0.47139673555833117 -0.8819212650259369 0
    outer loop
      vertex -50.768660709261894 26.90618224442005 0
      vertex -50.768660709261894 26.90618224442005 4.6
      vertex -52.5 25.980762116611004 0
    endloop
  endfacet
  facet normal 0.47139673555833117 -0.8819212650259369 0
    outer loop
      vertex -52.5 25.980762116611004 4.6
      vertex -52.5 25.980762116611004 0
      vertex -50.768660709261894 26.90618224442005 4.6
    endloop
  endfacet
  facet normal 0.412707029924782 -0.910863824866629 0
    outer loop
      vertex -48.98050297051668 27.71638597548008 0
      vertex -48.98050297051668 27.71638597548008 4.6
      vertex -50.768660709261894 26.90618224442005 0
    endloop
  endfacet
  facet normal 0.412707029924782 -0.910863824866629 0
    outer loop
      vertex -50.768660709261894 26.90618224442005 4.6
      vertex -50.768660709261894 26.90618224442005 0
      vertex -48.98050297051668 27.71638597548008 4.6
    endloop
  endfacet
  facet normal 0.35225004944279825 -0.9359059261846493 0
    outer loop
      vertex -47.14318396151066 28.407903887331486 0
      vertex -47.14318396151066 28.407903887331486 4.6
      vertex -48.98050297051668 27.71638597548008 0
    endloop
  endfacet
  facet normal 0.35225004944279825 -0.9359059261846493 0
    outer loop
      vertex -48.98050297051668 27.71638597548008 4.6
      vertex -48.98050297051668 27.71638597548008 0
      vertex -47.14318396151066 28.407903887331486 4.6
    endloop
  endfacet
  facet normal 0.290284677139699 -0.9569403357670221 0
    outer loop
      vertex -45.264571353793144 28.977774791419506 0
      vertex -45.264571353793144 28.977774791419506 4.6
      vertex -47.14318396151066 28.407903887331486 0
    endloop
  endfacet
  facet normal 0.290284677139699 -0.9569403357670221 0
    outer loop
      vertex -47.14318396151066 28.407903887331486 4.6
      vertex -47.14318396151066 28.407903887331486 0
      vertex -45.264571353793144 28.977774791419506 4.6
    endloop
  endfacet
  facet normal 0.2270762623073126 -0.9738769794468605 0
    outer loop
      vertex -43.35270965844393 29.42355841398239 0
      vertex -43.35270965844393 29.42355841398239 4.6
      vertex -45.264571353793144 28.977774791419506 0
    endloop
  endfacet
  facet normal 0.2270762623073126 -0.9738769794468605 0
    outer loop
      vertex -45.264571353793144 28.977774791419506 4.6
      vertex -45.264571353793144 28.977774791419506 0
      vertex -43.35270965844393 29.42355841398239 4.6
    endloop
  endfacet
  facet normal 0.1628954729438304 -0.9866433321592994 0
    outer loop
      vertex -41.415785767138004 29.743345841765404 0
      vertex -41.415785767138004 29.743345841765404 4.6
      vertex -43.35270965844393 29.42355841398239 0
    endloop
  endfacet
  facet normal 0.1628954729438304 -0.9866433321592994 0
    outer loop
      vertex -43.35270965844393 29.42355841398239 4.6
      vertex -43.35270965844393 29.42355841398239 0
      vertex -41.415785767138004 29.743345841765404 4.6
    endloop
  endfacet
  facet normal 0.0980171389874271 -0.9951847268043855 0
    outer loop
      vertex -39.462093874812126 29.93576769530773 0
      vertex -39.462093874812126 29.93576769530773 4.6
      vertex -41.415785767138004 29.743345841765404 0
    endloop
  endfacet
  facet normal 0.0980171389874271 -0.9951847268043855 0
    outer loop
      vertex -41.415785767138004 29.743345841765404 4.6
      vertex -41.415785767138004 29.743345841765404 0
      vertex -39.462093874812126 29.93576769530773 4.6
    endloop
  endfacet
  facet normal 0.032719083798173614 -0.9994645874444017 0
    outer loop
      vertex -37.5 30 0
      vertex -37.5 30 4.6
      vertex -39.462093874812126 29.93576769530773 0
    endloop
  endfacet
  facet normal 0.032719083798173614 -0.9994645874444017 0
    outer loop
      vertex -39.462093874812126 29.93576769530773 4.6
      vertex -39.462093874812126 29.93576769530773 0
      vertex -37.5 30 4.6
    endloop
  endfacet
  facet normal -0.032719083798173614 -0.9994645874444017 0
    outer loop
      vertex -35.537906125187874 29.93576769530773 0
      vertex -35.537906125187874 29.93576769530773 4.6
      vertex -37.5 30 0
    endloop
  endfacet
  facet normal -0.032719083798173614 -0.9994645874444017 0
    outer loop
      vertex -37.5 30 4.6
      vertex -37.5 30 0
      vertex -35.537906125187874 29.93576769530773 4.6
    endloop
  endfacet
  facet normal -0.0980171389874271 -0.9951847268043855 0
    outer loop
      vertex -33.584214232861996 29.743345841765404 0
      vertex -33.584214232861996 29.743345841765404 4.6
      vertex -35.537906125187874 29.93576769530773 0
    endloop
  endfacet
  facet normal -0.0980171389874271 -0.9951847268043855 0
    outer loop
      vertex -35.537906125187874 29.93576769530773 4.6
      vertex -35.537906125187874 29.93576769530773 0
      vertex -33.584214232861996 29.743345841765404 4.6
    endloop
  endfacet
  facet normal -0.1628954729438304 -0.9866433321592994 0
    outer loop
      vertex -31.647290341556072 29.42355841398239 0
      vertex -31.647290341556072 29.42355841398239 4.6
      vertex -33.584214232861996 29.743345841765404 0
    endloop
  endfacet
  facet normal -0.1628954729438304 -0.9866433321592994 0
    outer loop
      vertex -33.584214232861996 29.743345841765404 4.6
      vertex -33.584214232861996 29.743345841765404 0
      vertex -31.647290341556072 29.42355841398239 4.6
    endloop
  endfacet
  facet normal -0.2270762623073126 -0.9738769794468605 0
    outer loop
      vertex -29.735428646206856 28.977774791419506 0
      vertex -29.735428646206856 28.977774791419506 4.6
      vertex -31.647290341556072 29.42355841398239 0
    endloop
  endfacet
  facet normal -0.2270762623073126 -0.9738769794468605 0
    outer loop
      vertex -31.647290341556072 29.42355841398239 4.6
      vertex -31.647290341556072 29.42355841398239 0
      vertex -29.735428646206856 28.977774791419506 4.6
    endloop
  endfacet
  facet normal -0.290284677139699 -0.9569403357670221 0
    outer loop
      vertex -27.85681603848934 28.407903887331486 0
      vertex -27.85681603848934 28.407903887331486 4.6
      vertex -29.735428646206856 28.977774791419506 0
    endloop
  endfacet
  facet normal -0.290284677139699 -0.9569403357670221 0
    outer loop
      vertex -29.735428646206856 28.977774791419506 4.6
      vertex -29.735428646206856 28.977774791419506 0
      vertex -27.85681603848934 28.407903887331486 4.6
    endloop
  endfacet
  facet normal -0.35225004944279825 -0.9359059261846493 0
    outer loop
      vertex -26.01949702948332 27.71638597548008 0
      vertex -26.01949702948332 27.71638597548008 4.6
      vertex -27.85681603848934 28.407903887331486 0
    endloop
  endfacet
  facet normal -0.35225004944279825 -0.9359059261846493 0
    outer loop
      vertex -27.85681603848934 28.407903887331486 4.6
      vertex -27.85681603848934 28.407903887331486 0
      vertex -26.01949702948332 27.71638597548008 4.6
    endloop
  endfacet
  facet normal -0.412707029924782 -0.910863824866629 0
    outer loop
      vertex -24.231339290738106 26.90618224442005 0
      vertex -24.231339290738106 26.90618224442005 4.6
      vertex -26.01949702948332 27.71638597548008 0
    endloop
  endfacet
  facet normal -0.412707029924782 -0.910863824866629 0
    outer loop
      vertex -26.01949702948332 27.71638597548008 4.6
      vertex -26.01949702948332 27.71638597548008 0
      vertex -24.231339290738106 26.90618224442005 4.6
    endloop
  endfacet
  facet normal -0.47139673555833117 -0.8819212650259369 0
    outer loop
      vertex -22.5 25.980762116611004 0
      vertex -22.5 25.980762116611004 4.6
      vertex -24.231339290738106 26.90618224442005 0
    endloop
  endfacet
  facet normal -0.47139673555833117 -0.8819212650259369 0
    outer loop
      vertex -24.231339290738106 26.90618224442005 4.6
      vertex -24.231339290738106 26.90618224442005 0
      vertex -22.5 25.980762116611004 4.6
    endloop
  endfacet
  facet normal -0.528067850921373 -0.8492021813580571 0
    outer loop
      vertex -20.832893006503582 24.944088369607925 0
      vertex -20.832893006503582 24.944088369607925 4.6
      vertex -22.5 25.980762116611004 0
    endloop
  endfacet
  facet normal -0.528067850921373 -0.8492021813580571 0
    outer loop
      vertex -22.5 25.980762116611004 4.6
      vertex -22.5 25.980762116611004 0
      vertex -20.832893006503582 24.944088369607925 4.6
    endloop
  endfacet
  facet normal -0.5824776976430034 -0.8128466840361138 0
    outer loop
      vertex -19.237157128751278 23.800600208342075 0
      vertex -19.237157128751278 23.800600208342075 4.6
      vertex -20.832893006503582 24.944088369607925 0
    endloop
  endfacet
  facet normal -0.5824776976430034 -0.8128466840361138 0
    outer loop
      vertex -20.832893006503582 24.944088369607925 4.6
      vertex -20.832893006503582 24.944088369607925 0
      vertex -19.237157128751278 23.800600208342075 4.6
    endloop
  endfacet
  facet normal -0.6343932853150274 -0.7730104524178223 0
    outer loop
      vertex -17.719625547528267 22.555194221436977 0
      vertex -17.719625547528267 22.555194221436977 4.6
      vertex -19.237157128751278 23.800600208342075 0
    endloop
  endfacet
  facet normal -0.6343932853150274 -0.7730104524178223 0
    outer loop
      vertex -19.237157128751278 23.800600208342075 4.6
      vertex -19.237157128751278 23.800600208342075 0
      vertex -17.719625547528267 22.555194221436977 4.6
    endloop
  endfacet
  facet normal -0.6835923000256635 -0.7298640745684248 0
    outer loop
      vertex -16.286796562373638 21.213203437626362 0
      vertex -16.286796562373638 21.213203437626362 4.6
      vertex -17.719625547528267 22.555194221436977 0
    endloop
  endfacet
  facet normal -0.6835923000256635 -0.7298640745684248 0
    outer loop
      vertex -17.719625547528267 22.555194221436977 4.6
      vertex -17.719625547528267 22.555194221436977 0
      vertex -16.286796562373638 21.213203437626362 4.6
    endloop
  endfacet
  facet normal -0.7298640745684248 -0.6835923000256635 0
    outer loop
      vertex -14.944805778563023 19.780374452471733 0
      vertex -14.944805778563023 19.780374452471733 4.6
      vertex -16.286796562373638 21.213203437626362 0
    endloop
  endfacet
  facet normal -0.7298640745684248 -0.6835923000256635 0
    outer loop
      vertex -16.286796562373638 21.213203437626362 4.6
      vertex -16.286796562373638 21.213203437626362 0
      vertex -14.944805778563023 19.780374452471733 4.6
    endloop
  endfacet
  facet normal -0.7730104524178223 -0.6343932853150274 0
    outer loop
      vertex -13.699399791657925 18.262842871248722 0
      vertex -13.699399791657925 18.262842871248722 4.6
      vertex -14.944805778563023 19.780374452471733 0
    endloop
  endfacet
  facet normal -0.7730104524178223 -0.6343932853150274 0
    outer loop
      vertex -14.944805778563023 19.780374452471733 4.6
      vertex -14.944805778563023 19.780374452471733 0
      vertex -13.699399791657925 18.262842871248722 4.6
    endloop
  endfacet
  facet normal -0.8128466840361138 -0.5824776976430034 0
    outer loop
      vertex -12.555911630392075 16.667106993496418 0
      vertex -12.555911630392075 16.667106993496418 4.6
      vertex -13.699399791657925 18.262842871248722 0
    endloop
  endfacet
  facet normal -0.8128466840361138 -0.5824776976430034 0
    outer loop
      vertex -13.699399791657925 18.262842871248722 4.6
      vertex -13.699399791657925 18.262842871248722 0
      vertex -12.555911630392075 16.667106993496418 4.6
    endloop
  endfacet
  facet normal -0.8492021813580571 -0.528067850921373 0
    outer loop
      vertex -11.519237883388996 15 0
      vertex -11.519237883388996 15 4.6
      vertex -12.555911630392075 16.667106993496418 0
    endloop
  endfacet
  facet normal -0.8492021813580571 -0.528067850921373 0
    outer loop
      vertex -12.555911630392075 16.667106993496418 4.6
      vertex -12.555911630392075 16.667106993496418 0
      vertex -11.519237883388996 15 4.6
    endloop
  endfacet
  facet normal -0.8819212650259369 -0.47139673555833117 0
    outer loop
      vertex -10.593817755579948 13.268660709261894 0
      vertex -10.593817755579948 13.268660709261894 4.6
      vertex -11.519237883388996 15 0
    endloop
  endfacet
  facet normal -0.8819212650259369 -0.47139673555833117 0
    outer loop
      vertex -11.519237883388996 15 4.6
      vertex -11.519237883388996 15 0
      vertex -10.593817755579948 13.268660709261894 4.6
    endloop
  endfacet
  facet normal -0.910863824866629 -0.412707029924782 0
    outer loop
      vertex -9.78361402451992 11.480502970516682 0
      vertex -9.78361402451992 11.480502970516682 4.6
      vertex -10.593817755579948 13.268660709261894 0
    endloop
  endfacet
  facet normal -0.910863824866629 -0.412707029924782 0
    outer loop
      vertex -10.593817755579948 13.268660709261894 4.6
      vertex -10.593817755579948 13.268660709261894 0
      vertex -9.78361402451992 11.480502970516682 4.6
    endloop
  endfacet
  facet normal -0.9359059261846493 -0.35225004944279825 0
    outer loop
      vertex -9.092096112668514 9.643183961510658 0
      vertex -9.092096112668514 9.643183961510658 4.6
      vertex -9.78361402451992 11.480502970516682 0
    endloop
  endfacet
  facet normal -0.9359059261846493 -0.35225004944279825 0
    outer loop
      vertex -9.78361402451992 11.480502970516682 4.6
      vertex -9.78361402451992 11.480502970516682 0
      vertex -9.092096112668514 9.643183961510658 4.6
    endloop
  endfacet
  facet normal -0.9569403357670221 -0.290284677139699 0
    outer loop
      vertex -8.522225208580494 7.764571353793144 0
      vertex -8.522225208580494 7.764571353793144 4.6
      vertex -9.092096112668514 9.643183961510658 0
    endloop
  endfacet
  facet normal -0.9569403357670221 -0.290284677139699 0
    outer loop
      vertex -9.092096112668514 9.643183961510658 4.6
      vertex -9.092096112668514 9.643183961510658 0
      vertex -8.522225208580494 7.764571353793144 4.6
    endloop
  endfacet
  facet normal -0.9738769794468605 -0.2270762623073126 0
    outer loop
      vertex -8.076441586017609 5.852709658443928 0
      vertex -8.076441586017609 5.852709658443928 4.6
      vertex -8.522225208580494 7.764571353793144 0
    endloop
  endfacet
  facet normal -0.9738769794468605 -0.2270762623073126 0
    outer loop
      vertex -8.522225208580494 7.764571353793144 4.6
      vertex -8.522225208580494 7.764571353793144 0
      vertex -8.076441586017609 5.852709658443928 4.6
    endloop
  endfacet
  facet normal -0.9866433321592994 -0.1628954729438304 0
    outer loop
      vertex -7.756654158234596 3.9157857671380043 0
      vertex -7.756654158234596 3.9157857671380043 4.6
      vertex -8.076441586017609 5.852709658443928 0
    endloop
  endfacet
  facet normal -0.9866433321592994 -0.1628954729438304 0
    outer loop
      vertex -8.076441586017609 5.852709658443928 4.6
      vertex -8.076441586017609 5.852709658443928 0
      vertex -7.756654158234596 3.9157857671380043 4.6
    endloop
  endfacet
  facet normal -0.9951847268043855 -0.0980171389874271 0
    outer loop
      vertex -7.564232304692268 1.9620938748121262 0
      vertex -7.564232304692268 1.9620938748121262 4.6
      vertex -7.756654158234596 3.9157857671380043 0
    endloop
  endfacet
  facet normal -0.9951847268043855 -0.0980171389874271 0
    outer loop
      vertex -7.756654158234596 3.9157857671380043 4.6
      vertex -7.756654158234596 3.9157857671380043 0
      vertex -7.564232304692268 1.9620938748121262 4.6
    endloop
  endfacet
  facet normal -0.9994645874444017 -0.032719083798173614 0
    outer loop
      vertex -7.5 0 0
      vertex -7.5 0 4.6
      vertex -7.564232304692268 1.9620938748121262 0
    endloop
  endfacet
  facet normal -0.9994645874444017 -0.032719083798173614 0
    outer loop
      vertex -7.564232304692268 1.9620938748121262 4.6
      vertex -7.564232304692268 1.9620938748121262 0
      vertex -7.5 0 4.6
    endloop
  endfacet
  facet normal -0.9994645874444017 0.032719083798173614 0
    outer loop
      vertex -7.564232304692268 -1.9620938748121262 0
      vertex -7.564232304692268 -1.9620938748121262 4.6
      vertex -7.5 0 0
    endloop
  endfacet
  facet normal -0.9994645874444017 0.032719083798173614 0
    outer loop
      vertex -7.5 0 4.6
      vertex -7.5 0 0
      vertex -7.564232304692268 -1.9620938748121262 4.6
    endloop
  endfacet
  facet normal -0.9951847268043855 0.0980171389874271 0
    outer loop
      vertex -7.756654158234596 -3.9157857671380043 0
      vertex -7.756654158234596 -3.9157857671380043 4.6
      vertex -7.564232304692268 -1.9620938748121262 0
    endloop
  endfacet
  facet normal -0.9951847268043855 0.0980171389874271 0
    outer loop
      vertex -7.564232304692268 -1.9620938748121262 4.6
      vertex -7.564232304692268 -1.9620938748121262 0
      vertex -7.756654158234596 -3.9157857671380043 4.6
    endloop
  endfacet
  facet normal -0.9866433321592994 0.1628954729438304 0
    outer loop
      vertex -8.076441586017609 -5.852709658443928 0
      vertex -8.076441586017609 -5.852709658443928 4.6
      vertex -7.756654158234596 -3.9157857671380043 0
    endloop
  endfacet
  facet normal -0.9866433321592994 0.1628954729438304 0
    outer loop
      vertex -7.756654158234596 -3.9157857671380043 4.6
      vertex -7.756654158234596 -3.9157857671380043 0
      vertex -8.076441586017609 -5.852709658443928 4.6
    endloop
  endfacet
  facet normal -0.9738769794468605 0.2270762623073126 0
    outer loop
      vertex -8.522225208580494 -7.764571353793144 0
      vertex -8.522225208580494 -7.764571353793144 4.6
      vertex -8.076441586017609 -5.852709658443928 0
    endloop
  endfacet
  facet normal -0.9738769794468605 0.2270762623073126 0
    outer loop
      vertex -8.076441586017609 -5.852709658443928 4.6
      vertex -8.076441586017609 -5.852709658443928 0
      vertex -8.522225208580494 -7.764571353793144 4.6
    endloop
  endfacet
  facet normal -0.9569403357670221 0.290284677139699 0
    outer loop
      vertex -9.092096112668514 -9.643183961510658 0
      vertex -9.092096112668514 -9.643183961510658 4.6
      vertex -8.522225208580494 -7.764571353793144 0
    endloop
  endfacet
  facet normal -0.9569403357670221 0.290284677139699 0
    outer loop
      vertex -8.522225208580494 -7.764571353793144 4.6
      vertex -8.522225208580494 -7.764571353793144 0
      vertex -9.092096112668514 -9.643183961510658 4.6
    endloop
  endfacet
  facet normal -0.9359059261846493 0.35225004944279825 0
    outer loop
      vertex -9.78361402451992 -11.480502970516682 0
      vertex -9.78361402451992 -11.480502970516682 4.6
      vertex -9.092096112668514 -9.643183961510658 0
    endloop
  endfacet
  facet normal -0.9359059261846493 0.35225004944279825 0
    outer loop
      vertex -9.092096112668514 -9.643183961510658 4.6
      vertex -9.092096112668514 -9.643183961510658 0
      vertex -9.78361402451992 -11.480502970516682 4.6
    endloop
  endfacet
  facet normal -0.910863824866629 0.412707029924782 0
    outer loop
      vertex -10.593817755579948 -13.268660709261894 0
      vertex -10.593817755579948 -13.268660709261894 4.6
      vertex -9.78361402451992 -11.480502970516682 0
    endloop
  endfacet
  facet normal -0.910863824866629 0.412707029924782 0
    outer loop
      vertex -9.78361402451992 -11.480502970516682 4.6
      vertex -9.78361402451992 -11.480502970516682 0
      vertex -10.593817755579948 -13.268660709261894 4.6
    endloop
  endfacet
  facet normal -0.8819212650259369 0.47139673555833117 0
    outer loop
      vertex -11.519237883388996 -15 0
      vertex -11.519237883388996 -15 4.6
      vertex -10.593817755579948 -13.268660709261894 0
    endloop
  endfacet
  facet normal -0.8819212650259369 0.47139673555833117 0
    outer loop
      vertex -10.593817755579948 -13.268660709261894 4.6
      vertex -10.593817755579948 -13.268660709261894 0
      vertex -11.519237883388996 -15 4.6
    endloop
  endfacet
  facet normal -0.8492021813580571 0.528067850921373 0
    outer loop
      vertex -12.555911630392075 -16.667106993496418 0
      vertex -12.555911630392075 -16.667106993496418 4.6
      vertex -11.519237883388996 -15 0
    endloop
  endfacet
  facet normal -0.8492021813580571 0.528067850921373 0
    outer loop
      vertex -11.519237883388996 -15 4.6
      vertex -11.519237883388996 -15 0
      vertex -12.555911630392075 -16.667106993496418 4.6
    endloop
  endfacet
  facet normal -0.8128466840361138 0.5824776976430034 0
    outer loop
      vertex -13.699399791657925 -18.262842871248722 0
      vertex -13.699399791657925 -18.262842871248722 4.6
      vertex -12.555911630392075 -16.667106993496418 0
    endloop
  endfacet
  facet normal -0.8128466840361138 0.5824776976430034 0
    outer loop
      vertex -12.555911630392075 -16.667106993496418 4.6
      vertex -12.555911630392075 -16.667106993496418 0
      vertex -13.699399791657925 -18.262842871248722 4.6
    endloop
  endfacet
  facet normal -0.7730104524178223 0.6343932853150274 0
    outer loop
      vertex -14.944805778563023 -19.780374452471733 0
      vertex -14.944805778563023 -19.780374452471733 4.6
      vertex -13.699399791657925 -18.262842871248722 0
    endloop
  endfacet
  facet normal -0.7730104524178223 0.6343932853150274 0
    outer loop
      vertex -13.699399791657925 -18.262842871248722 4.6
      vertex -13.699399791657925 -18.262842871248722 0
      vertex -14.944805778563023 -19.780374452471733 4.6
    endloop
  endfacet
  facet normal -0.7298640745684248 0.6835923000256635 0
    outer loop
      vertex -16.286796562373638 -21.213203437626362 0
      vertex -16.286796562373638 -21.213203437626362 4.6
      vertex -14.944805778563023 -19.780374452471733 0
    endloop
  endfacet
  facet normal -0.7298640745684248 0.6835923000256635 0
    outer loop
      vertex -14.944805778563023 -19.780374452471733 4.6
      vertex -14.944805778563023 -19.780374452471733 0
      vertex -16.286796562373638 -21.213203437626362 4.6
    endloop
  endfacet
  facet normal -0.6835923000256635 0.7298640745684248 0
    outer loop
      vertex -17.719625547528267 -22.555194221436977 0
      vertex -17.719625547528267 -22.555194221436977 4.6
      vertex -16.286796562373638 -21.213203437626362 0
    endloop
  endfacet
  facet normal -0.6835923000256635 0.7298640745684248 0
    outer loop
      vertex -16.286796562373638 -21.213203437626362 4.6
      vertex -16.286796562373638 -21.213203437626362 0
      vertex -17.719625547528267 -22.555194221436977 4.6
    endloop
  endfacet
  facet normal -0.6343932853150274 0.7730104524178223 0
    outer loop
      vertex -19.237157128751278 -23.800600208342075 0
      vertex -19.237157128751278 -23.800600208342075 4.6
      vertex -17.719625547528267 -22.555194221436977 0
    endloop
  endfacet
  facet normal -0.6343932853150274 0.7730104524178223 0
    outer loop
      vertex -17.719625547528267 -22.555194221436977 4.6
      vertex -17.719625547528267 -22.555194221436977 0
      vertex -19.237157128751278 -23.800600208342075 4.6
    endloop
  endfacet
  facet normal -0.5824776976430034 0.8128466840361138 0
    outer loop
      vertex -20.832893006503582 -24.944088369607925 0
      vertex -20.832893006503582 -24.944088369607925 4.6
      vertex -19.237157128751278 -23.800600208342075 0
    endloop
  endfacet
  facet normal -0.5824776976430034 0.8128466840361138 0
    outer loop
      vertex -19.237157128751278 -23.800600208342075 4.6
      vertex -19.237157128751278 -23.800600208342075 0
      vertex -20.832893006503582 -24.944088369607925 4.6
    endloop
  endfacet
  facet normal -0.528067850921373 0.8492021813580571 0
    outer loop
      vertex -22.5 -25.980762116611004 0
      vertex -22.5 -25.980762116611004 4.6
      vertex -20.832893006503582 -24.944088369607925 0
    endloop
  endfacet
  facet normal -0.528067850921373 0.8492021813580571 0
    outer loop
      vertex -20.832893006503582 -24.944088369607925 4.6
      vertex -20.832893006503582 -24.944088369607925 0
      vertex -22.5 -25.980762116611004 4.6
    endloop
  endfacet
  facet normal -0.47139673555833117 0.8819212650259369 0
    outer loop
      vertex -24.231339290738106 -26.90618224442005 0
      vertex -24.231339290738106 -26.90618224442005 4.6
      vertex -22.5 -25.980762116611004 0
    endloop
  endfacet
  facet normal -0.47139673555833117 0.8819212650259369 0
    outer loop
      vertex -22.5 -25.980762116611004 4.6
      vertex -22.5 -25.980762116611004 0
      vertex -24.231339290738106 -26.90618224442005 4.6
    endloop
  endfacet
  facet normal -0.412707029924782 0.910863824866629 0
    outer loop
      vertex -26.01949702948332 -27.71638597548008 0
      vertex -26.01949702948332 -27.71638597548008 4.6
      vertex -24.231339290738106 -26.90618224442005 0
    endloop
  endfacet
  facet normal -0.412707029924782 0.910863824866629 0
    outer loop
      vertex -24.231339290738106 -26.90618224442005 4.6
      vertex -24.231339290738106 -26.90618224442005 0
      vertex -26.01949702948332 -27.71638597548008 4.6
    endloop
  endfacet
  facet normal -0.35225004944279825 0.9359059261846493 0
    outer loop
      vertex -27.85681603848934 -28.407903887331486 0
      vertex -27.85681603848934 -28.407903887331486 4.6
      vertex -26.01949702948332 -27.71638597548008 0
    endloop
  endfacet
  facet normal -0.35225004944279825 0.9359059261846493 0
    outer loop
      vertex -26.01949702948332 -27.71638597548008 4.6
      vertex -26.01949702948332 -27.71638597548008 0
      vertex -27.85681603848934 -28.407903887331486 4.6
    endloop
  endfacet
  facet normal -0.290284677139699 0.9569403357670221 0
    outer loop
      vertex -29.735428646206856 -28.977774791419506 0
      vertex -29.735428646206856 -28.977774791419506 4.6
      vertex -27.85681603848934 -28.407903887331486 0
    endloop
  endfacet
  facet normal -0.290284677139699 0.9569403357670221 0
    outer loop
      vertex -27.85681603848934 -28.407903887331486 4.6
      vertex -27.85681603848934 -28.407903887331486 0
      vertex -29.735428646206856 -28.977774791419506 4.6
    endloop
  endfacet
  facet normal -0.2270762623073126 0.9738769794468605 0
    outer loop
      vertex -31.647290341556072 -29.42355841398239 0
      vertex -31.647290341556072 -29.42355841398239 4.6
      vertex -29.735428646206856 -28.977774791419506 0
    endloop
  endfacet
  facet normal -0.2270762623073126 0.9738769794468605 0
    outer loop
      vertex -29.735428646206856 -28.977774791419506 4.6
      vertex -29.735428646206856 -28.977774791419506 0
      vertex -31.647290341556072 -29.42355841398239 4.6
    endloop
  endfacet
  facet normal -0.1628954729438304 0.9866433321592994 0
    outer loop
      vertex -33.584214232861996 -29.743345841765404 0
      vertex -33.584214232861996 -29.743345841765404 4.6
      vertex -31.647290341556072 -29.42355841398239 0
    endloop
  endfacet
  facet normal -0.1628954729438304 0.9866433321592994 0
    outer loop
      vertex -31.647290341556072 -29.42355841398239 4.6
      vertex -31.647290341556072 -29.42355841398239 0
      vertex -33.584214232861996 -29.743345841765404 4.6
    endloop
  endfacet
  facet normal -0.09801708617748772 0.9951847320057091 0
    outer loop
      vertex -33.71368031203747 -29.75609713047743 0
      vertex -33.71368031203747 -29.75609713047743 4.6
      vertex -33.584214232861996 -29.743345841765404 0
    endloop
  endfacet
  facet normal -0.09801708617748772 0.9951847320057091 0
    outer loop
      vertex -33.584214232861996 -29.743345841765404 4.6
      vertex -33.584214232861996 -29.743345841765404 0
      vertex -33.71368031203747 -29.75609713047743 4.6
    endloop
  endfacet
  facet normal -0.9108638577762062 -0.4127069572917899 0
    outer loop
      vertex -33.667465031147 -29.858096450567245 0
      vertex -33.667465031147 -29.858096450567245 4.6
      vertex -33.71368031203747 -29.75609713047743 0
    endloop
  endfacet
  facet normal -0.9108638577762062 -0.4127069572917899 0
    outer loop
      vertex -33.71368031203747 -29.75609713047743 4.6
      vertex -33.71368031203747 -29.75609713047743 0
      vertex -33.667465031147 -29.858096450567245 4.6
    endloop
  endfacet
  facet normal -0.9359059348001256 -0.35225002655202603 0
    outer loop
      vertex -33.61675371974707 -29.99283318221569 0
      vertex -33.61675371974707 -29.99283318221569 4.6
      vertex -33.667465031147 -29.858096450567245 0
    endloop
  endfacet
  facet normal -0.9359059348001256 -0.35225002655202603 0
    outer loop
      vertex -33.667465031147 -29.858096450567245 4.6
      vertex -33.667465031147 -29.858096450567245 0
      vertex -33.61675371974707 -29.99283318221569 4.6
    endloop
  endfacet
  facet normal -0.9569403261936907 -0.2902847086987408 0
    outer loop
      vertex -33.57496318221092 -30.130598105490208 0
      vertex -33.57496318221092 -30.130598105490208 4.6
      vertex -33.61675371974707 -29.99283318221569 0
    endloop
  endfacet
  facet normal -0.9569403261936907 -0.2902847086987408 0
    outer loop
      vertex -33.61675371974707 -29.99283318221569 4.6
      vertex -33.61675371974707 -29.99283318221569 0
      vertex -33.57496318221092 -30.130598105490208 4.6
    endloop
  endfacet
  facet normal -0.9738769862109585 -0.22707623329767604 0
    outer loop
      vertex -33.54227238893509 -30.270801290869713 0
      vertex -33.54227238893509 -30.270801290869713 4.6
      vertex -33.57496318221092 -30.130598105490208 0
    endloop
  endfacet
  facet normal -0.9738769862109585 -0.22707623329767604 0
    outer loop
      vertex -33.57496318221092 -30.130598105490208 4.6
      vertex -33.57496318221092 -30.130598105490208 0
      vertex -33.54227238893509 -30.270801290869713 4.6
    endloop
  endfacet
  facet normal -0.98664332760914 -0.16289550050373788 0
    outer loop
      vertex -33.51882130652666 -30.412842378020287 0
      vertex -33.51882130652666 -30.412842378020287 4.6
      vertex -33.54227238893509 -30.270801290869713 0
    endloop
  endfacet
  facet normal -0.98664332760914 -0.16289550050373788 0
    outer loop
      vertex -33.54227238893509 -30.270801290869713 4.6
      vertex -33.54227238893509 -30.270801290869713 0
      vertex -33.51882130652666 -30.412842378020287 4.6
    endloop
  endfacet
  facet normal -0.9951847255695989 -0.09801715152442476 0
    outer loop
      vertex -33.504710368812084 -30.556113116443157 0
      vertex -33.504710368812084 -30.556113116443157 4.6
      vertex -33.51882130652666 -30.412842378020287 0
    endloop
  endfacet
  facet normal -0.9951847255695989 -0.09801715152442476 0
    outer loop
      vertex -33.51882130652666 -30.412842378020287 4.6
      vertex -33.51882130652666 -30.412842378020287 0
      vertex -33.504710368812084 -30.556113116443157 4.6
    endloop
  endfacet
  facet normal -0.9994645875072617 -0.03271908187799826 0
    outer loop
      vertex -33.5 -30.700000002980232 0
      vertex -33.5 -30.700000002980232 4.6
      vertex -33.504710368812084 -30.556113116443157 0
    endloop
  endfacet
  facet normal -0.9994645875072617 -0.03271908187799826 0
    outer loop
      vertex -33.504710368812084 -30.556113116443157 4.6
      vertex -33.504710368812084 -30.556113116443157 0
      vertex -33.5 -30.700000002980232 4.6
    endloop
  endfacet
  facet normal -1 0 0
    outer loop
      vertex -33.5 -36.29999999701977 0
      vertex -33.5 -36.29999999701977 4.6
      vertex -33.5 -30.700000002980232 0
    endloop
  endfacet
  facet normal -1 0 0
    outer loop
      vertex -33.5 -30.700000002980232 4.6
      vertex -33.5 -30.700000002980232 0
      vertex -33.5 -36.29999999701977 4.6
    endloop
  endfacet
  facet normal -0.9994645875072617 0.03271908187799826 0
    outer loop
      vertex -33.504710368812084 -36.44388688355684 0
      vertex -33.504710368812084 -36.44388688355684 4.6
      vertex -33.5 -36.29999999701977 0
    endloop
  endfacet
  facet normal -0.9994645875072617 0.03271908187799826 0
    outer loop
      vertex -33.5 -36.29999999701977 4.6
      vertex -33.5 -36.29999999701977 0
      vertex -33.504710368812084 -36.44388688355684 4.6
    endloop
  endfacet
  facet normal -0.9951847255695989 0.09801715152442476 0
    outer loop
      vertex -33.51882130652666 -36.58715762197971 0
      vertex -33.51882130652666 -36.58715762197971 4.6
      vertex -33.504710368812084 -36.44388688355684 0
    endloop
  endfacet
  facet normal -0.9951847255695989 0.09801715152442476 0
    outer loop
      vertex -33.504710368812084 -36.44388688355684 4.6
      vertex -33.504710368812084 -36.44388688355684 0
      vertex -33.51882130652666 -36.58715762197971 4.6
    endloop
  endfacet
  facet normal -0.98664332760914 0.16289550050373788 0
    outer loop
      vertex -33.54227238893509 -36.72919870913029 0
      vertex -33.54227238893509 -36.72919870913029 4.6
      vertex -33.51882130652666 -36.58715762197971 0
    endloop
  endfacet
  facet normal -0.98664332760914 0.16289550050373788 0
    outer loop
      vertex -33.51882130652666 -36.58715762197971 4.6
      vertex -33.51882130652666 -36.58715762197971 0
      vertex -33.54227238893509 -36.72919870913029 4.6
    endloop
  endfacet
  facet normal -0.9738769862109585 0.22707623329767604 0
    outer loop
      vertex -33.57496318221092 -36.86940189450979 0
      vertex -33.57496318221092 -36.86940189450979 4.6
      vertex -33.54227238893509 -36.72919870913029 0
    endloop
  endfacet
  facet normal -0.9738769862109585 0.22707623329767604 0
    outer loop
      vertex -33.54227238893509 -36.72919870913029 4.6
      vertex -33.54227238893509 -36.72919870913029 0
      vertex -33.57496318221092 -36.86940189450979 4.6
    endloop
  endfacet
  facet normal -0.9569403261936907 0.2902847086987408 0
    outer loop
      vertex -33.61675371974707 -37.00716681778431 0
      vertex -33.61675371974707 -37.00716681778431 4.6
      vertex -33.57496318221092 -36.86940189450979 0
    endloop
  endfacet
  facet normal -0.9569403261936907 0.2902847086987408 0
    outer loop
      vertex -33.57496318221092 -36.86940189450979 4.6
      vertex -33.57496318221092 -36.86940189450979 0
      vertex -33.61675371974707 -37.00716681778431 4.6
    endloop
  endfacet
  facet normal -0.9359059348001256 0.35225002655202603 0
    outer loop
      vertex -33.667465031147 -37.141903549432755 0
      vertex -33.667465031147 -37.141903549432755 4.6
      vertex -33.61675371974707 -37.00716681778431 0
    endloop
  endfacet
  facet normal -0.9359059348001256 0.35225002655202603 0
    outer loop
      vertex -33.61675371974707 -37.00716681778431 4.6
      vertex -33.61675371974707 -37.00716681778431 0
      vertex -33.667465031147 -37.141903549432755 4.6
    endloop
  endfacet
  facet normal -0.9108638300445371 0.4127070184968951 0
    outer loop
      vertex -33.726879969239235 -37.2730351164937 0
      vertex -33.726879969239235 -37.2730351164937 4.6
      vertex -33.667465031147 -37.141903549432755 0
    endloop
  endfacet
  facet normal -0.9108638300445371 0.4127070184968951 0
    outer loop
      vertex -33.667465031147 -37.141903549432755 4.6
      vertex -33.667465031147 -37.141903549432755 0
      vertex -33.726879969239235 -37.2730351164937 4.6
    endloop
  endfacet
  facet normal -0.8819212671033585 0.4713967316717486 0
    outer loop
      vertex -33.79474411159754 -37.399999998509884 0
      vertex -33.79474411159754 -37.399999998509884 4.6
      vertex -33.726879969239235 -37.2730351164937 0
    endloop
  endfacet
  facet normal -0.8819212671033585 0.4713967316717486 0
    outer loop
      vertex -33.726879969239235 -37.2730351164937 4.6
      vertex -33.726879969239235 -37.2730351164937 0
      vertex -33.79474411159754 -37.399999998509884 4.6
    endloop
  endfacet
  facet normal -0.8492021735219449 0.5280678635228664 0
    outer loop
      vertex -33.87076685577631 -37.52225451171398 0
      vertex -33.87076685577631 -37.52225451171398 4.6
      vertex -33.79474411159754 -37.399999998509884 0
    endloop
  endfacet
  facet normal -0.8492021735219449 0.5280678635228664 0
    outer loop
      vertex -33.79474411159754 -37.399999998509884 4.6
      vertex -33.79474411159754 -37.399999998509884 0
      vertex -33.87076685577631 -37.52225451171398 4.6
    endloop
  endfacet
  facet normal -0.8128466740119754 0.5824777116316723 0
    outer loop
      vertex -33.95462265610695 -37.63927514106035 0
      vertex -33.95462265610695 -37.63927514106035 4.6
      vertex -33.87076685577631 -37.52225451171398 0
    endloop
  endfacet
  facet normal -0.8128466740119754 0.5824777116316723 0
    outer loop
      vertex -33.87076685577631 -37.52225451171398 4.6
      vertex -33.87076685577631 -37.52225451171398 0
      vertex -33.95462265610695 -37.63927514106035 4.6
    endloop
  endfacet
  facet normal -0.7730104661530044 0.6343932685786593 0
    outer loop
      vertex -34.045952424407005 -37.75056079030037 0
      vertex -34.045952424407005 -37.75056079030037 4.6
      vertex -33.95462265610695 -37.63927514106035 0
    endloop
  endfacet
  facet normal -0.7730104661530044 0.6343932685786593 0
    outer loop
      vertex -33.95462265610695 -37.63927514106035 4.6
      vertex -33.95462265610695 -37.63927514106035 0
      vertex -34.045952424407005 -37.75056079030037 4.6
    endloop
  endfacet
  facet normal -0.7298640464865996 0.6835923300083221 0
    outer loop
      vertex -34.14436508715153 -37.85563491284847 0
      vertex -34.14436508715153 -37.85563491284847 4.6
      vertex -34.045952424407005 -37.75056079030037 0
    endloop
  endfacet
  facet normal -0.7298640464865996 0.6835923300083221 0
    outer loop
      vertex -34.045952424407005 -37.75056079030037 4.6
      vertex -34.045952424407005 -37.75056079030037 0
      vertex -34.14436508715153 -37.85563491284847 4.6
    endloop
  endfacet
  facet normal -0.6835923300083221 0.7298640464865996 0
    outer loop
      vertex -34.24943920969963 -37.954047575592995 0
      vertex -34.24943920969963 -37.954047575592995 4.6
      vertex -34.14436508715153 -37.85563491284847 0
    endloop
  endfacet
  facet normal -0.6835923300083221 0.7298640464865996 0
    outer loop
      vertex -34.14436508715153 -37.85563491284847 4.6
      vertex -34.14436508715153 -37.85563491284847 0
      vertex -34.24943920969963 -37.954047575592995 4.6
    endloop
  endfacet
  facet normal -0.6343932685786593 0.7730104661530044 0
    outer loop
      vertex -34.36072485893965 -38.04537734389305 0
      vertex -34.36072485893965 -38.04537734389305 4.6
      vertex -34.24943920969963 -37.954047575592995 0
    endloop
  endfacet
  facet normal -0.6343932685786593 0.7730104661530044 0
    outer loop
      vertex -34.24943920969963 -37.954047575592995 4.6
      vertex -34.24943920969963 -37.954047575592995 0
      vertex -34.36072485893965 -38.04537734389305 4.6
    endloop
  endfacet
  facet normal -0.5824777116316723 0.8128466740119754 0
    outer loop
      vertex -34.47774548828602 -38.12923314422369 0
      vertex -34.47774548828602 -38.12923314422369 4.6
      vertex -34.36072485893965 -38.04537734389305 0
    endloop
  endfacet
  facet normal -0.5824777116316723 0.8128466740119754 0
    outer loop
      vertex -34.36072485893965 -38.04537734389305 4.6
      vertex -34.36072485893965 -38.04537734389305 0
      vertex -34.47774548828602 -38.12923314422369 4.6
    endloop
  endfacet
  facet normal -0.5280678635228664 0.8492021735219449 0
    outer loop
      vertex -34.600000001490116 -38.20525588840246 0
      vertex -34.600000001490116 -38.20525588840246 4.6
      vertex -34.47774548828602 -38.12923314422369 0
    endloop
  endfacet
  facet normal -0.5280678635228664 0.8492021735219449 0
    outer loop
      vertex -34.47774548828602 -38.12923314422369 4.6
      vertex -34.47774548828602 -38.12923314422369 0
      vertex -34.600000001490116 -38.20525588840246 4.6
    endloop
  endfacet
  facet normal -0.4713967316717486 0.8819212671033585 0
    outer loop
      vertex -34.7269648835063 -38.273120030760765 0
      vertex -34.7269648835063 -38.273120030760765 4.6
      vertex -34.600000001490116 -38.20525588840246 0
    endloop
  endfacet
  facet normal -0.4713967316717486 0.8819212671033585 0
    outer loop
      vertex -34.600000001490116 -38.20525588840246 4.6
      vertex -34.600000001490116 -38.20525588840246 0
      vertex -34.7269648835063 -38.273120030760765 4.6
    endloop
  endfacet
  facet normal -0.4127070184968951 0.9108638300445371 0
    outer loop
      vertex -34.858096450567245 -38.332534968853 0
      vertex -34.858096450567245 -38.332534968853 4.6
      vertex -34.7269648835063 -38.273120030760765 0
    endloop
  endfacet
  facet normal -0.4127070184968951 0.9108638300445371 0
    outer loop
      vertex -34.7269648835063 -38.273120030760765 4.6
      vertex -34.7269648835063 -38.273120030760765 0
      vertex -34.858096450567245 -38.332534968853 4.6
    endloop
  endfacet
  facet normal -0.35225002655202603 0.9359059348001256 0
    outer loop
      vertex -34.99283318221569 -38.38324628025293 0
      vertex -34.99283318221569 -38.38324628025293 4.6
      vertex -34.858096450567245 -38.332534968853 0
    endloop
  endfacet
  facet normal -0.35225002655202603 0.9359059348001256 0
    outer loop
      vertex -34.858096450567245 -38.332534968853 4.6
      vertex -34.858096450567245 -38.332534968853 0
      vertex -34.99283318221569 -38.38324628025293 4.6
    endloop
  endfacet
  facet normal -0.2902847086987408 0.9569403261936907 0
    outer loop
      vertex -35.13059810549021 -38.42503681778908 0
      vertex -35.13059810549021 -38.42503681778908 4.6
      vertex -34.99283318221569 -38.38324628025293 0
    endloop
  endfacet
  facet normal -0.2902847086987408 0.9569403261936907 0
    outer loop
      vertex -34.99283318221569 -38.38324628025293 4.6
      vertex -34.99283318221569 -38.38324628025293 0
      vertex -35.13059810549021 -38.42503681778908 4.6
    endloop
  endfacet
  facet normal -0.22707623329767604 0.9738769862109585 0
    outer loop
      vertex -35.27080129086971 -38.45772761106491 0
      vertex -35.27080129086971 -38.45772761106491 4.6
      vertex -35.13059810549021 -38.42503681778908 0
    endloop
  endfacet
  facet normal -0.22707623329767604 0.9738769862109585 0
    outer loop
      vertex -35.13059810549021 -38.42503681778908 4.6
      vertex -35.13059810549021 -38.42503681778908 0
      vertex -35.27080129086971 -38.45772761106491 4.6
    endloop
  endfacet
  facet normal -0.16289550050373788 0.98664332760914 0
    outer loop
      vertex -35.41284237802029 -38.48117869347334 0
      vertex -35.41284237802029 -38.48117869347334 4.6
      vertex -35.27080129086971 -38.45772761106491 0
    endloop
  endfacet
  facet normal -0.16289550050373788 0.98664332760914 0
    outer loop
      vertex -35.27080129086971 -38.45772761106491 4.6
      vertex -35.27080129086971 -38.45772761106491 0
      vertex -35.41284237802029 -38.48117869347334 4.6
    endloop
  endfacet
  facet normal -0.09801715152442476 0.9951847255695989 0
    outer loop
      vertex -35.55611311644316 -38.495289631187916 0
      vertex -35.55611311644316 -38.495289631187916 4.6
      vertex -35.41284237802029 -38.48117869347334 0
    endloop
  endfacet
  facet normal -0.09801715152442476 0.9951847255695989 0
    outer loop
      vertex -35.41284237802029 -38.48117869347334 4.6
      vertex -35.41284237802029 -38.48117869347334 0
      vertex -35.55611311644316 -38.495289631187916 4.6
    endloop
  endfacet
  facet normal -0.03271908187799826 0.9994645875072617 0
    outer loop
      vertex -35.70000000298023 -38.5 0
      vertex -35.70000000298023 -38.5 4.6
      vertex -35.55611311644316 -38.495289631187916 0
    endloop
  endfacet
  facet normal -0.03271908187799826 0.9994645875072617 0
    outer loop
      vertex -35.55611311644316 -38.495289631187916 4.6
      vertex -35.55611311644316 -38.495289631187916 0
      vertex -35.70000000298023 -38.5 4.6
    endloop
  endfacet
  facet normal 0 1 0
    outer loop
      vertex -39.29999999701977 -38.5 0
      vertex -39.29999999701977 -38.5 4.6
      vertex -35.70000000298023 -38.5 0
    endloop
  endfacet
  facet normal 0 1 0
    outer loop
      vertex -35.70000000298023 -38.5 4.6
      vertex -35.70000000298023 -38.5 0
      vertex -39.29999999701977 -38.5 4.6
    endloop
  endfacet
  facet normal 0.03271908187799826 0.9994645875072617 0
    outer loop
      vertex 35.55611311644316 -38.495289631187916 0
      vertex 35.55611311644316 -38.495289631187916 4.6
      vertex 35.70000000298023 -38.5 0
    endloop
  endfacet
  facet normal 0.03271908187799826 0.9994645875072617 0
    outer loop
      vertex 35.70000000298023 -38.5 4.6
      vertex 35.70000000298023 -38.5 0
      vertex 35.55611311644316 -38.495289631187916 4.6
    endloop
  endfacet
  facet normal 0.09801715152442476 0.9951847255695989 0
    outer loop
      vertex 35.41284237802029 -38.48117869347334 0
      vertex 35.41284237802029 -38.48117869347334 4.6
      vertex 35.55611311644316 -38.495289631187916 0
    endloop
  endfacet
  facet normal 0.09801715152442476 0.9951847255695989 0
    outer loop
      vertex 35.55611311644316 -38.495289631187916 4.6
      vertex 35.55611311644316 -38.495289631187916 0
      vertex 35.41284237802029 -38.48117869347334 4.6
    endloop
  endfacet
  facet normal 0.16289550050373788 0.98664332760914 0
    outer loop
      vertex 35.27080129086971 -38.45772761106491 0
      vertex 35.27080129086971 -38.45772761106491 4.6
      vertex 35.41284237802029 -38.48117869347334 0
    endloop
  endfacet
  facet normal 0.16289550050373788 0.98664332760914 0
    outer loop
      vertex 35.41284237802029 -38.48117869347334 4.6
      vertex 35.41284237802029 -38.48117869347334 0
      vertex 35.27080129086971 -38.45772761106491 4.6
    endloop
  endfacet
  facet normal 0.22707623329767604 0.9738769862109585 0
    outer loop
      vertex 35.13059810549021 -38.42503681778908 0
      vertex 35.13059810549021 -38.42503681778908 4.6
      vertex 35.27080129086971 -38.45772761106491 0
    endloop
  endfacet
  facet normal 0.22707623329767604 0.9738769862109585 0
    outer loop
      vertex 35.27080129086971 -38.45772761106491 4.6
      vertex 35.27080129086971 -38.45772761106491 0
      vertex 35.13059810549021 -38.42503681778908 4.6
    endloop
  endfacet
  facet normal 0.2902847086987408 0.9569403261936907 0
    outer loop
      vertex 34.99283318221569 -38.38324628025293 0
      vertex 34.99283318221569 -38.38324628025293 4.6
      vertex 35.13059810549021 -38.42503681778908 0
    endloop
  endfacet
  facet normal 0.2902847086987408 0.9569403261936907 0
    outer loop
      vertex 35.13059810549021 -38.42503681778908 4.6
      vertex 35.13059810549021 -38.42503681778908 0
      vertex 34.99283318221569 -38.38324628025293 4.6
    endloop
  endfacet
  facet normal 0.35225002655202603 0.9359059348001256 0
    outer loop
      vertex 34.858096450567245 -38.332534968853 0
      vertex 34.858096450567245 -38.332534968853 4.6
      vertex 34.99283318221569 -38.38324628025293 0
    endloop
  endfacet
  facet normal 0.35225002655202603 0.9359059348001256 0
    outer loop
      vertex 34.99283318221569 -38.38324628025293 4.6
      vertex 34.99283318221569 -38.38324628025293 0
      vertex 34.858096450567245 -38.332534968853 4.6
    endloop
  endfacet
  facet normal 0.4127070184968951 0.9108638300445371 0
    outer loop
      vertex 34.7269648835063 -38.273120030760765 0
      vertex 34.7269648835063 -38.273120030760765 4.6
      vertex 34.858096450567245 -38.332534968853 0
    endloop
  endfacet
  facet normal 0.4127070184968951 0.9108638300445371 0
    outer loop
      vertex 34.858096450567245 -38.332534968853 4.6
      vertex 34.858096450567245 -38.332534968853 0
      vertex 34.7269648835063 -38.273120030760765 4.6
    endloop
  endfacet
  facet normal 0.4713967316717486 0.8819212671033585 0
    outer loop
      vertex 34.600000001490116 -38.20525588840246 0
      vertex 34.600000001490116 -38.20525588840246 4.6
      vertex 34.7269648835063 -38.273120030760765 0
    endloop
  endfacet
  facet normal 0.4713967316717486 0.8819212671033585 0
    outer loop
      vertex 34.7269648835063 -38.273120030760765 4.6
      vertex 34.7269648835063 -38.273120030760765 0
      vertex 34.600000001490116 -38.20525588840246 4.6
    endloop
  endfacet
  facet normal 0.5280678635228664 0.8492021735219449 0
    outer loop
      vertex 34.47774548828602 -38.12923314422369 0
      vertex 34.47774548828602 -38.12923314422369 4.6
      vertex 34.600000001490116 -38.20525588840246 0
    endloop
  endfacet
  facet normal 0.5280678635228664 0.8492021735219449 0
    outer loop
      vertex 34.600000001490116 -38.20525588840246 4.6
      vertex 34.600000001490116 -38.20525588840246 0
      vertex 34.47774548828602 -38.12923314422369 4.6
    endloop
  endfacet
  facet normal 0.5824777116316723 0.8128466740119754 0
    outer loop
      vertex 34.36072485893965 -38.04537734389305 0
      vertex 34.36072485893965 -38.04537734389305 4.6
      vertex 34.47774548828602 -38.12923314422369 0
    endloop
  endfacet
  facet normal 0.5824777116316723 0.8128466740119754 0
    outer loop
      vertex 34.47774548828602 -38.12923314422369 4.6
      vertex 34.47774548828602 -38.12923314422369 0
      vertex 34.36072485893965 -38.04537734389305 4.6
    endloop
  endfacet
  facet normal 0.6343932685786593 0.7730104661530044 0
    outer loop
      vertex 34.24943920969963 -37.954047575592995 0
      vertex 34.24943920969963 -37.954047575592995 4.6
      vertex 34.36072485893965 -38.04537734389305 0
    endloop
  endfacet
  facet normal 0.6343932685786593 0.7730104661530044 0
    outer loop
      vertex 34.36072485893965 -38.04537734389305 4.6
      vertex 34.36072485893965 -38.04537734389305 0
      vertex 34.24943920969963 -37.954047575592995 4.6
    endloop
  endfacet
  facet normal 0.6835923300083221 0.7298640464865996 0
    outer loop
      vertex 34.14436508715153 -37.85563491284847 0
      vertex 34.14436508715153 -37.85563491284847 4.6
      vertex 34.24943920969963 -37.954047575592995 0
    endloop
  endfacet
  facet normal 0.6835923300083221 0.7298640464865996 0
    outer loop
      vertex 34.24943920969963 -37.954047575592995 4.6
      vertex 34.24943920969963 -37.954047575592995 0
      vertex 34.14436508715153 -37.85563491284847 4.6
    endloop
  endfacet
  facet normal 0.7298640464865996 0.6835923300083221 0
    outer loop
      vertex 34.045952424407005 -37.75056079030037 0
      vertex 34.045952424407005 -37.75056079030037 4.6
      vertex 34.14436508715153 -37.85563491284847 0
    endloop
  endfacet
  facet normal 0.7298640464865996 0.6835923300083221 0
    outer loop
      vertex 34.14436508715153 -37.85563491284847 4.6
      vertex 34.14436508715153 -37.85563491284847 0
      vertex 34.045952424407005 -37.75056079030037 4.6
    endloop
  endfacet
  facet normal 0.7730104661530044 0.6343932685786593 0
    outer loop
      vertex 33.95462265610695 -37.63927514106035 0
      vertex 33.95462265610695 -37.63927514106035 4.6
      vertex 34.045952424407005 -37.75056079030037 0
    endloop
  endfacet
  facet normal 0.7730104661530044 0.6343932685786593 0
    outer loop
      vertex 34.045952424407005 -37.75056079030037 4.6
      vertex 34.045952424407005 -37.75056079030037 0
      vertex 33.95462265610695 -37.63927514106035 4.6
    endloop
  endfacet
  facet normal 0.8128466740119754 0.5824777116316723 0
    outer loop
      vertex 33.87076685577631 -37.52225451171398 0
      vertex 33.87076685577631 -37.52225451171398 4.6
      vertex 33.95462265610695 -37.63927514106035 0
    endloop
  endfacet
  facet normal 0.8128466740119754 0.5824777116316723 0
    outer loop
      vertex 33.95462265610695 -37.63927514106035 4.6
      vertex 33.95462265610695 -37.63927514106035 0
      vertex 33.87076685577631 -37.52225451171398 4.6
    endloop
  endfacet
  facet normal 0.8492021735219449 0.5280678635228664 0
    outer loop
      vertex 33.79474411159754 -37.399999998509884 0
      vertex 33.79474411159754 -37.399999998509884 4.6
      vertex 33.87076685577631 -37.52225451171398 0
    endloop
  endfacet
  facet normal 0.8492021735219449 0.5280678635228664 0
    outer loop
      vertex 33.87076685577631 -37.52225451171398 4.6
      vertex 33.87076685577631 -37.52225451171398 0
      vertex 33.79474411159754 -37.399999998509884 4.6
    endloop
  endfacet
  facet normal 0.8819212671033585 0.4713967316717486 0
    outer loop
      vertex 33.726879969239235 -37.2730351164937 0
      vertex 33.726879969239235 -37.2730351164937 4.6
      vertex 33.79474411159754 -37.399999998509884 0
    endloop
  endfacet
  facet normal 0.8819212671033585 0.4713967316717486 0
    outer loop
      vertex 33.79474411159754 -37.399999998509884 4.6
      vertex 33.79474411159754 -37.399999998509884 0
      vertex 33.726879969239235 -37.2730351164937 4.6
    endloop
  endfacet
  facet normal 0.9108638300445371 0.4127070184968951 0
    outer loop
      vertex 33.667465031147 -37.141903549432755 0
      vertex 33.667465031147 -37.141903549432755 4.6
      vertex 33.726879969239235 -37.2730351164937 0
    endloop
  endfacet
  facet normal 0.9108638300445371 0.4127070184968951 0
    outer loop
      vertex 33.726879969239235 -37.2730351164937 4.6
      vertex 33.726879969239235 -37.2730351164937 0
      vertex 33.667465031147 -37.141903549432755 4.6
    endloop
  endfacet
  facet normal 0.9359059348001256 0.35225002655202603 0
    outer loop
      vertex 33.61675371974707 -37.00716681778431 0
      vertex 33.61675371974707 -37.00716681778431 4.6
      vertex 33.667465031147 -37.141903549432755 0
    endloop
  endfacet
  facet normal 0.9359059348001256 0.35225002655202603 0
    outer loop
      vertex 33.667465031147 -37.141903549432755 4.6
      vertex 33.667465031147 -37.141903549432755 0
      vertex 33.61675371974707 -37.00716681778431 4.6
    endloop
  endfacet
  facet normal 0.9569403261936907 0.2902847086987408 0
    outer loop
      vertex 33.57496318221092 -36.86940189450979 0
      vertex 33.57496318221092 -36.86940189450979 4.6
      vertex 33.61675371974707 -37.00716681778431 0
    endloop
  endfacet
  facet normal 0.9569403261936907 0.2902847086987408 0
    outer loop
      vertex 33.61675371974707 -37.00716681778431 4.6
      vertex 33.61675371974707 -37.00716681778431 0
      vertex 33.57496318221092 -36.86940189450979 4.6
    endloop
  endfacet
  facet normal 0.9738769862109585 0.22707623329767604 0
    outer loop
      vertex 33.54227238893509 -36.72919870913029 0
      vertex 33.54227238893509 -36.72919870913029 4.6
      vertex 33.57496318221092 -36.86940189450979 0
    endloop
  endfacet
  facet normal 0.9738769862109585 0.22707623329767604 0
    outer loop
      vertex 33.57496318221092 -36.86940189450979 4.6
      vertex 33.57496318221092 -36.86940189450979 0
      vertex 33.54227238893509 -36.72919870913029 4.6
    endloop
  endfacet
  facet normal 0.98664332760914 0.16289550050373788 0
    outer loop
      vertex 33.51882130652666 -36.58715762197971 0
      vertex 33.51882130652666 -36.58715762197971 4.6
      vertex 33.54227238893509 -36.72919870913029 0
    endloop
  endfacet
  facet normal 0.98664332760914 0.16289550050373788 0
    outer loop
      vertex 33.54227238893509 -36.72919870913029 4.6
      vertex 33.54227238893509 -36.72919870913029 0
      vertex 33.51882130652666 -36.58715762197971 4.6
    endloop
  endfacet
  facet normal 0.9951847255695989 0.09801715152442476 0
    outer loop
      vertex 33.504710368812084 -36.44388688355684 0
      vertex 33.504710368812084 -36.44388688355684 4.6
      vertex 33.51882130652666 -36.58715762197971 0
    endloop
  endfacet
  facet normal 0.9951847255695989 0.09801715152442476 0
    outer loop
      vertex 33.51882130652666 -36.58715762197971 4.6
      vertex 33.51882130652666 -36.58715762197971 0
      vertex 33.504710368812084 -36.44388688355684 4.6
    endloop
  endfacet
  facet normal 0.9994645875072617 0.03271908187799826 0
    outer loop
      vertex 33.5 -36.29999999701977 0
      vertex 33.5 -36.29999999701977 4.6
      vertex 33.504710368812084 -36.44388688355684 0
    endloop
  endfacet
  facet normal 0.9994645875072617 0.03271908187799826 0
    outer loop
      vertex 33.504710368812084 -36.44388688355684 4.6
      vertex 33.504710368812084 -36.44388688355684 0
      vertex 33.5 -36.29999999701977 4.6
    endloop
  endfacet
  facet normal 1 0 0
    outer loop
      vertex 33.5 -30.700000002980232 0
      vertex 33.5 -30.700000002980232 4.6
      vertex 33.5 -36.29999999701977 0
    endloop
  endfacet
  facet normal 1 0 0
    outer loop
      vertex 33.5 -36.29999999701977 4.6
      vertex 33.5 -36.29999999701977 0
      vertex 33.5 -30.700000002980232 4.6
    endloop
  endfacet
  facet normal 0.9994645875072617 -0.03271908187799826 0
    outer loop
      vertex 33.504710368812084 -30.556113116443157 0
      vertex 33.504710368812084 -30.556113116443157 4.6
      vertex 33.5 -30.700000002980232 0
    endloop
  endfacet
  facet normal 0.9994645875072617 -0.03271908187799826 0
    outer loop
      vertex 33.5 -30.700000002980232 4.6
      vertex 33.5 -30.700000002980232 0
      vertex 33.504710368812084 -30.556113116443157 4.6
    endloop
  endfacet
  facet normal 0.9951847255695989 -0.09801715152442476 0
    outer loop
      vertex 33.51882130652666 -30.412842378020287 0
      vertex 33.51882130652666 -30.412842378020287 4.6
      vertex 33.504710368812084 -30.556113116443157 0
    endloop
  endfacet
  facet normal 0.9951847255695989 -0.09801715152442476 0
    outer loop
      vertex 33.504710368812084 -30.556113116443157 4.6
      vertex 33.504710368812084 -30.556113116443157 0
      vertex 33.51882130652666 -30.412842378020287 4.6
    endloop
  endfacet
  facet normal 0.98664332760914 -0.16289550050373788 0
    outer loop
      vertex 33.54227238893509 -30.270801290869713 0
      vertex 33.54227238893509 -30.270801290869713 4.6
      vertex 33.51882130652666 -30.412842378020287 0
    endloop
  endfacet
  facet normal 0.98664332760914 -0.16289550050373788 0
    outer loop
      vertex 33.51882130652666 -30.412842378020287 4.6
      vertex 33.51882130652666 -30.412842378020287 0
      vertex 33.54227238893509 -30.270801290869713 4.6
    endloop
  endfacet
  facet normal 0.9738769862109585 -0.22707623329767604 0
    outer loop
      vertex 33.57496318221092 -30.130598105490208 0
      vertex 33.57496318221092 -30.130598105490208 4.6
      vertex 33.54227238893509 -30.270801290869713 0
    endloop
  endfacet
  facet normal 0.9738769862109585 -0.22707623329767604 0
    outer loop
      vertex 33.54227238893509 -30.270801290869713 4.6
      vertex 33.54227238893509 -30.270801290869713 0
      vertex 33.57496318221092 -30.130598105490208 4.6
    endloop
  endfacet
  facet normal 0.9569403261936907 -0.2902847086987408 0
    outer loop
      vertex 33.61675371974707 -29.99283318221569 0
      vertex 33.61675371974707 -29.99283318221569 4.6
      vertex 33.57496318221092 -30.130598105490208 0
    endloop
  endfacet
  facet normal 0.9569403261936907 -0.2902847086987408 0
    outer loop
      vertex 33.57496318221092 -30.130598105490208 4.6
      vertex 33.57496318221092 -30.130598105490208 0
      vertex 33.61675371974707 -29.99283318221569 4.6
    endloop
  endfacet
  facet normal 0.9359059348001256 -0.35225002655202603 0
    outer loop
      vertex 33.667465031147 -29.858096450567245 0
      vertex 33.667465031147 -29.858096450567245 4.6
      vertex 33.61675371974707 -29.99283318221569 0
    endloop
  endfacet
  facet normal 0.9359059348001256 -0.35225002655202603 0
    outer loop
      vertex 33.61675371974707 -29.99283318221569 4.6
      vertex 33.61675371974707 -29.99283318221569 0
      vertex 33.667465031147 -29.858096450567245 4.6
    endloop
  endfacet
  facet normal 0.9108638577762062 -0.4127069572917899 0
    outer loop
      vertex 33.71368031203747 -29.75609713047743 0
      vertex 33.71368031203747 -29.75609713047743 4.6
      vertex 33.667465031147 -29.858096450567245 0
    endloop
  endfacet
  facet normal 0.9108638577762062 -0.4127069572917899 0
    outer loop
      vertex 33.667465031147 -29.858096450567245 4.6
      vertex 33.667465031147 -29.858096450567245 0
      vertex 33.71368031203747 -29.75609713047743 4.6
    endloop
  endfacet
  facet normal 0.09801708617748772 0.9951847320057091 0
    outer loop
      vertex 33.584214232861996 -29.743345841765404 0
      vertex 33.584214232861996 -29.743345841765404 4.6
      vertex 33.71368031203747 -29.75609713047743 0
    endloop
  endfacet
  facet normal 0.09801708617748772 0.9951847320057091 0
    outer loop
      vertex 33.71368031203747 -29.75609713047743 4.6
      vertex 33.71368031203747 -29.75609713047743 0
      vertex 33.584214232861996 -29.743345841765404 4.6
    endloop
  endfacet
  facet normal 0.1628954729438304 0.9866433321592994 0
    outer loop
      vertex 31.647290341556072 -29.42355841398239 0
      vertex 31.647290341556072 -29.42355841398239 4.6
      vertex 33.584214232861996 -29.743345841765404 0
    endloop
  endfacet
  facet normal 0.1628954729438304 0.9866433321592994 0
    outer loop
      vertex 33.584214232861996 -29.743345841765404 4.6
      vertex 33.584214232861996 -29.743345841765404 0
      vertex 31.647290341556072 -29.42355841398239 4.6
    endloop
  endfacet
  facet normal 0.2270762623073126 0.9738769794468605 0
    outer loop
      vertex 29.735428646206856 -28.977774791419506 0
      vertex 29.735428646206856 -28.977774791419506 4.6
      vertex 31.647290341556072 -29.42355841398239 0
    endloop
  endfacet
  facet normal 0.2270762623073126 0.9738769794468605 0
    outer loop
      vertex 31.647290341556072 -29.42355841398239 4.6
      vertex 31.647290341556072 -29.42355841398239 0
      vertex 29.735428646206856 -28.977774791419506 4.6
    endloop
  endfacet
  facet normal 0.290284677139699 0.9569403357670221 0
    outer loop
      vertex 27.85681603848934 -28.407903887331486 0
      vertex 27.85681603848934 -28.407903887331486 4.6
      vertex 29.735428646206856 -28.977774791419506 0
    endloop
  endfacet
  facet normal 0.290284677139699 0.9569403357670221 0
    outer loop
      vertex 29.735428646206856 -28.977774791419506 4.6
      vertex 29.735428646206856 -28.977774791419506 0
      vertex 27.85681603848934 -28.407903887331486 4.6
    endloop
  endfacet
  facet normal 0.35225004944279825 0.9359059261846493 0
    outer loop
      vertex 26.01949702948332 -27.71638597548008 0
      vertex 26.01949702948332 -27.71638597548008 4.6
      vertex 27.85681603848934 -28.407903887331486 0
    endloop
  endfacet
  facet normal 0.35225004944279825 0.9359059261846493 0
    outer loop
      vertex 27.85681603848934 -28.407903887331486 4.6
      vertex 27.85681603848934 -28.407903887331486 0
      vertex 26.01949702948332 -27.71638597548008 4.6
    endloop
  endfacet
  facet normal 0.412707029924782 0.910863824866629 0
    outer loop
      vertex 24.231339290738106 -26.90618224442005 0
      vertex 24.231339290738106 -26.90618224442005 4.6
      vertex 26.01949702948332 -27.71638597548008 0
    endloop
  endfacet
  facet normal 0.412707029924782 0.910863824866629 0
    outer loop
      vertex 26.01949702948332 -27.71638597548008 4.6
      vertex 26.01949702948332 -27.71638597548008 0
      vertex 24.231339290738106 -26.90618224442005 4.6
    endloop
  endfacet
  facet normal 0.47139673555833117 0.8819212650259369 0
    outer loop
      vertex 22.5 -25.980762116611004 0
      vertex 22.5 -25.980762116611004 4.6
      vertex 24.231339290738106 -26.90618224442005 0
    endloop
  endfacet
  facet normal 0.47139673555833117 0.8819212650259369 0
    outer loop
      vertex 24.231339290738106 -26.90618224442005 4.6
      vertex 24.231339290738106 -26.90618224442005 0
      vertex 22.5 -25.980762116611004 4.6
    endloop
  endfacet
  facet normal 0.528067850921373 0.8492021813580571 0
    outer loop
      vertex 20.832893006503582 -24.944088369607925 0
      vertex 20.832893006503582 -24.944088369607925 4.6
      vertex 22.5 -25.980762116611004 0
    endloop
  endfacet
  facet normal 0.528067850921373 0.8492021813580571 0
    outer loop
      vertex 22.5 -25.980762116611004 4.6
      vertex 22.5 -25.980762116611004 0
      vertex 20.832893006503582 -24.944088369607925 4.6
    endloop
  endfacet
  facet normal 0.5824776976430034 0.8128466840361138 0
    outer loop
      vertex 19.237157128751278 -23.800600208342075 0
      vertex 19.237157128751278 -23.800600208342075 4.6
      vertex 20.832893006503582 -24.944088369607925 0
    endloop
  endfacet
  facet normal 0.5824776976430034 0.8128466840361138 0
    outer loop
      vertex 20.832893006503582 -24.944088369607925 4.6
      vertex 20.832893006503582 -24.944088369607925 0
      vertex 19.237157128751278 -23.800600208342075 4.6
    endloop
  endfacet
  facet normal 0.6343932853150274 0.7730104524178223 0
    outer loop
      vertex 17.719625547528267 -22.555194221436977 0
      vertex 17.719625547528267 -22.555194221436977 4.6
      vertex 19.237157128751278 -23.800600208342075 0
    endloop
  endfacet
  facet normal 0.6343932853150274 0.7730104524178223 0
    outer loop
      vertex 19.237157128751278 -23.800600208342075 4.6
      vertex 19.237157128751278 -23.800600208342075 0
      vertex 17.719625547528267 -22.555194221436977 4.6
    endloop
  endfacet
  facet normal 0.6835923000256635 0.7298640745684248 0
    outer loop
      vertex 16.286796562373638 -21.213203437626362 0
      vertex 16.286796562373638 -21.213203437626362 4.6
      vertex 17.719625547528267 -22.555194221436977 0
    endloop
  endfacet
  facet normal 0.6835923000256635 0.7298640745684248 0
    outer loop
      vertex 17.719625547528267 -22.555194221436977 4.6
      vertex 17.719625547528267 -22.555194221436977 0
      vertex 16.286796562373638 -21.213203437626362 4.6
    endloop
  endfacet
  facet normal 0.7298640745684248 0.6835923000256635 0
    outer loop
      vertex 14.944805778563023 -19.780374452471733 0
      vertex 14.944805778563023 -19.780374452471733 4.6
      vertex 16.286796562373638 -21.213203437626362 0
    endloop
  endfacet
  facet normal 0.7298640745684248 0.6835923000256635 0
    outer loop
      vertex 16.286796562373638 -21.213203437626362 4.6
      vertex 16.286796562373638 -21.213203437626362 0
      vertex 14.944805778563023 -19.780374452471733 4.6
    endloop
  endfacet
  facet normal 0.7730104524178223 0.6343932853150274 0
    outer loop
      vertex 13.699399791657925 -18.262842871248722 0
      vertex 13.699399791657925 -18.262842871248722 4.6
      vertex 14.944805778563023 -19.780374452471733 0
    endloop
  endfacet
  facet normal 0.7730104524178223 0.6343932853150274 0
    outer loop
      vertex 14.944805778563023 -19.780374452471733 4.6
      vertex 14.944805778563023 -19.780374452471733 0
      vertex 13.699399791657925 -18.262842871248722 4.6
    endloop
  endfacet
  facet normal 0.8128466840361138 0.5824776976430034 0
    outer loop
      vertex 12.555911630392075 -16.667106993496418 0
      vertex 12.555911630392075 -16.667106993496418 4.6
      vertex 13.699399791657925 -18.262842871248722 0
    endloop
  endfacet
  facet normal 0.8128466840361138 0.5824776976430034 0
    outer loop
      vertex 13.699399791657925 -18.262842871248722 4.6
      vertex 13.699399791657925 -18.262842871248722 0
      vertex 12.555911630392075 -16.667106993496418 4.6
    endloop
  endfacet
  facet normal 0.8492021813580571 0.528067850921373 0
    outer loop
      vertex 11.519237883388996 -15 0
      vertex 11.519237883388996 -15 4.6
      vertex 12.555911630392075 -16.667106993496418 0
    endloop
  endfacet
  facet normal 0.8492021813580571 0.528067850921373 0
    outer loop
      vertex 12.555911630392075 -16.667106993496418 4.6
      vertex 12.555911630392075 -16.667106993496418 0
      vertex 11.519237883388996 -15 4.6
    endloop
  endfacet
  facet normal 0.8819212650259369 0.47139673555833117 0
    outer loop
      vertex 10.593817755579948 -13.268660709261894 0
      vertex 10.593817755579948 -13.268660709261894 4.6
      vertex 11.519237883388996 -15 0
    endloop
  endfacet
  facet normal 0.8819212650259369 0.47139673555833117 0
    outer loop
      vertex 11.519237883388996 -15 4.6
      vertex 11.519237883388996 -15 0
      vertex 10.593817755579948 -13.268660709261894 4.6
    endloop
  endfacet
  facet normal 0.910863824866629 0.412707029924782 0
    outer loop
      vertex 9.78361402451992 -11.480502970516682 0
      vertex 9.78361402451992 -11.480502970516682 4.6
      vertex 10.593817755579948 -13.268660709261894 0
    endloop
  endfacet
  facet normal 0.910863824866629 0.412707029924782 0
    outer loop
      vertex 10.593817755579948 -13.268660709261894 4.6
      vertex 10.593817755579948 -13.268660709261894 0
      vertex 9.78361402451992 -11.480502970516682 4.6
    endloop
  endfacet
  facet normal 0.9359059261846493 0.35225004944279825 0
    outer loop
      vertex 9.092096112668514 -9.643183961510658 0
      vertex 9.092096112668514 -9.643183961510658 4.6
      vertex 9.78361402451992 -11.480502970516682 0
    endloop
  endfacet
  facet normal 0.9359059261846493 0.35225004944279825 0
    outer loop
      vertex 9.78361402451992 -11.480502970516682 4.6
      vertex 9.78361402451992 -11.480502970516682 0
      vertex 9.092096112668514 -9.643183961510658 4.6
    endloop
  endfacet
  facet normal 0.9569403357670221 0.290284677139699 0
    outer loop
      vertex 8.522225208580494 -7.764571353793144 0
      vertex 8.522225208580494 -7.764571353793144 4.6
      vertex 9.092096112668514 -9.643183961510658 0
    endloop
  endfacet
  facet normal 0.9569403357670221 0.290284677139699 0
    outer loop
      vertex 9.092096112668514 -9.643183961510658 4.6
      vertex 9.092096112668514 -9.643183961510658 0
      vertex 8.522225208580494 -7.764571353793144 4.6
    endloop
  endfacet
  facet normal 0.9738769794468605 0.2270762623073126 0
    outer loop
      vertex 8.076441586017609 -5.852709658443928 0
      vertex 8.076441586017609 -5.852709658443928 4.6
      vertex 8.522225208580494 -7.764571353793144 0
    endloop
  endfacet
  facet normal 0.9738769794468605 0.2270762623073126 0
    outer loop
      vertex 8.522225208580494 -7.764571353793144 4.6
      vertex 8.522225208580494 -7.764571353793144 0
      vertex 8.076441586017609 -5.852709658443928 4.6
    endloop
  endfacet
  facet normal 0.9866433321592994 0.1628954729438304 0
    outer loop
      vertex 7.756654158234596 -3.9157857671380043 0
      vertex 7.756654158234596 -3.9157857671380043 4.6
      vertex 8.076441586017609 -5.852709658443928 0
    endloop
  endfacet
  facet normal 0.9866433321592994 0.1628954729438304 0
    outer loop
      vertex 8.076441586017609 -5.852709658443928 4.6
      vertex 8.076441586017609 -5.852709658443928 0
      vertex 7.756654158234596 -3.9157857671380043 4.6
    endloop
  endfacet
  facet normal 0.9951847268043855 0.0980171389874271 0
    outer loop
      vertex 7.564232304692268 -1.9620938748121262 0
      vertex 7.564232304692268 -1.9620938748121262 4.6
      vertex 7.756654158234596 -3.9157857671380043 0
    endloop
  endfacet
  facet normal 0.9951847268043855 0.0980171389874271 0
    outer loop
      vertex 7.756654158234596 -3.9157857671380043 4.6
      vertex 7.756654158234596 -3.9157857671380043 0
      vertex 7.564232304692268 -1.9620938748121262 4.6
    endloop
  endfacet
  facet normal 0.9994645874444017 0.032719083798173614 0
    outer loop
      vertex 7.5 0 0
      vertex 7.5 0 4.6
      vertex 7.564232304692268 -1.9620938748121262 0
    endloop
  endfacet
  facet normal 0.9994645874444017 0.032719083798173614 0
    outer loop
      vertex 7.564232304692268 -1.9620938748121262 4.6
      vertex 7.564232304692268 -1.9620938748121262 0
      vertex 7.5 0 4.6
    endloop
  endfacet
  facet normal 0.9994645874444017 -0.032719083798173614 0
    outer loop
      vertex 7.564232304692268 1.9620938748121262 0
      vertex 7.564232304692268 1.9620938748121262 4.6
      vertex 7.5 0 0
    endloop
  endfacet
  facet normal 0.9994645874444017 -0.032719083798173614 0
    outer loop
      vertex 7.5 0 4.6
      vertex 7.5 0 0
      vertex 7.564232304692268 1.9620938748121262 4.6
    endloop
  endfacet
  facet normal 0.9951847268043855 -0.0980171389874271 0
    outer loop
      vertex 7.756654158234596 3.9157857671380043 0
      vertex 7.756654158234596 3.9157857671380043 4.6
      vertex 7.564232304692268 1.9620938748121262 0
    endloop
  endfacet
  facet normal 0.9951847268043855 -0.0980171389874271 0
    outer loop
      vertex 7.564232304692268 1.9620938748121262 4.6
      vertex 7.564232304692268 1.9620938748121262 0
      vertex 7.756654158234596 3.9157857671380043 4.6
    endloop
  endfacet
  facet normal 0.9866433321592994 -0.1628954729438304 0
    outer loop
      vertex 8.076441586017609 5.852709658443928 0
      vertex 8.076441586017609 5.852709658443928 4.6
      vertex 7.756654158234596 3.9157857671380043 0
    endloop
  endfacet
  facet normal 0.9866433321592994 -0.1628954729438304 0
    outer loop
      vertex 7.756654158234596 3.9157857671380043 4.6
      vertex 7.756654158234596 3.9157857671380043 0
      vertex 8.076441586017609 5.852709658443928 4.6
    endloop
  endfacet
  facet normal 0.9738769794468605 -0.2270762623073126 0
    outer loop
      vertex 8.522225208580494 7.764571353793144 0
      vertex 8.522225208580494 7.764571353793144 4.6
      vertex 8.076441586017609 5.852709658443928 0
    endloop
  endfacet
  facet normal 0.9738769794468605 -0.2270762623073126 0
    outer loop
      vertex 8.076441586017609 5.852709658443928 4.6
      vertex 8.076441586017609 5.852709658443928 0
      vertex 8.522225208580494 7.764571353793144 4.6
    endloop
  endfacet
  facet normal 0.9569403357670221 -0.290284677139699 0
    outer loop
      vertex 9.092096112668514 9.643183961510658 0
      vertex 9.092096112668514 9.643183961510658 4.6
      vertex 8.522225208580494 7.764571353793144 0
    endloop
  endfacet
  facet normal 0.9569403357670221 -0.290284677139699 0
    outer loop
      vertex 8.522225208580494 7.764571353793144 4.6
      vertex 8.522225208580494 7.764571353793144 0
      vertex 9.092096112668514 9.643183961510658 4.6
    endloop
  endfacet
  facet normal 0.9359059261846493 -0.35225004944279825 0
    outer loop
      vertex 9.78361402451992 11.480502970516682 0
      vertex 9.78361402451992 11.480502970516682 4.6
      vertex 9.092096112668514 9.643183961510658 0
    endloop
  endfacet
  facet normal 0.9359059261846493 -0.35225004944279825 0
    outer loop
      vertex 9.092096112668514 9.643183961510658 4.6
      vertex 9.092096112668514 9.643183961510658 0
      vertex 9.78361402451992 11.480502970516682 4.6
    endloop
  endfacet
  facet normal 0.910863824866629 -0.412707029924782 0
    outer loop
      vertex 10.593817755579948 13.268660709261894 0
      vertex 10.593817755579948 13.268660709261894 4.6
      vertex 9.78361402451992 11.480502970516682 0
    endloop
  endfacet
  facet normal 0.910863824866629 -0.412707029924782 0
    outer loop
      vertex 9.78361402451992 11.480502970516682 4.6
      vertex 9.78361402451992 11.480502970516682 0
      vertex 10.593817755579948 13.268660709261894 4.6
    endloop
  endfacet
  facet normal 0.8819212650259369 -0.47139673555833117 0
    outer loop
      vertex 11.519237883388996 15 0
      vertex 11.519237883388996 15 4.6
      vertex 10.593817755579948 13.268660709261894 0
    endloop
  endfacet
  facet normal 0.8819212650259369 -0.47139673555833117 0
    outer loop
      vertex 10.593817755579948 13.268660709261894 4.6
      vertex 10.593817755579948 13.268660709261894 0
      vertex 11.519237883388996 15 4.6
    endloop
  endfacet
  facet normal 0.8492021813580571 -0.528067850921373 0
    outer loop
      vertex 12.555911630392075 16.667106993496418 0
      vertex 12.555911630392075 16.667106993496418 4.6
      vertex 11.519237883388996 15 0
    endloop
  endfacet
  facet normal 0.8492021813580571 -0.528067850921373 0
    outer loop
      vertex 11.519237883388996 15 4.6
      vertex 11.519237883388996 15 0
      vertex 12.555911630392075 16.667106993496418 4.6
    endloop
  endfacet
  facet normal 0.8128466840361138 -0.5824776976430034 0
    outer loop
      vertex 13.699399791657925 18.262842871248722 0
      vertex 13.699399791657925 18.262842871248722 4.6
      vertex 12.555911630392075 16.667106993496418 0
    endloop
  endfacet
  facet normal 0.8128466840361138 -0.5824776976430034 0
    outer loop
      vertex 12.555911630392075 16.667106993496418 4.6
      vertex 12.555911630392075 16.667106993496418 0
      vertex 13.699399791657925 18.262842871248722 4.6
    endloop
  endfacet
  facet normal 0.7730104524178223 -0.6343932853150274 0
    outer loop
      vertex 14.944805778563023 19.780374452471733 0
      vertex 14.944805778563023 19.780374452471733 4.6
      vertex 13.699399791657925 18.262842871248722 0
    endloop
  endfacet
  facet normal 0.7730104524178223 -0.6343932853150274 0
    outer loop
      vertex 13.699399791657925 18.262842871248722 4.6
      vertex 13.699399791657925 18.262842871248722 0
      vertex 14.944805778563023 19.780374452471733 4.6
    endloop
  endfacet
  facet normal 0.7298640745684248 -0.6835923000256635 0
    outer loop
      vertex 16.286796562373638 21.213203437626362 0
      vertex 16.286796562373638 21.213203437626362 4.6
      vertex 14.944805778563023 19.780374452471733 0
    endloop
  endfacet
  facet normal 0.7298640745684248 -0.6835923000256635 0
    outer loop
      vertex 14.944805778563023 19.780374452471733 4.6
      vertex 14.944805778563023 19.780374452471733 0
      vertex 16.286796562373638 21.213203437626362 4.6
    endloop
  endfacet
  facet normal 0.6835923000256635 -0.7298640745684248 0
    outer loop
      vertex 17.719625547528267 22.555194221436977 0
      vertex 17.719625547528267 22.555194221436977 4.6
      vertex 16.286796562373638 21.213203437626362 0
    endloop
  endfacet
  facet normal 0.6835923000256635 -0.7298640745684248 0
    outer loop
      vertex 16.286796562373638 21.213203437626362 4.6
      vertex 16.286796562373638 21.213203437626362 0
      vertex 17.719625547528267 22.555194221436977 4.6
    endloop
  endfacet
  facet normal 0.6343932853150274 -0.7730104524178223 0
    outer loop
      vertex 19.237157128751278 23.800600208342075 0
      vertex 19.237157128751278 23.800600208342075 4.6
      vertex 17.719625547528267 22.555194221436977 0
    endloop
  endfacet
  facet normal 0.6343932853150274 -0.7730104524178223 0
    outer loop
      vertex 17.719625547528267 22.555194221436977 4.6
      vertex 17.719625547528267 22.555194221436977 0
      vertex 19.237157128751278 23.800600208342075 4.6
    endloop
  endfacet
  facet normal 0.5824776976430034 -0.8128466840361138 0
    outer loop
      vertex 20.832893006503582 24.944088369607925 0
      vertex 20.832893006503582 24.944088369607925 4.6
      vertex 19.237157128751278 23.800600208342075 0
    endloop
  endfacet
  facet normal 0.5824776976430034 -0.8128466840361138 0
    outer loop
      vertex 19.237157128751278 23.800600208342075 4.6
      vertex 19.237157128751278 23.800600208342075 0
      vertex 20.832893006503582 24.944088369607925 4.6
    endloop
  endfacet
  facet normal 0.528067850921373 -0.8492021813580571 0
    outer loop
      vertex 22.5 25.980762116611004 0
      vertex 22.5 25.980762116611004 4.6
      vertex 20.832893006503582 24.944088369607925 0
    endloop
  endfacet
  facet normal 0.528067850921373 -0.8492021813580571 0
    outer loop
      vertex 20.832893006503582 24.944088369607925 4.6
      vertex 20.832893006503582 24.944088369607925 0
      vertex 22.5 25.980762116611004 4.6
    endloop
  endfacet
  facet normal 0.47139673555833117 -0.8819212650259369 0
    outer loop
      vertex 24.231339290738106 26.90618224442005 0
      vertex 24.231339290738106 26.90618224442005 4.6
      vertex 22.5 25.980762116611004 0
    endloop
  endfacet
  facet normal 0.47139673555833117 -0.8819212650259369 0
    outer loop
      vertex 22.5 25.980762116611004 4.6
      vertex 22.5 25.980762116611004 0
      vertex 24.231339290738106 26.90618224442005 4.6
    endloop
  endfacet
  facet normal 0.412707029924782 -0.910863824866629 0
    outer loop
      vertex 26.01949702948332 27.71638597548008 0
      vertex 26.01949702948332 27.71638597548008 4.6
      vertex 24.231339290738106 26.90618224442005 0
    endloop
  endfacet
  facet normal 0.412707029924782 -0.910863824866629 0
    outer loop
      vertex 24.231339290738106 26.90618224442005 4.6
      vertex 24.231339290738106 26.90618224442005 0
      vertex 26.01949702948332 27.71638597548008 4.6
    endloop
  endfacet
  facet normal 0.35225004944279825 -0.9359059261846493 0
    outer loop
      vertex 27.85681603848934 28.407903887331486 0
      vertex 27.85681603848934 28.407903887331486 4.6
      vertex 26.01949702948332 27.71638597548008 0
    endloop
  endfacet
  facet normal 0.35225004944279825 -0.9359059261846493 0
    outer loop
      vertex 26.01949702948332 27.71638597548008 4.6
      vertex 26.01949702948332 27.71638597548008 0
      vertex 27.85681603848934 28.407903887331486 4.6
    endloop
  endfacet
  facet normal 0.290284677139699 -0.9569403357670221 0
    outer loop
      vertex 29.735428646206856 28.977774791419506 0
      vertex 29.735428646206856 28.977774791419506 4.6
      vertex 27.85681603848934 28.407903887331486 0
    endloop
  endfacet
  facet normal 0.290284677139699 -0.9569403357670221 0
    outer loop
      vertex 27.85681603848934 28.407903887331486 4.6
      vertex 27.85681603848934 28.407903887331486 0
      vertex 29.735428646206856 28.977774791419506 4.6
    endloop
  endfacet
  facet normal 0.2270762623073126 -0.9738769794468605 0
    outer loop
      vertex 31.647290341556072 29.42355841398239 0
      vertex 31.647290341556072 29.42355841398239 4.6
      vertex 29.735428646206856 28.977774791419506 0
    endloop
  endfacet
  facet normal 0.2270762623073126 -0.9738769794468605 0
    outer loop
      vertex 29.735428646206856 28.977774791419506 4.6
      vertex 29.735428646206856 28.977774791419506 0
      vertex 31.647290341556072 29.42355841398239 4.6
    endloop
  endfacet
  facet normal 0.1628954729438304 -0.9866433321592994 0
    outer loop
      vertex 33.584214232861996 29.743345841765404 0
      vertex 33.584214232861996 29.743345841765404 4.6
      vertex 31.647290341556072 29.42355841398239 0
    endloop
  endfacet
  facet normal 0.1628954729438304 -0.9866433321592994 0
    outer loop
      vertex 31.647290341556072 29.42355841398239 4.6
      vertex 31.647290341556072 29.42355841398239 0
      vertex 33.584214232861996 29.743345841765404 4.6
    endloop
  endfacet
  facet normal 0.0980171389874271 -0.9951847268043855 0
    outer loop
      vertex 35.537906125187874 29.93576769530773 0
      vertex 35.537906125187874 29.93576769530773 4.6
      vertex 33.584214232861996 29.743345841765404 0
    endloop
  endfacet
  facet normal 0.0980171389874271 -0.9951847268043855 0
    outer loop
      vertex 33.584214232861996 29.743345841765404 4.6
      vertex 33.584214232861996 29.743345841765404 0
      vertex 35.537906125187874 29.93576769530773 4.6
    endloop
  endfacet
  facet normal 0.032719083798173614 -0.9994645874444017 0
    outer loop
      vertex 37.5 30 0
      vertex 37.5 30 4.6
      vertex 35.537906125187874 29.93576769530773 0
    endloop
  endfacet
  facet normal 0.032719083798173614 -0.9994645874444017 0
    outer loop
      vertex 35.537906125187874 29.93576769530773 4.6
      vertex 35.537906125187874 29.93576769530773 0
      vertex 37.5 30 4.6
    endloop
  endfacet
  facet normal -0.032719083798173614 -0.9994645874444017 0
    outer loop
      vertex 39.462093874812126 29.93576769530773 0
      vertex 39.462093874812126 29.93576769530773 4.6
      vertex 37.5 30 0
    endloop
  endfacet
  facet normal -0.032719083798173614 -0.9994645874444017 0
    outer loop
      vertex 37.5 30 4.6
      vertex 37.5 30 0
      vertex 39.462093874812126 29.93576769530773 4.6
    endloop
  endfacet
  facet normal -0.0980171389874271 -0.9951847268043855 0
    outer loop
      vertex 41.415785767138004 29.743345841765404 0
      vertex 41.415785767138004 29.743345841765404 4.6
      vertex 39.462093874812126 29.93576769530773 0
    endloop
  endfacet
  facet normal -0.0980171389874271 -0.9951847268043855 0
    outer loop
      vertex 39.462093874812126 29.93576769530773 4.6
      vertex 39.462093874812126 29.93576769530773 0
      vertex 41.415785767138004 29.743345841765404 4.6
    endloop
  endfacet
  facet normal -0.1628954729438304 -0.9866433321592994 0
    outer loop
      vertex 43.35270965844393 29.42355841398239 0
      vertex 43.35270965844393 29.42355841398239 4.6
      vertex 41.415785767138004 29.743345841765404 0
    endloop
  endfacet
  facet normal -0.1628954729438304 -0.9866433321592994 0
    outer loop
      vertex 41.415785767138004 29.743345841765404 4.6
      vertex 41.415785767138004 29.743345841765404 0
      vertex 43.35270965844393 29.42355841398239 4.6
    endloop
  endfacet
  facet normal -0.2270762623073126 -0.9738769794468605 0
    outer loop
      vertex 45.264571353793144 28.977774791419506 0
      vertex 45.264571353793144 28.977774791419506 4.6
      vertex 43.35270965844393 29.42355841398239 0
    endloop
  endfacet
  facet normal -0.2270762623073126 -0.9738769794468605 0
    outer loop
      vertex 43.35270965844393 29.42355841398239 4.6
      vertex 43.35270965844393 29.42355841398239 0
      vertex 45.264571353793144 28.977774791419506 4.6
    endloop
  endfacet
  facet normal -0.290284677139699 -0.9569403357670221 0
    outer loop
      vertex 47.14318396151066 28.407903887331486 0
      vertex 47.14318396151066 28.407903887331486 4.6
      vertex 45.264571353793144 28.977774791419506 0
    endloop
  endfacet
  facet normal -0.290284677139699 -0.9569403357670221 0
    outer loop
      vertex 45.264571353793144 28.977774791419506 4.6
      vertex 45.264571353793144 28.977774791419506 0
      vertex 47.14318396151066 28.407903887331486 4.6
    endloop
  endfacet
  facet normal -0.35225004944279825 -0.9359059261846493 0
    outer loop
      vertex 48.98050297051668 27.71638597548008 0
      vertex 48.98050297051668 27.71638597548008 4.6
      vertex 47.14318396151066 28.407903887331486 0
    endloop
  endfacet
  facet normal -0.35225004944279825 -0.9359059261846493 0
    outer loop
      vertex 47.14318396151066 28.407903887331486 4.6
      vertex 47.14318396151066 28.407903887331486 0
      vertex 48.98050297051668 27.71638597548008 4.6
    endloop
  endfacet
  facet normal -0.412707029924782 -0.910863824866629 0
    outer loop
      vertex 50.768660709261894 26.90618224442005 0
      vertex 50.768660709261894 26.90618224442005 4.6
      vertex 48.98050297051668 27.71638597548008 0
    endloop
  endfacet
  facet normal -0.412707029924782 -0.910863824866629 0
    outer loop
      vertex 48.98050297051668 27.71638597548008 4.6
      vertex 48.98050297051668 27.71638597548008 0
      vertex 50.768660709261894 26.90618224442005 4.6
    endloop
  endfacet
  facet normal -0.47139673555833117 -0.8819212650259369 0
    outer loop
      vertex 52.5 25.980762116611004 0
      vertex 52.5 25.980762116611004 4.6
      vertex 50.768660709261894 26.90618224442005 0
    endloop
  endfacet
  facet normal -0.47139673555833117 -0.8819212650259369 0
    outer loop
      vertex 50.768660709261894 26.90618224442005 4.6
      vertex 50.768660709261894 26.90618224442005 0
      vertex 52.5 25.980762116611004 4.6
    endloop
  endfacet
  facet normal -0.528067850921373 -0.8492021813580571 0
    outer loop
      vertex 54.16710699349642 24.944088369607925 0
      vertex 54.16710699349642 24.944088369607925 4.6
      vertex 52.5 25.980762116611004 0
    endloop
  endfacet
  facet normal -0.528067850921373 -0.8492021813580571 0
    outer loop
      vertex 52.5 25.980762116611004 4.6
      vertex 52.5 25.980762116611004 0
      vertex 54.16710699349642 24.944088369607925 4.6
    endloop
  endfacet
  facet normal -0.5824776976430034 -0.8128466840361138 0
    outer loop
      vertex 55.76284287124872 23.800600208342075 0
      vertex 55.76284287124872 23.800600208342075 4.6
      vertex 54.16710699349642 24.944088369607925 0
    endloop
  endfacet
  facet normal -0.5824776976430034 -0.8128466840361138 0
    outer loop
      vertex 54.16710699349642 24.944088369607925 4.6
      vertex 54.16710699349642 24.944088369607925 0
      vertex 55.76284287124872 23.800600208342075 4.6
    endloop
  endfacet
  facet normal -0.6343932853150274 -0.7730104524178223 0
    outer loop
      vertex 57.28037445247173 22.555194221436977 0
      vertex 57.28037445247173 22.555194221436977 4.6
      vertex 55.76284287124872 23.800600208342075 0
    endloop
  endfacet
  facet normal -0.6343932853150274 -0.7730104524178223 0
    outer loop
      vertex 55.76284287124872 23.800600208342075 4.6
      vertex 55.76284287124872 23.800600208342075 0
      vertex 57.28037445247173 22.555194221436977 4.6
    endloop
  endfacet
  facet normal -0.6835923000256635 -0.7298640745684248 0
    outer loop
      vertex 58.71320343762636 21.213203437626362 0
      vertex 58.71320343762636 21.213203437626362 4.6
      vertex 57.28037445247173 22.555194221436977 0
    endloop
  endfacet
  facet normal -0.6835923000256635 -0.7298640745684248 0
    outer loop
      vertex 57.28037445247173 22.555194221436977 4.6
      vertex 57.28037445247173 22.555194221436977 0
      vertex 58.71320343762636 21.213203437626362 4.6
    endloop
  endfacet
  facet normal -0.7298640745684248 -0.6835923000256635 0
    outer loop
      vertex 60.05519422143698 19.780374452471733 0
      vertex 60.05519422143698 19.780374452471733 4.6
      vertex 58.71320343762636 21.213203437626362 0
    endloop
  endfacet
  facet normal -0.7298640745684248 -0.6835923000256635 0
    outer loop
      vertex 58.71320343762636 21.213203437626362 4.6
      vertex 58.71320343762636 21.213203437626362 0
      vertex 60.05519422143698 19.780374452471733 4.6
    endloop
  endfacet
  facet normal -0.7730104524178223 -0.6343932853150274 0
    outer loop
      vertex 61.300600208342075 18.262842871248722 0
      vertex 61.300600208342075 18.262842871248722 4.6
      vertex 60.05519422143698 19.780374452471733 0
    endloop
  endfacet
  facet normal -0.7730104524178223 -0.6343932853150274 0
    outer loop
      vertex 60.05519422143698 19.780374452471733 4.6
      vertex 60.05519422143698 19.780374452471733 0
      vertex 61.300600208342075 18.262842871248722 4.6
    endloop
  endfacet
  facet normal -0.8128466840361138 -0.5824776976430034 0
    outer loop
      vertex 62.444088369607925 16.667106993496418 0
      vertex 62.444088369607925 16.667106993496418 4.6
      vertex 61.300600208342075 18.262842871248722 0
    endloop
  endfacet
  facet normal -0.8128466840361138 -0.5824776976430034 0
    outer loop
      vertex 61.300600208342075 18.262842871248722 4.6
      vertex 61.300600208342075 18.262842871248722 0
      vertex 62.444088369607925 16.667106993496418 4.6
    endloop
  endfacet
  facet normal -0.8492021813580571 -0.528067850921373 0
    outer loop
      vertex 63.480762116611004 15 0
      vertex 63.480762116611004 15 4.6
      vertex 62.444088369607925 16.667106993496418 0
    endloop
  endfacet
  facet normal -0.8492021813580571 -0.528067850921373 0
    outer loop
      vertex 62.444088369607925 16.667106993496418 4.6
      vertex 62.444088369607925 16.667106993496418 0
      vertex 63.480762116611004 15 4.6
    endloop
  endfacet
  facet normal -0.8819212650259369 -0.47139673555833117 0
    outer loop
      vertex 64.40618224442005 13.268660709261894 0
      vertex 64.40618224442005 13.268660709261894 4.6
      vertex 63.480762116611004 15 0
    endloop
  endfacet
  facet normal -0.8819212650259369 -0.47139673555833117 0
    outer loop
      vertex 63.480762116611004 15 4.6
      vertex 63.480762116611004 15 0
      vertex 64.40618224442005 13.268660709261894 4.6
    endloop
  endfacet
  facet normal -0.910863824866629 -0.412707029924782 0
    outer loop
      vertex 65.21638597548008 11.480502970516682 0
      vertex 65.21638597548008 11.480502970516682 4.6
      vertex 64.40618224442005 13.268660709261894 0
    endloop
  endfacet
  facet normal -0.910863824866629 -0.412707029924782 0
    outer loop
      vertex 64.40618224442005 13.268660709261894 4.6
      vertex 64.40618224442005 13.268660709261894 0
      vertex 65.21638597548008 11.480502970516682 4.6
    endloop
  endfacet
  facet normal -0.9359059261846493 -0.35225004944279825 0
    outer loop
      vertex 65.90790388733149 9.643183961510658 0
      vertex 65.90790388733149 9.643183961510658 4.6
      vertex 65.21638597548008 11.480502970516682 0
    endloop
  endfacet
  facet normal -0.9359059261846493 -0.35225004944279825 0
    outer loop
      vertex 65.21638597548008 11.480502970516682 4.6
      vertex 65.21638597548008 11.480502970516682 0
      vertex 65.90790388733149 9.643183961510658 4.6
    endloop
  endfacet
  facet normal -0.9569403357670221 -0.290284677139699 0
    outer loop
      vertex 66.4777747914195 7.764571353793144 0
      vertex 66.4777747914195 7.764571353793144 4.6
      vertex 65.90790388733149 9.643183961510658 0
    endloop
  endfacet
  facet normal -0.9569403357670221 -0.290284677139699 0
    outer loop
      vertex 65.90790388733149 9.643183961510658 4.6
      vertex 65.90790388733149 9.643183961510658 0
      vertex 66.4777747914195 7.764571353793144 4.6
    endloop
  endfacet
  facet normal -0.9738769794468605 -0.2270762623073126 0
    outer loop
      vertex 66.92355841398239 5.852709658443928 0
      vertex 66.92355841398239 5.852709658443928 4.6
      vertex 66.4777747914195 7.764571353793144 0
    endloop
  endfacet
  facet normal -0.9738769794468605 -0.2270762623073126 0
    outer loop
      vertex 66.4777747914195 7.764571353793144 4.6
      vertex 66.4777747914195 7.764571353793144 0
      vertex 66.92355841398239 5.852709658443928 4.6
    endloop
  endfacet
  facet normal -0.9866433321592994 -0.1628954729438304 0
    outer loop
      vertex 67.2433458417654 3.9157857671380043 0
      vertex 67.2433458417654 3.9157857671380043 4.6
      vertex 66.92355841398239 5.852709658443928 0
    endloop
  endfacet
  facet normal -0.9866433321592994 -0.1628954729438304 0
    outer loop
      vertex 66.92355841398239 5.852709658443928 4.6
      vertex 66.92355841398239 5.852709658443928 0
      vertex 67.2433458417654 3.9157857671380043 4.6
    endloop
  endfacet
  facet normal -0.9951847268043855 -0.0980171389874271 0
    outer loop
      vertex 67.43576769530773 1.9620938748121262 0
      vertex 67.43576769530773 1.9620938748121262 4.6
      vertex 67.2433458417654 3.9157857671380043 0
    endloop
  endfacet
  facet normal -0.9951847268043855 -0.0980171389874271 0
    outer loop
      vertex 67.2433458417654 3.9157857671380043 4.6
      vertex 67.2433458417654 3.9157857671380043 0
      vertex 67.43576769530773 1.9620938748121262 4.6
    endloop
  endfacet
  facet normal -0.9994645874444017 -0.032719083798173614 0
    outer loop
      vertex 67.5 0 0
      vertex 67.5 0 4.6
      vertex 67.43576769530773 1.9620938748121262 0
    endloop
  endfacet
  facet normal -0.9994645874444017 -0.032719083798173614 0
    outer loop
      vertex 67.43576769530773 1.9620938748121262 4.6
      vertex 67.43576769530773 1.9620938748121262 0
      vertex 67.5 0 4.6
    endloop
  endfacet
  facet normal -0.9994645874444017 0.032719083798173614 0
    outer loop
      vertex 67.43576769530773 -1.9620938748121262 0
      vertex 67.43576769530773 -1.9620938748121262 4.6
      vertex 67.5 0 0
    endloop
  endfacet
  facet normal -0.9994645874444017 0.032719083798173614 0
    outer loop
      vertex 67.5 0 4.6
      vertex 67.5 0 0
      vertex 67.43576769530773 -1.9620938748121262 4.6
    endloop
  endfacet
  facet normal -0.9951847268043855 0.0980171389874271 0
    outer loop
      vertex 67.2433458417654 -3.9157857671380043 0
      vertex 67.2433458417654 -3.9157857671380043 4.6
      vertex 67.43576769530773 -1.9620938748121262 0
    endloop
  endfacet
  facet normal -0.9951847268043855 0.0980171389874271 0
    outer loop
      vertex 67.43576769530773 -1.9620938748121262 4.6
      vertex 67.43576769530773 -1.9620938748121262 0
      vertex 67.2433458417654 -3.9157857671380043 4.6
    endloop
  endfacet
  facet normal -0.9866433321592994 0.1628954729438304 0
    outer loop
      vertex 66.92355841398239 -5.852709658443928 0
      vertex 66.92355841398239 -5.852709658443928 4.6
      vertex 67.2433458417654 -3.9157857671380043 0
    endloop
  endfacet
  facet normal -0.9866433321592994 0.1628954729438304 0
    outer loop
      vertex 67.2433458417654 -3.9157857671380043 4.6
      vertex 67.2433458417654 -3.9157857671380043 0
      vertex 66.92355841398239 -5.852709658443928 4.6
    endloop
  endfacet
  facet normal -0.9738769794468605 0.2270762623073126 0
    outer loop
      vertex 66.4777747914195 -7.764571353793144 0
      vertex 66.4777747914195 -7.764571353793144 4.6
      vertex 66.92355841398239 -5.852709658443928 0
    endloop
  endfacet
  facet normal -0.9738769794468605 0.2270762623073126 0
    outer loop
      vertex 66.92355841398239 -5.852709658443928 4.6
      vertex 66.92355841398239 -5.852709658443928 0
      vertex 66.4777747914195 -7.764571353793144 4.6
    endloop
  endfacet
  facet normal -0.9569403357670221 0.290284677139699 0
    outer loop
      vertex 65.90790388733149 -9.643183961510658 0
      vertex 65.90790388733149 -9.643183961510658 4.6
      vertex 66.4777747914195 -7.764571353793144 0
    endloop
  endfacet
  facet normal -0.9569403357670221 0.290284677139699 0
    outer loop
      vertex 66.4777747914195 -7.764571353793144 4.6
      vertex 66.4777747914195 -7.764571353793144 0
      vertex 65.90790388733149 -9.643183961510658 4.6
    endloop
  endfacet
  facet normal -0.9359059261846493 0.35225004944279825 0
    outer loop
      vertex 65.21638597548008 -11.480502970516682 0
      vertex 65.21638597548008 -11.480502970516682 4.6
      vertex 65.90790388733149 -9.643183961510658 0
    endloop
  endfacet
  facet normal -0.9359059261846493 0.35225004944279825 0
    outer loop
      vertex 65.90790388733149 -9.643183961510658 4.6
      vertex 65.90790388733149 -9.643183961510658 0
      vertex 65.21638597548008 -11.480502970516682 4.6
    endloop
  endfacet
  facet normal -0.910863824866629 0.412707029924782 0
    outer loop
      vertex 64.40618224442005 -13.268660709261894 0
      vertex 64.40618224442005 -13.268660709261894 4.6
      vertex 65.21638597548008 -11.480502970516682 0
    endloop
  endfacet
  facet normal -0.910863824866629 0.412707029924782 0
    outer loop
      vertex 65.21638597548008 -11.480502970516682 4.6
      vertex 65.21638597548008 -11.480502970516682 0
      vertex 64.40618224442005 -13.268660709261894 4.6
    endloop
  endfacet
  facet normal -0.8819212650259369 0.47139673555833117 0
    outer loop
      vertex 63.480762116611004 -15 0
      vertex 63.480762116611004 -15 4.6
      vertex 64.40618224442005 -13.268660709261894 0
    endloop
  endfacet
  facet normal -0.8819212650259369 0.47139673555833117 0
    outer loop
      vertex 64.40618224442005 -13.268660709261894 4.6
      vertex 64.40618224442005 -13.268660709261894 0
      vertex 63.480762116611004 -15 4.6
    endloop
  endfacet
  facet normal -0.8492021813580571 0.528067850921373 0
    outer loop
      vertex 62.444088369607925 -16.667106993496418 0
      vertex 62.444088369607925 -16.667106993496418 4.6
      vertex 63.480762116611004 -15 0
    endloop
  endfacet
  facet normal -0.8492021813580571 0.528067850921373 0
    outer loop
      vertex 63.480762116611004 -15 4.6
      vertex 63.480762116611004 -15 0
      vertex 62.444088369607925 -16.667106993496418 4.6
    endloop
  endfacet
  facet normal -0.8128466840361138 0.5824776976430034 0
    outer loop
      vertex 61.300600208342075 -18.262842871248722 0
      vertex 61.300600208342075 -18.262842871248722 4.6
      vertex 62.444088369607925 -16.667106993496418 0
    endloop
  endfacet
  facet normal -0.8128466840361138 0.5824776976430034 0
    outer loop
      vertex 62.444088369607925 -16.667106993496418 4.6
      vertex 62.444088369607925 -16.667106993496418 0
      vertex 61.300600208342075 -18.262842871248722 4.6
    endloop
  endfacet
  facet normal -0.7730104524178223 0.6343932853150274 0
    outer loop
      vertex 60.05519422143698 -19.780374452471733 0
      vertex 60.05519422143698 -19.780374452471733 4.6
      vertex 61.300600208342075 -18.262842871248722 0
    endloop
  endfacet
  facet normal -0.7730104524178223 0.6343932853150274 0
    outer loop
      vertex 61.300600208342075 -18.262842871248722 4.6
      vertex 61.300600208342075 -18.262842871248722 0
      vertex 60.05519422143698 -19.780374452471733 4.6
    endloop
  endfacet
  facet normal -0.7298640745684248 0.6835923000256635 0
    outer loop
      vertex 58.71320343762636 -21.213203437626362 0
      vertex 58.71320343762636 -21.213203437626362 4.6
      vertex 60.05519422143698 -19.780374452471733 0
    endloop
  endfacet
  facet normal -0.7298640745684248 0.6835923000256635 0
    outer loop
      vertex 60.05519422143698 -19.780374452471733 4.6
      vertex 60.05519422143698 -19.780374452471733 0
      vertex 58.71320343762636 -21.213203437626362 4.6
    endloop
  endfacet
  facet normal -0.6835923000256635 0.7298640745684248 0
    outer loop
      vertex 57.28037445247173 -22.555194221436977 0
      vertex 57.28037445247173 -22.555194221436977 4.6
      vertex 58.71320343762636 -21.213203437626362 0
    endloop
  endfacet
  facet normal -0.6835923000256635 0.7298640745684248 0
    outer loop
      vertex 58.71320343762636 -21.213203437626362 4.6
      vertex 58.71320343762636 -21.213203437626362 0
      vertex 57.28037445247173 -22.555194221436977 4.6
    endloop
  endfacet
  facet normal -0.6343932853150274 0.7730104524178223 0
    outer loop
      vertex 55.76284287124872 -23.800600208342075 0
      vertex 55.76284287124872 -23.800600208342075 4.6
      vertex 57.28037445247173 -22.555194221436977 0
    endloop
  endfacet
  facet normal -0.6343932853150274 0.7730104524178223 0
    outer loop
      vertex 57.28037445247173 -22.555194221436977 4.6
      vertex 57.28037445247173 -22.555194221436977 0
      vertex 55.76284287124872 -23.800600208342075 4.6
    endloop
  endfacet
  facet normal -0.5824776976430034 0.8128466840361138 0
    outer loop
      vertex 54.16710699349642 -24.944088369607925 0
      vertex 54.16710699349642 -24.944088369607925 4.6
      vertex 55.76284287124872 -23.800600208342075 0
    endloop
  endfacet
  facet normal -0.5824776976430034 0.8128466840361138 0
    outer loop
      vertex 55.76284287124872 -23.800600208342075 4.6
      vertex 55.76284287124872 -23.800600208342075 0
      vertex 54.16710699349642 -24.944088369607925 4.6
    endloop
  endfacet
  facet normal -0.528067850921373 0.8492021813580571 0
    outer loop
      vertex 52.5 -25.980762116611004 0
      vertex 52.5 -25.980762116611004 4.6
      vertex 54.16710699349642 -24.944088369607925 0
    endloop
  endfacet
  facet normal -0.528067850921373 0.8492021813580571 0
    outer loop
      vertex 54.16710699349642 -24.944088369607925 4.6
      vertex 54.16710699349642 -24.944088369607925 0
      vertex 52.5 -25.980762116611004 4.6
    endloop
  endfacet
  facet normal -0.47139673555833117 0.8819212650259369 0
    outer loop
      vertex 50.768660709261894 -26.90618224442005 0
      vertex 50.768660709261894 -26.90618224442005 4.6
      vertex 52.5 -25.980762116611004 0
    endloop
  endfacet
  facet normal -0.47139673555833117 0.8819212650259369 0
    outer loop
      vertex 52.5 -25.980762116611004 4.6
      vertex 52.5 -25.980762116611004 0
      vertex 50.768660709261894 -26.90618224442005 4.6
    endloop
  endfacet
  facet normal -0.412707029924782 0.910863824866629 0
    outer loop
      vertex 48.98050297051668 -27.71638597548008 0
      vertex 48.98050297051668 -27.71638597548008 4.6
      vertex 50.768660709261894 -26.90618224442005 0
    endloop
  endfacet
  facet normal -0.412707029924782 0.910863824866629 0
    outer loop
      vertex 50.768660709261894 -26.90618224442005 4.6
      vertex 50.768660709261894 -26.90618224442005 0
      vertex 48.98050297051668 -27.71638597548008 4.6
    endloop
  endfacet
  facet normal -0.35225004944279825 0.9359059261846493 0
    outer loop
      vertex 47.14318396151066 -28.407903887331486 0
      vertex 47.14318396151066 -28.407903887331486 4.6
      vertex 48.98050297051668 -27.71638597548008 0
    endloop
  endfacet
  facet normal -0.35225004944279825 0.9359059261846493 0
    outer loop
      vertex 48.98050297051668 -27.71638597548008 4.6
      vertex 48.98050297051668 -27.71638597548008 0
      vertex 47.14318396151066 -28.407903887331486 4.6
    endloop
  endfacet
  facet normal -0.290284677139699 0.9569403357670221 0
    outer loop
      vertex 45.264571353793144 -28.977774791419506 0
      vertex 45.264571353793144 -28.977774791419506 4.6
      vertex 47.14318396151066 -28.407903887331486 0
    endloop
  endfacet
  facet normal -0.290284677139699 0.9569403357670221 0
    outer loop
      vertex 47.14318396151066 -28.407903887331486 4.6
      vertex 47.14318396151066 -28.407903887331486 0
      vertex 45.264571353793144 -28.977774791419506 4.6
    endloop
  endfacet
  facet normal -0.2270762623073126 0.9738769794468605 0
    outer loop
      vertex 43.35270965844393 -29.42355841398239 0
      vertex 43.35270965844393 -29.42355841398239 4.6
      vertex 45.264571353793144 -28.977774791419506 0
    endloop
  endfacet
  facet normal -0.2270762623073126 0.9738769794468605 0
    outer loop
      vertex 45.264571353793144 -28.977774791419506 4.6
      vertex 45.264571353793144 -28.977774791419506 0
      vertex 43.35270965844393 -29.42355841398239 4.6
    endloop
  endfacet
  facet normal -0.1628954729438304 0.9866433321592994 0
    outer loop
      vertex 41.415785767138004 -29.743345841765404 0
      vertex 41.415785767138004 -29.743345841765404 4.6
      vertex 43.35270965844393 -29.42355841398239 0
    endloop
  endfacet
  facet normal -0.1628954729438304 0.9866433321592994 0
    outer loop
      vertex 43.35270965844393 -29.42355841398239 4.6
      vertex 43.35270965844393 -29.42355841398239 0
      vertex 41.415785767138004 -29.743345841765404 4.6
    endloop
  endfacet
  facet normal -0.09801708059094283 0.9951847325559354 0
    outer loop
      vertex 41.28631968051195 -29.75609713047743 0
      vertex 41.28631968051195 -29.75609713047743 4.6
      vertex 41.415785767138004 -29.743345841765404 0
    endloop
  endfacet
  facet normal -0.09801708059094283 0.9951847325559354 0
    outer loop
      vertex 41.415785767138004 -29.743345841765404 4.6
      vertex 41.415785767138004 -29.743345841765404 0
      vertex 41.28631968051195 -29.75609713047743 4.6
    endloop
  endfacet
  facet normal -0.9108638327645996 -0.41270701249358904 0
    outer loop
      vertex 41.332534968853 -29.858096450567245 0
      vertex 41.332534968853 -29.858096450567245 4.6
      vertex 41.28631968051195 -29.75609713047743 0
    endloop
  endfacet
  facet normal -0.9108638327645996 -0.41270701249358904 0
    outer loop
      vertex 41.28631968051195 -29.75609713047743 4.6
      vertex 41.28631968051195 -29.75609713047743 0
      vertex 41.332534968853 -29.858096450567245 4.6
    endloop
  endfacet
  facet normal -0.9359059348001256 -0.35225002655202603 0
    outer loop
      vertex 41.38324628025293 -29.99283318221569 0
      vertex 41.38324628025293 -29.99283318221569 4.6
      vertex 41.332534968853 -29.858096450567245 0
    endloop
  endfacet
  facet normal -0.9359059348001256 -0.35225002655202603 0
    outer loop
      vertex 41.332534968853 -29.858096450567245 4.6
      vertex 41.332534968853 -29.858096450567245 0
      vertex 41.38324628025293 -29.99283318221569 4.6
    endloop
  endfacet
  facet normal -0.9569403261936907 -0.2902847086987408 0
    outer loop
      vertex 41.42503681778908 -30.130598105490208 0
      vertex 41.42503681778908 -30.130598105490208 4.6
      vertex 41.38324628025293 -29.99283318221569 0
    endloop
  endfacet
  facet normal -0.9569403261936907 -0.2902847086987408 0
    outer loop
      vertex 41.38324628025293 -29.99283318221569 4.6
      vertex 41.38324628025293 -29.99283318221569 0
      vertex 41.42503681778908 -30.130598105490208 4.6
    endloop
  endfacet
  facet normal -0.9738769862109585 -0.22707623329767604 0
    outer loop
      vertex 41.45772761106491 -30.270801290869713 0
      vertex 41.45772761106491 -30.270801290869713 4.6
      vertex 41.42503681778908 -30.130598105490208 0
    endloop
  endfacet
  facet normal -0.9738769862109585 -0.22707623329767604 0
    outer loop
      vertex 41.42503681778908 -30.130598105490208 4.6
      vertex 41.42503681778908 -30.130598105490208 0
      vertex 41.45772761106491 -30.270801290869713 4.6
    endloop
  endfacet
  facet normal -0.98664332760914 -0.16289550050373788 0
    outer loop
      vertex 41.48117869347334 -30.412842378020287 0
      vertex 41.48117869347334 -30.412842378020287 4.6
      vertex 41.45772761106491 -30.270801290869713 0
    endloop
  endfacet
  facet normal -0.98664332760914 -0.16289550050373788 0
    outer loop
      vertex 41.45772761106491 -30.270801290869713 4.6
      vertex 41.45772761106491 -30.270801290869713 0
      vertex 41.48117869347334 -30.412842378020287 4.6
    endloop
  endfacet
  facet normal -0.9951847255695989 -0.09801715152442476 0
    outer loop
      vertex 41.495289631187916 -30.556113116443157 0
      vertex 41.495289631187916 -30.556113116443157 4.6
      vertex 41.48117869347334 -30.412842378020287 0
    endloop
  endfacet
  facet normal -0.9951847255695989 -0.09801715152442476 0
    outer loop
      vertex 41.48117869347334 -30.412842378020287 4.6
      vertex 41.48117869347334 -30.412842378020287 0
      vertex 41.495289631187916 -30.556113116443157 4.6
    endloop
  endfacet
  facet normal -0.9994645875072617 -0.03271908187799826 0
    outer loop
      vertex 41.5 -30.700000002980232 0
      vertex 41.5 -30.700000002980232 4.6
      vertex 41.495289631187916 -30.556113116443157 0
    endloop
  endfacet
  facet normal -0.9994645875072617 -0.03271908187799826 0
    outer loop
      vertex 41.495289631187916 -30.556113116443157 4.6
      vertex 41.495289631187916 -30.556113116443157 0
      vertex 41.5 -30.700000002980232 4.6
    endloop
  endfacet
  facet normal -1 0 0
    outer loop
      vertex 41.5 -36.29999999701977 0
      vertex 41.5 -36.29999999701977 4.6
      vertex 41.5 -30.700000002980232 0
    endloop
  endfacet
  facet normal -1 0 0
    outer loop
      vertex 41.5 -30.700000002980232 4.6
      vertex 41.5 -30.700000002980232 0
      vertex 41.5 -36.29999999701977 4.6
    endloop
  endfacet
  facet normal -0.9994645875072617 0.03271908187799826 0
    outer loop
      vertex 41.495289631187916 -36.44388688355684 0
      vertex 41.495289631187916 -36.44388688355684 4.6
      vertex 41.5 -36.29999999701977 0
    endloop
  endfacet
  facet normal -0.9994645875072617 0.03271908187799826 0
    outer loop
      vertex 41.5 -36.29999999701977 4.6
      vertex 41.5 -36.29999999701977 0
      vertex 41.495289631187916 -36.44388688355684 4.6
    endloop
  endfacet
  facet normal -0.9951847255695989 0.09801715152442476 0
    outer loop
      vertex 41.48117869347334 -36.58715762197971 0
      vertex 41.48117869347334 -36.58715762197971 4.6
      vertex 41.495289631187916 -36.44388688355684 0
    endloop
  endfacet
  facet normal -0.9951847255695989 0.09801715152442476 0
    outer loop
      vertex 41.495289631187916 -36.44388688355684 4.6
      vertex 41.495289631187916 -36.44388688355684 0
      vertex 41.48117869347334 -36.58715762197971 4.6
    endloop
  endfacet
  facet normal -0.98664332760914 0.16289550050373788 0
    outer loop
      vertex 41.45772761106491 -36.72919870913029 0
      vertex 41.45772761106491 -36.72919870913029 4.6
      vertex 41.48117869347334 -36.58715762197971 0
    endloop
  endfacet
  facet normal -0.98664332760914 0.16289550050373788 0
    outer loop
      vertex 41.48117869347334 -36.58715762197971 4.6
      vertex 41.48117869347334 -36.58715762197971 0
      vertex 41.45772761106491 -36.72919870913029 4.6
    endloop
  endfacet
  facet normal -0.9738769862109585 0.22707623329767604 0
    outer loop
      vertex 41.42503681778908 -36.86940189450979 0
      vertex 41.42503681778908 -36.86940189450979 4.6
      vertex 41.45772761106491 -36.72919870913029 0
    endloop
  endfacet
  facet normal -0.9738769862109585 0.22707623329767604 0
    outer loop
      vertex 41.45772761106491 -36.72919870913029 4.6
      vertex 41.45772761106491 -36.72919870913029 0
      vertex 41.42503681778908 -36.86940189450979 4.6
    endloop
  endfacet
  facet normal -0.9569403261936907 0.2902847086987408 0
    outer loop
      vertex 41.38324628025293 -37.00716681778431 0
      vertex 41.38324628025293 -37.00716681778431 4.6
      vertex 41.42503681778908 -36.86940189450979 0
    endloop
  endfacet
  facet normal -0.9569403261936907 0.2902847086987408 0
    outer loop
      vertex 41.42503681778908 -36.86940189450979 4.6
      vertex 41.42503681778908 -36.86940189450979 0
      vertex 41.38324628025293 -37.00716681778431 4.6
    endloop
  endfacet
  facet normal -0.9359059348001256 0.35225002655202603 0
    outer loop
      vertex 41.332534968853 -37.141903549432755 0
      vertex 41.332534968853 -37.141903549432755 4.6
      vertex 41.38324628025293 -37.00716681778431 0
    endloop
  endfacet
  facet normal -0.9359059348001256 0.35225002655202603 0
    outer loop
      vertex 41.38324628025293 -37.00716681778431 4.6
      vertex 41.38324628025293 -37.00716681778431 0
      vertex 41.332534968853 -37.141903549432755 4.6
    endloop
  endfacet
  facet normal -0.9108638300445371 0.4127070184968951 0
    outer loop
      vertex 41.273120030760765 -37.2730351164937 0
      vertex 41.273120030760765 -37.2730351164937 4.6
      vertex 41.332534968853 -37.141903549432755 0
    endloop
  endfacet
  facet normal -0.9108638300445371 0.4127070184968951 0
    outer loop
      vertex 41.332534968853 -37.141903549432755 4.6
      vertex 41.332534968853 -37.141903549432755 0
      vertex 41.273120030760765 -37.2730351164937 4.6
    endloop
  endfacet
  facet normal -0.8819212671033585 0.4713967316717486 0
    outer loop
      vertex 41.20525588840246 -37.399999998509884 0
      vertex 41.20525588840246 -37.399999998509884 4.6
      vertex 41.273120030760765 -37.2730351164937 0
    endloop
  endfacet
  facet normal -0.8819212671033585 0.4713967316717486 0
    outer loop
      vertex 41.273120030760765 -37.2730351164937 4.6
      vertex 41.273120030760765 -37.2730351164937 0
      vertex 41.20525588840246 -37.399999998509884 4.6
    endloop
  endfacet
  facet normal -0.8492021735219449 0.5280678635228664 0
    outer loop
      vertex 41.12923314422369 -37.52225451171398 0
      vertex 41.12923314422369 -37.52225451171398 4.6
      vertex 41.20525588840246 -37.399999998509884 0
    endloop
  endfacet
  facet normal -0.8492021735219449 0.5280678635228664 0
    outer loop
      vertex 41.20525588840246 -37.399999998509884 4.6
      vertex 41.20525588840246 -37.399999998509884 0
      vertex 41.12923314422369 -37.52225451171398 4.6
    endloop
  endfacet
  facet normal -0.8128466740119754 0.5824777116316723 0
    outer loop
      vertex 41.04537734389305 -37.63927514106035 0
      vertex 41.04537734389305 -37.63927514106035 4.6
      vertex 41.12923314422369 -37.52225451171398 0
    endloop
  endfacet
  facet normal -0.8128466740119754 0.5824777116316723 0
    outer loop
      vertex 41.12923314422369 -37.52225451171398 4.6
      vertex 41.12923314422369 -37.52225451171398 0
      vertex 41.04537734389305 -37.63927514106035 4.6
    endloop
  endfacet
  facet normal -0.7730104661530044 0.6343932685786593 0
    outer loop
      vertex 40.954047575592995 -37.75056079030037 0
      vertex 40.954047575592995 -37.75056079030037 4.6
      vertex 41.04537734389305 -37.63927514106035 0
    endloop
  endfacet
  facet normal -0.7730104661530044 0.6343932685786593 0
    outer loop
      vertex 41.04537734389305 -37.63927514106035 4.6
      vertex 41.04537734389305 -37.63927514106035 0
      vertex 40.954047575592995 -37.75056079030037 4.6
    endloop
  endfacet
  facet normal -0.7298640464865996 0.6835923300083221 0
    outer loop
      vertex 40.85563491284847 -37.85563491284847 0
      vertex 40.85563491284847 -37.85563491284847 4.6
      vertex 40.954047575592995 -37.75056079030037 0
    endloop
  endfacet
  facet normal -0.7298640464865996 0.6835923300083221 0
    outer loop
      vertex 40.954047575592995 -37.75056079030037 4.6
      vertex 40.954047575592995 -37.75056079030037 0
      vertex 40.85563491284847 -37.85563491284847 4.6
    endloop
  endfacet
  facet normal -0.6835923300083221 0.7298640464865996 0
    outer loop
      vertex 40.75056079030037 -37.954047575592995 0
      vertex 40.75056079030037 -37.954047575592995 4.6
      vertex 40.85563491284847 -37.85563491284847 0
    endloop
  endfacet
  facet normal -0.6835923300083221 0.7298640464865996 0
    outer loop
      vertex 40.85563491284847 -37.85563491284847 4.6
      vertex 40.85563491284847 -37.85563491284847 0
      vertex 40.75056079030037 -37.954047575592995 4.6
    endloop
  endfacet
  facet normal -0.6343932685786593 0.7730104661530044 0
    outer loop
      vertex 40.63927514106035 -38.04537734389305 0
      vertex 40.63927514106035 -38.04537734389305 4.6
      vertex 40.75056079030037 -37.954047575592995 0
    endloop
  endfacet
  facet normal -0.6343932685786593 0.7730104661530044 0
    outer loop
      vertex 40.75056079030037 -37.954047575592995 4.6
      vertex 40.75056079030037 -37.954047575592995 0
      vertex 40.63927514106035 -38.04537734389305 4.6
    endloop
  endfacet
  facet normal -0.5824777116316723 0.8128466740119754 0
    outer loop
      vertex 40.52225451171398 -38.12923314422369 0
      vertex 40.52225451171398 -38.12923314422369 4.6
      vertex 40.63927514106035 -38.04537734389305 0
    endloop
  endfacet
  facet normal -0.5824777116316723 0.8128466740119754 0
    outer loop
      vertex 40.63927514106035 -38.04537734389305 4.6
      vertex 40.63927514106035 -38.04537734389305 0
      vertex 40.52225451171398 -38.12923314422369 4.6
    endloop
  endfacet
  facet normal -0.5280678635228664 0.8492021735219449 0
    outer loop
      vertex 40.399999998509884 -38.20525588840246 0
      vertex 40.399999998509884 -38.20525588840246 4.6
      vertex 40.52225451171398 -38.12923314422369 0
    endloop
  endfacet
  facet normal -0.5280678635228664 0.8492021735219449 0
    outer loop
      vertex 40.52225451171398 -38.12923314422369 4.6
      vertex 40.52225451171398 -38.12923314422369 0
      vertex 40.399999998509884 -38.20525588840246 4.6
    endloop
  endfacet
  facet normal -0.4713967316717486 0.8819212671033585 0
    outer loop
      vertex 40.2730351164937 -38.273120030760765 0
      vertex 40.2730351164937 -38.273120030760765 4.6
      vertex 40.399999998509884 -38.20525588840246 0
    endloop
  endfacet
  facet normal -0.4713967316717486 0.8819212671033585 0
    outer loop
      vertex 40.399999998509884 -38.20525588840246 4.6
      vertex 40.399999998509884 -38.20525588840246 0
      vertex 40.2730351164937 -38.273120030760765 4.6
    endloop
  endfacet
  facet normal -0.4127070184968951 0.9108638300445371 0
    outer loop
      vertex 40.141903549432755 -38.332534968853 0
      vertex 40.141903549432755 -38.332534968853 4.6
      vertex 40.2730351164937 -38.273120030760765 0
    endloop
  endfacet
  facet normal -0.4127070184968951 0.9108638300445371 0
    outer loop
      vertex 40.2730351164937 -38.273120030760765 4.6
      vertex 40.2730351164937 -38.273120030760765 0
      vertex 40.141903549432755 -38.332534968853 4.6
    endloop
  endfacet
  facet normal -0.35225002655202603 0.9359059348001256 0
    outer loop
      vertex 40.00716681778431 -38.38324628025293 0
      vertex 40.00716681778431 -38.38324628025293 4.6
      vertex 40.141903549432755 -38.332534968853 0
    endloop
  endfacet
  facet normal -0.35225002655202603 0.9359059348001256 0
    outer loop
      vertex 40.141903549432755 -38.332534968853 4.6
      vertex 40.141903549432755 -38.332534968853 0
      vertex 40.00716681778431 -38.38324628025293 4.6
    endloop
  endfacet
  facet normal -0.2902847086987408 0.9569403261936907 0
    outer loop
      vertex 39.86940189450979 -38.42503681778908 0
      vertex 39.86940189450979 -38.42503681778908 4.6
      vertex 40.00716681778431 -38.38324628025293 0
    endloop
  endfacet
  facet normal -0.2902847086987408 0.9569403261936907 0
    outer loop
      vertex 40.00716681778431 -38.38324628025293 4.6
      vertex 40.00716681778431 -38.38324628025293 0
      vertex 39.86940189450979 -38.42503681778908 4.6
    endloop
  endfacet
  facet normal -0.22707623329767604 0.9738769862109585 0
    outer loop
      vertex 39.72919870913029 -38.45772761106491 0
      vertex 39.72919870913029 -38.45772761106491 4.6
      vertex 39.86940189450979 -38.42503681778908 0
    endloop
  endfacet
  facet normal -0.22707623329767604 0.9738769862109585 0
    outer loop
      vertex 39.86940189450979 -38.42503681778908 4.6
      vertex 39.86940189450979 -38.42503681778908 0
      vertex 39.72919870913029 -38.45772761106491 4.6
    endloop
  endfacet
  facet normal -0.16289550050373788 0.98664332760914 0
    outer loop
      vertex 39.58715762197971 -38.48117869347334 0
      vertex 39.58715762197971 -38.48117869347334 4.6
      vertex 39.72919870913029 -38.45772761106491 0
    endloop
  endfacet
  facet normal -0.16289550050373788 0.98664332760914 0
    outer loop
      vertex 39.72919870913029 -38.45772761106491 4.6
      vertex 39.72919870913029 -38.45772761106491 0
      vertex 39.58715762197971 -38.48117869347334 4.6
    endloop
  endfacet
  facet normal -0.09801715152442476 0.9951847255695989 0
    outer loop
      vertex 39.44388688355684 -38.495289631187916 0
      vertex 39.44388688355684 -38.495289631187916 4.6
      vertex 39.58715762197971 -38.48117869347334 0
    endloop
  endfacet
  facet normal -0.09801715152442476 0.9951847255695989 0
    outer loop
      vertex 39.58715762197971 -38.48117869347334 4.6
      vertex 39.58715762197971 -38.48117869347334 0
      vertex 39.44388688355684 -38.495289631187916 4.6
    endloop
  endfacet
  facet normal -0.03271908187799826 0.9994645875072617 0
    outer loop
      vertex 39.29999999701977 -38.5 0
      vertex 39.29999999701977 -38.5 4.6
      vertex 39.44388688355684 -38.495289631187916 0
    endloop
  endfacet
  facet normal -0.03271908187799826 0.9994645875072617 0
    outer loop
      vertex 39.44388688355684 -38.495289631187916 4.6
      vertex 39.44388688355684 -38.495289631187916 0
      vertex 39.29999999701977 -38.5 4.6
    endloop
  endfacet
  facet normal 0 1 0
    outer loop
      vertex 35.70000000298023 -38.5 0
      vertex 35.70000000298023 -38.5 4.6
      vertex 39.29999999701977 -38.5 0
    endloop
  endfacet
  facet normal 0 1 0
    outer loop
      vertex 39.29999999701977 -38.5 4.6
      vertex 39.29999999701977 -38.5 0
      vertex 35.70000000298023 -38.5 4.6
    endloop
  endfacet
  facet normal 0 0 1
    outer loop
      vertex 41.415785767138004 -29.743345841765404 4.6
      vertex 41.28631968051195 -29.75609713047743 4.6
      vertex 41.332534968853 -29.858096450567245 4.6
    endloop
  endfacet
  facet normal 0 0 1
    outer loop
      vertex -41.332534968853 -29.858096450567245 4.6
      vertex -41.28631968051195 -29.75609713047743 4.6
      vertex -41.415785767138004 -29.743345841765404 4.6
    endloop
  endfacet
  facet normal 0 0 1
    outer loop
      vertex 33.667465031147 -29.858096450567245 4.6
      vertex 33.71368031203747 -29.75609713047743 4.6
      vertex 33.584214232861996 -29.743345841765404 4.6
    endloop
  endfacet
  facet normal 0 0 1
    outer loop
      vertex -33.584214232861996 -29.743345841765404 4.6
      vertex -33.71368031203747 -29.75609713047743 4.6
      vertex -33.667465031147 -29.858096450567245 4.6
    endloop
  endfacet
  facet normal 0 0 1
    outer loop
      vertex 7.564232304692268 -1.9620938748121262 4.6
      vertex 7.5 0 4.6
      vertex -7.5 0 4.6
    endloop
  endfacet
  facet normal 0 0 1
    outer loop
      vertex 7.564232304692268 -1.9620938748121262 4.6
      vertex -7.5 0 4.6
      vertex -7.564232304692268 -1.9620938748121262 4.6
    endloop
  endfacet
  facet normal 0 0 1
    outer loop
      vertex -7.564232304692268 1.9620938748121262 4.6
      vertex -7.5 0 4.6
      vertex 7.5 0 4.6
    endloop
  endfacet
  facet normal 0 0 1
    outer loop
      vertex -7.564232304692268 1.9620938748121262 4.6
      vertex 7.5 0 4.6
      vertex 7.564232304692268 1.9620938748121262 4.6
    endloop
  endfacet
  facet normal 0 0 1
    outer loop
      vertex 7.756654158234596 -3.9157857671380043 4.6
      vertex 7.564232304692268 -1.9620938748121262 4.6
      vertex -7.564232304692268 -1.9620938748121262 4.6
    endloop
  endfacet
  facet normal 0 0 1
    outer loop
      vertex 7.756654158234596 -3.9157857671380043 4.6
      vertex -7.564232304692268 -1.9620938748121262 4.6
      vertex -7.756654158234596 -3.9157857671380043 4.6
    endloop
  endfacet
  facet normal 0 0 1
    outer loop
      vertex -7.756654158234596 3.9157857671380043 4.6
      vertex -7.564232304692268 1.9620938748121262 4.6
      vertex 7.564232304692268 1.9620938748121262 4.6
    endloop
  endfacet
  facet normal 0 0 1
    outer loop
      vertex -7.756654158234596 3.9157857671380043 4.6
      vertex 7.564232304692268 1.9620938748121262 4.6
      vertex 7.756654158234596 3.9157857671380043 4.6
    endloop
  endfacet
  facet normal 0 0 1
    outer loop
      vertex 8.076441586017609 -5.852709658443928 4.6
      vertex 7.756654158234596 -3.9157857671380043 4.6
      vertex -7.756654158234596 -3.9157857671380043 4.6
    endloop
  endfacet
  facet normal 0 0 1
    outer loop
      vertex 8.076441586017609 -5.852709658443928 4.6
      vertex -7.756654158234596 -3.9157857671380043 4.6
      vertex -8.076441586017609 -5.852709658443928 4.6
    endloop
  endfacet
  facet normal 0 0 1
    outer loop
      vertex -8.076441586017609 5.852709658443928 4.6
      vertex -7.756654158234596 3.9157857671380043 4.6
      vertex 7.756654158234596 3.9157857671380043 4.6
    endloop
  endfacet
  facet normal 0 0 1
    outer loop
      vertex -8.076441586017609 5.852709658443928 4.6
      vertex 7.756654158234596 3.9157857671380043 4.6
      vertex 8.076441586017609 5.852709658443928 4.6
    endloop
  endfacet
  facet normal 0 0 1
    outer loop
      vertex 8.522225208580494 -7.764571353793144 4.6
      vertex 8.076441586017609 -5.852709658443928 4.6
      vertex -8.076441586017609 -5.852709658443928 4.6
    endloop
  endfacet
  facet normal 0 0 1
    outer loop
      vertex 8.522225208580494 -7.764571353793144 4.6
      vertex -8.076441586017609 -5.852709658443928 4.6
      vertex -8.522225208580494 -7.764571353793144 4.6
    endloop
  endfacet
  facet normal 0 0 1
    outer loop
      vertex -8.522225208580494 7.764571353793144 4.6
      vertex -8.076441586017609 5.852709658443928 4.6
      vertex 8.076441586017609 5.852709658443928 4.6
    endloop
  endfacet
  facet normal 0 0 1
    outer loop
      vertex -8.522225208580494 7.764571353793144 4.6
      vertex 8.076441586017609 5.852709658443928 4.6
      vertex 8.522225208580494 7.764571353793144 4.6
    endloop
  endfacet
  facet normal 0 0 1
    outer loop
      vertex 9.092096112668514 -9.643183961510658 4.6
      vertex 8.522225208580494 -7.764571353793144 4.6
      vertex -8.522225208580494 -7.764571353793144 4.6
    endloop
  endfacet
  facet normal 0 0 1
    outer loop
      vertex 9.092096112668514 -9.643183961510658 4.6
      vertex -8.522225208580494 -7.764571353793144 4.6
      vertex -9.092096112668514 -9.643183961510658 4.6
    endloop
  endfacet
  facet normal 0 0 1
    outer loop
      vertex -9.092096112668514 9.643183961510658 4.6
      vertex -8.522225208580494 7.764571353793144 4.6
      vertex 8.522225208580494 7.764571353793144 4.6
    endloop
  endfacet
  facet normal 0 0 1
    outer loop
      vertex -9.092096112668514 9.643183961510658 4.6
      vertex 8.522225208580494 7.764571353793144 4.6
      vertex 9.092096112668514 9.643183961510658 4.6
    endloop
  endfacet
  facet normal 0 0 1
    outer loop
      vertex 9.78361402451992 -11.480502970516682 4.6
      vertex 9.092096112668514 -9.643183961510658 4.6
      vertex -9.092096112668514 -9.643183961510658 4.6
    endloop
  endfacet
  facet normal 0 0 1
    outer loop
      vertex 9.78361402451992 -11.480502970516682 4.6
      vertex -9.092096112668514 -9.643183961510658 4.6
      vertex -9.78361402451992 -11.480502970516682 4.6
    endloop
  endfacet
  facet normal 0 0 1
    outer loop
      vertex -9.78361402451992 11.480502970516682 4.6
      vertex -9.092096112668514 9.643183961510658 4.6
      vertex 9.092096112668514 9.643183961510658 4.6
    endloop
  endfacet
  facet normal 0 0 1
    outer loop
      vertex -9.78361402451992 11.480502970516682 4.6
      vertex 9.092096112668514 9.643183961510658 4.6
      vertex 9.78361402451992 11.480502970516682 4.6
    endloop
  endfacet
  facet normal 0 0 1
    outer loop
      vertex 10.593817755579948 -13.268660709261894 4.6
      vertex 9.78361402451992 -11.480502970516682 4.6
      vertex -9.78361402451992 -11.480502970516682 4.6
    endloop
  endfacet
  facet normal 0 0 1
    outer loop
      vertex 10.593817755579948 -13.268660709261894 4.6
      vertex -9.78361402451992 -11.480502970516682 4.6
      vertex -10.593817755579948 -13.268660709261894 4.6
    endloop
  endfacet
  facet normal 0 0 1
    outer loop
      vertex -10.593817755579948 13.268660709261894 4.6
      vertex -9.78361402451992 11.480502970516682 4.6
      vertex 9.78361402451992 11.480502970516682 4.6
    endloop
  endfacet
  facet normal 0 0 1
    outer loop
      vertex -10.593817755579948 13.268660709261894 4.6
      vertex 9.78361402451992 11.480502970516682 4.6
      vertex 10.593817755579948 13.268660709261894 4.6
    endloop
  endfacet
  facet normal 0 0 1
    outer loop
      vertex 11.519237883388996 -15 4.6
      vertex 10.593817755579948 -13.268660709261894 4.6
      vertex -10.593817755579948 -13.268660709261894 4.6
    endloop
  endfacet
  facet normal 0 0 1
    outer loop
      vertex 11.519237883388996 -15 4.6
      vertex -10.593817755579948 -13.268660709261894 4.6
      vertex -11.519237883388996 -15 4.6
    endloop
  endfacet
  facet normal 0 0 1
    outer loop
      vertex -11.519237883388996 15 4.6
      vertex -10.593817755579948 13.268660709261894 4.6
      vertex 10.593817755579948 13.268660709261894 4.6
    endloop
  endfacet
  facet normal 0 0 1
    outer loop
      vertex -11.519237883388996 15 4.6
      vertex 10.593817755579948 13.268660709261894 4.6
      vertex 11.519237883388996 15 4.6
    endloop
  endfacet
  facet normal 0 0 1
    outer loop
      vertex 12.555911630392075 -16.667106993496418 4.6
      vertex 11.519237883388996 -15 4.6
      vertex -11.519237883388996 -15 4.6
    endloop
  endfacet
  facet normal 0 0 1
    outer loop
      vertex 12.555911630392075 -16.667106993496418 4.6
      vertex -11.519237883388996 -15 4.6
      vertex -12.555911630392075 -16.667106993496418 4.6
    endloop
  endfacet
  facet normal 0 0 1
    outer loop
      vertex -12.555911630392075 16.667106993496418 4.6
      vertex -11.519237883388996 15 4.6
      vertex 11.519237883388996 15 4.6
    endloop
  endfacet
  facet normal 0 0 1
    outer loop
      vertex -12.555911630392075 16.667106993496418 4.6
      vertex 11.519237883388996 15 4.6
      vertex 12.555911630392075 16.667106993496418 4.6
    endloop
  endfacet
  facet normal 0 0 1
    outer loop
      vertex 41.415785767138004 -29.743345841765404 4.6
      vertex 41.332534968853 -29.858096450567245 4.6
      vertex 41.38324628025293 -29.99283318221569 4.6
    endloop
  endfacet
  facet normal 0 0 1
    outer loop
      vertex 43.35270965844393 -29.42355841398239 4.6
      vertex 41.415785767138004 -29.743345841765404 4.6
      vertex 41.38324628025293 -29.99283318221569 4.6
    endloop
  endfacet
  facet normal 0 0 1
    outer loop
      vertex 43.35270965844393 -29.42355841398239 4.6
      vertex 41.38324628025293 -29.99283318221569 4.6
      vertex 41.42503681778908 -30.130598105490208 4.6
    endloop
  endfacet
  facet normal 0 0 1
    outer loop
      vertex 43.35270965844393 -29.42355841398239 4.6
      vertex 41.42503681778908 -30.130598105490208 4.6
      vertex 41.45772761106491 -30.270801290869713 4.6
    endloop
  endfacet
  facet normal 0 0 1
    outer loop
      vertex 43.35270965844393 -29.42355841398239 4.6
      vertex 41.45772761106491 -30.270801290869713 4.6
      vertex 41.48117869347334 -30.412842378020287 4.6
    endloop
  endfacet
  facet normal 0 0 1
    outer loop
      vertex 43.35270965844393 -29.42355841398239 4.6
      vertex 41.48117869347334 -30.412842378020287 4.6
      vertex 41.495289631187916 -30.556113116443157 4.6
    endloop
  endfacet
  facet normal 0 0 1
    outer loop
      vertex 43.35270965844393 -29.42355841398239 4.6
      vertex 41.495289631187916 -30.556113116443157 4.6
      vertex 41.5 -30.700000002980232 4.6
    endloop
  endfacet
  facet normal 0 0 1
    outer loop
      vertex -41.38324628025293 -29.99283318221569 4.6
      vertex -41.332534968853 -29.858096450567245 4.6
      vertex -41.415785767138004 -29.743345841765404 4.6
    endloop
  endfacet
  facet normal 0 0 1
    outer loop
      vertex -41.38324628025293 -29.99283318221569 4.6
      vertex -41.415785767138004 -29.743345841765404 4.6
      vertex -43.35270965844393 -29.42355841398239 4.6
    endloop
  endfacet
  facet normal 0 0 1
    outer loop
      vertex -41.42503681778908 -30.130598105490208 4.6
      vertex -41.38324628025293 -29.99283318221569 4.6
      vertex -43.35270965844393 -29.42355841398239 4.6
    endloop
  endfacet
  facet normal 0 0 1
    outer loop
      vertex -41.45772761106491 -30.270801290869713 4.6
      vertex -41.42503681778908 -30.130598105490208 4.6
      vertex -43.35270965844393 -29.42355841398239 4.6
    endloop
  endfacet
  facet normal 0 0 1
    outer loop
      vertex -41.48117869347334 -30.412842378020287 4.6
      vertex -41.45772761106491 -30.270801290869713 4.6
      vertex -43.35270965844393 -29.42355841398239 4.6
    endloop
  endfacet
  facet normal 0 0 1
    outer loop
      vertex -41.495289631187916 -30.556113116443157 4.6
      vertex -41.48117869347334 -30.412842378020287 4.6
      vertex -43.35270965844393 -29.42355841398239 4.6
    endloop
  endfacet
  facet normal 0 0 1
    outer loop
      vertex -41.5 -30.700000002980232 4.6
      vertex -41.495289631187916 -30.556113116443157 4.6
      vertex -43.35270965844393 -29.42355841398239 4.6
    endloop
  endfacet
  facet normal 0 0 1
    outer loop
      vertex 33.61675371974707 -29.99283318221569 4.6
      vertex 33.667465031147 -29.858096450567245 4.6
      vertex 33.584214232861996 -29.743345841765404 4.6
    endloop
  endfacet
  facet normal 0 0 1
    outer loop
      vertex 33.61675371974707 -29.99283318221569 4.6
      vertex 33.584214232861996 -29.743345841765404 4.6
      vertex 31.647290341556072 -29.42355841398239 4.6
    endloop
  endfacet
  facet normal 0 0 1
    outer loop
      vertex 33.57496318221092 -30.130598105490208 4.6
      vertex 33.61675371974707 -29.99283318221569 4.6
      vertex 31.647290341556072 -29.42355841398239 4.6
    endloop
  endfacet
  facet normal 0 0 1
    outer loop
      vertex 33.54227238893509 -30.270801290869713 4.6
      vertex 33.57496318221092 -30.130598105490208 4.6
      vertex 31.647290341556072 -29.42355841398239 4.6
    endloop
  endfacet
  facet normal 0 0 1
    outer loop
      vertex 33.51882130652666 -30.412842378020287 4.6
      vertex 33.54227238893509 -30.270801290869713 4.6
      vertex 31.647290341556072 -29.42355841398239 4.6
    endloop
  endfacet
  facet normal 0 0 1
    outer loop
      vertex 33.504710368812084 -30.556113116443157 4.6
      vertex 33.51882130652666 -30.412842378020287 4.6
      vertex 31.647290341556072 -29.42355841398239 4.6
    endloop
  endfacet
  facet normal 0 0 1
    outer loop
      vertex 33.5 -30.700000002980232 4.6
      vertex 33.504710368812084 -30.556113116443157 4.6
      vertex 31.647290341556072 -29.42355841398239 4.6
    endloop
  endfacet
  facet normal 0 0 1
    outer loop
      vertex -33.584214232861996 -29.743345841765404 4.6
      vertex -33.667465031147 -29.858096450567245 4.6
      vertex -33.61675371974707 -29.99283318221569 4.6
    endloop
  endfacet
  facet normal 0 0 1
    outer loop
      vertex -31.647290341556072 -29.42355841398239 4.6
      vertex -33.584214232861996 -29.743345841765404 4.6
      vertex -33.61675371974707 -29.99283318221569 4.6
    endloop
  endfacet
  facet normal 0 0 1
    outer loop
      vertex -31.647290341556072 -29.42355841398239 4.6
      vertex -33.61675371974707 -29.99283318221569 4.6
      vertex -33.57496318221092 -30.130598105490208 4.6
    endloop
  endfacet
  facet normal 0 0 1
    outer loop
      vertex -31.647290341556072 -29.42355841398239 4.6
      vertex -33.57496318221092 -30.130598105490208 4.6
      vertex -33.54227238893509 -30.270801290869713 4.6
    endloop
  endfacet
  facet normal 0 0 1
    outer loop
      vertex -31.647290341556072 -29.42355841398239 4.6
      vertex -33.54227238893509 -30.270801290869713 4.6
      vertex -33.51882130652666 -30.412842378020287 4.6
    endloop
  endfacet
  facet normal 0 0 1
    outer loop
      vertex -31.647290341556072 -29.42355841398239 4.6
      vertex -33.51882130652666 -30.412842378020287 4.6
      vertex -33.504710368812084 -30.556113116443157 4.6
    endloop
  endfacet
  facet normal 0 0 1
    outer loop
      vertex -31.647290341556072 -29.42355841398239 4.6
      vertex -33.504710368812084 -30.556113116443157 4.6
      vertex -33.5 -30.700000002980232 4.6
    endloop
  endfacet
  facet normal 0 0 1
    outer loop
      vertex 43.35270965844393 -29.42355841398239 4.6
      vertex 41.5 -30.700000002980232 4.6
      vertex 41.5 -36.29999999701977 4.6
    endloop
  endfacet
  facet normal 0 0 1
    outer loop
      vertex 45.264571353793144 -28.977774791419506 4.6
      vertex 43.35270965844393 -29.42355841398239 4.6
      vertex 41.5 -36.29999999701977 4.6
    endloop
  endfacet
  facet normal 0 0 1
    outer loop
      vertex -41.5 -36.29999999701977 4.6
      vertex -41.5 -30.700000002980232 4.6
      vertex -43.35270965844393 -29.42355841398239 4.6
    endloop
  endfacet
  facet normal 0 0 1
    outer loop
      vertex -41.5 -36.29999999701977 4.6
      vertex -43.35270965844393 -29.42355841398239 4.6
      vertex -45.264571353793144 -28.977774791419506 4.6
    endloop
  endfacet
  facet normal 0 0 1
    outer loop
      vertex 33.5 -36.29999999701977 4.6
      vertex 33.5 -30.700000002980232 4.6
      vertex 31.647290341556072 -29.42355841398239 4.6
    endloop
  endfacet
  facet normal 0 0 1
    outer loop
      vertex 33.5 -36.29999999701977 4.6
      vertex 31.647290341556072 -29.42355841398239 4.6
      vertex 29.735428646206856 -28.977774791419506 4.6
    endloop
  endfacet
  facet normal 0 0 1
    outer loop
      vertex -31.647290341556072 -29.42355841398239 4.6
      vertex -33.5 -30.700000002980232 4.6
      vertex -33.5 -36.29999999701977 4.6
    endloop
  endfacet
  facet normal 0 0 1
    outer loop
      vertex -29.735428646206856 -28.977774791419506 4.6
      vertex -31.647290341556072 -29.42355841398239 4.6
      vertex -33.5 -36.29999999701977 4.6
    endloop
  endfacet
  facet normal 0 0 1
    outer loop
      vertex 13.699399791657925 -18.262842871248722 4.6
      vertex 12.555911630392075 -16.667106993496418 4.6
      vertex -12.555911630392075 -16.667106993496418 4.6
    endloop
  endfacet
  facet normal 0 0 1
    outer loop
      vertex 13.699399791657925 -18.262842871248722 4.6
      vertex -12.555911630392075 -16.667106993496418 4.6
      vertex -13.699399791657925 -18.262842871248722 4.6
    endloop
  endfacet
  facet normal 0 0 1
    outer loop
      vertex -13.699399791657925 18.262842871248722 4.6
      vertex -12.555911630392075 16.667106993496418 4.6
      vertex 12.555911630392075 16.667106993496418 4.6
    endloop
  endfacet
  facet normal 0 0 1
    outer loop
      vertex -13.699399791657925 18.262842871248722 4.6
      vertex 12.555911630392075 16.667106993496418 4.6
      vertex 13.699399791657925 18.262842871248722 4.6
    endloop
  endfacet
  facet normal 0 0 1
    outer loop
      vertex 14.944805778563023 -19.780374452471733 4.6
      vertex 13.699399791657925 -18.262842871248722 4.6
      vertex -13.699399791657925 -18.262842871248722 4.6
    endloop
  endfacet
  facet normal 0 0 1
    outer loop
      vertex 14.944805778563023 -19.780374452471733 4.6
      vertex -13.699399791657925 -18.262842871248722 4.6
      vertex -14.944805778563023 -19.780374452471733 4.6
    endloop
  endfacet
  facet normal 0 0 1
    outer loop
      vertex -14.944805778563023 19.780374452471733 4.6
      vertex -13.699399791657925 18.262842871248722 4.6
      vertex 13.699399791657925 18.262842871248722 4.6
    endloop
  endfacet
  facet normal 0 0 1
    outer loop
      vertex -14.944805778563023 19.780374452471733 4.6
      vertex 13.699399791657925 18.262842871248722 4.6
      vertex 14.944805778563023 19.780374452471733 4.6
    endloop
  endfacet
  facet normal 0 0 1
    outer loop
      vertex 16.286796562373638 -21.213203437626362 4.6
      vertex 14.944805778563023 -19.780374452471733 4.6
      vertex -14.944805778563023 -19.780374452471733 4.6
    endloop
  endfacet
  facet normal 0 0 1
    outer loop
      vertex 16.286796562373638 -21.213203437626362 4.6
      vertex -14.944805778563023 -19.780374452471733 4.6
      vertex -16.286796562373638 -21.213203437626362 4.6
    endloop
  endfacet
  facet normal 0 0 1
    outer loop
      vertex -16.286796562373638 21.213203437626362 4.6
      vertex -14.944805778563023 19.780374452471733 4.6
      vertex 14.944805778563023 19.780374452471733 4.6
    endloop
  endfacet
  facet normal 0 0 1
    outer loop
      vertex -16.286796562373638 21.213203437626362 4.6
      vertex 14.944805778563023 19.780374452471733 4.6
      vertex 16.286796562373638 21.213203437626362 4.6
    endloop
  endfacet
  facet normal 0 0 1
    outer loop
      vertex 47.14318396151066 -28.407903887331486 4.6
      vertex 45.264571353793144 -28.977774791419506 4.6
      vertex 41.5 -36.29999999701977 4.6
    endloop
  endfacet
  facet normal 0 0 1
    outer loop
      vertex -41.5 -36.29999999701977 4.6
      vertex -45.264571353793144 -28.977774791419506 4.6
      vertex -47.14318396151066 -28.407903887331486 4.6
    endloop
  endfacet
  facet normal 0 0 1
    outer loop
      vertex 33.5 -36.29999999701977 4.6
      vertex 29.735428646206856 -28.977774791419506 4.6
      vertex 27.85681603848934 -28.407903887331486 4.6
    endloop
  endfacet
  facet normal 0 0 1
    outer loop
      vertex -27.85681603848934 -28.407903887331486 4.6
      vertex -29.735428646206856 -28.977774791419506 4.6
      vertex -33.5 -36.29999999701977 4.6
    endloop
  endfacet
  facet normal 0 0 1
    outer loop
      vertex 17.719625547528267 -22.555194221436977 4.6
      vertex 16.286796562373638 -21.213203437626362 4.6
      vertex -16.286796562373638 -21.213203437626362 4.6
    endloop
  endfacet
  facet normal 0 0 1
    outer loop
      vertex 17.719625547528267 -22.555194221436977 4.6
      vertex -16.286796562373638 -21.213203437626362 4.6
      vertex -17.719625547528267 -22.555194221436977 4.6
    endloop
  endfacet
  facet normal 0 0 1
    outer loop
      vertex -17.719625547528267 22.555194221436977 4.6
      vertex -16.286796562373638 21.213203437626362 4.6
      vertex 16.286796562373638 21.213203437626362 4.6
    endloop
  endfacet
  facet normal 0 0 1
    outer loop
      vertex -17.719625547528267 22.555194221436977 4.6
      vertex 16.286796562373638 21.213203437626362 4.6
      vertex 17.719625547528267 22.555194221436977 4.6
    endloop
  endfacet
  facet normal 0 0 1
    outer loop
      vertex 67.43576769530773 1.9620938748121262 4.6
      vertex 67.5 0 4.6
      vertex 72.875 48.830422334373 4.6
    endloop
  endfacet
  facet normal 0 0 1
    outer loop
      vertex 67.2433458417654 3.9157857671380043 4.6
      vertex 67.43576769530773 1.9620938748121262 4.6
      vertex 72.875 48.830422334373 4.6
    endloop
  endfacet
  facet normal 0 0 1
    outer loop
      vertex 66.92355841398239 5.852709658443928 4.6
      vertex 67.2433458417654 3.9157857671380043 4.6
      vertex 72.875 48.830422334373 4.6
    endloop
  endfacet
  facet normal 0 0 1
    outer loop
      vertex 66.4777747914195 7.764571353793144 4.6
      vertex 66.92355841398239 5.852709658443928 4.6
      vertex 72.875 48.830422334373 4.6
    endloop
  endfacet
  facet normal 0 0 1
    outer loop
      vertex 65.90790388733149 9.643183961510658 4.6
      vertex 66.4777747914195 7.764571353793144 4.6
      vertex 72.875 48.830422334373 4.6
    endloop
  endfacet
  facet normal 0 0 1
    outer loop
      vertex 65.21638597548008 11.480502970516682 4.6
      vertex 65.90790388733149 9.643183961510658 4.6
      vertex 72.875 48.830422334373 4.6
    endloop
  endfacet
  facet normal 0 0 1
    outer loop
      vertex 64.40618224442005 13.268660709261894 4.6
      vertex 65.21638597548008 11.480502970516682 4.6
      vertex 72.875 48.830422334373 4.6
    endloop
  endfacet
  facet normal 0 0 1
    outer loop
      vertex 63.480762116611004 15 4.6
      vertex 64.40618224442005 13.268660709261894 4.6
      vertex 72.875 48.830422334373 4.6
    endloop
  endfacet
  facet normal 0 0 1
    outer loop
      vertex 62.444088369607925 16.667106993496418 4.6
      vertex 63.480762116611004 15 4.6
      vertex 72.875 48.830422334373 4.6
    endloop
  endfacet
  facet normal 0 0 1
    outer loop
      vertex 61.300600208342075 18.262842871248722 4.6
      vertex 62.444088369607925 16.667106993496418 4.6
      vertex 72.875 48.830422334373 4.6
    endloop
  endfacet
  facet normal 0 0 1
    outer loop
      vertex 60.05519422143698 19.780374452471733 4.6
      vertex 61.300600208342075 18.262842871248722 4.6
      vertex 72.875 48.830422334373 4.6
    endloop
  endfacet
  facet normal 0 0 1
    outer loop
      vertex 58.71320343762636 21.213203437626362 4.6
      vertex 60.05519422143698 19.780374452471733 4.6
      vertex 72.875 48.830422334373 4.6
    endloop
  endfacet
  facet normal 0 0 1
    outer loop
      vertex 57.28037445247173 22.555194221436977 4.6
      vertex 58.71320343762636 21.213203437626362 4.6
      vertex 72.875 48.830422334373 4.6
    endloop
  endfacet
  facet normal 0 0 1
    outer loop
      vertex 55.76284287124872 23.800600208342075 4.6
      vertex 57.28037445247173 22.555194221436977 4.6
      vertex 72.875 48.830422334373 4.6
    endloop
  endfacet
  facet normal 0 0 1
    outer loop
      vertex 54.16710699349642 24.944088369607925 4.6
      vertex 55.76284287124872 23.800600208342075 4.6
      vertex 72.875 48.830422334373 4.6
    endloop
  endfacet
  facet normal 0 0 1
    outer loop
      vertex 52.5 25.980762116611004 4.6
      vertex 54.16710699349642 24.944088369607925 4.6
      vertex 72.875 48.830422334373 4.6
    endloop
  endfacet
  facet normal 0 0 1
    outer loop
      vertex 50.768660709261894 26.90618224442005 4.6
      vertex 52.5 25.980762116611004 4.6
      vertex 72.875 48.830422334373 4.6
    endloop
  endfacet
  facet normal 0 0 1
    outer loop
      vertex 48.98050297051668 27.71638597548008 4.6
      vertex 50.768660709261894 26.90618224442005 4.6
      vertex 72.875 48.830422334373 4.6
    endloop
  endfacet
  facet normal 0 0 1
    outer loop
      vertex 47.14318396151066 28.407903887331486 4.6
      vertex 48.98050297051668 27.71638597548008 4.6
      vertex 72.875 48.830422334373 4.6
    endloop
  endfacet
  facet normal 0 0 1
    outer loop
      vertex 45.264571353793144 28.977774791419506 4.6
      vertex 47.14318396151066 28.407903887331486 4.6
      vertex 72.875 48.830422334373 4.6
    endloop
  endfacet
  facet normal 0 0 1
    outer loop
      vertex 45.264571353793144 28.977774791419506 4.6
      vertex 72.875 48.830422334373 4.6
      vertex 72.86884440481663 49.01845633238554 4.6
    endloop
  endfacet
  facet normal 0 0 1
    outer loop
      vertex 45.264571353793144 28.977774791419506 4.6
      vertex 72.86884440481663 49.01845633238554 4.6
      vertex 72.85040397942066 49.20568513870239 4.6
    endloop
  endfacet
  facet normal 0 0 1
    outer loop
      vertex 45.264571353793144 28.977774791419506 4.6
      vertex 72.85040397942066 49.20568513870239 4.6
      vertex 72.81975767761469 49.39130701124668 4.6
    endloop
  endfacet
  facet normal 0 0 1
    outer loop
      vertex 45.264571353793144 28.977774791419506 4.6
      vertex 72.81975767761469 49.39130701124668 4.6
      vertex 72.7770367488265 49.574527092278004 4.6
    endloop
  endfacet
  facet normal 0 0 1
    outer loop
      vertex 45.264571353793144 28.977774791419506 4.6
      vertex 72.7770367488265 49.574527092278004 4.6
      vertex 72.72242411971092 49.7545607984066 4.6
    endloop
  endfacet
  facet normal 0 0 1
    outer loop
      vertex 45.264571353793144 28.977774791419506 4.6
      vertex 72.72242411971092 49.7545607984066 4.6
      vertex 72.6561536565423 49.93063720315695 4.6
    endloop
  endfacet
  facet normal 0 0 1
    outer loop
      vertex 45.264571353793144 28.977774791419506 4.6
      vertex 72.6561536565423 49.93063720315695 4.6
      vertex 72.57850912958384 50.10200231522322 4.6
    endloop
  endfacet
  facet normal 0 0 1
    outer loop
      vertex 45.264571353793144 28.977774791419506 4.6
      vertex 72.57850912958384 50.10200231522322 4.6
      vertex 72.48982303589582 50.267922334373 4.6
    endloop
  endfacet
  facet normal 0 0 1
    outer loop
      vertex 45.264571353793144 28.977774791419506 4.6
      vertex 72.48982303589582 50.267922334373 4.6
      vertex 72.39047513902187 50.427686750888824 4.6
    endloop
  endfacet
  facet normal 0 0 1
    outer loop
      vertex 45.264571353793144 28.977774791419506 4.6
      vertex 72.39047513902187 50.427686750888824 4.6
      vertex 72.2808908522129 50.58061144500971 4.6
    endloop
  endfacet
  facet normal 0 0 1
    outer loop
      vertex 45.264571353793144 28.977774791419506 4.6
      vertex 72.2808908522129 50.58061144500971 4.6
      vertex 72.16153944283724 50.72604155540466 4.6
    endloop
  endfacet
  facet normal 0 0 1
    outer loop
      vertex 45.264571353793144 28.977774791419506 4.6
      vertex 72.16153944283724 50.72604155540466 4.6
      vertex 72.03293199837208 50.863354332745075 4.6
    endloop
  endfacet
  facet normal 0 0 1
    outer loop
      vertex 45.264571353793144 28.977774791419506 4.6
      vertex 72.03293199837208 50.863354332745075 4.6
      vertex 71.89561922103167 50.991961777210236 4.6
    endloop
  endfacet
  facet normal 0 0 1
    outer loop
      vertex 45.264571353793144 28.977774791419506 4.6
      vertex 71.89561922103167 50.991961777210236 4.6
      vertex 71.75018911063671 51.1113131865859 4.6
    endloop
  endfacet
  facet normal 0 0 1
    outer loop
      vertex 45.264571353793144 28.977774791419506 4.6
      vertex 71.75018911063671 51.1113131865859 4.6
      vertex 71.59726441651583 51.22089747339487 4.6
    endloop
  endfacet
  facet normal 0 0 1
    outer loop
      vertex 45.264571353793144 28.977774791419506 4.6
      vertex 71.59726441651583 51.22089747339487 4.6
      vertex 71.4375 51.32024537026882 4.6
    endloop
  endfacet
  facet normal 0 0 1
    outer loop
      vertex 45.264571353793144 28.977774791419506 4.6
      vertex 71.4375 51.32024537026882 4.6
      vertex 71.27157998085022 51.40893146395683 4.6
    endloop
  endfacet
  facet normal 0 0 1
    outer loop
      vertex 45.264571353793144 28.977774791419506 4.6
      vertex 71.27157998085022 51.40893146395683 4.6
      vertex 71.10021486878395 51.4865759909153 4.6
    endloop
  endfacet
  facet normal 0 0 1
    outer loop
      vertex 45.264571353793144 28.977774791419506 4.6
      vertex 71.10021486878395 51.4865759909153 4.6
      vertex 70.9241384640336 51.55284645408392 4.6
    endloop
  endfacet
  facet normal 0 0 1
    outer loop
      vertex 45.264571353793144 28.977774791419506 4.6
      vertex 70.9241384640336 51.55284645408392 4.6
      vertex 70.744104757905 51.6074590831995 4.6
    endloop
  endfacet
  facet normal 0 0 1
    outer loop
      vertex 45.264571353793144 28.977774791419506 4.6
      vertex 70.744104757905 51.6074590831995 4.6
      vertex 70.56088467687368 51.650180011987686 4.6
    endloop
  endfacet
  facet normal 0 0 1
    outer loop
      vertex 45.264571353793144 28.977774791419506 4.6
      vertex 70.56088467687368 51.650180011987686 4.6
      vertex 70.3752628043294 51.68082631379366 4.6
    endloop
  endfacet
  facet normal 0 0 1
    outer loop
      vertex 45.264571353793144 28.977774791419506 4.6
      vertex 70.3752628043294 51.68082631379366 4.6
      vertex 70.18803399801254 51.699266739189625 4.6
    endloop
  endfacet
  facet normal 0 0 1
    outer loop
      vertex 45.264571353793144 28.977774791419506 4.6
      vertex 70.18803399801254 51.699266739189625 4.6
      vertex 70 51.705422334373 4.6
    endloop
  endfacet
  facet normal 0 0 1
    outer loop
      vertex 43.35270965844393 29.42355841398239 4.6
      vertex 45.264571353793144 28.977774791419506 4.6
      vertex 70 51.705422334373 4.6
    endloop
  endfacet
  facet normal 0 0 1
    outer loop
      vertex 41.415785767138004 29.743345841765404 4.6
      vertex 43.35270965844393 29.42355841398239 4.6
      vertex 70 51.705422334373 4.6
    endloop
  endfacet
  facet normal 0 0 1
    outer loop
      vertex 39.462093874812126 29.93576769530773 4.6
      vertex 41.415785767138004 29.743345841765404 4.6
      vertex 70 51.705422334373 4.6
    endloop
  endfacet
  facet normal 0 0 1
    outer loop
      vertex 19.237157128751278 -23.800600208342075 4.6
      vertex 17.719625547528267 -22.555194221436977 4.6
      vertex -17.719625547528267 -22.555194221436977 4.6
    endloop
  endfacet
  facet normal 0 0 1
    outer loop
      vertex 19.237157128751278 -23.800600208342075 4.6
      vertex -17.719625547528267 -22.555194221436977 4.6
      vertex -19.237157128751278 -23.800600208342075 4.6
    endloop
  endfacet
  facet normal 0 0 1
    outer loop
      vertex -19.237157128751278 23.800600208342075 4.6
      vertex -17.719625547528267 22.555194221436977 4.6
      vertex 17.719625547528267 22.555194221436977 4.6
    endloop
  endfacet
  facet normal 0 0 1
    outer loop
      vertex -19.237157128751278 23.800600208342075 4.6
      vertex 17.719625547528267 22.555194221436977 4.6
      vertex 19.237157128751278 23.800600208342075 4.6
    endloop
  endfacet
  facet normal 0 0 1
    outer loop
      vertex 37.5 30 4.6
      vertex 39.462093874812126 29.93576769530773 4.6
      vertex 70 51.705422334373 4.6
    endloop
  endfacet
  facet normal 0 0 1
    outer loop
      vertex 72.875 -48.830422334373 4.6
      vertex 72.875 48.830422334373 4.6
      vertex 67.5 0 4.6
    endloop
  endfacet
  facet normal 0 0 1
    outer loop
      vertex 72.875 -48.830422334373 4.6
      vertex 67.5 0 4.6
      vertex 67.43576769530773 -1.9620938748121262 4.6
    endloop
  endfacet
  facet normal 0 0 1
    outer loop
      vertex 72.875 -48.830422334373 4.6
      vertex 67.43576769530773 -1.9620938748121262 4.6
      vertex 67.2433458417654 -3.9157857671380043 4.6
    endloop
  endfacet
  facet normal 0 0 1
    outer loop
      vertex 72.875 -48.830422334373 4.6
      vertex 67.2433458417654 -3.9157857671380043 4.6
      vertex 66.92355841398239 -5.852709658443928 4.6
    endloop
  endfacet
  facet normal 0 0 1
    outer loop
      vertex 72.875 -48.830422334373 4.6
      vertex 66.92355841398239 -5.852709658443928 4.6
      vertex 66.4777747914195 -7.764571353793144 4.6
    endloop
  endfacet
  facet normal 0 0 1
    outer loop
      vertex 72.875 -48.830422334373 4.6
      vertex 66.4777747914195 -7.764571353793144 4.6
      vertex 65.90790388733149 -9.643183961510658 4.6
    endloop
  endfacet
  facet normal 0 0 1
    outer loop
      vertex 72.875 -48.830422334373 4.6
      vertex 65.90790388733149 -9.643183961510658 4.6
      vertex 65.21638597548008 -11.480502970516682 4.6
    endloop
  endfacet
  facet normal 0 0 1
    outer loop
      vertex 72.875 -48.830422334373 4.6
      vertex 65.21638597548008 -11.480502970516682 4.6
      vertex 64.40618224442005 -13.268660709261894 4.6
    endloop
  endfacet
  facet normal 0 0 1
    outer loop
      vertex 72.875 -48.830422334373 4.6
      vertex 64.40618224442005 -13.268660709261894 4.6
      vertex 63.480762116611004 -15 4.6
    endloop
  endfacet
  facet normal 0 0 1
    outer loop
      vertex 72.875 -48.830422334373 4.6
      vertex 63.480762116611004 -15 4.6
      vertex 62.444088369607925 -16.667106993496418 4.6
    endloop
  endfacet
  facet normal 0 0 1
    outer loop
      vertex 72.875 -48.830422334373 4.6
      vertex 62.444088369607925 -16.667106993496418 4.6
      vertex 61.300600208342075 -18.262842871248722 4.6
    endloop
  endfacet
  facet normal 0 0 1
    outer loop
      vertex 72.875 -48.830422334373 4.6
      vertex 61.300600208342075 -18.262842871248722 4.6
      vertex 60.05519422143698 -19.780374452471733 4.6
    endloop
  endfacet
  facet normal 0 0 1
    outer loop
      vertex 72.875 -48.830422334373 4.6
      vertex 60.05519422143698 -19.780374452471733 4.6
      vertex 58.71320343762636 -21.213203437626362 4.6
    endloop
  endfacet
  facet normal 0 0 1
    outer loop
      vertex 72.875 -48.830422334373 4.6
      vertex 58.71320343762636 -21.213203437626362 4.6
      vertex 57.28037445247173 -22.555194221436977 4.6
    endloop
  endfacet
  facet normal 0 0 1
    outer loop
      vertex 72.875 -48.830422334373 4.6
      vertex 57.28037445247173 -22.555194221436977 4.6
      vertex 55.76284287124872 -23.800600208342075 4.6
    endloop
  endfacet
  facet normal 0 0 1
    outer loop
      vertex 72.875 -48.830422334373 4.6
      vertex 55.76284287124872 -23.800600208342075 4.6
      vertex 54.16710699349642 -24.944088369607925 4.6
    endloop
  endfacet
  facet normal 0 0 1
    outer loop
      vertex 72.875 -48.830422334373 4.6
      vertex 54.16710699349642 -24.944088369607925 4.6
      vertex 52.5 -25.980762116611004 4.6
    endloop
  endfacet
  facet normal 0 0 1
    outer loop
      vertex 72.875 -48.830422334373 4.6
      vertex 52.5 -25.980762116611004 4.6
      vertex 50.768660709261894 -26.90618224442005 4.6
    endloop
  endfacet
  facet normal 0 0 1
    outer loop
      vertex 72.875 -48.830422334373 4.6
      vertex 50.768660709261894 -26.90618224442005 4.6
      vertex 48.98050297051668 -27.71638597548008 4.6
    endloop
  endfacet
  facet normal 0 0 1
    outer loop
      vertex 72.875 -48.830422334373 4.6
      vertex 48.98050297051668 -27.71638597548008 4.6
      vertex 47.14318396151066 -28.407903887331486 4.6
    endloop
  endfacet
  facet normal 0 0 1
    outer loop
      vertex 72.875 -48.830422334373 4.6
      vertex 47.14318396151066 -28.407903887331486 4.6
      vertex 41.5 -36.29999999701977 4.6
    endloop
  endfacet
  facet normal 0 0 1
    outer loop
      vertex 72.875 -48.830422334373 4.6
      vertex 41.5 -36.29999999701977 4.6
      vertex 41.495289631187916 -36.44388688355684 4.6
    endloop
  endfacet
  facet normal 0 0 1
    outer loop
      vertex 72.875 -48.830422334373 4.6
      vertex 41.495289631187916 -36.44388688355684 4.6
      vertex 41.48117869347334 -36.58715762197971 4.6
    endloop
  endfacet
  facet normal 0 0 1
    outer loop
      vertex 72.875 -48.830422334373 4.6
      vertex 41.48117869347334 -36.58715762197971 4.6
      vertex 41.45772761106491 -36.72919870913029 4.6
    endloop
  endfacet
  facet normal 0 0 1
    outer loop
      vertex 72.875 -48.830422334373 4.6
      vertex 41.45772761106491 -36.72919870913029 4.6
      vertex 41.42503681778908 -36.86940189450979 4.6
    endloop
  endfacet
  facet normal 0 0 1
    outer loop
      vertex 72.875 -48.830422334373 4.6
      vertex 41.42503681778908 -36.86940189450979 4.6
      vertex 41.38324628025293 -37.00716681778431 4.6
    endloop
  endfacet
  facet normal 0 0 1
    outer loop
      vertex 72.875 -48.830422334373 4.6
      vertex 41.38324628025293 -37.00716681778431 4.6
      vertex 41.332534968853 -37.141903549432755 4.6
    endloop
  endfacet
  facet normal 0 0 1
    outer loop
      vertex 72.875 -48.830422334373 4.6
      vertex 41.332534968853 -37.141903549432755 4.6
      vertex 41.273120030760765 -37.2730351164937 4.6
    endloop
  endfacet
  facet normal 0 0 1
    outer loop
      vertex 72.875 -48.830422334373 4.6
      vertex 41.273120030760765 -37.2730351164937 4.6
      vertex 41.20525588840246 -37.399999998509884 4.6
    endloop
  endfacet
  facet normal 0 0 1
    outer loop
      vertex 72.875 -48.830422334373 4.6
      vertex 41.20525588840246 -37.399999998509884 4.6
      vertex 41.12923314422369 -37.52225451171398 4.6
    endloop
  endfacet
  facet normal 0 0 1
    outer loop
      vertex 72.875 -48.830422334373 4.6
      vertex 41.12923314422369 -37.52225451171398 4.6
      vertex 41.04537734389305 -37.63927514106035 4.6
    endloop
  endfacet
  facet normal 0 0 1
    outer loop
      vertex 72.86884440481663 -49.01845633238554 4.6
      vertex 72.875 -48.830422334373 4.6
      vertex 41.04537734389305 -37.63927514106035 4.6
    endloop
  endfacet
  facet normal 0 0 1
    outer loop
      vertex 72.85040397942066 -49.20568513870239 4.6
      vertex 72.86884440481663 -49.01845633238554 4.6
      vertex 41.04537734389305 -37.63927514106035 4.6
    endloop
  endfacet
  facet normal 0 0 1
    outer loop
      vertex 72.81975767761469 -49.39130701124668 4.6
      vertex 72.85040397942066 -49.20568513870239 4.6
      vertex 41.04537734389305 -37.63927514106035 4.6
    endloop
  endfacet
  facet normal 0 0 1
    outer loop
      vertex 72.7770367488265 -49.574527092278004 4.6
      vertex 72.81975767761469 -49.39130701124668 4.6
      vertex 41.04537734389305 -37.63927514106035 4.6
    endloop
  endfacet
  facet normal 0 0 1
    outer loop
      vertex 72.72242411971092 -49.7545607984066 4.6
      vertex 72.7770367488265 -49.574527092278004 4.6
      vertex 41.04537734389305 -37.63927514106035 4.6
    endloop
  endfacet
  facet normal 0 0 1
    outer loop
      vertex 72.6561536565423 -49.93063720315695 4.6
      vertex 72.72242411971092 -49.7545607984066 4.6
      vertex 41.04537734389305 -37.63927514106035 4.6
    endloop
  endfacet
  facet normal 0 0 1
    outer loop
      vertex 72.57850912958384 -50.10200231522322 4.6
      vertex 72.6561536565423 -49.93063720315695 4.6
      vertex 41.04537734389305 -37.63927514106035 4.6
    endloop
  endfacet
  facet normal 0 0 1
    outer loop
      vertex 72.48982303589582 -50.267922334373 4.6
      vertex 72.57850912958384 -50.10200231522322 4.6
      vertex 41.04537734389305 -37.63927514106035 4.6
    endloop
  endfacet
  facet normal 0 0 1
    outer loop
      vertex 72.39047513902187 -50.427686750888824 4.6
      vertex 72.48982303589582 -50.267922334373 4.6
      vertex 41.04537734389305 -37.63927514106035 4.6
    endloop
  endfacet
  facet normal 0 0 1
    outer loop
      vertex 72.2808908522129 -50.58061144500971 4.6
      vertex 72.39047513902187 -50.427686750888824 4.6
      vertex 41.04537734389305 -37.63927514106035 4.6
    endloop
  endfacet
  facet normal 0 0 1
    outer loop
      vertex 72.16153944283724 -50.72604155540466 4.6
      vertex 72.2808908522129 -50.58061144500971 4.6
      vertex 41.04537734389305 -37.63927514106035 4.6
    endloop
  endfacet
  facet normal 0 0 1
    outer loop
      vertex 72.03293199837208 -50.863354332745075 4.6
      vertex 72.16153944283724 -50.72604155540466 4.6
      vertex 41.04537734389305 -37.63927514106035 4.6
    endloop
  endfacet
  facet normal 0 0 1
    outer loop
      vertex 71.89561922103167 -50.991961777210236 4.6
      vertex 72.03293199837208 -50.863354332745075 4.6
      vertex 41.04537734389305 -37.63927514106035 4.6
    endloop
  endfacet
  facet normal 0 0 1
    outer loop
      vertex 71.75018911063671 -51.1113131865859 4.6
      vertex 71.89561922103167 -50.991961777210236 4.6
      vertex 41.04537734389305 -37.63927514106035 4.6
    endloop
  endfacet
  facet normal 0 0 1
    outer loop
      vertex 71.59726441651583 -51.22089747339487 4.6
      vertex 71.75018911063671 -51.1113131865859 4.6
      vertex 41.04537734389305 -37.63927514106035 4.6
    endloop
  endfacet
  facet normal 0 0 1
    outer loop
      vertex 71.4375 -51.32024537026882 4.6
      vertex 71.59726441651583 -51.22089747339487 4.6
      vertex 41.04537734389305 -37.63927514106035 4.6
    endloop
  endfacet
  facet normal 0 0 1
    outer loop
      vertex 71.27157998085022 -51.40893146395683 4.6
      vertex 71.4375 -51.32024537026882 4.6
      vertex 41.04537734389305 -37.63927514106035 4.6
    endloop
  endfacet
  facet normal 0 0 1
    outer loop
      vertex 71.10021486878395 -51.4865759909153 4.6
      vertex 71.27157998085022 -51.40893146395683 4.6
      vertex 41.04537734389305 -37.63927514106035 4.6
    endloop
  endfacet
  facet normal 0 0 1
    outer loop
      vertex 70.9241384640336 -51.55284645408392 4.6
      vertex 71.10021486878395 -51.4865759909153 4.6
      vertex 41.04537734389305 -37.63927514106035 4.6
    endloop
  endfacet
  facet normal 0 0 1
    outer loop
      vertex 70.744104757905 -51.6074590831995 4.6
      vertex 70.9241384640336 -51.55284645408392 4.6
      vertex 41.04537734389305 -37.63927514106035 4.6
    endloop
  endfacet
  facet normal 0 0 1
    outer loop
      vertex 70.56088467687368 -51.650180011987686 4.6
      vertex 70.744104757905 -51.6074590831995 4.6
      vertex 41.04537734389305 -37.63927514106035 4.6
    endloop
  endfacet
  facet normal 0 0 1
    outer loop
      vertex 70.3752628043294 -51.68082631379366 4.6
      vertex 70.56088467687368 -51.650180011987686 4.6
      vertex 41.04537734389305 -37.63927514106035 4.6
    endloop
  endfacet
  facet normal 0 0 1
    outer loop
      vertex 70.18803399801254 -51.699266739189625 4.6
      vertex 70.3752628043294 -51.68082631379366 4.6
      vertex 41.04537734389305 -37.63927514106035 4.6
    endloop
  endfacet
  facet normal 0 0 1
    outer loop
      vertex 70 -51.705422334373 4.6
      vertex 70.18803399801254 -51.699266739189625 4.6
      vertex 41.04537734389305 -37.63927514106035 4.6
    endloop
  endfacet
  facet normal 0 0 1
    outer loop
      vertex 70 -51.705422334373 4.6
      vertex 41.04537734389305 -37.63927514106035 4.6
      vertex 40.954047575592995 -37.75056079030037 4.6
    endloop
  endfacet
  facet normal 0 0 1
    outer loop
      vertex 70 -51.705422334373 4.6
      vertex 40.954047575592995 -37.75056079030037 4.6
      vertex 40.85563491284847 -37.85563491284847 4.6
    endloop
  endfacet
  facet normal 0 0 1
    outer loop
      vertex 70 -51.705422334373 4.6
      vertex 40.85563491284847 -37.85563491284847 4.6
      vertex 40.75056079030037 -37.954047575592995 4.6
    endloop
  endfacet
  facet normal 0 0 1
    outer loop
      vertex 70 -51.705422334373 4.6
      vertex 40.75056079030037 -37.954047575592995 4.6
      vertex 40.63927514106035 -38.04537734389305 4.6
    endloop
  endfacet
  facet normal 0 0 1
    outer loop
      vertex 70 -51.705422334373 4.6
      vertex 40.63927514106035 -38.04537734389305 4.6
      vertex 40.52225451171398 -38.12923314422369 4.6
    endloop
  endfacet
  facet normal 0 0 1
    outer loop
      vertex 70 -51.705422334373 4.6
      vertex 40.52225451171398 -38.12923314422369 4.6
      vertex 40.399999998509884 -38.20525588840246 4.6
    endloop
  endfacet
  facet normal 0 0 1
    outer loop
      vertex 70 -51.705422334373 4.6
      vertex 40.399999998509884 -38.20525588840246 4.6
      vertex 40.2730351164937 -38.273120030760765 4.6
    endloop
  endfacet
  facet normal 0 0 1
    outer loop
      vertex 70 -51.705422334373 4.6
      vertex 40.2730351164937 -38.273120030760765 4.6
      vertex 40.141903549432755 -38.332534968853 4.6
    endloop
  endfacet
  facet normal 0 0 1
    outer loop
      vertex 70 -51.705422334373 4.6
      vertex 40.141903549432755 -38.332534968853 4.6
      vertex 40.00716681778431 -38.38324628025293 4.6
    endloop
  endfacet
  facet normal 0 0 1
    outer loop
      vertex 70 -51.705422334373 4.6
      vertex 40.00716681778431 -38.38324628025293 4.6
      vertex 39.86940189450979 -38.42503681778908 4.6
    endloop
  endfacet
  facet normal 0 0 1
    outer loop
      vertex 70 -51.705422334373 4.6
      vertex 39.86940189450979 -38.42503681778908 4.6
      vertex 39.72919870913029 -38.45772761106491 4.6
    endloop
  endfacet
  facet normal 0 0 1
    outer loop
      vertex 20.832893006503582 -24.944088369607925 4.6
      vertex 19.237157128751278 -23.800600208342075 4.6
      vertex -19.237157128751278 -23.800600208342075 4.6
    endloop
  endfacet
  facet normal 0 0 1
    outer loop
      vertex 20.832893006503582 -24.944088369607925 4.6
      vertex -19.237157128751278 -23.800600208342075 4.6
      vertex -20.832893006503582 -24.944088369607925 4.6
    endloop
  endfacet
  facet normal 0 0 1
    outer loop
      vertex -20.832893006503582 24.944088369607925 4.6
      vertex -19.237157128751278 23.800600208342075 4.6
      vertex 19.237157128751278 23.800600208342075 4.6
    endloop
  endfacet
  facet normal 0 0 1
    outer loop
      vertex -20.832893006503582 24.944088369607925 4.6
      vertex 19.237157128751278 23.800600208342075 4.6
      vertex 20.832893006503582 24.944088369607925 4.6
    endloop
  endfacet
  facet normal 0 0 1
    outer loop
      vertex -41.5 -36.29999999701977 4.6
      vertex -47.14318396151066 -28.407903887331486 4.6
      vertex -48.98050297051668 -27.71638597548008 4.6
    endloop
  endfacet
  facet normal 0 0 1
    outer loop
      vertex -41.495289631187916 -36.44388688355684 4.6
      vertex -41.5 -36.29999999701977 4.6
      vertex -48.98050297051668 -27.71638597548008 4.6
    endloop
  endfacet
  facet normal 0 0 1
    outer loop
      vertex -41.48117869347334 -36.58715762197971 4.6
      vertex -41.495289631187916 -36.44388688355684 4.6
      vertex -48.98050297051668 -27.71638597548008 4.6
    endloop
  endfacet
  facet normal 0 0 1
    outer loop
      vertex 33.5 -36.29999999701977 4.6
      vertex 27.85681603848934 -28.407903887331486 4.6
      vertex 26.01949702948332 -27.71638597548008 4.6
    endloop
  endfacet
  facet normal 0 0 1
    outer loop
      vertex 33.504710368812084 -36.44388688355684 4.6
      vertex 33.5 -36.29999999701977 4.6
      vertex 26.01949702948332 -27.71638597548008 4.6
    endloop
  endfacet
  facet normal 0 0 1
    outer loop
      vertex 33.51882130652666 -36.58715762197971 4.6
      vertex 33.504710368812084 -36.44388688355684 4.6
      vertex 26.01949702948332 -27.71638597548008 4.6
    endloop
  endfacet
  facet normal 0 0 1
    outer loop
      vertex -26.01949702948332 -27.71638597548008 4.6
      vertex -27.85681603848934 -28.407903887331486 4.6
      vertex -33.5 -36.29999999701977 4.6
    endloop
  endfacet
  facet normal 0 0 1
    outer loop
      vertex -26.01949702948332 -27.71638597548008 4.6
      vertex -33.5 -36.29999999701977 4.6
      vertex -33.504710368812084 -36.44388688355684 4.6
    endloop
  endfacet
  facet normal 0 0 1
    outer loop
      vertex -26.01949702948332 -27.71638597548008 4.6
      vertex -33.504710368812084 -36.44388688355684 4.6
      vertex -33.51882130652666 -36.58715762197971 4.6
    endloop
  endfacet
  facet normal 0 0 1
    outer loop
      vertex 70 -51.705422334373 4.6
      vertex 39.72919870913029 -38.45772761106491 4.6
      vertex 39.58715762197971 -38.48117869347334 4.6
    endloop
  endfacet
  facet normal 0 0 1
    outer loop
      vertex 22.5 -25.980762116611004 4.6
      vertex 20.832893006503582 -24.944088369607925 4.6
      vertex -20.832893006503582 -24.944088369607925 4.6
    endloop
  endfacet
  facet normal 0 0 1
    outer loop
      vertex 22.5 -25.980762116611004 4.6
      vertex -20.832893006503582 -24.944088369607925 4.6
      vertex -22.5 -25.980762116611004 4.6
    endloop
  endfacet
  facet normal 0 0 1
    outer loop
      vertex -22.5 25.980762116611004 4.6
      vertex -20.832893006503582 24.944088369607925 4.6
      vertex 20.832893006503582 24.944088369607925 4.6
    endloop
  endfacet
  facet normal 0 0 1
    outer loop
      vertex -22.5 25.980762116611004 4.6
      vertex 20.832893006503582 24.944088369607925 4.6
      vertex 22.5 25.980762116611004 4.6
    endloop
  endfacet
  facet normal 0 0 1
    outer loop
      vertex 35.537906125187874 29.93576769530773 4.6
      vertex 37.5 30 4.6
      vertex 70 51.705422334373 4.6
    endloop
  endfacet
  facet normal 0 0 1
    outer loop
      vertex -41.45772761106491 -36.72919870913029 4.6
      vertex -41.48117869347334 -36.58715762197971 4.6
      vertex -48.98050297051668 -27.71638597548008 4.6
    endloop
  endfacet
  facet normal 0 0 1
    outer loop
      vertex 33.54227238893509 -36.72919870913029 4.6
      vertex 33.51882130652666 -36.58715762197971 4.6
      vertex 26.01949702948332 -27.71638597548008 4.6
    endloop
  endfacet
  facet normal 0 0 1
    outer loop
      vertex -26.01949702948332 -27.71638597548008 4.6
      vertex -33.51882130652666 -36.58715762197971 4.6
      vertex -33.54227238893509 -36.72919870913029 4.6
    endloop
  endfacet
  facet normal 0 0 1
    outer loop
      vertex -70 -51.705422334373 4.6
      vertex 70 -51.705422334373 4.6
      vertex 39.58715762197971 -38.48117869347334 4.6
    endloop
  endfacet
  facet normal 0 0 1
    outer loop
      vertex -70 -51.705422334373 4.6
      vertex 39.58715762197971 -38.48117869347334 4.6
      vertex 39.44388688355684 -38.495289631187916 4.6
    endloop
  endfacet
  facet normal 0 0 1
    outer loop
      vertex -70 -51.705422334373 4.6
      vertex 39.44388688355684 -38.495289631187916 4.6
      vertex 39.29999999701977 -38.5 4.6
    endloop
  endfacet
  facet normal 0 0 1
    outer loop
      vertex -70 -51.705422334373 4.6
      vertex 39.29999999701977 -38.5 4.6
      vertex 35.70000000298023 -38.5 4.6
    endloop
  endfacet
  facet normal 0 0 1
    outer loop
      vertex 24.231339290738106 -26.90618224442005 4.6
      vertex 22.5 -25.980762116611004 4.6
      vertex -22.5 -25.980762116611004 4.6
    endloop
  endfacet
  facet normal 0 0 1
    outer loop
      vertex 24.231339290738106 -26.90618224442005 4.6
      vertex -22.5 -25.980762116611004 4.6
      vertex -24.231339290738106 -26.90618224442005 4.6
    endloop
  endfacet
  facet normal 0 0 1
    outer loop
      vertex -24.231339290738106 26.90618224442005 4.6
      vertex -22.5 25.980762116611004 4.6
      vertex 22.5 25.980762116611004 4.6
    endloop
  endfacet
  facet normal 0 0 1
    outer loop
      vertex -24.231339290738106 26.90618224442005 4.6
      vertex 22.5 25.980762116611004 4.6
      vertex 24.231339290738106 26.90618224442005 4.6
    endloop
  endfacet
  facet normal 0 0 1
    outer loop
      vertex -70 -51.705422334373 4.6
      vertex 35.70000000298023 -38.5 4.6
      vertex 35.55611311644316 -38.495289631187916 4.6
    endloop
  endfacet
  facet normal 0 0 1
    outer loop
      vertex -70 -51.705422334373 4.6
      vertex 35.55611311644316 -38.495289631187916 4.6
      vertex 35.41284237802029 -38.48117869347334 4.6
    endloop
  endfacet
  facet normal 0 0 1
    outer loop
      vertex -70 -51.705422334373 4.6
      vertex 35.41284237802029 -38.48117869347334 4.6
      vertex 35.27080129086971 -38.45772761106491 4.6
    endloop
  endfacet
  facet normal 0 0 1
    outer loop
      vertex -70 -51.705422334373 4.6
      vertex 35.27080129086971 -38.45772761106491 4.6
      vertex 35.13059810549021 -38.42503681778908 4.6
    endloop
  endfacet
  facet normal 0 0 1
    outer loop
      vertex -70 -51.705422334373 4.6
      vertex 35.13059810549021 -38.42503681778908 4.6
      vertex 34.99283318221569 -38.38324628025293 4.6
    endloop
  endfacet
  facet normal 0 0 1
    outer loop
      vertex -70 -51.705422334373 4.6
      vertex 34.99283318221569 -38.38324628025293 4.6
      vertex 34.858096450567245 -38.332534968853 4.6
    endloop
  endfacet
  facet normal 0 0 1
    outer loop
      vertex -70 -51.705422334373 4.6
      vertex 34.858096450567245 -38.332534968853 4.6
      vertex 34.7269648835063 -38.273120030760765 4.6
    endloop
  endfacet
  facet normal 0 0 1
    outer loop
      vertex -70 -51.705422334373 4.6
      vertex 34.7269648835063 -38.273120030760765 4.6
      vertex 34.600000001490116 -38.20525588840246 4.6
    endloop
  endfacet
  facet normal 0 0 1
    outer loop
      vertex -70 -51.705422334373 4.6
      vertex 34.600000001490116 -38.20525588840246 4.6
      vertex 34.47774548828602 -38.12923314422369 4.6
    endloop
  endfacet
  facet normal 0 0 1
    outer loop
      vertex -70 -51.705422334373 4.6
      vertex 34.47774548828602 -38.12923314422369 4.6
      vertex 34.36072485893965 -38.04537734389305 4.6
    endloop
  endfacet
  facet normal 0 0 1
    outer loop
      vertex -70 -51.705422334373 4.6
      vertex 34.36072485893965 -38.04537734389305 4.6
      vertex 34.24943920969963 -37.954047575592995 4.6
    endloop
  endfacet
  facet normal 0 0 1
    outer loop
      vertex -70 -51.705422334373 4.6
      vertex 34.24943920969963 -37.954047575592995 4.6
      vertex 34.14436508715153 -37.85563491284847 4.6
    endloop
  endfacet
  facet normal 0 0 1
    outer loop
      vertex -70 -51.705422334373 4.6
      vertex 34.14436508715153 -37.85563491284847 4.6
      vertex 34.045952424407005 -37.75056079030037 4.6
    endloop
  endfacet
  facet normal 0 0 1
    outer loop
      vertex -70 -51.705422334373 4.6
      vertex 34.045952424407005 -37.75056079030037 4.6
      vertex 33.95462265610695 -37.63927514106035 4.6
    endloop
  endfacet
  facet normal 0 0 1
    outer loop
      vertex -70 -51.705422334373 4.6
      vertex 33.95462265610695 -37.63927514106035 4.6
      vertex 33.87076685577631 -37.52225451171398 4.6
    endloop
  endfacet
  facet normal 0 0 1
    outer loop
      vertex -70 -51.705422334373 4.6
      vertex 33.87076685577631 -37.52225451171398 4.6
      vertex 33.79474411159754 -37.399999998509884 4.6
    endloop
  endfacet
  facet normal 0 0 1
    outer loop
      vertex -70 -51.705422334373 4.6
      vertex 33.79474411159754 -37.399999998509884 4.6
      vertex 33.726879969239235 -37.2730351164937 4.6
    endloop
  endfacet
  facet normal 0 0 1
    outer loop
      vertex -70 -51.705422334373 4.6
      vertex 33.726879969239235 -37.2730351164937 4.6
      vertex 33.667465031147 -37.141903549432755 4.6
    endloop
  endfacet
  facet normal 0 0 1
    outer loop
      vertex -41.42503681778908 -36.86940189450979 4.6
      vertex -41.45772761106491 -36.72919870913029 4.6
      vertex -48.98050297051668 -27.71638597548008 4.6
    endloop
  endfacet
  facet normal 0 0 1
    outer loop
      vertex 33.57496318221092 -36.86940189450979 4.6
      vertex 33.54227238893509 -36.72919870913029 4.6
      vertex 26.01949702948332 -27.71638597548008 4.6
    endloop
  endfacet
  facet normal 0 0 1
    outer loop
      vertex -26.01949702948332 -27.71638597548008 4.6
      vertex -33.54227238893509 -36.72919870913029 4.6
      vertex -33.57496318221092 -36.86940189450979 4.6
    endloop
  endfacet
  facet normal 0 0 1
    outer loop
      vertex -70 -51.705422334373 4.6
      vertex 33.667465031147 -37.141903549432755 4.6
      vertex 33.61675371974707 -37.00716681778431 4.6
    endloop
  endfacet
  facet normal 0 0 1
    outer loop
      vertex 33.584214232861996 29.743345841765404 4.6
      vertex 35.537906125187874 29.93576769530773 4.6
      vertex 70 51.705422334373 4.6
    endloop
  endfacet
  facet normal 0 0 1
    outer loop
      vertex -70 -51.705422334373 4.6
      vertex 33.61675371974707 -37.00716681778431 4.6
      vertex 33.57496318221092 -36.86940189450979 4.6
    endloop
  endfacet
  facet normal 0 0 1
    outer loop
      vertex -41.42503681778908 -36.86940189450979 4.6
      vertex -48.98050297051668 -27.71638597548008 4.6
      vertex -50.768660709261894 -26.90618224442005 4.6
    endloop
  endfacet
  facet normal 0 0 1
    outer loop
      vertex -41.38324628025293 -37.00716681778431 4.6
      vertex -41.42503681778908 -36.86940189450979 4.6
      vertex -50.768660709261894 -26.90618224442005 4.6
    endloop
  endfacet
  facet normal 0 0 1
    outer loop
      vertex 33.57496318221092 -36.86940189450979 4.6
      vertex 26.01949702948332 -27.71638597548008 4.6
      vertex 24.231339290738106 -26.90618224442005 4.6
    endloop
  endfacet
  facet normal 0 0 1
    outer loop
      vertex 33.57496318221092 -36.86940189450979 4.6
      vertex 24.231339290738106 -26.90618224442005 4.6
      vertex -24.231339290738106 -26.90618224442005 4.6
    endloop
  endfacet
  facet normal 0 0 1
    outer loop
      vertex 33.57496318221092 -36.86940189450979 4.6
      vertex -24.231339290738106 -26.90618224442005 4.6
      vertex -26.01949702948332 -27.71638597548008 4.6
    endloop
  endfacet
  facet normal 0 0 1
    outer loop
      vertex 33.57496318221092 -36.86940189450979 4.6
      vertex -26.01949702948332 -27.71638597548008 4.6
      vertex -33.57496318221092 -36.86940189450979 4.6
    endloop
  endfacet
  facet normal 0 0 1
    outer loop
      vertex 33.57496318221092 -36.86940189450979 4.6
      vertex -33.57496318221092 -36.86940189450979 4.6
      vertex -33.61675371974707 -37.00716681778431 4.6
    endloop
  endfacet
  facet normal 0 0 1
    outer loop
      vertex 33.57496318221092 -36.86940189450979 4.6
      vertex -33.61675371974707 -37.00716681778431 4.6
      vertex -33.667465031147 -37.141903549432755 4.6
    endloop
  endfacet
  facet normal 0 0 1
    outer loop
      vertex 33.57496318221092 -36.86940189450979 4.6
      vertex -33.667465031147 -37.141903549432755 4.6
      vertex -33.726879969239235 -37.2730351164937 4.6
    endloop
  endfacet
  facet normal 0 0 1
    outer loop
      vertex 33.57496318221092 -36.86940189450979 4.6
      vertex -33.726879969239235 -37.2730351164937 4.6
      vertex -33.79474411159754 -37.399999998509884 4.6
    endloop
  endfacet
  facet normal 0 0 1
    outer loop
      vertex 33.57496318221092 -36.86940189450979 4.6
      vertex -33.79474411159754 -37.399999998509884 4.6
      vertex -33.87076685577631 -37.52225451171398 4.6
    endloop
  endfacet
  facet normal 0 0 1
    outer loop
      vertex 33.57496318221092 -36.86940189450979 4.6
      vertex -33.87076685577631 -37.52225451171398 4.6
      vertex -33.95462265610695 -37.63927514106035 4.6
    endloop
  endfacet
  facet normal 0 0 1
    outer loop
      vertex 33.57496318221092 -36.86940189450979 4.6
      vertex -33.95462265610695 -37.63927514106035 4.6
      vertex -34.045952424407005 -37.75056079030037 4.6
    endloop
  endfacet
  facet normal 0 0 1
    outer loop
      vertex 33.57496318221092 -36.86940189450979 4.6
      vertex -34.045952424407005 -37.75056079030037 4.6
      vertex -34.14436508715153 -37.85563491284847 4.6
    endloop
  endfacet
  facet normal 0 0 1
    outer loop
      vertex 33.57496318221092 -36.86940189450979 4.6
      vertex -34.14436508715153 -37.85563491284847 4.6
      vertex -34.24943920969963 -37.954047575592995 4.6
    endloop
  endfacet
  facet normal 0 0 1
    outer loop
      vertex 33.57496318221092 -36.86940189450979 4.6
      vertex -34.24943920969963 -37.954047575592995 4.6
      vertex -34.36072485893965 -38.04537734389305 4.6
    endloop
  endfacet
  facet normal 0 0 1
    outer loop
      vertex 33.57496318221092 -36.86940189450979 4.6
      vertex -34.36072485893965 -38.04537734389305 4.6
      vertex -34.47774548828602 -38.12923314422369 4.6
    endloop
  endfacet
  facet normal 0 0 1
    outer loop
      vertex 33.57496318221092 -36.86940189450979 4.6
      vertex -34.47774548828602 -38.12923314422369 4.6
      vertex -34.600000001490116 -38.20525588840246 4.6
    endloop
  endfacet
  facet normal 0 0 1
    outer loop
      vertex 33.57496318221092 -36.86940189450979 4.6
      vertex -34.600000001490116 -38.20525588840246 4.6
      vertex -34.7269648835063 -38.273120030760765 4.6
    endloop
  endfacet
  facet normal 0 0 1
    outer loop
      vertex -26.01949702948332 27.71638597548008 4.6
      vertex -24.231339290738106 26.90618224442005 4.6
      vertex 24.231339290738106 26.90618224442005 4.6
    endloop
  endfacet
  facet normal 0 0 1
    outer loop
      vertex -26.01949702948332 27.71638597548008 4.6
      vertex 24.231339290738106 26.90618224442005 4.6
      vertex 26.01949702948332 27.71638597548008 4.6
    endloop
  endfacet
  facet normal 0 0 1
    outer loop
      vertex 33.584214232861996 29.743345841765404 4.6
      vertex 70 51.705422334373 4.6
      vertex -70 51.705422334373 4.6
    endloop
  endfacet
  facet normal 0 0 1
    outer loop
      vertex 33.57496318221092 -36.86940189450979 4.6
      vertex -34.7269648835063 -38.273120030760765 4.6
      vertex -34.858096450567245 -38.332534968853 4.6
    endloop
  endfacet
  facet normal 0 0 1
    outer loop
      vertex -70 -51.705422334373 4.6
      vertex 33.57496318221092 -36.86940189450979 4.6
      vertex -34.858096450567245 -38.332534968853 4.6
    endloop
  endfacet
  facet normal 0 0 1
    outer loop
      vertex -70 -51.705422334373 4.6
      vertex -34.858096450567245 -38.332534968853 4.6
      vertex -34.99283318221569 -38.38324628025293 4.6
    endloop
  endfacet
  facet normal 0 0 1
    outer loop
      vertex -70 -51.705422334373 4.6
      vertex -34.99283318221569 -38.38324628025293 4.6
      vertex -35.13059810549021 -38.42503681778908 4.6
    endloop
  endfacet
  facet normal 0 0 1
    outer loop
      vertex -70 -51.705422334373 4.6
      vertex -35.13059810549021 -38.42503681778908 4.6
      vertex -35.27080129086971 -38.45772761106491 4.6
    endloop
  endfacet
  facet normal 0 0 1
    outer loop
      vertex -70 -51.705422334373 4.6
      vertex -35.27080129086971 -38.45772761106491 4.6
      vertex -35.41284237802029 -38.48117869347334 4.6
    endloop
  endfacet
  facet normal 0 0 1
    outer loop
      vertex -70 -51.705422334373 4.6
      vertex -35.41284237802029 -38.48117869347334 4.6
      vertex -35.55611311644316 -38.495289631187916 4.6
    endloop
  endfacet
  facet normal 0 0 1
    outer loop
      vertex -70 -51.705422334373 4.6
      vertex -35.55611311644316 -38.495289631187916 4.6
      vertex -35.70000000298023 -38.5 4.6
    endloop
  endfacet
  facet normal 0 0 1
    outer loop
      vertex -70 -51.705422334373 4.6
      vertex -35.70000000298023 -38.5 4.6
      vertex -39.29999999701977 -38.5 4.6
    endloop
  endfacet
  facet normal 0 0 1
    outer loop
      vertex -70 -51.705422334373 4.6
      vertex -39.29999999701977 -38.5 4.6
      vertex -39.44388688355684 -38.495289631187916 4.6
    endloop
  endfacet
  facet normal 0 0 1
    outer loop
      vertex -70 -51.705422334373 4.6
      vertex -39.44388688355684 -38.495289631187916 4.6
      vertex -39.58715762197971 -38.48117869347334 4.6
    endloop
  endfacet
  facet normal 0 0 1
    outer loop
      vertex -70 -51.705422334373 4.6
      vertex -39.58715762197971 -38.48117869347334 4.6
      vertex -39.72919870913029 -38.45772761106491 4.6
    endloop
  endfacet
  facet normal 0 0 1
    outer loop
      vertex -70 -51.705422334373 4.6
      vertex -39.72919870913029 -38.45772761106491 4.6
      vertex -39.86940189450979 -38.42503681778908 4.6
    endloop
  endfacet
  facet normal 0 0 1
    outer loop
      vertex -70 -51.705422334373 4.6
      vertex -39.86940189450979 -38.42503681778908 4.6
      vertex -40.00716681778431 -38.38324628025293 4.6
    endloop
  endfacet
  facet normal 0 0 1
    outer loop
      vertex -70 -51.705422334373 4.6
      vertex -40.00716681778431 -38.38324628025293 4.6
      vertex -40.141903549432755 -38.332534968853 4.6
    endloop
  endfacet
  facet normal 0 0 1
    outer loop
      vertex -70 -51.705422334373 4.6
      vertex -40.141903549432755 -38.332534968853 4.6
      vertex -40.2730351164937 -38.273120030760765 4.6
    endloop
  endfacet
  facet normal 0 0 1
    outer loop
      vertex -70 -51.705422334373 4.6
      vertex -40.2730351164937 -38.273120030760765 4.6
      vertex -40.399999998509884 -38.20525588840246 4.6
    endloop
  endfacet
  facet normal 0 0 1
    outer loop
      vertex -70 -51.705422334373 4.6
      vertex -40.399999998509884 -38.20525588840246 4.6
      vertex -40.52225451171398 -38.12923314422369 4.6
    endloop
  endfacet
  facet normal 0 0 1
    outer loop
      vertex -70 -51.705422334373 4.6
      vertex -40.52225451171398 -38.12923314422369 4.6
      vertex -40.63927514106035 -38.04537734389305 4.6
    endloop
  endfacet
  facet normal 0 0 1
    outer loop
      vertex -70 -51.705422334373 4.6
      vertex -40.63927514106035 -38.04537734389305 4.6
      vertex -40.75056079030037 -37.954047575592995 4.6
    endloop
  endfacet
  facet normal 0 0 1
    outer loop
      vertex -70 -51.705422334373 4.6
      vertex -40.75056079030037 -37.954047575592995 4.6
      vertex -40.85563491284847 -37.85563491284847 4.6
    endloop
  endfacet
  facet normal 0 0 1
    outer loop
      vertex -70 -51.705422334373 4.6
      vertex -40.85563491284847 -37.85563491284847 4.6
      vertex -40.954047575592995 -37.75056079030037 4.6
    endloop
  endfacet
  facet normal 0 0 1
    outer loop
      vertex -70 -51.705422334373 4.6
      vertex -40.954047575592995 -37.75056079030037 4.6
      vertex -41.04537734389305 -37.63927514106035 4.6
    endloop
  endfacet
  facet normal 0 0 1
    outer loop
      vertex -70 -51.705422334373 4.6
      vertex -41.04537734389305 -37.63927514106035 4.6
      vertex -41.12923314422369 -37.52225451171398 4.6
    endloop
  endfacet
  facet normal 0 0 1
    outer loop
      vertex -70 -51.705422334373 4.6
      vertex -41.12923314422369 -37.52225451171398 4.6
      vertex -41.20525588840246 -37.399999998509884 4.6
    endloop
  endfacet
  facet normal 0 0 1
    outer loop
      vertex -70 -51.705422334373 4.6
      vertex -41.20525588840246 -37.399999998509884 4.6
      vertex -41.273120030760765 -37.2730351164937 4.6
    endloop
  endfacet
  facet normal 0 0 1
    outer loop
      vertex -70 -51.705422334373 4.6
      vertex -41.273120030760765 -37.2730351164937 4.6
      vertex -41.332534968853 -37.141903549432755 4.6
    endloop
  endfacet
  facet normal 0 0 1
    outer loop
      vertex -70 -51.705422334373 4.6
      vertex -41.332534968853 -37.141903549432755 4.6
      vertex -41.38324628025293 -37.00716681778431 4.6
    endloop
  endfacet
  facet normal 0 0 1
    outer loop
      vertex -70 -51.705422334373 4.6
      vertex -41.38324628025293 -37.00716681778431 4.6
      vertex -50.768660709261894 -26.90618224442005 4.6
    endloop
  endfacet
  facet normal 0 0 1
    outer loop
      vertex -70 -51.705422334373 4.6
      vertex -50.768660709261894 -26.90618224442005 4.6
      vertex -52.5 -25.980762116611004 4.6
    endloop
  endfacet
  facet normal 0 0 1
    outer loop
      vertex -70 -51.705422334373 4.6
      vertex -52.5 -25.980762116611004 4.6
      vertex -54.16710699349642 -24.944088369607925 4.6
    endloop
  endfacet
  facet normal 0 0 1
    outer loop
      vertex -70 -51.705422334373 4.6
      vertex -54.16710699349642 -24.944088369607925 4.6
      vertex -55.76284287124872 -23.800600208342075 4.6
    endloop
  endfacet
  facet normal 0 0 1
    outer loop
      vertex -70 -51.705422334373 4.6
      vertex -55.76284287124872 -23.800600208342075 4.6
      vertex -57.28037445247173 -22.555194221436977 4.6
    endloop
  endfacet
  facet normal 0 0 1
    outer loop
      vertex -70 -51.705422334373 4.6
      vertex -57.28037445247173 -22.555194221436977 4.6
      vertex -58.71320343762636 -21.213203437626362 4.6
    endloop
  endfacet
  facet normal 0 0 1
    outer loop
      vertex -70.18803399801254 -51.699266739189625 4.6
      vertex -70 -51.705422334373 4.6
      vertex -58.71320343762636 -21.213203437626362 4.6
    endloop
  endfacet
  facet normal 0 0 1
    outer loop
      vertex -70.3752628043294 -51.68082631379366 4.6
      vertex -70.18803399801254 -51.699266739189625 4.6
      vertex -58.71320343762636 -21.213203437626362 4.6
    endloop
  endfacet
  facet normal 0 0 1
    outer loop
      vertex -70.56088467687368 -51.650180011987686 4.6
      vertex -70.3752628043294 -51.68082631379366 4.6
      vertex -58.71320343762636 -21.213203437626362 4.6
    endloop
  endfacet
  facet normal 0 0 1
    outer loop
      vertex -70.744104757905 -51.6074590831995 4.6
      vertex -70.56088467687368 -51.650180011987686 4.6
      vertex -58.71320343762636 -21.213203437626362 4.6
    endloop
  endfacet
  facet normal 0 0 1
    outer loop
      vertex -70.9241384640336 -51.55284645408392 4.6
      vertex -70.744104757905 -51.6074590831995 4.6
      vertex -58.71320343762636 -21.213203437626362 4.6
    endloop
  endfacet
  facet normal 0 0 1
    outer loop
      vertex -71.10021486878395 -51.4865759909153 4.6
      vertex -70.9241384640336 -51.55284645408392 4.6
      vertex -58.71320343762636 -21.213203437626362 4.6
    endloop
  endfacet
  facet normal 0 0 1
    outer loop
      vertex -71.27157998085022 -51.40893146395683 4.6
      vertex -71.10021486878395 -51.4865759909153 4.6
      vertex -58.71320343762636 -21.213203437626362 4.6
    endloop
  endfacet
  facet normal 0 0 1
    outer loop
      vertex -71.4375 -51.32024537026882 4.6
      vertex -71.27157998085022 -51.40893146395683 4.6
      vertex -58.71320343762636 -21.213203437626362 4.6
    endloop
  endfacet
  facet normal 0 0 1
    outer loop
      vertex -71.59726441651583 -51.22089747339487 4.6
      vertex -71.4375 -51.32024537026882 4.6
      vertex -58.71320343762636 -21.213203437626362 4.6
    endloop
  endfacet
  facet normal 0 0 1
    outer loop
      vertex -71.75018911063671 -51.1113131865859 4.6
      vertex -71.59726441651583 -51.22089747339487 4.6
      vertex -58.71320343762636 -21.213203437626362 4.6
    endloop
  endfacet
  facet normal 0 0 1
    outer loop
      vertex -71.89561922103167 -50.991961777210236 4.6
      vertex -71.75018911063671 -51.1113131865859 4.6
      vertex -58.71320343762636 -21.213203437626362 4.6
    endloop
  endfacet
  facet normal 0 0 1
    outer loop
      vertex -72.03293199837208 -50.863354332745075 4.6
      vertex -71.89561922103167 -50.991961777210236 4.6
      vertex -58.71320343762636 -21.213203437626362 4.6
    endloop
  endfacet
  facet normal 0 0 1
    outer loop
      vertex -72.16153944283724 -50.72604155540466 4.6
      vertex -72.03293199837208 -50.863354332745075 4.6
      vertex -58.71320343762636 -21.213203437626362 4.6
    endloop
  endfacet
  facet normal 0 0 1
    outer loop
      vertex -72.2808908522129 -50.58061144500971 4.6
      vertex -72.16153944283724 -50.72604155540466 4.6
      vertex -58.71320343762636 -21.213203437626362 4.6
    endloop
  endfacet
  facet normal 0 0 1
    outer loop
      vertex -72.39047513902187 -50.427686750888824 4.6
      vertex -72.2808908522129 -50.58061144500971 4.6
      vertex -58.71320343762636 -21.213203437626362 4.6
    endloop
  endfacet
  facet normal 0 0 1
    outer loop
      vertex -72.48982303589582 -50.267922334373 4.6
      vertex -72.39047513902187 -50.427686750888824 4.6
      vertex -58.71320343762636 -21.213203437626362 4.6
    endloop
  endfacet
  facet normal 0 0 1
    outer loop
      vertex -72.57850912958384 -50.10200231522322 4.6
      vertex -72.48982303589582 -50.267922334373 4.6
      vertex -58.71320343762636 -21.213203437626362 4.6
    endloop
  endfacet
  facet normal 0 0 1
    outer loop
      vertex -72.6561536565423 -49.93063720315695 4.6
      vertex -72.57850912958384 -50.10200231522322 4.6
      vertex -58.71320343762636 -21.213203437626362 4.6
    endloop
  endfacet
  facet normal 0 0 1
    outer loop
      vertex -72.72242411971092 -49.7545607984066 4.6
      vertex -72.6561536565423 -49.93063720315695 4.6
      vertex -58.71320343762636 -21.213203437626362 4.6
    endloop
  endfacet
  facet normal 0 0 1
    outer loop
      vertex -72.7770367488265 -49.574527092278004 4.6
      vertex -72.72242411971092 -49.7545607984066 4.6
      vertex -58.71320343762636 -21.213203437626362 4.6
    endloop
  endfacet
  facet normal 0 0 1
    outer loop
      vertex -72.81975767761469 -49.39130701124668 4.6
      vertex -72.7770367488265 -49.574527092278004 4.6
      vertex -58.71320343762636 -21.213203437626362 4.6
    endloop
  endfacet
  facet normal 0 0 1
    outer loop
      vertex -72.85040397942066 -49.20568513870239 4.6
      vertex -72.81975767761469 -49.39130701124668 4.6
      vertex -58.71320343762636 -21.213203437626362 4.6
    endloop
  endfacet
  facet normal 0 0 1
    outer loop
      vertex -72.86884440481663 -49.01845633238554 4.6
      vertex -72.85040397942066 -49.20568513870239 4.6
      vertex -58.71320343762636 -21.213203437626362 4.6
    endloop
  endfacet
  facet normal 0 0 1
    outer loop
      vertex -72.875 -48.830422334373 4.6
      vertex -72.86884440481663 -49.01845633238554 4.6
      vertex -58.71320343762636 -21.213203437626362 4.6
    endloop
  endfacet
  facet normal 0 0 1
    outer loop
      vertex -72.875 -48.830422334373 4.6
      vertex -58.71320343762636 -21.213203437626362 4.6
      vertex -60.05519422143698 -19.780374452471733 4.6
    endloop
  endfacet
  facet normal 0 0 1
    outer loop
      vertex -72.875 -48.830422334373 4.6
      vertex -60.05519422143698 -19.780374452471733 4.6
      vertex -61.300600208342075 -18.262842871248722 4.6
    endloop
  endfacet
  facet normal 0 0 1
    outer loop
      vertex -72.875 -48.830422334373 4.6
      vertex -61.300600208342075 -18.262842871248722 4.6
      vertex -62.444088369607925 -16.667106993496418 4.6
    endloop
  endfacet
  facet normal 0 0 1
    outer loop
      vertex -72.875 -48.830422334373 4.6
      vertex -62.444088369607925 -16.667106993496418 4.6
      vertex -63.480762116611004 -15 4.6
    endloop
  endfacet
  facet normal 0 0 1
    outer loop
      vertex -72.875 -48.830422334373 4.6
      vertex -63.480762116611004 -15 4.6
      vertex -64.40618224442005 -13.268660709261894 4.6
    endloop
  endfacet
  facet normal 0 0 1
    outer loop
      vertex -72.875 -48.830422334373 4.6
      vertex -64.40618224442005 -13.268660709261894 4.6
      vertex -65.21638597548008 -11.480502970516682 4.6
    endloop
  endfacet
  facet normal 0 0 1
    outer loop
      vertex -72.875 -48.830422334373 4.6
      vertex -65.21638597548008 -11.480502970516682 4.6
      vertex -65.90790388733149 -9.643183961510658 4.6
    endloop
  endfacet
  facet normal 0 0 1
    outer loop
      vertex -72.875 -48.830422334373 4.6
      vertex -65.90790388733149 -9.643183961510658 4.6
      vertex -66.4777747914195 -7.764571353793144 4.6
    endloop
  endfacet
  facet normal 0 0 1
    outer loop
      vertex 31.647290341556072 29.42355841398239 4.6
      vertex 33.584214232861996 29.743345841765404 4.6
      vertex -70 51.705422334373 4.6
    endloop
  endfacet
  facet normal 0 0 1
    outer loop
      vertex 29.735428646206856 28.977774791419506 4.6
      vertex 31.647290341556072 29.42355841398239 4.6
      vertex -70 51.705422334373 4.6
    endloop
  endfacet
  facet normal 0 0 1
    outer loop
      vertex -72.875 -48.830422334373 4.6
      vertex -66.4777747914195 -7.764571353793144 4.6
      vertex -66.92355841398239 -5.852709658443928 4.6
    endloop
  endfacet
  facet normal 0 0 1
    outer loop
      vertex 27.85681603848934 28.407903887331486 4.6
      vertex 29.735428646206856 28.977774791419506 4.6
      vertex -70 51.705422334373 4.6
    endloop
  endfacet
  facet normal 0 0 1
    outer loop
      vertex 26.01949702948332 27.71638597548008 4.6
      vertex 27.85681603848934 28.407903887331486 4.6
      vertex -70 51.705422334373 4.6
    endloop
  endfacet
  facet normal 0 0 1
    outer loop
      vertex -26.01949702948332 27.71638597548008 4.6
      vertex 26.01949702948332 27.71638597548008 4.6
      vertex -70 51.705422334373 4.6
    endloop
  endfacet
  facet normal 0 0 1
    outer loop
      vertex -27.85681603848934 28.407903887331486 4.6
      vertex -26.01949702948332 27.71638597548008 4.6
      vertex -70 51.705422334373 4.6
    endloop
  endfacet
  facet normal 0 0 1
    outer loop
      vertex -29.735428646206856 28.977774791419506 4.6
      vertex -27.85681603848934 28.407903887331486 4.6
      vertex -70 51.705422334373 4.6
    endloop
  endfacet
  facet normal 0 0 1
    outer loop
      vertex -31.647290341556072 29.42355841398239 4.6
      vertex -29.735428646206856 28.977774791419506 4.6
      vertex -70 51.705422334373 4.6
    endloop
  endfacet
  facet normal 0 0 1
    outer loop
      vertex -33.584214232861996 29.743345841765404 4.6
      vertex -31.647290341556072 29.42355841398239 4.6
      vertex -70 51.705422334373 4.6
    endloop
  endfacet
  facet normal 0 0 1
    outer loop
      vertex -35.537906125187874 29.93576769530773 4.6
      vertex -33.584214232861996 29.743345841765404 4.6
      vertex -70 51.705422334373 4.6
    endloop
  endfacet
  facet normal 0 0 1
    outer loop
      vertex -37.5 30 4.6
      vertex -35.537906125187874 29.93576769530773 4.6
      vertex -70 51.705422334373 4.6
    endloop
  endfacet
  facet normal 0 0 1
    outer loop
      vertex -39.462093874812126 29.93576769530773 4.6
      vertex -37.5 30 4.6
      vertex -70 51.705422334373 4.6
    endloop
  endfacet
  facet normal 0 0 1
    outer loop
      vertex -41.415785767138004 29.743345841765404 4.6
      vertex -39.462093874812126 29.93576769530773 4.6
      vertex -70 51.705422334373 4.6
    endloop
  endfacet
  facet normal 0 0 1
    outer loop
      vertex -43.35270965844393 29.42355841398239 4.6
      vertex -41.415785767138004 29.743345841765404 4.6
      vertex -70 51.705422334373 4.6
    endloop
  endfacet
  facet normal 0 0 1
    outer loop
      vertex -45.264571353793144 28.977774791419506 4.6
      vertex -43.35270965844393 29.42355841398239 4.6
      vertex -70 51.705422334373 4.6
    endloop
  endfacet
  facet normal 0 0 1
    outer loop
      vertex -47.14318396151066 28.407903887331486 4.6
      vertex -45.264571353793144 28.977774791419506 4.6
      vertex -70 51.705422334373 4.6
    endloop
  endfacet
  facet normal 0 0 1
    outer loop
      vertex -48.98050297051668 27.71638597548008 4.6
      vertex -47.14318396151066 28.407903887331486 4.6
      vertex -70 51.705422334373 4.6
    endloop
  endfacet
  facet normal 0 0 1
    outer loop
      vertex -50.768660709261894 26.90618224442005 4.6
      vertex -48.98050297051668 27.71638597548008 4.6
      vertex -70 51.705422334373 4.6
    endloop
  endfacet
  facet normal 0 0 1
    outer loop
      vertex -52.5 25.980762116611004 4.6
      vertex -50.768660709261894 26.90618224442005 4.6
      vertex -70 51.705422334373 4.6
    endloop
  endfacet
  facet normal 0 0 1
    outer loop
      vertex -54.16710699349642 24.944088369607925 4.6
      vertex -52.5 25.980762116611004 4.6
      vertex -70 51.705422334373 4.6
    endloop
  endfacet
  facet normal 0 0 1
    outer loop
      vertex -55.76284287124872 23.800600208342075 4.6
      vertex -54.16710699349642 24.944088369607925 4.6
      vertex -70 51.705422334373 4.6
    endloop
  endfacet
  facet normal 0 0 1
    outer loop
      vertex -57.28037445247173 22.555194221436977 4.6
      vertex -55.76284287124872 23.800600208342075 4.6
      vertex -70 51.705422334373 4.6
    endloop
  endfacet
  facet normal 0 0 1
    outer loop
      vertex -58.71320343762636 21.213203437626362 4.6
      vertex -57.28037445247173 22.555194221436977 4.6
      vertex -70 51.705422334373 4.6
    endloop
  endfacet
  facet normal 0 0 1
    outer loop
      vertex -58.71320343762636 21.213203437626362 4.6
      vertex -70 51.705422334373 4.6
      vertex -70.18803399801254 51.699266739189625 4.6
    endloop
  endfacet
  facet normal 0 0 1
    outer loop
      vertex -58.71320343762636 21.213203437626362 4.6
      vertex -70.18803399801254 51.699266739189625 4.6
      vertex -70.3752628043294 51.68082631379366 4.6
    endloop
  endfacet
  facet normal 0 0 1
    outer loop
      vertex -58.71320343762636 21.213203437626362 4.6
      vertex -70.3752628043294 51.68082631379366 4.6
      vertex -70.56088467687368 51.650180011987686 4.6
    endloop
  endfacet
  facet normal 0 0 1
    outer loop
      vertex -58.71320343762636 21.213203437626362 4.6
      vertex -70.56088467687368 51.650180011987686 4.6
      vertex -70.744104757905 51.6074590831995 4.6
    endloop
  endfacet
  facet normal 0 0 1
    outer loop
      vertex -58.71320343762636 21.213203437626362 4.6
      vertex -70.744104757905 51.6074590831995 4.6
      vertex -70.9241384640336 51.55284645408392 4.6
    endloop
  endfacet
  facet normal 0 0 1
    outer loop
      vertex -58.71320343762636 21.213203437626362 4.6
      vertex -70.9241384640336 51.55284645408392 4.6
      vertex -71.10021486878395 51.4865759909153 4.6
    endloop
  endfacet
  facet normal 0 0 1
    outer loop
      vertex -58.71320343762636 21.213203437626362 4.6
      vertex -71.10021486878395 51.4865759909153 4.6
      vertex -71.27157998085022 51.40893146395683 4.6
    endloop
  endfacet
  facet normal 0 0 1
    outer loop
      vertex -58.71320343762636 21.213203437626362 4.6
      vertex -71.27157998085022 51.40893146395683 4.6
      vertex -71.4375 51.32024537026882 4.6
    endloop
  endfacet
  facet normal 0 0 1
    outer loop
      vertex -58.71320343762636 21.213203437626362 4.6
      vertex -71.4375 51.32024537026882 4.6
      vertex -71.59726441651583 51.22089747339487 4.6
    endloop
  endfacet
  facet normal 0 0 1
    outer loop
      vertex -58.71320343762636 21.213203437626362 4.6
      vertex -71.59726441651583 51.22089747339487 4.6
      vertex -71.75018911063671 51.1113131865859 4.6
    endloop
  endfacet
  facet normal 0 0 1
    outer loop
      vertex -58.71320343762636 21.213203437626362 4.6
      vertex -71.75018911063671 51.1113131865859 4.6
      vertex -71.89561922103167 50.991961777210236 4.6
    endloop
  endfacet
  facet normal 0 0 1
    outer loop
      vertex -58.71320343762636 21.213203437626362 4.6
      vertex -71.89561922103167 50.991961777210236 4.6
      vertex -72.03293199837208 50.863354332745075 4.6
    endloop
  endfacet
  facet normal 0 0 1
    outer loop
      vertex -58.71320343762636 21.213203437626362 4.6
      vertex -72.03293199837208 50.863354332745075 4.6
      vertex -72.16153944283724 50.72604155540466 4.6
    endloop
  endfacet
  facet normal 0 0 1
    outer loop
      vertex -58.71320343762636 21.213203437626362 4.6
      vertex -72.16153944283724 50.72604155540466 4.6
      vertex -72.2808908522129 50.58061144500971 4.6
    endloop
  endfacet
  facet normal 0 0 1
    outer loop
      vertex -58.71320343762636 21.213203437626362 4.6
      vertex -72.2808908522129 50.58061144500971 4.6
      vertex -72.39047513902187 50.427686750888824 4.6
    endloop
  endfacet
  facet normal 0 0 1
    outer loop
      vertex -58.71320343762636 21.213203437626362 4.6
      vertex -72.39047513902187 50.427686750888824 4.6
      vertex -72.48982303589582 50.267922334373 4.6
    endloop
  endfacet
  facet normal 0 0 1
    outer loop
      vertex -58.71320343762636 21.213203437626362 4.6
      vertex -72.48982303589582 50.267922334373 4.6
      vertex -72.57850912958384 50.10200231522322 4.6
    endloop
  endfacet
  facet normal 0 0 1
    outer loop
      vertex -58.71320343762636 21.213203437626362 4.6
      vertex -72.57850912958384 50.10200231522322 4.6
      vertex -72.6561536565423 49.93063720315695 4.6
    endloop
  endfacet
  facet normal 0 0 1
    outer loop
      vertex -58.71320343762636 21.213203437626362 4.6
      vertex -72.6561536565423 49.93063720315695 4.6
      vertex -72.72242411971092 49.7545607984066 4.6
    endloop
  endfacet
  facet normal 0 0 1
    outer loop
      vertex -58.71320343762636 21.213203437626362 4.6
      vertex -72.72242411971092 49.7545607984066 4.6
      vertex -72.7770367488265 49.574527092278004 4.6
    endloop
  endfacet
  facet normal 0 0 1
    outer loop
      vertex -58.71320343762636 21.213203437626362 4.6
      vertex -72.7770367488265 49.574527092278004 4.6
      vertex -72.81975767761469 49.39130701124668 4.6
    endloop
  endfacet
  facet normal 0 0 1
    outer loop
      vertex -58.71320343762636 21.213203437626362 4.6
      vertex -72.81975767761469 49.39130701124668 4.6
      vertex -72.85040397942066 49.20568513870239 4.6
    endloop
  endfacet
  facet normal 0 0 1
    outer loop
      vertex -58.71320343762636 21.213203437626362 4.6
      vertex -72.85040397942066 49.20568513870239 4.6
      vertex -72.86884440481663 49.01845633238554 4.6
    endloop
  endfacet
  facet normal 0 0 1
    outer loop
      vertex -58.71320343762636 21.213203437626362 4.6
      vertex -72.86884440481663 49.01845633238554 4.6
      vertex -72.875 48.830422334373 4.6
    endloop
  endfacet
  facet normal 0 0 1
    outer loop
      vertex -60.05519422143698 19.780374452471733 4.6
      vertex -58.71320343762636 21.213203437626362 4.6
      vertex -72.875 48.830422334373 4.6
    endloop
  endfacet
  facet normal 0 0 1
    outer loop
      vertex -61.300600208342075 18.262842871248722 4.6
      vertex -60.05519422143698 19.780374452471733 4.6
      vertex -72.875 48.830422334373 4.6
    endloop
  endfacet
  facet normal 0 0 1
    outer loop
      vertex -62.444088369607925 16.667106993496418 4.6
      vertex -61.300600208342075 18.262842871248722 4.6
      vertex -72.875 48.830422334373 4.6
    endloop
  endfacet
  facet normal 0 0 1
    outer loop
      vertex -63.480762116611004 15 4.6
      vertex -62.444088369607925 16.667106993496418 4.6
      vertex -72.875 48.830422334373 4.6
    endloop
  endfacet
  facet normal 0 0 1
    outer loop
      vertex -64.40618224442005 13.268660709261894 4.6
      vertex -63.480762116611004 15 4.6
      vertex -72.875 48.830422334373 4.6
    endloop
  endfacet
  facet normal 0 0 1
    outer loop
      vertex -65.21638597548008 11.480502970516682 4.6
      vertex -64.40618224442005 13.268660709261894 4.6
      vertex -72.875 48.830422334373 4.6
    endloop
  endfacet
  facet normal 0 0 1
    outer loop
      vertex -65.90790388733149 9.643183961510658 4.6
      vertex -65.21638597548008 11.480502970516682 4.6
      vertex -72.875 48.830422334373 4.6
    endloop
  endfacet
  facet normal 0 0 1
    outer loop
      vertex -66.4777747914195 7.764571353793144 4.6
      vertex -65.90790388733149 9.643183961510658 4.6
      vertex -72.875 48.830422334373 4.6
    endloop
  endfacet
  facet normal 0 0 1
    outer loop
      vertex -66.92355841398239 5.852709658443928 4.6
      vertex -66.4777747914195 7.764571353793144 4.6
      vertex -72.875 48.830422334373 4.6
    endloop
  endfacet
  facet normal 0 0 1
    outer loop
      vertex -72.875 -48.830422334373 4.6
      vertex -66.92355841398239 -5.852709658443928 4.6
      vertex -67.2433458417654 -3.9157857671380043 4.6
    endloop
  endfacet
  facet normal 0 0 1
    outer loop
      vertex -72.875 48.830422334373 4.6
      vertex -72.875 -48.830422334373 4.6
      vertex -67.2433458417654 -3.9157857671380043 4.6
    endloop
  endfacet
  facet normal 0 0 1
    outer loop
      vertex -72.875 48.830422334373 4.6
      vertex -67.2433458417654 -3.9157857671380043 4.6
      vertex -67.43576769530773 -1.9620938748121262 4.6
    endloop
  endfacet
  facet normal 0 0 1
    outer loop
      vertex -72.875 48.830422334373 4.6
      vertex -67.43576769530773 -1.9620938748121262 4.6
      vertex -67.5 0 4.6
    endloop
  endfacet
  facet normal 0 0 1
    outer loop
      vertex -72.875 48.830422334373 4.6
      vertex -67.5 0 4.6
      vertex -67.43576769530773 1.9620938748121262 4.6
    endloop
  endfacet
  facet normal 0 0 1
    outer loop
      vertex -72.875 48.830422334373 4.6
      vertex -67.43576769530773 1.9620938748121262 4.6
      vertex -67.2433458417654 3.9157857671380043 4.6
    endloop
  endfacet
  facet normal 0 0 1
    outer loop
      vertex -66.92355841398239 5.852709658443928 4.6
      vertex -72.875 48.830422334373 4.6
      vertex -67.2433458417654 3.9157857671380043 4.6
    endloop
  endfacet
  facet normal 0 0 -1
    outer loop
      vertex 41.332534968853 -29.858096450567245 0
      vertex 41.28631968051195 -29.75609713047743 0
      vertex 41.415785767138004 -29.743345841765404 0
    endloop
  endfacet
  facet normal 0 0 -1
    outer loop
      vertex -41.415785767138004 -29.743345841765404 0
      vertex -41.28631968051195 -29.75609713047743 0
      vertex -41.332534968853 -29.858096450567245 0
    endloop
  endfacet
  facet normal 0 0 -1
    outer loop
      vertex 33.584214232861996 -29.743345841765404 0
      vertex 33.71368031203747 -29.75609713047743 0
      vertex 33.667465031147 -29.858096450567245 0
    endloop
  endfacet
  facet normal 0 0 -1
    outer loop
      vertex -33.667465031147 -29.858096450567245 0
      vertex -33.71368031203747 -29.75609713047743 0
      vertex -33.584214232861996 -29.743345841765404 0
    endloop
  endfacet
  facet normal 0 0 -1
    outer loop
      vertex -7.5 0 0
      vertex 7.5 0 0
      vertex 7.564232304692268 -1.9620938748121262 0
    endloop
  endfacet
  facet normal 0 0 -1
    outer loop
      vertex -7.564232304692268 -1.9620938748121262 0
      vertex -7.5 0 0
      vertex 7.564232304692268 -1.9620938748121262 0
    endloop
  endfacet
  facet normal 0 0 -1
    outer loop
      vertex 7.5 0 0
      vertex -7.5 0 0
      vertex -7.564232304692268 1.9620938748121262 0
    endloop
  endfacet
  facet normal 0 0 -1
    outer loop
      vertex 7.564232304692268 1.9620938748121262 0
      vertex 7.5 0 0
      vertex -7.564232304692268 1.9620938748121262 0
    endloop
  endfacet
  facet normal 0 0 -1
    outer loop
      vertex -7.564232304692268 -1.9620938748121262 0
      vertex 7.564232304692268 -1.9620938748121262 0
      vertex 7.756654158234596 -3.9157857671380043 0
    endloop
  endfacet
  facet normal 0 0 -1
    outer loop
      vertex -7.756654158234596 -3.9157857671380043 0
      vertex -7.564232304692268 -1.9620938748121262 0
      vertex 7.756654158234596 -3.9157857671380043 0
    endloop
  endfacet
  facet normal 0 0 -1
    outer loop
      vertex 7.564232304692268 1.9620938748121262 0
      vertex -7.564232304692268 1.9620938748121262 0
      vertex -7.756654158234596 3.9157857671380043 0
    endloop
  endfacet
  facet normal 0 0 -1
    outer loop
      vertex 7.756654158234596 3.9157857671380043 0
      vertex 7.564232304692268 1.9620938748121262 0
      vertex -7.756654158234596 3.9157857671380043 0
    endloop
  endfacet
  facet normal 0 0 -1
    outer loop
      vertex -7.756654158234596 -3.9157857671380043 0
      vertex 7.756654158234596 -3.9157857671380043 0
      vertex 8.076441586017609 -5.852709658443928 0
    endloop
  endfacet
  facet normal 0 0 -1
    outer loop
      vertex -8.076441586017609 -5.852709658443928 0
      vertex -7.756654158234596 -3.9157857671380043 0
      vertex 8.076441586017609 -5.852709658443928 0
    endloop
  endfacet
  facet normal 0 0 -1
    outer loop
      vertex 7.756654158234596 3.9157857671380043 0
      vertex -7.756654158234596 3.9157857671380043 0
      vertex -8.076441586017609 5.852709658443928 0
    endloop
  endfacet
  facet normal 0 0 -1
    outer loop
      vertex 8.076441586017609 5.852709658443928 0
      vertex 7.756654158234596 3.9157857671380043 0
      vertex -8.076441586017609 5.852709658443928 0
    endloop
  endfacet
  facet normal 0 0 -1
    outer loop
      vertex -8.076441586017609 -5.852709658443928 0
      vertex 8.076441586017609 -5.852709658443928 0
      vertex 8.522225208580494 -7.764571353793144 0
    endloop
  endfacet
  facet normal 0 0 -1
    outer loop
      vertex -8.522225208580494 -7.764571353793144 0
      vertex -8.076441586017609 -5.852709658443928 0
      vertex 8.522225208580494 -7.764571353793144 0
    endloop
  endfacet
  facet normal 0 0 -1
    outer loop
      vertex 8.076441586017609 5.852709658443928 0
      vertex -8.076441586017609 5.852709658443928 0
      vertex -8.522225208580494 7.764571353793144 0
    endloop
  endfacet
  facet normal 0 0 -1
    outer loop
      vertex 8.522225208580494 7.764571353793144 0
      vertex 8.076441586017609 5.852709658443928 0
      vertex -8.522225208580494 7.764571353793144 0
    endloop
  endfacet
  facet normal 0 0 -1
    outer loop
      vertex -8.522225208580494 -7.764571353793144 0
      vertex 8.522225208580494 -7.764571353793144 0
      vertex 9.092096112668514 -9.643183961510658 0
    endloop
  endfacet
  facet normal 0 0 -1
    outer loop
      vertex -9.092096112668514 -9.643183961510658 0
      vertex -8.522225208580494 -7.764571353793144 0
      vertex 9.092096112668514 -9.643183961510658 0
    endloop
  endfacet
  facet normal 0 0 -1
    outer loop
      vertex 8.522225208580494 7.764571353793144 0
      vertex -8.522225208580494 7.764571353793144 0
      vertex -9.092096112668514 9.643183961510658 0
    endloop
  endfacet
  facet normal 0 0 -1
    outer loop
      vertex 9.092096112668514 9.643183961510658 0
      vertex 8.522225208580494 7.764571353793144 0
      vertex -9.092096112668514 9.643183961510658 0
    endloop
  endfacet
  facet normal 0 0 -1
    outer loop
      vertex -9.092096112668514 -9.643183961510658 0
      vertex 9.092096112668514 -9.643183961510658 0
      vertex 9.78361402451992 -11.480502970516682 0
    endloop
  endfacet
  facet normal 0 0 -1
    outer loop
      vertex -9.78361402451992 -11.480502970516682 0
      vertex -9.092096112668514 -9.643183961510658 0
      vertex 9.78361402451992 -11.480502970516682 0
    endloop
  endfacet
  facet normal 0 0 -1
    outer loop
      vertex 9.092096112668514 9.643183961510658 0
      vertex -9.092096112668514 9.643183961510658 0
      vertex -9.78361402451992 11.480502970516682 0
    endloop
  endfacet
  facet normal 0 0 -1
    outer loop
      vertex 9.78361402451992 11.480502970516682 0
      vertex 9.092096112668514 9.643183961510658 0
      vertex -9.78361402451992 11.480502970516682 0
    endloop
  endfacet
  facet normal 0 0 -1
    outer loop
      vertex -9.78361402451992 -11.480502970516682 0
      vertex 9.78361402451992 -11.480502970516682 0
      vertex 10.593817755579948 -13.268660709261894 0
    endloop
  endfacet
  facet normal 0 0 -1
    outer loop
      vertex -10.593817755579948 -13.268660709261894 0
      vertex -9.78361402451992 -11.480502970516682 0
      vertex 10.593817755579948 -13.268660709261894 0
    endloop
  endfacet
  facet normal 0 0 -1
    outer loop
      vertex 9.78361402451992 11.480502970516682 0
      vertex -9.78361402451992 11.480502970516682 0
      vertex -10.593817755579948 13.268660709261894 0
    endloop
  endfacet
  facet normal 0 0 -1
    outer loop
      vertex 10.593817755579948 13.268660709261894 0
      vertex 9.78361402451992 11.480502970516682 0
      vertex -10.593817755579948 13.268660709261894 0
    endloop
  endfacet
  facet normal 0 0 -1
    outer loop
      vertex -10.593817755579948 -13.268660709261894 0
      vertex 10.593817755579948 -13.268660709261894 0
      vertex 11.519237883388996 -15 0
    endloop
  endfacet
  facet normal 0 0 -1
    outer loop
      vertex -11.519237883388996 -15 0
      vertex -10.593817755579948 -13.268660709261894 0
      vertex 11.519237883388996 -15 0
    endloop
  endfacet
  facet normal 0 0 -1
    outer loop
      vertex 10.593817755579948 13.268660709261894 0
      vertex -10.593817755579948 13.268660709261894 0
      vertex -11.519237883388996 15 0
    endloop
  endfacet
  facet normal 0 0 -1
    outer loop
      vertex 11.519237883388996 15 0
      vertex 10.593817755579948 13.268660709261894 0
      vertex -11.519237883388996 15 0
    endloop
  endfacet
  facet normal 0 0 -1
    outer loop
      vertex -11.519237883388996 -15 0
      vertex 11.519237883388996 -15 0
      vertex 12.555911630392075 -16.667106993496418 0
    endloop
  endfacet
  facet normal 0 0 -1
    outer loop
      vertex -12.555911630392075 -16.667106993496418 0
      vertex -11.519237883388996 -15 0
      vertex 12.555911630392075 -16.667106993496418 0
    endloop
  endfacet
  facet normal 0 0 -1
    outer loop
      vertex 11.519237883388996 15 0
      vertex -11.519237883388996 15 0
      vertex -12.555911630392075 16.667106993496418 0
    endloop
  endfacet
  facet normal 0 0 -1
    outer loop
      vertex 12.555911630392075 16.667106993496418 0
      vertex 11.519237883388996 15 0
      vertex -12.555911630392075 16.667106993496418 0
    endloop
  endfacet
  facet normal 0 0 -1
    outer loop
      vertex 41.38324628025293 -29.99283318221569 0
      vertex 41.332534968853 -29.858096450567245 0
      vertex 41.415785767138004 -29.743345841765404 0
    endloop
  endfacet
  facet normal 0 0 -1
    outer loop
      vertex 41.38324628025293 -29.99283318221569 0
      vertex 41.415785767138004 -29.743345841765404 0
      vertex 43.35270965844393 -29.42355841398239 0
    endloop
  endfacet
  facet normal 0 0 -1
    outer loop
      vertex 41.42503681778908 -30.130598105490208 0
      vertex 41.38324628025293 -29.99283318221569 0
      vertex 43.35270965844393 -29.42355841398239 0
    endloop
  endfacet
  facet normal 0 0 -1
    outer loop
      vertex 41.45772761106491 -30.270801290869713 0
      vertex 41.42503681778908 -30.130598105490208 0
      vertex 43.35270965844393 -29.42355841398239 0
    endloop
  endfacet
  facet normal 0 0 -1
    outer loop
      vertex 41.48117869347334 -30.412842378020287 0
      vertex 41.45772761106491 -30.270801290869713 0
      vertex 43.35270965844393 -29.42355841398239 0
    endloop
  endfacet
  facet normal 0 0 -1
    outer loop
      vertex 41.495289631187916 -30.556113116443157 0
      vertex 41.48117869347334 -30.412842378020287 0
      vertex 43.35270965844393 -29.42355841398239 0
    endloop
  endfacet
  facet normal 0 0 -1
    outer loop
      vertex 41.5 -30.700000002980232 0
      vertex 41.495289631187916 -30.556113116443157 0
      vertex 43.35270965844393 -29.42355841398239 0
    endloop
  endfacet
  facet normal 0 0 -1
    outer loop
      vertex -41.415785767138004 -29.743345841765404 0
      vertex -41.332534968853 -29.858096450567245 0
      vertex -41.38324628025293 -29.99283318221569 0
    endloop
  endfacet
  facet normal 0 0 -1
    outer loop
      vertex -43.35270965844393 -29.42355841398239 0
      vertex -41.415785767138004 -29.743345841765404 0
      vertex -41.38324628025293 -29.99283318221569 0
    endloop
  endfacet
  facet normal 0 0 -1
    outer loop
      vertex -43.35270965844393 -29.42355841398239 0
      vertex -41.38324628025293 -29.99283318221569 0
      vertex -41.42503681778908 -30.130598105490208 0
    endloop
  endfacet
  facet normal 0 0 -1
    outer loop
      vertex -43.35270965844393 -29.42355841398239 0
      vertex -41.42503681778908 -30.130598105490208 0
      vertex -41.45772761106491 -30.270801290869713 0
    endloop
  endfacet
  facet normal 0 0 -1
    outer loop
      vertex -43.35270965844393 -29.42355841398239 0
      vertex -41.45772761106491 -30.270801290869713 0
      vertex -41.48117869347334 -30.412842378020287 0
    endloop
  endfacet
  facet normal 0 0 -1
    outer loop
      vertex -43.35270965844393 -29.42355841398239 0
      vertex -41.48117869347334 -30.412842378020287 0
      vertex -41.495289631187916 -30.556113116443157 0
    endloop
  endfacet
  facet normal 0 0 -1
    outer loop
      vertex -43.35270965844393 -29.42355841398239 0
      vertex -41.495289631187916 -30.556113116443157 0
      vertex -41.5 -30.700000002980232 0
    endloop
  endfacet
  facet normal 0 0 -1
    outer loop
      vertex 33.584214232861996 -29.743345841765404 0
      vertex 33.667465031147 -29.858096450567245 0
      vertex 33.61675371974707 -29.99283318221569 0
    endloop
  endfacet
  facet normal 0 0 -1
    outer loop
      vertex 31.647290341556072 -29.42355841398239 0
      vertex 33.584214232861996 -29.743345841765404 0
      vertex 33.61675371974707 -29.99283318221569 0
    endloop
  endfacet
  facet normal 0 0 -1
    outer loop
      vertex 31.647290341556072 -29.42355841398239 0
      vertex 33.61675371974707 -29.99283318221569 0
      vertex 33.57496318221092 -30.130598105490208 0
    endloop
  endfacet
  facet normal 0 0 -1
    outer loop
      vertex 31.647290341556072 -29.42355841398239 0
      vertex 33.57496318221092 -30.130598105490208 0
      vertex 33.54227238893509 -30.270801290869713 0
    endloop
  endfacet
  facet normal 0 0 -1
    outer loop
      vertex 31.647290341556072 -29.42355841398239 0
      vertex 33.54227238893509 -30.270801290869713 0
      vertex 33.51882130652666 -30.412842378020287 0
    endloop
  endfacet
  facet normal 0 0 -1
    outer loop
      vertex 31.647290341556072 -29.42355841398239 0
      vertex 33.51882130652666 -30.412842378020287 0
      vertex 33.504710368812084 -30.556113116443157 0
    endloop
  endfacet
  facet normal 0 0 -1
    outer loop
      vertex 31.647290341556072 -29.42355841398239 0
      vertex 33.504710368812084 -30.556113116443157 0
      vertex 33.5 -30.700000002980232 0
    endloop
  endfacet
  facet normal 0 0 -1
    outer loop
      vertex -33.61675371974707 -29.99283318221569 0
      vertex -33.667465031147 -29.858096450567245 0
      vertex -33.584214232861996 -29.743345841765404 0
    endloop
  endfacet
  facet normal 0 0 -1
    outer loop
      vertex -33.61675371974707 -29.99283318221569 0
      vertex -33.584214232861996 -29.743345841765404 0
      vertex -31.647290341556072 -29.42355841398239 0
    endloop
  endfacet
  facet normal 0 0 -1
    outer loop
      vertex -33.57496318221092 -30.130598105490208 0
      vertex -33.61675371974707 -29.99283318221569 0
      vertex -31.647290341556072 -29.42355841398239 0
    endloop
  endfacet
  facet normal 0 0 -1
    outer loop
      vertex -33.54227238893509 -30.270801290869713 0
      vertex -33.57496318221092 -30.130598105490208 0
      vertex -31.647290341556072 -29.42355841398239 0
    endloop
  endfacet
  facet normal 0 0 -1
    outer loop
      vertex -33.51882130652666 -30.412842378020287 0
      vertex -33.54227238893509 -30.270801290869713 0
      vertex -31.647290341556072 -29.42355841398239 0
    endloop
  endfacet
  facet normal 0 0 -1
    outer loop
      vertex -33.504710368812084 -30.556113116443157 0
      vertex -33.51882130652666 -30.412842378020287 0
      vertex -31.647290341556072 -29.42355841398239 0
    endloop
  endfacet
  facet normal 0 0 -1
    outer loop
      vertex -33.5 -30.700000002980232 0
      vertex -33.504710368812084 -30.556113116443157 0
      vertex -31.647290341556072 -29.42355841398239 0
    endloop
  endfacet
  facet normal 0 0 -1
    outer loop
      vertex 41.5 -36.29999999701977 0
      vertex 41.5 -30.700000002980232 0
      vertex 43.35270965844393 -29.42355841398239 0
    endloop
  endfacet
  facet normal 0 0 -1
    outer loop
      vertex 41.5 -36.29999999701977 0
      vertex 43.35270965844393 -29.42355841398239 0
      vertex 45.264571353793144 -28.977774791419506 0
    endloop
  endfacet
  facet normal 0 0 -1
    outer loop
      vertex -43.35270965844393 -29.42355841398239 0
      vertex -41.5 -30.700000002980232 0
      vertex -41.5 -36.29999999701977 0
    endloop
  endfacet
  facet normal 0 0 -1
    outer loop
      vertex -45.264571353793144 -28.977774791419506 0
      vertex -43.35270965844393 -29.42355841398239 0
      vertex -41.5 -36.29999999701977 0
    endloop
  endfacet
  facet normal 0 0 -1
    outer loop
      vertex 31.647290341556072 -29.42355841398239 0
      vertex 33.5 -30.700000002980232 0
      vertex 33.5 -36.29999999701977 0
    endloop
  endfacet
  facet normal 0 0 -1
    outer loop
      vertex 29.735428646206856 -28.977774791419506 0
      vertex 31.647290341556072 -29.42355841398239 0
      vertex 33.5 -36.29999999701977 0
    endloop
  endfacet
  facet normal 0 0 -1
    outer loop
      vertex -33.5 -36.29999999701977 0
      vertex -33.5 -30.700000002980232 0
      vertex -31.647290341556072 -29.42355841398239 0
    endloop
  endfacet
  facet normal 0 0 -1
    outer loop
      vertex -33.5 -36.29999999701977 0
      vertex -31.647290341556072 -29.42355841398239 0
      vertex -29.735428646206856 -28.977774791419506 0
    endloop
  endfacet
  facet normal 0 0 -1
    outer loop
      vertex -12.555911630392075 -16.667106993496418 0
      vertex 12.555911630392075 -16.667106993496418 0
      vertex 13.699399791657925 -18.262842871248722 0
    endloop
  endfacet
  facet normal 0 0 -1
    outer loop
      vertex -13.699399791657925 -18.262842871248722 0
      vertex -12.555911630392075 -16.667106993496418 0
      vertex 13.699399791657925 -18.262842871248722 0
    endloop
  endfacet
  facet normal 0 0 -1
    outer loop
      vertex 12.555911630392075 16.667106993496418 0
      vertex -12.555911630392075 16.667106993496418 0
      vertex -13.699399791657925 18.262842871248722 0
    endloop
  endfacet
  facet normal 0 0 -1
    outer loop
      vertex 13.699399791657925 18.262842871248722 0
      vertex 12.555911630392075 16.667106993496418 0
      vertex -13.699399791657925 18.262842871248722 0
    endloop
  endfacet
  facet normal 0 0 -1
    outer loop
      vertex -13.699399791657925 -18.262842871248722 0
      vertex 13.699399791657925 -18.262842871248722 0
      vertex 14.944805778563023 -19.780374452471733 0
    endloop
  endfacet
  facet normal 0 0 -1
    outer loop
      vertex -14.944805778563023 -19.780374452471733 0
      vertex -13.699399791657925 -18.262842871248722 0
      vertex 14.944805778563023 -19.780374452471733 0
    endloop
  endfacet
  facet normal 0 0 -1
    outer loop
      vertex 13.699399791657925 18.262842871248722 0
      vertex -13.699399791657925 18.262842871248722 0
      vertex -14.944805778563023 19.780374452471733 0
    endloop
  endfacet
  facet normal 0 0 -1
    outer loop
      vertex 14.944805778563023 19.780374452471733 0
      vertex 13.699399791657925 18.262842871248722 0
      vertex -14.944805778563023 19.780374452471733 0
    endloop
  endfacet
  facet normal 0 0 -1
    outer loop
      vertex -14.944805778563023 -19.780374452471733 0
      vertex 14.944805778563023 -19.780374452471733 0
      vertex 16.286796562373638 -21.213203437626362 0
    endloop
  endfacet
  facet normal 0 0 -1
    outer loop
      vertex -16.286796562373638 -21.213203437626362 0
      vertex -14.944805778563023 -19.780374452471733 0
      vertex 16.286796562373638 -21.213203437626362 0
    endloop
  endfacet
  facet normal 0 0 -1
    outer loop
      vertex 14.944805778563023 19.780374452471733 0
      vertex -14.944805778563023 19.780374452471733 0
      vertex -16.286796562373638 21.213203437626362 0
    endloop
  endfacet
  facet normal 0 0 -1
    outer loop
      vertex 16.286796562373638 21.213203437626362 0
      vertex 14.944805778563023 19.780374452471733 0
      vertex -16.286796562373638 21.213203437626362 0
    endloop
  endfacet
  facet normal 0 0 -1
    outer loop
      vertex 41.5 -36.29999999701977 0
      vertex 45.264571353793144 -28.977774791419506 0
      vertex 47.14318396151066 -28.407903887331486 0
    endloop
  endfacet
  facet normal 0 0 -1
    outer loop
      vertex -47.14318396151066 -28.407903887331486 0
      vertex -45.264571353793144 -28.977774791419506 0
      vertex -41.5 -36.29999999701977 0
    endloop
  endfacet
  facet normal 0 0 -1
    outer loop
      vertex 27.85681603848934 -28.407903887331486 0
      vertex 29.735428646206856 -28.977774791419506 0
      vertex 33.5 -36.29999999701977 0
    endloop
  endfacet
  facet normal 0 0 -1
    outer loop
      vertex -33.5 -36.29999999701977 0
      vertex -29.735428646206856 -28.977774791419506 0
      vertex -27.85681603848934 -28.407903887331486 0
    endloop
  endfacet
  facet normal 0 0 -1
    outer loop
      vertex -16.286796562373638 -21.213203437626362 0
      vertex 16.286796562373638 -21.213203437626362 0
      vertex 17.719625547528267 -22.555194221436977 0
    endloop
  endfacet
  facet normal 0 0 -1
    outer loop
      vertex -17.719625547528267 -22.555194221436977 0
      vertex -16.286796562373638 -21.213203437626362 0
      vertex 17.719625547528267 -22.555194221436977 0
    endloop
  endfacet
  facet normal 0 0 -1
    outer loop
      vertex 16.286796562373638 21.213203437626362 0
      vertex -16.286796562373638 21.213203437626362 0
      vertex -17.719625547528267 22.555194221436977 0
    endloop
  endfacet
  facet normal 0 0 -1
    outer loop
      vertex 17.719625547528267 22.555194221436977 0
      vertex 16.286796562373638 21.213203437626362 0
      vertex -17.719625547528267 22.555194221436977 0
    endloop
  endfacet
  facet normal 0 0 -1
    outer loop
      vertex 72.875 48.830422334373 0
      vertex 67.5 0 0
      vertex 67.43576769530773 1.9620938748121262 0
    endloop
  endfacet
  facet normal 0 0 -1
    outer loop
      vertex 72.875 48.830422334373 0
      vertex 67.43576769530773 1.9620938748121262 0
      vertex 67.2433458417654 3.9157857671380043 0
    endloop
  endfacet
  facet normal 0 0 -1
    outer loop
      vertex 72.875 48.830422334373 0
      vertex 67.2433458417654 3.9157857671380043 0
      vertex 66.92355841398239 5.852709658443928 0
    endloop
  endfacet
  facet normal 0 0 -1
    outer loop
      vertex 72.875 48.830422334373 0
      vertex 66.92355841398239 5.852709658443928 0
      vertex 66.4777747914195 7.764571353793144 0
    endloop
  endfacet
  facet normal 0 0 -1
    outer loop
      vertex 72.875 48.830422334373 0
      vertex 66.4777747914195 7.764571353793144 0
      vertex 65.90790388733149 9.643183961510658 0
    endloop
  endfacet
  facet normal 0 0 -1
    outer loop
      vertex 72.875 48.830422334373 0
      vertex 65.90790388733149 9.643183961510658 0
      vertex 65.21638597548008 11.480502970516682 0
    endloop
  endfacet
  facet normal 0 0 -1
    outer loop
      vertex 72.875 48.830422334373 0
      vertex 65.21638597548008 11.480502970516682 0
      vertex 64.40618224442005 13.268660709261894 0
    endloop
  endfacet
  facet normal 0 0 -1
    outer loop
      vertex 72.875 48.830422334373 0
      vertex 64.40618224442005 13.268660709261894 0
      vertex 63.480762116611004 15 0
    endloop
  endfacet
  facet normal 0 0 -1
    outer loop
      vertex 72.875 48.830422334373 0
      vertex 63.480762116611004 15 0
      vertex 62.444088369607925 16.667106993496418 0
    endloop
  endfacet
  facet normal 0 0 -1
    outer loop
      vertex 72.875 48.830422334373 0
      vertex 62.444088369607925 16.667106993496418 0
      vertex 61.300600208342075 18.262842871248722 0
    endloop
  endfacet
  facet normal 0 0 -1
    outer loop
      vertex 72.875 48.830422334373 0
      vertex 61.300600208342075 18.262842871248722 0
      vertex 60.05519422143698 19.780374452471733 0
    endloop
  endfacet
  facet normal 0 0 -1
    outer loop
      vertex 72.875 48.830422334373 0
      vertex 60.05519422143698 19.780374452471733 0
      vertex 58.71320343762636 21.213203437626362 0
    endloop
  endfacet
  facet normal 0 0 -1
    outer loop
      vertex 72.875 48.830422334373 0
      vertex 58.71320343762636 21.213203437626362 0
      vertex 57.28037445247173 22.555194221436977 0
    endloop
  endfacet
  facet normal 0 0 -1
    outer loop
      vertex 72.875 48.830422334373 0
      vertex 57.28037445247173 22.555194221436977 0
      vertex 55.76284287124872 23.800600208342075 0
    endloop
  endfacet
  facet normal 0 0 -1
    outer loop
      vertex 72.875 48.830422334373 0
      vertex 55.76284287124872 23.800600208342075 0
      vertex 54.16710699349642 24.944088369607925 0
    endloop
  endfacet
  facet normal 0 0 -1
    outer loop
      vertex 72.875 48.830422334373 0
      vertex 54.16710699349642 24.944088369607925 0
      vertex 52.5 25.980762116611004 0
    endloop
  endfacet
  facet normal 0 0 -1
    outer loop
      vertex 72.875 48.830422334373 0
      vertex 52.5 25.980762116611004 0
      vertex 50.768660709261894 26.90618224442005 0
    endloop
  endfacet
  facet normal 0 0 -1
    outer loop
      vertex 72.875 48.830422334373 0
      vertex 50.768660709261894 26.90618224442005 0
      vertex 48.98050297051668 27.71638597548008 0
    endloop
  endfacet
  facet normal 0 0 -1
    outer loop
      vertex 72.875 48.830422334373 0
      vertex 48.98050297051668 27.71638597548008 0
      vertex 47.14318396151066 28.407903887331486 0
    endloop
  endfacet
  facet normal 0 0 -1
    outer loop
      vertex 72.875 48.830422334373 0
      vertex 47.14318396151066 28.407903887331486 0
      vertex 45.264571353793144 28.977774791419506 0
    endloop
  endfacet
  facet normal 0 0 -1
    outer loop
      vertex 72.86884440481663 49.01845633238554 0
      vertex 72.875 48.830422334373 0
      vertex 45.264571353793144 28.977774791419506 0
    endloop
  endfacet
  facet normal 0 0 -1
    outer loop
      vertex 72.85040397942066 49.20568513870239 0
      vertex 72.86884440481663 49.01845633238554 0
      vertex 45.264571353793144 28.977774791419506 0
    endloop
  endfacet
  facet normal 0 0 -1
    outer loop
      vertex 72.81975767761469 49.39130701124668 0
      vertex 72.85040397942066 49.20568513870239 0
      vertex 45.264571353793144 28.977774791419506 0
    endloop
  endfacet
  facet normal 0 0 -1
    outer loop
      vertex 72.7770367488265 49.574527092278004 0
      vertex 72.81975767761469 49.39130701124668 0
      vertex 45.264571353793144 28.977774791419506 0
    endloop
  endfacet
  facet normal 0 0 -1
    outer loop
      vertex 72.72242411971092 49.7545607984066 0
      vertex 72.7770367488265 49.574527092278004 0
      vertex 45.264571353793144 28.977774791419506 0
    endloop
  endfacet
  facet normal 0 0 -1
    outer loop
      vertex 72.6561536565423 49.93063720315695 0
      vertex 72.72242411971092 49.7545607984066 0
      vertex 45.264571353793144 28.977774791419506 0
    endloop
  endfacet
  facet normal 0 0 -1
    outer loop
      vertex 72.57850912958384 50.10200231522322 0
      vertex 72.6561536565423 49.93063720315695 0
      vertex 45.264571353793144 28.977774791419506 0
    endloop
  endfacet
  facet normal 0 0 -1
    outer loop
      vertex 72.48982303589582 50.267922334373 0
      vertex 72.57850912958384 50.10200231522322 0
      vertex 45.264571353793144 28.977774791419506 0
    endloop
  endfacet
  facet normal 0 0 -1
    outer loop
      vertex 72.39047513902187 50.427686750888824 0
      vertex 72.48982303589582 50.267922334373 0
      vertex 45.264571353793144 28.977774791419506 0
    endloop
  endfacet
  facet normal 0 0 -1
    outer loop
      vertex 72.2808908522129 50.58061144500971 0
      vertex 72.39047513902187 50.427686750888824 0
      vertex 45.264571353793144 28.977774791419506 0
    endloop
  endfacet
  facet normal 0 0 -1
    outer loop
      vertex 72.16153944283724 50.72604155540466 0
      vertex 72.2808908522129 50.58061144500971 0
      vertex 45.264571353793144 28.977774791419506 0
    endloop
  endfacet
  facet normal 0 0 -1
    outer loop
      vertex 72.03293199837208 50.863354332745075 0
      vertex 72.16153944283724 50.72604155540466 0
      vertex 45.264571353793144 28.977774791419506 0
    endloop
  endfacet
  facet normal 0 0 -1
    outer loop
      vertex 71.89561922103167 50.991961777210236 0
      vertex 72.03293199837208 50.863354332745075 0
      vertex 45.264571353793144 28.977774791419506 0
    endloop
  endfacet
  facet normal 0 0 -1
    outer loop
      vertex 71.75018911063671 51.1113131865859 0
      vertex 71.89561922103167 50.991961777210236 0
      vertex 45.264571353793144 28.977774791419506 0
    endloop
  endfacet
  facet normal 0 0 -1
    outer loop
      vertex 71.59726441651583 51.22089747339487 0
      vertex 71.75018911063671 51.1113131865859 0
      vertex 45.264571353793144 28.977774791419506 0
    endloop
  endfacet
  facet normal 0 0 -1
    outer loop
      vertex 71.4375 51.32024537026882 0
      vertex 71.59726441651583 51.22089747339487 0
      vertex 45.264571353793144 28.977774791419506 0
    endloop
  endfacet
  facet normal 0 0 -1
    outer loop
      vertex 71.27157998085022 51.40893146395683 0
      vertex 71.4375 51.32024537026882 0
      vertex 45.264571353793144 28.977774791419506 0
    endloop
  endfacet
  facet normal 0 0 -1
    outer loop
      vertex 71.10021486878395 51.4865759909153 0
      vertex 71.27157998085022 51.40893146395683 0
      vertex 45.264571353793144 28.977774791419506 0
    endloop
  endfacet
  facet normal 0 0 -1
    outer loop
      vertex 70.9241384640336 51.55284645408392 0
      vertex 71.10021486878395 51.4865759909153 0
      vertex 45.264571353793144 28.977774791419506 0
    endloop
  endfacet
  facet normal 0 0 -1
    outer loop
      vertex 70.744104757905 51.6074590831995 0
      vertex 70.9241384640336 51.55284645408392 0
      vertex 45.264571353793144 28.977774791419506 0
    endloop
  endfacet
  facet normal 0 0 -1
    outer loop
      vertex 70.56088467687368 51.650180011987686 0
      vertex 70.744104757905 51.6074590831995 0
      vertex 45.264571353793144 28.977774791419506 0
    endloop
  endfacet
  facet normal 0 0 -1
    outer loop
      vertex 70.3752628043294 51.68082631379366 0
      vertex 70.56088467687368 51.650180011987686 0
      vertex 45.264571353793144 28.977774791419506 0
    endloop
  endfacet
  facet normal 0 0 -1
    outer loop
      vertex 70.18803399801254 51.699266739189625 0
      vertex 70.3752628043294 51.68082631379366 0
      vertex 45.264571353793144 28.977774791419506 0
    endloop
  endfacet
  facet normal 0 0 -1
    outer loop
      vertex 70 51.705422334373 0
      vertex 70.18803399801254 51.699266739189625 0
      vertex 45.264571353793144 28.977774791419506 0
    endloop
  endfacet
  facet normal 0 0 -1
    outer loop
      vertex 70 51.705422334373 0
      vertex 45.264571353793144 28.977774791419506 0
      vertex 43.35270965844393 29.42355841398239 0
    endloop
  endfacet
  facet normal 0 0 -1
    outer loop
      vertex 70 51.705422334373 0
      vertex 43.35270965844393 29.42355841398239 0
      vertex 41.415785767138004 29.743345841765404 0
    endloop
  endfacet
  facet normal 0 0 -1
    outer loop
      vertex 70 51.705422334373 0
      vertex 41.415785767138004 29.743345841765404 0
      vertex 39.462093874812126 29.93576769530773 0
    endloop
  endfacet
  facet normal 0 0 -1
    outer loop
      vertex -17.719625547528267 -22.555194221436977 0
      vertex 17.719625547528267 -22.555194221436977 0
      vertex 19.237157128751278 -23.800600208342075 0
    endloop
  endfacet
  facet normal 0 0 -1
    outer loop
      vertex -19.237157128751278 -23.800600208342075 0
      vertex -17.719625547528267 -22.555194221436977 0
      vertex 19.237157128751278 -23.800600208342075 0
    endloop
  endfacet
  facet normal 0 0 -1
    outer loop
      vertex 17.719625547528267 22.555194221436977 0
      vertex -17.719625547528267 22.555194221436977 0
      vertex -19.237157128751278 23.800600208342075 0
    endloop
  endfacet
  facet normal 0 0 -1
    outer loop
      vertex 19.237157128751278 23.800600208342075 0
      vertex 17.719625547528267 22.555194221436977 0
      vertex -19.237157128751278 23.800600208342075 0
    endloop
  endfacet
  facet normal 0 0 -1
    outer loop
      vertex 70 51.705422334373 0
      vertex 39.462093874812126 29.93576769530773 0
      vertex 37.5 30 0
    endloop
  endfacet
  facet normal 0 0 -1
    outer loop
      vertex 67.5 0 0
      vertex 72.875 48.830422334373 0
      vertex 72.875 -48.830422334373 0
    endloop
  endfacet
  facet normal 0 0 -1
    outer loop
      vertex 67.43576769530773 -1.9620938748121262 0
      vertex 67.5 0 0
      vertex 72.875 -48.830422334373 0
    endloop
  endfacet
  facet normal 0 0 -1
    outer loop
      vertex 67.2433458417654 -3.9157857671380043 0
      vertex 67.43576769530773 -1.9620938748121262 0
      vertex 72.875 -48.830422334373 0
    endloop
  endfacet
  facet normal 0 0 -1
    outer loop
      vertex 66.92355841398239 -5.852709658443928 0
      vertex 67.2433458417654 -3.9157857671380043 0
      vertex 72.875 -48.830422334373 0
    endloop
  endfacet
  facet normal 0 0 -1
    outer loop
      vertex 66.4777747914195 -7.764571353793144 0
      vertex 66.92355841398239 -5.852709658443928 0
      vertex 72.875 -48.830422334373 0
    endloop
  endfacet
  facet normal 0 0 -1
    outer loop
      vertex 65.90790388733149 -9.643183961510658 0
      vertex 66.4777747914195 -7.764571353793144 0
      vertex 72.875 -48.830422334373 0
    endloop
  endfacet
  facet normal 0 0 -1
    outer loop
      vertex 65.21638597548008 -11.480502970516682 0
      vertex 65.90790388733149 -9.643183961510658 0
      vertex 72.875 -48.830422334373 0
    endloop
  endfacet
  facet normal 0 0 -1
    outer loop
      vertex 64.40618224442005 -13.268660709261894 0
      vertex 65.21638597548008 -11.480502970516682 0
      vertex 72.875 -48.830422334373 0
    endloop
  endfacet
  facet normal 0 0 -1
    outer loop
      vertex 63.480762116611004 -15 0
      vertex 64.40618224442005 -13.268660709261894 0
      vertex 72.875 -48.830422334373 0
    endloop
  endfacet
  facet normal 0 0 -1
    outer loop
      vertex 62.444088369607925 -16.667106993496418 0
      vertex 63.480762116611004 -15 0
      vertex 72.875 -48.830422334373 0
    endloop
  endfacet
  facet normal 0 0 -1
    outer loop
      vertex 61.300600208342075 -18.262842871248722 0
      vertex 62.444088369607925 -16.667106993496418 0
      vertex 72.875 -48.830422334373 0
    endloop
  endfacet
  facet normal 0 0 -1
    outer loop
      vertex 60.05519422143698 -19.780374452471733 0
      vertex 61.300600208342075 -18.262842871248722 0
      vertex 72.875 -48.830422334373 0
    endloop
  endfacet
  facet normal 0 0 -1
    outer loop
      vertex 58.71320343762636 -21.213203437626362 0
      vertex 60.05519422143698 -19.780374452471733 0
      vertex 72.875 -48.830422334373 0
    endloop
  endfacet
  facet normal 0 0 -1
    outer loop
      vertex 57.28037445247173 -22.555194221436977 0
      vertex 58.71320343762636 -21.213203437626362 0
      vertex 72.875 -48.830422334373 0
    endloop
  endfacet
  facet normal 0 0 -1
    outer loop
      vertex 55.76284287124872 -23.800600208342075 0
      vertex 57.28037445247173 -22.555194221436977 0
      vertex 72.875 -48.830422334373 0
    endloop
  endfacet
  facet normal 0 0 -1
    outer loop
      vertex 54.16710699349642 -24.944088369607925 0
      vertex 55.76284287124872 -23.800600208342075 0
      vertex 72.875 -48.830422334373 0
    endloop
  endfacet
  facet normal 0 0 -1
    outer loop
      vertex 52.5 -25.980762116611004 0
      vertex 54.16710699349642 -24.944088369607925 0
      vertex 72.875 -48.830422334373 0
    endloop
  endfacet
  facet normal 0 0 -1
    outer loop
      vertex 50.768660709261894 -26.90618224442005 0
      vertex 52.5 -25.980762116611004 0
      vertex 72.875 -48.830422334373 0
    endloop
  endfacet
  facet normal 0 0 -1
    outer loop
      vertex 48.98050297051668 -27.71638597548008 0
      vertex 50.768660709261894 -26.90618224442005 0
      vertex 72.875 -48.830422334373 0
    endloop
  endfacet
  facet normal 0 0 -1
    outer loop
      vertex 47.14318396151066 -28.407903887331486 0
      vertex 48.98050297051668 -27.71638597548008 0
      vertex 72.875 -48.830422334373 0
    endloop
  endfacet
  facet normal 0 0 -1
    outer loop
      vertex 41.5 -36.29999999701977 0
      vertex 47.14318396151066 -28.407903887331486 0
      vertex 72.875 -48.830422334373 0
    endloop
  endfacet
  facet normal 0 0 -1
    outer loop
      vertex 41.495289631187916 -36.44388688355684 0
      vertex 41.5 -36.29999999701977 0
      vertex 72.875 -48.830422334373 0
    endloop
  endfacet
  facet normal 0 0 -1
    outer loop
      vertex 41.48117869347334 -36.58715762197971 0
      vertex 41.495289631187916 -36.44388688355684 0
      vertex 72.875 -48.830422334373 0
    endloop
  endfacet
  facet normal 0 0 -1
    outer loop
      vertex 41.45772761106491 -36.72919870913029 0
      vertex 41.48117869347334 -36.58715762197971 0
      vertex 72.875 -48.830422334373 0
    endloop
  endfacet
  facet normal 0 0 -1
    outer loop
      vertex 41.42503681778908 -36.86940189450979 0
      vertex 41.45772761106491 -36.72919870913029 0
      vertex 72.875 -48.830422334373 0
    endloop
  endfacet
  facet normal 0 0 -1
    outer loop
      vertex 41.38324628025293 -37.00716681778431 0
      vertex 41.42503681778908 -36.86940189450979 0
      vertex 72.875 -48.830422334373 0
    endloop
  endfacet
  facet normal 0 0 -1
    outer loop
      vertex 41.332534968853 -37.141903549432755 0
      vertex 41.38324628025293 -37.00716681778431 0
      vertex 72.875 -48.830422334373 0
    endloop
  endfacet
  facet normal 0 0 -1
    outer loop
      vertex 41.273120030760765 -37.2730351164937 0
      vertex 41.332534968853 -37.141903549432755 0
      vertex 72.875 -48.830422334373 0
    endloop
  endfacet
  facet normal 0 0 -1
    outer loop
      vertex 41.20525588840246 -37.399999998509884 0
      vertex 41.273120030760765 -37.2730351164937 0
      vertex 72.875 -48.830422334373 0
    endloop
  endfacet
  facet normal 0 0 -1
    outer loop
      vertex 41.12923314422369 -37.52225451171398 0
      vertex 41.20525588840246 -37.399999998509884 0
      vertex 72.875 -48.830422334373 0
    endloop
  endfacet
  facet normal 0 0 -1
    outer loop
      vertex 41.04537734389305 -37.63927514106035 0
      vertex 41.12923314422369 -37.52225451171398 0
      vertex 72.875 -48.830422334373 0
    endloop
  endfacet
  facet normal 0 0 -1
    outer loop
      vertex 41.04537734389305 -37.63927514106035 0
      vertex 72.875 -48.830422334373 0
      vertex 72.86884440481663 -49.01845633238554 0
    endloop
  endfacet
  facet normal 0 0 -1
    outer loop
      vertex 41.04537734389305 -37.63927514106035 0
      vertex 72.86884440481663 -49.01845633238554 0
      vertex 72.85040397942066 -49.20568513870239 0
    endloop
  endfacet
  facet normal 0 0 -1
    outer loop
      vertex 41.04537734389305 -37.63927514106035 0
      vertex 72.85040397942066 -49.20568513870239 0
      vertex 72.81975767761469 -49.39130701124668 0
    endloop
  endfacet
  facet normal 0 0 -1
    outer loop
      vertex 41.04537734389305 -37.63927514106035 0
      vertex 72.81975767761469 -49.39130701124668 0
      vertex 72.7770367488265 -49.574527092278004 0
    endloop
  endfacet
  facet normal 0 0 -1
    outer loop
      vertex 41.04537734389305 -37.63927514106035 0
      vertex 72.7770367488265 -49.574527092278004 0
      vertex 72.72242411971092 -49.7545607984066 0
    endloop
  endfacet
  facet normal 0 0 -1
    outer loop
      vertex 41.04537734389305 -37.63927514106035 0
      vertex 72.72242411971092 -49.7545607984066 0
      vertex 72.6561536565423 -49.93063720315695 0
    endloop
  endfacet
  facet normal 0 0 -1
    outer loop
      vertex 41.04537734389305 -37.63927514106035 0
      vertex 72.6561536565423 -49.93063720315695 0
      vertex 72.57850912958384 -50.10200231522322 0
    endloop
  endfacet
  facet normal 0 0 -1
    outer loop
      vertex 41.04537734389305 -37.63927514106035 0
      vertex 72.57850912958384 -50.10200231522322 0
      vertex 72.48982303589582 -50.267922334373 0
    endloop
  endfacet
  facet normal 0 0 -1
    outer loop
      vertex 41.04537734389305 -37.63927514106035 0
      vertex 72.48982303589582 -50.267922334373 0
      vertex 72.39047513902187 -50.427686750888824 0
    endloop
  endfacet
  facet normal 0 0 -1
    outer loop
      vertex 41.04537734389305 -37.63927514106035 0
      vertex 72.39047513902187 -50.427686750888824 0
      vertex 72.2808908522129 -50.58061144500971 0
    endloop
  endfacet
  facet normal 0 0 -1
    outer loop
      vertex 41.04537734389305 -37.63927514106035 0
      vertex 72.2808908522129 -50.58061144500971 0
      vertex 72.16153944283724 -50.72604155540466 0
    endloop
  endfacet
  facet normal 0 0 -1
    outer loop
      vertex 41.04537734389305 -37.63927514106035 0
      vertex 72.16153944283724 -50.72604155540466 0
      vertex 72.03293199837208 -50.863354332745075 0
    endloop
  endfacet
  facet normal 0 0 -1
    outer loop
      vertex 41.04537734389305 -37.63927514106035 0
      vertex 72.03293199837208 -50.863354332745075 0
      vertex 71.89561922103167 -50.991961777210236 0
    endloop
  endfacet
  facet normal 0 0 -1
    outer loop
      vertex 41.04537734389305 -37.63927514106035 0
      vertex 71.89561922103167 -50.991961777210236 0
      vertex 71.75018911063671 -51.1113131865859 0
    endloop
  endfacet
  facet normal 0 0 -1
    outer loop
      vertex 41.04537734389305 -37.63927514106035 0
      vertex 71.75018911063671 -51.1113131865859 0
      vertex 71.59726441651583 -51.22089747339487 0
    endloop
  endfacet
  facet normal 0 0 -1
    outer loop
      vertex 41.04537734389305 -37.63927514106035 0
      vertex 71.59726441651583 -51.22089747339487 0
      vertex 71.4375 -51.32024537026882 0
    endloop
  endfacet
  facet normal 0 0 -1
    outer loop
      vertex 41.04537734389305 -37.63927514106035 0
      vertex 71.4375 -51.32024537026882 0
      vertex 71.27157998085022 -51.40893146395683 0
    endloop
  endfacet
  facet normal 0 0 -1
    outer loop
      vertex 41.04537734389305 -37.63927514106035 0
      vertex 71.27157998085022 -51.40893146395683 0
      vertex 71.10021486878395 -51.4865759909153 0
    endloop
  endfacet
  facet normal 0 0 -1
    outer loop
      vertex 41.04537734389305 -37.63927514106035 0
      vertex 71.10021486878395 -51.4865759909153 0
      vertex 70.9241384640336 -51.55284645408392 0
    endloop
  endfacet
  facet normal 0 0 -1
    outer loop
      vertex 41.04537734389305 -37.63927514106035 0
      vertex 70.9241384640336 -51.55284645408392 0
      vertex 70.744104757905 -51.6074590831995 0
    endloop
  endfacet
  facet normal 0 0 -1
    outer loop
      vertex 41.04537734389305 -37.63927514106035 0
      vertex 70.744104757905 -51.6074590831995 0
      vertex 70.56088467687368 -51.650180011987686 0
    endloop
  endfacet
  facet normal 0 0 -1
    outer loop
      vertex 41.04537734389305 -37.63927514106035 0
      vertex 70.56088467687368 -51.650180011987686 0
      vertex 70.3752628043294 -51.68082631379366 0
    endloop
  endfacet
  facet normal 0 0 -1
    outer loop
      vertex 41.04537734389305 -37.63927514106035 0
      vertex 70.3752628043294 -51.68082631379366 0
      vertex 70.18803399801254 -51.699266739189625 0
    endloop
  endfacet
  facet normal 0 0 -1
    outer loop
      vertex 41.04537734389305 -37.63927514106035 0
      vertex 70.18803399801254 -51.699266739189625 0
      vertex 70 -51.705422334373 0
    endloop
  endfacet
  facet normal 0 0 -1
    outer loop
      vertex 40.954047575592995 -37.75056079030037 0
      vertex 41.04537734389305 -37.63927514106035 0
      vertex 70 -51.705422334373 0
    endloop
  endfacet
  facet normal 0 0 -1
    outer loop
      vertex 40.85563491284847 -37.85563491284847 0
      vertex 40.954047575592995 -37.75056079030037 0
      vertex 70 -51.705422334373 0
    endloop
  endfacet
  facet normal 0 0 -1
    outer loop
      vertex 40.75056079030037 -37.954047575592995 0
      vertex 40.85563491284847 -37.85563491284847 0
      vertex 70 -51.705422334373 0
    endloop
  endfacet
  facet normal 0 0 -1
    outer loop
      vertex 40.63927514106035 -38.04537734389305 0
      vertex 40.75056079030037 -37.954047575592995 0
      vertex 70 -51.705422334373 0
    endloop
  endfacet
  facet normal 0 0 -1
    outer loop
      vertex 40.52225451171398 -38.12923314422369 0
      vertex 40.63927514106035 -38.04537734389305 0
      vertex 70 -51.705422334373 0
    endloop
  endfacet
  facet normal 0 0 -1
    outer loop
      vertex 40.399999998509884 -38.20525588840246 0
      vertex 40.52225451171398 -38.12923314422369 0
      vertex 70 -51.705422334373 0
    endloop
  endfacet
  facet normal 0 0 -1
    outer loop
      vertex 40.2730351164937 -38.273120030760765 0
      vertex 40.399999998509884 -38.20525588840246 0
      vertex 70 -51.705422334373 0
    endloop
  endfacet
  facet normal 0 0 -1
    outer loop
      vertex 40.141903549432755 -38.332534968853 0
      vertex 40.2730351164937 -38.273120030760765 0
      vertex 70 -51.705422334373 0
    endloop
  endfacet
  facet normal 0 0 -1
    outer loop
      vertex 40.00716681778431 -38.38324628025293 0
      vertex 40.141903549432755 -38.332534968853 0
      vertex 70 -51.705422334373 0
    endloop
  endfacet
  facet normal 0 0 -1
    outer loop
      vertex 39.86940189450979 -38.42503681778908 0
      vertex 40.00716681778431 -38.38324628025293 0
      vertex 70 -51.705422334373 0
    endloop
  endfacet
  facet normal 0 0 -1
    outer loop
      vertex 39.72919870913029 -38.45772761106491 0
      vertex 39.86940189450979 -38.42503681778908 0
      vertex 70 -51.705422334373 0
    endloop
  endfacet
  facet normal 0 0 -1
    outer loop
      vertex -19.237157128751278 -23.800600208342075 0
      vertex 19.237157128751278 -23.800600208342075 0
      vertex 20.832893006503582 -24.944088369607925 0
    endloop
  endfacet
  facet normal 0 0 -1
    outer loop
      vertex -20.832893006503582 -24.944088369607925 0
      vertex -19.237157128751278 -23.800600208342075 0
      vertex 20.832893006503582 -24.944088369607925 0
    endloop
  endfacet
  facet normal 0 0 -1
    outer loop
      vertex 19.237157128751278 23.800600208342075 0
      vertex -19.237157128751278 23.800600208342075 0
      vertex -20.832893006503582 24.944088369607925 0
    endloop
  endfacet
  facet normal 0 0 -1
    outer loop
      vertex 20.832893006503582 24.944088369607925 0
      vertex 19.237157128751278 23.800600208342075 0
      vertex -20.832893006503582 24.944088369607925 0
    endloop
  endfacet
  facet normal 0 0 -1
    outer loop
      vertex -48.98050297051668 -27.71638597548008 0
      vertex -47.14318396151066 -28.407903887331486 0
      vertex -41.5 -36.29999999701977 0
    endloop
  endfacet
  facet normal 0 0 -1
    outer loop
      vertex -48.98050297051668 -27.71638597548008 0
      vertex -41.5 -36.29999999701977 0
      vertex -41.495289631187916 -36.44388688355684 0
    endloop
  endfacet
  facet normal 0 0 -1
    outer loop
      vertex -48.98050297051668 -27.71638597548008 0
      vertex -41.495289631187916 -36.44388688355684 0
      vertex -41.48117869347334 -36.58715762197971 0
    endloop
  endfacet
  facet normal 0 0 -1
    outer loop
      vertex 26.01949702948332 -27.71638597548008 0
      vertex 27.85681603848934 -28.407903887331486 0
      vertex 33.5 -36.29999999701977 0
    endloop
  endfacet
  facet normal 0 0 -1
    outer loop
      vertex 26.01949702948332 -27.71638597548008 0
      vertex 33.5 -36.29999999701977 0
      vertex 33.504710368812084 -36.44388688355684 0
    endloop
  endfacet
  facet normal 0 0 -1
    outer loop
      vertex 26.01949702948332 -27.71638597548008 0
      vertex 33.504710368812084 -36.44388688355684 0
      vertex 33.51882130652666 -36.58715762197971 0
    endloop
  endfacet
  facet normal 0 0 -1
    outer loop
      vertex -33.5 -36.29999999701977 0
      vertex -27.85681603848934 -28.407903887331486 0
      vertex -26.01949702948332 -27.71638597548008 0
    endloop
  endfacet
  facet normal 0 0 -1
    outer loop
      vertex -33.504710368812084 -36.44388688355684 0
      vertex -33.5 -36.29999999701977 0
      vertex -26.01949702948332 -27.71638597548008 0
    endloop
  endfacet
  facet normal 0 0 -1
    outer loop
      vertex -33.51882130652666 -36.58715762197971 0
      vertex -33.504710368812084 -36.44388688355684 0
      vertex -26.01949702948332 -27.71638597548008 0
    endloop
  endfacet
  facet normal 0 0 -1
    outer loop
      vertex 39.58715762197971 -38.48117869347334 0
      vertex 39.72919870913029 -38.45772761106491 0
      vertex 70 -51.705422334373 0
    endloop
  endfacet
  facet normal 0 0 -1
    outer loop
      vertex -20.832893006503582 -24.944088369607925 0
      vertex 20.832893006503582 -24.944088369607925 0
      vertex 22.5 -25.980762116611004 0
    endloop
  endfacet
  facet normal 0 0 -1
    outer loop
      vertex -22.5 -25.980762116611004 0
      vertex -20.832893006503582 -24.944088369607925 0
      vertex 22.5 -25.980762116611004 0
    endloop
  endfacet
  facet normal 0 0 -1
    outer loop
      vertex 20.832893006503582 24.944088369607925 0
      vertex -20.832893006503582 24.944088369607925 0
      vertex -22.5 25.980762116611004 0
    endloop
  endfacet
  facet normal 0 0 -1
    outer loop
      vertex 22.5 25.980762116611004 0
      vertex 20.832893006503582 24.944088369607925 0
      vertex -22.5 25.980762116611004 0
    endloop
  endfacet
  facet normal 0 0 -1
    outer loop
      vertex 70 51.705422334373 0
      vertex 37.5 30 0
      vertex 35.537906125187874 29.93576769530773 0
    endloop
  endfacet
  facet normal 0 0 -1
    outer loop
      vertex -48.98050297051668 -27.71638597548008 0
      vertex -41.48117869347334 -36.58715762197971 0
      vertex -41.45772761106491 -36.72919870913029 0
    endloop
  endfacet
  facet normal 0 0 -1
    outer loop
      vertex 26.01949702948332 -27.71638597548008 0
      vertex 33.51882130652666 -36.58715762197971 0
      vertex 33.54227238893509 -36.72919870913029 0
    endloop
  endfacet
  facet normal 0 0 -1
    outer loop
      vertex -33.54227238893509 -36.72919870913029 0
      vertex -33.51882130652666 -36.58715762197971 0
      vertex -26.01949702948332 -27.71638597548008 0
    endloop
  endfacet
  facet normal 0 0 -1
    outer loop
      vertex 39.58715762197971 -38.48117869347334 0
      vertex 70 -51.705422334373 0
      vertex -70 -51.705422334373 0
    endloop
  endfacet
  facet normal 0 0 -1
    outer loop
      vertex 39.44388688355684 -38.495289631187916 0
      vertex 39.58715762197971 -38.48117869347334 0
      vertex -70 -51.705422334373 0
    endloop
  endfacet
  facet normal 0 0 -1
    outer loop
      vertex 39.29999999701977 -38.5 0
      vertex 39.44388688355684 -38.495289631187916 0
      vertex -70 -51.705422334373 0
    endloop
  endfacet
  facet normal 0 0 -1
    outer loop
      vertex 35.70000000298023 -38.5 0
      vertex 39.29999999701977 -38.5 0
      vertex -70 -51.705422334373 0
    endloop
  endfacet
  facet normal 0 0 -1
    outer loop
      vertex -22.5 -25.980762116611004 0
      vertex 22.5 -25.980762116611004 0
      vertex 24.231339290738106 -26.90618224442005 0
    endloop
  endfacet
  facet normal 0 0 -1
    outer loop
      vertex -24.231339290738106 -26.90618224442005 0
      vertex -22.5 -25.980762116611004 0
      vertex 24.231339290738106 -26.90618224442005 0
    endloop
  endfacet
  facet normal 0 0 -1
    outer loop
      vertex 22.5 25.980762116611004 0
      vertex -22.5 25.980762116611004 0
      vertex -24.231339290738106 26.90618224442005 0
    endloop
  endfacet
  facet normal 0 0 -1
    outer loop
      vertex 24.231339290738106 26.90618224442005 0
      vertex 22.5 25.980762116611004 0
      vertex -24.231339290738106 26.90618224442005 0
    endloop
  endfacet
  facet normal 0 0 -1
    outer loop
      vertex 35.55611311644316 -38.495289631187916 0
      vertex 35.70000000298023 -38.5 0
      vertex -70 -51.705422334373 0
    endloop
  endfacet
  facet normal 0 0 -1
    outer loop
      vertex 35.41284237802029 -38.48117869347334 0
      vertex 35.55611311644316 -38.495289631187916 0
      vertex -70 -51.705422334373 0
    endloop
  endfacet
  facet normal 0 0 -1
    outer loop
      vertex 35.27080129086971 -38.45772761106491 0
      vertex 35.41284237802029 -38.48117869347334 0
      vertex -70 -51.705422334373 0
    endloop
  endfacet
  facet normal 0 0 -1
    outer loop
      vertex 35.13059810549021 -38.42503681778908 0
      vertex 35.27080129086971 -38.45772761106491 0
      vertex -70 -51.705422334373 0
    endloop
  endfacet
  facet normal 0 0 -1
    outer loop
      vertex 34.99283318221569 -38.38324628025293 0
      vertex 35.13059810549021 -38.42503681778908 0
      vertex -70 -51.705422334373 0
    endloop
  endfacet
  facet normal 0 0 -1
    outer loop
      vertex 34.858096450567245 -38.332534968853 0
      vertex 34.99283318221569 -38.38324628025293 0
      vertex -70 -51.705422334373 0
    endloop
  endfacet
  facet normal 0 0 -1
    outer loop
      vertex 34.7269648835063 -38.273120030760765 0
      vertex 34.858096450567245 -38.332534968853 0
      vertex -70 -51.705422334373 0
    endloop
  endfacet
  facet normal 0 0 -1
    outer loop
      vertex 34.600000001490116 -38.20525588840246 0
      vertex 34.7269648835063 -38.273120030760765 0
      vertex -70 -51.705422334373 0
    endloop
  endfacet
  facet normal 0 0 -1
    outer loop
      vertex 34.47774548828602 -38.12923314422369 0
      vertex 34.600000001490116 -38.20525588840246 0
      vertex -70 -51.705422334373 0
    endloop
  endfacet
  facet normal 0 0 -1
    outer loop
      vertex 34.36072485893965 -38.04537734389305 0
      vertex 34.47774548828602 -38.12923314422369 0
      vertex -70 -51.705422334373 0
    endloop
  endfacet
  facet normal 0 0 -1
    outer loop
      vertex 34.24943920969963 -37.954047575592995 0
      vertex 34.36072485893965 -38.04537734389305 0
      vertex -70 -51.705422334373 0
    endloop
  endfacet
  facet normal 0 0 -1
    outer loop
      vertex 34.14436508715153 -37.85563491284847 0
      vertex 34.24943920969963 -37.954047575592995 0
      vertex -70 -51.705422334373 0
    endloop
  endfacet
  facet normal 0 0 -1
    outer loop
      vertex 34.045952424407005 -37.75056079030037 0
      vertex 34.14436508715153 -37.85563491284847 0
      vertex -70 -51.705422334373 0
    endloop
  endfacet
  facet normal 0 0 -1
    outer loop
      vertex 33.95462265610695 -37.63927514106035 0
      vertex 34.045952424407005 -37.75056079030037 0
      vertex -70 -51.705422334373 0
    endloop
  endfacet
  facet normal 0 0 -1
    outer loop
      vertex 33.87076685577631 -37.52225451171398 0
      vertex 33.95462265610695 -37.63927514106035 0
      vertex -70 -51.705422334373 0
    endloop
  endfacet
  facet normal 0 0 -1
    outer loop
      vertex 33.79474411159754 -37.399999998509884 0
      vertex 33.87076685577631 -37.52225451171398 0
      vertex -70 -51.705422334373 0
    endloop
  endfacet
  facet normal 0 0 -1
    outer loop
      vertex 33.726879969239235 -37.2730351164937 0
      vertex 33.79474411159754 -37.399999998509884 0
      vertex -70 -51.705422334373 0
    endloop
  endfacet
  facet normal 0 0 -1
    outer loop
      vertex 33.667465031147 -37.141903549432755 0
      vertex 33.726879969239235 -37.2730351164937 0
      vertex -70 -51.705422334373 0
    endloop
  endfacet
  facet normal 0 0 -1
    outer loop
      vertex -48.98050297051668 -27.71638597548008 0
      vertex -41.45772761106491 -36.72919870913029 0
      vertex -41.42503681778908 -36.86940189450979 0
    endloop
  endfacet
  facet normal 0 0 -1
    outer loop
      vertex 26.01949702948332 -27.71638597548008 0
      vertex 33.54227238893509 -36.72919870913029 0
      vertex 33.57496318221092 -36.86940189450979 0
    endloop
  endfacet
  facet normal 0 0 -1
    outer loop
      vertex -33.57496318221092 -36.86940189450979 0
      vertex -33.54227238893509 -36.72919870913029 0
      vertex -26.01949702948332 -27.71638597548008 0
    endloop
  endfacet
  facet normal 0 0 -1
    outer loop
      vertex 33.61675371974707 -37.00716681778431 0
      vertex 33.667465031147 -37.141903549432755 0
      vertex -70 -51.705422334373 0
    endloop
  endfacet
  facet normal 0 0 -1
    outer loop
      vertex 70 51.705422334373 0
      vertex 35.537906125187874 29.93576769530773 0
      vertex 33.584214232861996 29.743345841765404 0
    endloop
  endfacet
  facet normal 0 0 -1
    outer loop
      vertex 33.57496318221092 -36.86940189450979 0
      vertex 33.61675371974707 -37.00716681778431 0
      vertex -70 -51.705422334373 0
    endloop
  endfacet
  facet normal 0 0 -1
    outer loop
      vertex -50.768660709261894 -26.90618224442005 0
      vertex -48.98050297051668 -27.71638597548008 0
      vertex -41.42503681778908 -36.86940189450979 0
    endloop
  endfacet
  facet normal 0 0 -1
    outer loop
      vertex -50.768660709261894 -26.90618224442005 0
      vertex -41.42503681778908 -36.86940189450979 0
      vertex -41.38324628025293 -37.00716681778431 0
    endloop
  endfacet
  facet normal 0 0 -1
    outer loop
      vertex 24.231339290738106 -26.90618224442005 0
      vertex 26.01949702948332 -27.71638597548008 0
      vertex 33.57496318221092 -36.86940189450979 0
    endloop
  endfacet
  facet normal 0 0 -1
    outer loop
      vertex -24.231339290738106 -26.90618224442005 0
      vertex 24.231339290738106 -26.90618224442005 0
      vertex 33.57496318221092 -36.86940189450979 0
    endloop
  endfacet
  facet normal 0 0 -1
    outer loop
      vertex -26.01949702948332 -27.71638597548008 0
      vertex -24.231339290738106 -26.90618224442005 0
      vertex 33.57496318221092 -36.86940189450979 0
    endloop
  endfacet
  facet normal 0 0 -1
    outer loop
      vertex -33.57496318221092 -36.86940189450979 0
      vertex -26.01949702948332 -27.71638597548008 0
      vertex 33.57496318221092 -36.86940189450979 0
    endloop
  endfacet
  facet normal 0 0 -1
    outer loop
      vertex -33.61675371974707 -37.00716681778431 0
      vertex -33.57496318221092 -36.86940189450979 0
      vertex 33.57496318221092 -36.86940189450979 0
    endloop
  endfacet
  facet normal 0 0 -1
    outer loop
      vertex -33.667465031147 -37.141903549432755 0
      vertex -33.61675371974707 -37.00716681778431 0
      vertex 33.57496318221092 -36.86940189450979 0
    endloop
  endfacet
  facet normal 0 0 -1
    outer loop
      vertex -33.726879969239235 -37.2730351164937 0
      vertex -33.667465031147 -37.141903549432755 0
      vertex 33.57496318221092 -36.86940189450979 0
    endloop
  endfacet
  facet normal 0 0 -1
    outer loop
      vertex -33.79474411159754 -37.399999998509884 0
      vertex -33.726879969239235 -37.2730351164937 0
      vertex 33.57496318221092 -36.86940189450979 0
    endloop
  endfacet
  facet normal 0 0 -1
    outer loop
      vertex -33.87076685577631 -37.52225451171398 0
      vertex -33.79474411159754 -37.399999998509884 0
      vertex 33.57496318221092 -36.86940189450979 0
    endloop
  endfacet
  facet normal 0 0 -1
    outer loop
      vertex -33.95462265610695 -37.63927514106035 0
      vertex -33.87076685577631 -37.52225451171398 0
      vertex 33.57496318221092 -36.86940189450979 0
    endloop
  endfacet
  facet normal 0 0 -1
    outer loop
      vertex -34.045952424407005 -37.75056079030037 0
      vertex -33.95462265610695 -37.63927514106035 0
      vertex 33.57496318221092 -36.86940189450979 0
    endloop
  endfacet
  facet normal 0 0 -1
    outer loop
      vertex -34.14436508715153 -37.85563491284847 0
      vertex -34.045952424407005 -37.75056079030037 0
      vertex 33.57496318221092 -36.86940189450979 0
    endloop
  endfacet
  facet normal 0 0 -1
    outer loop
      vertex -34.24943920969963 -37.954047575592995 0
      vertex -34.14436508715153 -37.85563491284847 0
      vertex 33.57496318221092 -36.86940189450979 0
    endloop
  endfacet
  facet normal 0 0 -1
    outer loop
      vertex -34.36072485893965 -38.04537734389305 0
      vertex -34.24943920969963 -37.954047575592995 0
      vertex 33.57496318221092 -36.86940189450979 0
    endloop
  endfacet
  facet normal 0 0 -1
    outer loop
      vertex -34.47774548828602 -38.12923314422369 0
      vertex -34.36072485893965 -38.04537734389305 0
      vertex 33.57496318221092 -36.86940189450979 0
    endloop
  endfacet
  facet normal 0 0 -1
    outer loop
      vertex -34.600000001490116 -38.20525588840246 0
      vertex -34.47774548828602 -38.12923314422369 0
      vertex 33.57496318221092 -36.86940189450979 0
    endloop
  endfacet
  facet normal 0 0 -1
    outer loop
      vertex -34.7269648835063 -38.273120030760765 0
      vertex -34.600000001490116 -38.20525588840246 0
      vertex 33.57496318221092 -36.86940189450979 0
    endloop
  endfacet
  facet normal 0 0 -1
    outer loop
      vertex 24.231339290738106 26.90618224442005 0
      vertex -24.231339290738106 26.90618224442005 0
      vertex -26.01949702948332 27.71638597548008 0
    endloop
  endfacet
  facet normal 0 0 -1
    outer loop
      vertex 26.01949702948332 27.71638597548008 0
      vertex 24.231339290738106 26.90618224442005 0
      vertex -26.01949702948332 27.71638597548008 0
    endloop
  endfacet
  facet normal 0 0 -1
    outer loop
      vertex -70 51.705422334373 0
      vertex 70 51.705422334373 0
      vertex 33.584214232861996 29.743345841765404 0
    endloop
  endfacet
  facet normal 0 0 -1
    outer loop
      vertex -34.858096450567245 -38.332534968853 0
      vertex -34.7269648835063 -38.273120030760765 0
      vertex 33.57496318221092 -36.86940189450979 0
    endloop
  endfacet
  facet normal 0 0 -1
    outer loop
      vertex -34.858096450567245 -38.332534968853 0
      vertex 33.57496318221092 -36.86940189450979 0
      vertex -70 -51.705422334373 0
    endloop
  endfacet
  facet normal 0 0 -1
    outer loop
      vertex -34.99283318221569 -38.38324628025293 0
      vertex -34.858096450567245 -38.332534968853 0
      vertex -70 -51.705422334373 0
    endloop
  endfacet
  facet normal 0 0 -1
    outer loop
      vertex -35.13059810549021 -38.42503681778908 0
      vertex -34.99283318221569 -38.38324628025293 0
      vertex -70 -51.705422334373 0
    endloop
  endfacet
  facet normal 0 0 -1
    outer loop
      vertex -35.27080129086971 -38.45772761106491 0
      vertex -35.13059810549021 -38.42503681778908 0
      vertex -70 -51.705422334373 0
    endloop
  endfacet
  facet normal 0 0 -1
    outer loop
      vertex -35.41284237802029 -38.48117869347334 0
      vertex -35.27080129086971 -38.45772761106491 0
      vertex -70 -51.705422334373 0
    endloop
  endfacet
  facet normal 0 0 -1
    outer loop
      vertex -35.55611311644316 -38.495289631187916 0
      vertex -35.41284237802029 -38.48117869347334 0
      vertex -70 -51.705422334373 0
    endloop
  endfacet
  facet normal 0 0 -1
    outer loop
      vertex -35.70000000298023 -38.5 0
      vertex -35.55611311644316 -38.495289631187916 0
      vertex -70 -51.705422334373 0
    endloop
  endfacet
  facet normal 0 0 -1
    outer loop
      vertex -39.29999999701977 -38.5 0
      vertex -35.70000000298023 -38.5 0
      vertex -70 -51.705422334373 0
    endloop
  endfacet
  facet normal 0 0 -1
    outer loop
      vertex -39.44388688355684 -38.495289631187916 0
      vertex -39.29999999701977 -38.5 0
      vertex -70 -51.705422334373 0
    endloop
  endfacet
  facet normal 0 0 -1
    outer loop
      vertex -39.58715762197971 -38.48117869347334 0
      vertex -39.44388688355684 -38.495289631187916 0
      vertex -70 -51.705422334373 0
    endloop
  endfacet
  facet normal 0 0 -1
    outer loop
      vertex -39.72919870913029 -38.45772761106491 0
      vertex -39.58715762197971 -38.48117869347334 0
      vertex -70 -51.705422334373 0
    endloop
  endfacet
  facet normal 0 0 -1
    outer loop
      vertex -39.86940189450979 -38.42503681778908 0
      vertex -39.72919870913029 -38.45772761106491 0
      vertex -70 -51.705422334373 0
    endloop
  endfacet
  facet normal 0 0 -1
    outer loop
      vertex -40.00716681778431 -38.38324628025293 0
      vertex -39.86940189450979 -38.42503681778908 0
      vertex -70 -51.705422334373 0
    endloop
  endfacet
  facet normal 0 0 -1
    outer loop
      vertex -40.141903549432755 -38.332534968853 0
      vertex -40.00716681778431 -38.38324628025293 0
      vertex -70 -51.705422334373 0
    endloop
  endfacet
  facet normal 0 0 -1
    outer loop
      vertex -40.2730351164937 -38.273120030760765 0
      vertex -40.141903549432755 -38.332534968853 0
      vertex -70 -51.705422334373 0
    endloop
  endfacet
  facet normal 0 0 -1
    outer loop
      vertex -40.399999998509884 -38.20525588840246 0
      vertex -40.2730351164937 -38.273120030760765 0
      vertex -70 -51.705422334373 0
    endloop
  endfacet
  facet normal 0 0 -1
    outer loop
      vertex -40.52225451171398 -38.12923314422369 0
      vertex -40.399999998509884 -38.20525588840246 0
      vertex -70 -51.705422334373 0
    endloop
  endfacet
  facet normal 0 0 -1
    outer loop
      vertex -40.63927514106035 -38.04537734389305 0
      vertex -40.52225451171398 -38.12923314422369 0
      vertex -70 -51.705422334373 0
    endloop
  endfacet
  facet normal 0 0 -1
    outer loop
      vertex -40.75056079030037 -37.954047575592995 0
      vertex -40.63927514106035 -38.04537734389305 0
      vertex -70 -51.705422334373 0
    endloop
  endfacet
  facet normal 0 0 -1
    outer loop
      vertex -40.85563491284847 -37.85563491284847 0
      vertex -40.75056079030037 -37.954047575592995 0
      vertex -70 -51.705422334373 0
    endloop
  endfacet
  facet normal 0 0 -1
    outer loop
      vertex -40.954047575592995 -37.75056079030037 0
      vertex -40.85563491284847 -37.85563491284847 0
      vertex -70 -51.705422334373 0
    endloop
  endfacet
  facet normal 0 0 -1
    outer loop
      vertex -41.04537734389305 -37.63927514106035 0
      vertex -40.954047575592995 -37.75056079030037 0
      vertex -70 -51.705422334373 0
    endloop
  endfacet
  facet normal 0 0 -1
    outer loop
      vertex -41.12923314422369 -37.52225451171398 0
      vertex -41.04537734389305 -37.63927514106035 0
      vertex -70 -51.705422334373 0
    endloop
  endfacet
  facet normal 0 0 -1
    outer loop
      vertex -41.20525588840246 -37.399999998509884 0
      vertex -41.12923314422369 -37.52225451171398 0
      vertex -70 -51.705422334373 0
    endloop
  endfacet
  facet normal 0 0 -1
    outer loop
      vertex -41.273120030760765 -37.2730351164937 0
      vertex -41.20525588840246 -37.399999998509884 0
      vertex -70 -51.705422334373 0
    endloop
  endfacet
  facet normal 0 0 -1
    outer loop
      vertex -41.332534968853 -37.141903549432755 0
      vertex -41.273120030760765 -37.2730351164937 0
      vertex -70 -51.705422334373 0
    endloop
  endfacet
  facet normal 0 0 -1
    outer loop
      vertex -41.38324628025293 -37.00716681778431 0
      vertex -41.332534968853 -37.141903549432755 0
      vertex -70 -51.705422334373 0
    endloop
  endfacet
  facet normal 0 0 -1
    outer loop
      vertex -50.768660709261894 -26.90618224442005 0
      vertex -41.38324628025293 -37.00716681778431 0
      vertex -70 -51.705422334373 0
    endloop
  endfacet
  facet normal 0 0 -1
    outer loop
      vertex -52.5 -25.980762116611004 0
      vertex -50.768660709261894 -26.90618224442005 0
      vertex -70 -51.705422334373 0
    endloop
  endfacet
  facet normal 0 0 -1
    outer loop
      vertex -54.16710699349642 -24.944088369607925 0
      vertex -52.5 -25.980762116611004 0
      vertex -70 -51.705422334373 0
    endloop
  endfacet
  facet normal 0 0 -1
    outer loop
      vertex -55.76284287124872 -23.800600208342075 0
      vertex -54.16710699349642 -24.944088369607925 0
      vertex -70 -51.705422334373 0
    endloop
  endfacet
  facet normal 0 0 -1
    outer loop
      vertex -57.28037445247173 -22.555194221436977 0
      vertex -55.76284287124872 -23.800600208342075 0
      vertex -70 -51.705422334373 0
    endloop
  endfacet
  facet normal 0 0 -1
    outer loop
      vertex -58.71320343762636 -21.213203437626362 0
      vertex -57.28037445247173 -22.555194221436977 0
      vertex -70 -51.705422334373 0
    endloop
  endfacet
  facet normal 0 0 -1
    outer loop
      vertex -58.71320343762636 -21.213203437626362 0
      vertex -70 -51.705422334373 0
      vertex -70.18803399801254 -51.699266739189625 0
    endloop
  endfacet
  facet normal 0 0 -1
    outer loop
      vertex -58.71320343762636 -21.213203437626362 0
      vertex -70.18803399801254 -51.699266739189625 0
      vertex -70.3752628043294 -51.68082631379366 0
    endloop
  endfacet
  facet normal 0 0 -1
    outer loop
      vertex -58.71320343762636 -21.213203437626362 0
      vertex -70.3752628043294 -51.68082631379366 0
      vertex -70.56088467687368 -51.650180011987686 0
    endloop
  endfacet
  facet normal 0 0 -1
    outer loop
      vertex -58.71320343762636 -21.213203437626362 0
      vertex -70.56088467687368 -51.650180011987686 0
      vertex -70.744104757905 -51.6074590831995 0
    endloop
  endfacet
  facet normal 0 0 -1
    outer loop
      vertex -58.71320343762636 -21.213203437626362 0
      vertex -70.744104757905 -51.6074590831995 0
      vertex -70.9241384640336 -51.55284645408392 0
    endloop
  endfacet
  facet normal 0 0 -1
    outer loop
      vertex -58.71320343762636 -21.213203437626362 0
      vertex -70.9241384640336 -51.55284645408392 0
      vertex -71.10021486878395 -51.4865759909153 0
    endloop
  endfacet
  facet normal 0 0 -1
    outer loop
      vertex -58.71320343762636 -21.213203437626362 0
      vertex -71.10021486878395 -51.4865759909153 0
      vertex -71.27157998085022 -51.40893146395683 0
    endloop
  endfacet
  facet normal 0 0 -1
    outer loop
      vertex -58.71320343762636 -21.213203437626362 0
      vertex -71.27157998085022 -51.40893146395683 0
      vertex -71.4375 -51.32024537026882 0
    endloop
  endfacet
  facet normal 0 0 -1
    outer loop
      vertex -58.71320343762636 -21.213203437626362 0
      vertex -71.4375 -51.32024537026882 0
      vertex -71.59726441651583 -51.22089747339487 0
    endloop
  endfacet
  facet normal 0 0 -1
    outer loop
      vertex -58.71320343762636 -21.213203437626362 0
      vertex -71.59726441651583 -51.22089747339487 0
      vertex -71.75018911063671 -51.1113131865859 0
    endloop
  endfacet
  facet normal 0 0 -1
    outer loop
      vertex -58.71320343762636 -21.213203437626362 0
      vertex -71.75018911063671 -51.1113131865859 0
      vertex -71.89561922103167 -50.991961777210236 0
    endloop
  endfacet
  facet normal 0 0 -1
    outer loop
      vertex -58.71320343762636 -21.213203437626362 0
      vertex -71.89561922103167 -50.991961777210236 0
      vertex -72.03293199837208 -50.863354332745075 0
    endloop
  endfacet
  facet normal 0 0 -1
    outer loop
      vertex -58.71320343762636 -21.213203437626362 0
      vertex -72.03293199837208 -50.863354332745075 0
      vertex -72.16153944283724 -50.72604155540466 0
    endloop
  endfacet
  facet normal 0 0 -1
    outer loop
      vertex -58.71320343762636 -21.213203437626362 0
      vertex -72.16153944283724 -50.72604155540466 0
      vertex -72.2808908522129 -50.58061144500971 0
    endloop
  endfacet
  facet normal 0 0 -1
    outer loop
      vertex -58.71320343762636 -21.213203437626362 0
      vertex -72.2808908522129 -50.58061144500971 0
      vertex -72.39047513902187 -50.427686750888824 0
    endloop
  endfacet
  facet normal 0 0 -1
    outer loop
      vertex -58.71320343762636 -21.213203437626362 0
      vertex -72.39047513902187 -50.427686750888824 0
      vertex -72.48982303589582 -50.267922334373 0
    endloop
  endfacet
  facet normal 0 0 -1
    outer loop
      vertex -58.71320343762636 -21.213203437626362 0
      vertex -72.48982303589582 -50.267922334373 0
      vertex -72.57850912958384 -50.10200231522322 0
    endloop
  endfacet
  facet normal 0 0 -1
    outer loop
      vertex -58.71320343762636 -21.213203437626362 0
      vertex -72.57850912958384 -50.10200231522322 0
      vertex -72.6561536565423 -49.93063720315695 0
    endloop
  endfacet
  facet normal 0 0 -1
    outer loop
      vertex -58.71320343762636 -21.213203437626362 0
      vertex -72.6561536565423 -49.93063720315695 0
      vertex -72.72242411971092 -49.7545607984066 0
    endloop
  endfacet
  facet normal 0 0 -1
    outer loop
      vertex -58.71320343762636 -21.213203437626362 0
      vertex -72.72242411971092 -49.7545607984066 0
      vertex -72.7770367488265 -49.574527092278004 0
    endloop
  endfacet
  facet normal 0 0 -1
    outer loop
      vertex -58.71320343762636 -21.213203437626362 0
      vertex -72.7770367488265 -49.574527092278004 0
      vertex -72.81975767761469 -49.39130701124668 0
    endloop
  endfacet
  facet normal 0 0 -1
    outer loop
      vertex -58.71320343762636 -21.213203437626362 0
      vertex -72.81975767761469 -49.39130701124668 0
      vertex -72.85040397942066 -49.20568513870239 0
    endloop
  endfacet
  facet normal 0 0 -1
    outer loop
      vertex -58.71320343762636 -21.213203437626362 0
      vertex -72.85040397942066 -49.20568513870239 0
      vertex -72.86884440481663 -49.01845633238554 0
    endloop
  endfacet
  facet normal 0 0 -1
    outer loop
      vertex -58.71320343762636 -21.213203437626362 0
      vertex -72.86884440481663 -49.01845633238554 0
      vertex -72.875 -48.830422334373 0
    endloop
  endfacet
  facet normal 0 0 -1
    outer loop
      vertex -60.05519422143698 -19.780374452471733 0
      vertex -58.71320343762636 -21.213203437626362 0
      vertex -72.875 -48.830422334373 0
    endloop
  endfacet
  facet normal 0 0 -1
    outer loop
      vertex -61.300600208342075 -18.262842871248722 0
      vertex -60.05519422143698 -19.780374452471733 0
      vertex -72.875 -48.830422334373 0
    endloop
  endfacet
  facet normal 0 0 -1
    outer loop
      vertex -62.444088369607925 -16.667106993496418 0
      vertex -61.300600208342075 -18.262842871248722 0
      vertex -72.875 -48.830422334373 0
    endloop
  endfacet
  facet normal 0 0 -1
    outer loop
      vertex -63.480762116611004 -15 0
      vertex -62.444088369607925 -16.667106993496418 0
      vertex -72.875 -48.830422334373 0
    endloop
  endfacet
  facet normal 0 0 -1
    outer loop
      vertex -64.40618224442005 -13.268660709261894 0
      vertex -63.480762116611004 -15 0
      vertex -72.875 -48.830422334373 0
    endloop
  endfacet
  facet normal 0 0 -1
    outer loop
      vertex -65.21638597548008 -11.480502970516682 0
      vertex -64.40618224442005 -13.268660709261894 0
      vertex -72.875 -48.830422334373 0
    endloop
  endfacet
  facet normal 0 0 -1
    outer loop
      vertex -65.90790388733149 -9.643183961510658 0
      vertex -65.21638597548008 -11.480502970516682 0
      vertex -72.875 -48.830422334373 0
    endloop
  endfacet
  facet normal 0 0 -1
    outer loop
      vertex -66.4777747914195 -7.764571353793144 0
      vertex -65.90790388733149 -9.643183961510658 0
      vertex -72.875 -48.830422334373 0
    endloop
  endfacet
  facet normal 0 0 -1
    outer loop
      vertex -70 51.705422334373 0
      vertex 33.584214232861996 29.743345841765404 0
      vertex 31.647290341556072 29.42355841398239 0
    endloop
  endfacet
  facet normal 0 0 -1
    outer loop
      vertex -70 51.705422334373 0
      vertex 31.647290341556072 29.42355841398239 0
      vertex 29.735428646206856 28.977774791419506 0
    endloop
  endfacet
  facet normal 0 0 -1
    outer loop
      vertex -66.92355841398239 -5.852709658443928 0
      vertex -66.4777747914195 -7.764571353793144 0
      vertex -72.875 -48.830422334373 0
    endloop
  endfacet
  facet normal 0 0 -1
    outer loop
      vertex -70 51.705422334373 0
      vertex 29.735428646206856 28.977774791419506 0
      vertex 27.85681603848934 28.407903887331486 0
    endloop
  endfacet
  facet normal 0 0 -1
    outer loop
      vertex -70 51.705422334373 0
      vertex 27.85681603848934 28.407903887331486 0
      vertex 26.01949702948332 27.71638597548008 0
    endloop
  endfacet
  facet normal 0 0 -1
    outer loop
      vertex -70 51.705422334373 0
      vertex 26.01949702948332 27.71638597548008 0
      vertex -26.01949702948332 27.71638597548008 0
    endloop
  endfacet
  facet normal 0 0 -1
    outer loop
      vertex -70 51.705422334373 0
      vertex -26.01949702948332 27.71638597548008 0
      vertex -27.85681603848934 28.407903887331486 0
    endloop
  endfacet
  facet normal 0 0 -1
    outer loop
      vertex -70 51.705422334373 0
      vertex -27.85681603848934 28.407903887331486 0
      vertex -29.735428646206856 28.977774791419506 0
    endloop
  endfacet
  facet normal 0 0 -1
    outer loop
      vertex -70 51.705422334373 0
      vertex -29.735428646206856 28.977774791419506 0
      vertex -31.647290341556072 29.42355841398239 0
    endloop
  endfacet
  facet normal 0 0 -1
    outer loop
      vertex -70 51.705422334373 0
      vertex -31.647290341556072 29.42355841398239 0
      vertex -33.584214232861996 29.743345841765404 0
    endloop
  endfacet
  facet normal 0 0 -1
    outer loop
      vertex -70 51.705422334373 0
      vertex -33.584214232861996 29.743345841765404 0
      vertex -35.537906125187874 29.93576769530773 0
    endloop
  endfacet
  facet normal 0 0 -1
    outer loop
      vertex -70 51.705422334373 0
      vertex -35.537906125187874 29.93576769530773 0
      vertex -37.5 30 0
    endloop
  endfacet
  facet normal 0 0 -1
    outer loop
      vertex -70 51.705422334373 0
      vertex -37.5 30 0
      vertex -39.462093874812126 29.93576769530773 0
    endloop
  endfacet
  facet normal 0 0 -1
    outer loop
      vertex -70 51.705422334373 0
      vertex -39.462093874812126 29.93576769530773 0
      vertex -41.415785767138004 29.743345841765404 0
    endloop
  endfacet
  facet normal 0 0 -1
    outer loop
      vertex -70 51.705422334373 0
      vertex -41.415785767138004 29.743345841765404 0
      vertex -43.35270965844393 29.42355841398239 0
    endloop
  endfacet
  facet normal 0 0 -1
    outer loop
      vertex -70 51.705422334373 0
      vertex -43.35270965844393 29.42355841398239 0
      vertex -45.264571353793144 28.977774791419506 0
    endloop
  endfacet
  facet normal 0 0 -1
    outer loop
      vertex -70 51.705422334373 0
      vertex -45.264571353793144 28.977774791419506 0
      vertex -47.14318396151066 28.407903887331486 0
    endloop
  endfacet
  facet normal 0 0 -1
    outer loop
      vertex -70 51.705422334373 0
      vertex -47.14318396151066 28.407903887331486 0
      vertex -48.98050297051668 27.71638597548008 0
    endloop
  endfacet
  facet normal 0 0 -1
    outer loop
      vertex -70 51.705422334373 0
      vertex -48.98050297051668 27.71638597548008 0
      vertex -50.768660709261894 26.90618224442005 0
    endloop
  endfacet
  facet normal 0 0 -1
    outer loop
      vertex -70 51.705422334373 0
      vertex -50.768660709261894 26.90618224442005 0
      vertex -52.5 25.980762116611004 0
    endloop
  endfacet
  facet normal 0 0 -1
    outer loop
      vertex -70 51.705422334373 0
      vertex -52.5 25.980762116611004 0
      vertex -54.16710699349642 24.944088369607925 0
    endloop
  endfacet
  facet normal 0 0 -1
    outer loop
      vertex -70 51.705422334373 0
      vertex -54.16710699349642 24.944088369607925 0
      vertex -55.76284287124872 23.800600208342075 0
    endloop
  endfacet
  facet normal 0 0 -1
    outer loop
      vertex -70 51.705422334373 0
      vertex -55.76284287124872 23.800600208342075 0
      vertex -57.28037445247173 22.555194221436977 0
    endloop
  endfacet
  facet normal 0 0 -1
    outer loop
      vertex -70 51.705422334373 0
      vertex -57.28037445247173 22.555194221436977 0
      vertex -58.71320343762636 21.213203437626362 0
    endloop
  endfacet
  facet normal 0 0 -1
    outer loop
      vertex -70.18803399801254 51.699266739189625 0
      vertex -70 51.705422334373 0
      vertex -58.71320343762636 21.213203437626362 0
    endloop
  endfacet
  facet normal 0 0 -1
    outer loop
      vertex -70.3752628043294 51.68082631379366 0
      vertex -70.18803399801254 51.699266739189625 0
      vertex -58.71320343762636 21.213203437626362 0
    endloop
  endfacet
  facet normal 0 0 -1
    outer loop
      vertex -70.56088467687368 51.650180011987686 0
      vertex -70.3752628043294 51.68082631379366 0
      vertex -58.71320343762636 21.213203437626362 0
    endloop
  endfacet
  facet normal 0 0 -1
    outer loop
      vertex -70.744104757905 51.6074590831995 0
      vertex -70.56088467687368 51.650180011987686 0
      vertex -58.71320343762636 21.213203437626362 0
    endloop
  endfacet
  facet normal 0 0 -1
    outer loop
      vertex -70.9241384640336 51.55284645408392 0
      vertex -70.744104757905 51.6074590831995 0
      vertex -58.71320343762636 21.213203437626362 0
    endloop
  endfacet
  facet normal 0 0 -1
    outer loop
      vertex -71.10021486878395 51.4865759909153 0
      vertex -70.9241384640336 51.55284645408392 0
      vertex -58.71320343762636 21.213203437626362 0
    endloop
  endfacet
  facet normal 0 0 -1
    outer loop
      vertex -71.27157998085022 51.40893146395683 0
      vertex -71.10021486878395 51.4865759909153 0
      vertex -58.71320343762636 21.213203437626362 0
    endloop
  endfacet
  facet normal 0 0 -1
    outer loop
      vertex -71.4375 51.32024537026882 0
      vertex -71.27157998085022 51.40893146395683 0
      vertex -58.71320343762636 21.213203437626362 0
    endloop
  endfacet
  facet normal 0 0 -1
    outer loop
      vertex -71.59726441651583 51.22089747339487 0
      vertex -71.4375 51.32024537026882 0
      vertex -58.71320343762636 21.213203437626362 0
    endloop
  endfacet
  facet normal 0 0 -1
    outer loop
      vertex -71.75018911063671 51.1113131865859 0
      vertex -71.59726441651583 51.22089747339487 0
      vertex -58.71320343762636 21.213203437626362 0
    endloop
  endfacet
  facet normal 0 0 -1
    outer loop
      vertex -71.89561922103167 50.991961777210236 0
      vertex -71.75018911063671 51.1113131865859 0
      vertex -58.71320343762636 21.213203437626362 0
    endloop
  endfacet
  facet normal 0 0 -1
    outer loop
      vertex -72.03293199837208 50.863354332745075 0
      vertex -71.89561922103167 50.991961777210236 0
      vertex -58.71320343762636 21.213203437626362 0
    endloop
  endfacet
  facet normal 0 0 -1
    outer loop
      vertex -72.16153944283724 50.72604155540466 0
      vertex -72.03293199837208 50.863354332745075 0
      vertex -58.71320343762636 21.213203437626362 0
    endloop
  endfacet
  facet normal 0 0 -1
    outer loop
      vertex -72.2808908522129 50.58061144500971 0
      vertex -72.16153944283724 50.72604155540466 0
      vertex -58.71320343762636 21.213203437626362 0
    endloop
  endfacet
  facet normal 0 0 -1
    outer loop
      vertex -72.39047513902187 50.427686750888824 0
      vertex -72.2808908522129 50.58061144500971 0
      vertex -58.71320343762636 21.213203437626362 0
    endloop
  endfacet
  facet normal 0 0 -1
    outer loop
      vertex -72.48982303589582 50.267922334373 0
      vertex -72.39047513902187 50.427686750888824 0
      vertex -58.71320343762636 21.213203437626362 0
    endloop
  endfacet
  facet normal 0 0 -1
    outer loop
      vertex -72.57850912958384 50.10200231522322 0
      vertex -72.48982303589582 50.267922334373 0
      vertex -58.71320343762636 21.213203437626362 0
    endloop
  endfacet
  facet normal 0 0 -1
    outer loop
      vertex -72.6561536565423 49.93063720315695 0
      vertex -72.57850912958384 50.10200231522322 0
      vertex -58.71320343762636 21.213203437626362 0
    endloop
  endfacet
  facet normal 0 0 -1
    outer loop
      vertex -72.72242411971092 49.7545607984066 0
      vertex -72.6561536565423 49.93063720315695 0
      vertex -58.71320343762636 21.213203437626362 0
    endloop
  endfacet
  facet normal 0 0 -1
    outer loop
      vertex -72.7770367488265 49.574527092278004 0
      vertex -72.72242411971092 49.7545607984066 0
      vertex -58.71320343762636 21.213203437626362 0
    endloop
  endfacet
  facet normal 0 0 -1
    outer loop
      vertex -72.81975767761469 49.39130701124668 0
      vertex -72.7770367488265 49.574527092278004 0
      vertex -58.71320343762636 21.213203437626362 0
    endloop
  endfacet
  facet normal 0 0 -1
    outer loop
      vertex -72.85040397942066 49.20568513870239 0
      vertex -72.81975767761469 49.39130701124668 0
      vertex -58.71320343762636 21.213203437626362 0
    endloop
  endfacet
  facet normal 0 0 -1
    outer loop
      vertex -72.86884440481663 49.01845633238554 0
      vertex -72.85040397942066 49.20568513870239 0
      vertex -58.71320343762636 21.213203437626362 0
    endloop
  endfacet
  facet normal 0 0 -1
    outer loop
      vertex -72.875 48.830422334373 0
      vertex -72.86884440481663 49.01845633238554 0
      vertex -58.71320343762636 21.213203437626362 0
    endloop
  endfacet
  facet normal 0 0 -1
    outer loop
      vertex -72.875 48.830422334373 0
      vertex -58.71320343762636 21.213203437626362 0
      vertex -60.05519422143698 19.780374452471733 0
    endloop
  endfacet
  facet normal 0 0 -1
    outer loop
      vertex -72.875 48.830422334373 0
      vertex -60.05519422143698 19.780374452471733 0
      vertex -61.300600208342075 18.262842871248722 0
    endloop
  endfacet
  facet normal 0 0 -1
    outer loop
      vertex -72.875 48.830422334373 0
      vertex -61.300600208342075 18.262842871248722 0
      vertex -62.444088369607925 16.667106993496418 0
    endloop
  endfacet
  facet normal 0 0 -1
    outer loop
      vertex -72.875 48.830422334373 0
      vertex -62.444088369607925 16.667106993496418 0
      vertex -63.480762116611004 15 0
    endloop
  endfacet
  facet normal 0 0 -1
    outer loop
      vertex -72.875 48.830422334373 0
      vertex -63.480762116611004 15 0
      vertex -64.40618224442005 13.268660709261894 0
    endloop
  endfacet
  facet normal 0 0 -1
    outer loop
      vertex -72.875 48.830422334373 0
      vertex -64.40618224442005 13.268660709261894 0
      vertex -65.21638597548008 11.480502970516682 0
    endloop
  endfacet
  facet normal 0 0 -1
    outer loop
      vertex -72.875 48.830422334373 0
      vertex -65.21638597548008 11.480502970516682 0
      vertex -65.90790388733149 9.643183961510658 0
    endloop
  endfacet
  facet normal 0 0 -1
    outer loop
      vertex -72.875 48.830422334373 0
      vertex -65.90790388733149 9.643183961510658 0
      vertex -66.4777747914195 7.764571353793144 0
    endloop
  endfacet
  facet normal 0 0 -1
    outer loop
      vertex -72.875 48.830422334373 0
      vertex -66.4777747914195 7.764571353793144 0
      vertex -66.92355841398239 5.852709658443928 0
    endloop
  endfacet
  facet normal 0 0 -1
    outer loop
      vertex -67.2433458417654 -3.9157857671380043 0
      vertex -66.92355841398239 -5.852709658443928 0
      vertex -72.875 -48.830422334373 0
    endloop
  endfacet
  facet normal 0 0 -1
    outer loop
      vertex -67.2433458417654 -3.9157857671380043 0
      vertex -72.875 -48.830422334373 0
      vertex -72.875 48.830422334373 0
    endloop
  endfacet
  facet normal 0 0 -1
    outer loop
      vertex -67.43576769530773 -1.9620938748121262 0
      vertex -67.2433458417654 -3.9157857671380043 0
      vertex -72.875 48.830422334373 0
    endloop
  endfacet
  facet normal 0 0 -1
    outer loop
      vertex -67.5 0 0
      vertex -67.43576769530773 -1.9620938748121262 0
      vertex -72.875 48.830422334373 0
    endloop
  endfacet
  facet normal 0 0 -1
    outer loop
      vertex -67.43576769530773 1.9620938748121262 0
      vertex -67.5 0 0
      vertex -72.875 48.830422334373 0
    endloop
  endfacet
  facet normal 0 0 -1
    outer loop
      vertex -67.2433458417654 3.9157857671380043 0
      vertex -67.43576769530773 1.9620938748121262 0
      vertex -72.875 48.830422334373 0
    endloop
  endfacet
  facet normal 0 0 -1
    outer loop
      vertex -67.2433458417654 3.9157857671380043 0
      vertex -72.875 48.830422334373 0
      vertex -66.92355841398239 5.852709658443928 0
    endloop
  endfacet
endsolid OpenSCAD_Model
