solid OpenSCAD_Model
  facet normal 0.09801713104962688 -0.9951847275861905 0
    outer loop
      vertex 66.8908412605524 -51.59703350812197 0
      vertex 66.44637635350227 -51.64080947637558 3.2
      vertex 66.44637635350227 -51.64080947637558 0
    endloop
  endfacet
  facet normal 0.09801713104962688 -0.9951847275861905 0
    outer loop
      vertex 66.8908412605524 -51.59703350812197 0
      vertex 66.8908412605524 -51.59703350812197 3.2
      vertex 66.44637635350227 -51.64080947637558 3.2
    endloop
  endfacet
  facet normal 0.16289547533302104 -0.9866433317648426 0
    outer loop
      vertex 67.33149144798517 -51.52428186684847 0
      vertex 66.8908412605524 -51.59703350812197 3.2
      vertex 66.8908412605524 -51.59703350812197 0
    endloop
  endfacet
  facet normal 0.16289547533302104 -0.9866433317648426 0
    outer loop
      vertex 67.33149144798517 -51.52428186684847 0
      vertex 67.33149144798517 -51.52428186684847 3.2
      vertex 66.8908412605524 -51.59703350812197 3.2
    endloop
  endfacet
  facet normal 0.22707626661948105 -0.9738769784414038 0
    outer loop
      vertex 67.7664399817586 -51.422866091132164 0
      vertex 67.33149144798517 -51.52428186684847 3.2
      vertex 67.33149144798517 -51.52428186684847 0
    endloop
  endfacet
  facet normal 0.22707626661948105 -0.9738769784414038 0
    outer loop
      vertex 67.7664399817586 -51.422866091132164 0
      vertex 67.7664399817586 -51.422866091132164 3.2
      vertex 67.33149144798517 -51.52428186684847 3.2
    endloop
  endfacet
  facet normal 0.29028467670633096 -0.9569403358984827 0
    outer loop
      vertex 68.19382435083389 -51.29322046041489 0
      vertex 67.7664399817586 -51.422866091132164 3.2
      vertex 67.7664399817586 -51.422866091132164 0
    endloop
  endfacet
  facet normal 0.29028467670633096 -0.9569403358984827 0
    outer loop
      vertex 68.19382435083389 -51.29322046041489 0
      vertex 68.19382435083389 -51.29322046041489 3.2
      vertex 67.7664399817586 -51.422866091132164 3.2
    endloop
  endfacet
  facet normal 0.35225004165980234 -0.9359059291139614 0
    outer loop
      vertex 68.61181442439556 -51.135900139808655 0
      vertex 68.19382435083389 -51.29322046041489 3.2
      vertex 68.19382435083389 -51.29322046041489 0
    endloop
  endfacet
  facet normal 0.35225004165980234 -0.9359059291139614 0
    outer loop
      vertex 68.61181442439556 -51.135900139808655 0
      vertex 68.61181442439556 -51.135900139808655 3.2
      vertex 68.19382435083389 -51.29322046041489 3.2
    endloop
  endfacet
  facet normal 0.41270703273363385 -0.9108638235939549 0
    outer loop
      vertex 69.0186203122139 -50.9515787884593 0
      vertex 68.61181442439556 -51.135900139808655 3.2
      vertex 68.61181442439556 -51.135900139808655 0
    endloop
  endfacet
  facet normal 0.41270703273363385 -0.9108638235939549 0
    outer loop
      vertex 69.0186203122139 -50.9515787884593 0
      vertex 69.0186203122139 -50.9515787884593 3.2
      vertex 68.61181442439556 -51.135900139808655 3.2
    endloop
  endfacet
  facet normal 0.47139674090500067 -0.8819212621680824 0
    outer loop
      vertex 69.41250000149012 -50.7410457059741 0
      vertex 69.0186203122139 -50.9515787884593 3.2
      vertex 69.0186203122139 -50.9515787884593 0
    endloop
  endfacet
  facet normal 0.47139674090500067 -0.8819212621680824 0
    outer loop
      vertex 69.41250000149012 -50.7410457059741 0
      vertex 69.41250000149012 -50.7410457059741 3.2
      vertex 69.0186203122139 -50.9515787884593 3.2
    endloop
  endfacet
  facet normal 0.5280678578683246 -0.849202177038165 0
    outer loop
      vertex 69.79176683723927 -50.50520242750645 0
      vertex 69.41250000149012 -50.7410457059741 3.2
      vertex 69.41250000149012 -50.7410457059741 0
    endloop
  endfacet
  facet normal 0.5280678578683246 -0.849202177038165 0
    outer loop
      vertex 69.79176683723927 -50.50520242750645 0
      vertex 69.79176683723927 -50.50520242750645 3.2
      vertex 69.41250000149012 -50.7410457059741 3.2
    endloop
  endfacet
  facet normal 0.582477696261529 -0.8128466850260645 0
    outer loop
      vertex 70.15479674935341 -50.24505887180567 0
      vertex 69.79176683723927 -50.50520242750645 3.2
      vertex 69.79176683723927 -50.50520242750645 0
    endloop
  endfacet
  facet normal 0.582477696261529 -0.8128466850260645 0
    outer loop
      vertex 70.15479674935341 -50.24505887180567 0
      vertex 70.15479674935341 -50.24505887180567 3.2
      vertex 69.79176683723927 -50.50520242750645 3.2
    endloop
  endfacet
  facet normal 0.634393276274587 -0.7730104598371199 0
    outer loop
      vertex 70.50003518909216 -49.961729012429714 0
      vertex 70.15479674935341 -50.24505887180567 3.2
      vertex 70.15479674935341 -50.24505887180567 0
    endloop
  endfacet
  facet normal 0.634393276274587 -0.7730104598371199 0
    outer loop
      vertex 70.50003518909216 -49.961729012429714 0
      vertex 70.50003518909216 -49.961729012429714 3.2
      vertex 70.15479674935341 -50.24505887180567 3.2
    endloop
  endfacet
  facet normal 0.6835923005677673 -0.7298640740606892 0
    outer loop
      vertex 70.82600378245115 -49.65642610937357 0
      vertex 70.50003518909216 -49.961729012429714 3.2
      vertex 70.50003518909216 -49.961729012429714 0
    endloop
  endfacet
  facet normal 0.6835923005677673 -0.7298640740606892 0
    outer loop
      vertex 70.82600378245115 -49.65642610937357 0
      vertex 70.82600378245115 -49.65642610937357 3.2
      vertex 70.50003518909216 -49.961729012429714 3.2
    endloop
  endfacet
  facet normal 0.7298640740606892 -0.6835923005677673 0
    outer loop
      vertex 71.1313066855073 -49.330457516014576 0
      vertex 70.82600378245115 -49.65642610937357 3.2
      vertex 70.82600378245115 -49.65642610937357 0
    endloop
  endfacet
  facet normal 0.7298640740606892 -0.6835923005677673 0
    outer loop
      vertex 71.1313066855073 -49.330457516014576 0
      vertex 71.1313066855073 -49.330457516014576 3.2
      vertex 70.82600378245115 -49.65642610937357 3.2
    endloop
  endfacet
  facet normal 0.7730104598371199 -0.634393276274587 0
    outer loop
      vertex 71.41463654488325 -48.985219076275826 0
      vertex 71.1313066855073 -49.330457516014576 3.2
      vertex 71.1313066855073 -49.330457516014576 0
    endloop
  endfacet
  facet normal 0.7730104598371199 -0.634393276274587 0
    outer loop
      vertex 71.41463654488325 -48.985219076275826 0
      vertex 71.41463654488325 -48.985219076275826 3.2
      vertex 71.1313066855073 -49.330457516014576 3.2
    endloop
  endfacet
  facet normal 0.8128466850260645 -0.582477696261529 0
    outer loop
      vertex 71.67478010058403 -48.62218916416168 0
      vertex 71.41463654488325 -48.985219076275826 3.2
      vertex 71.41463654488325 -48.985219076275826 0
    endloop
  endfacet
  facet normal 0.8128466850260645 -0.582477696261529 0
    outer loop
      vertex 71.67478010058403 -48.62218916416168 0
      vertex 71.67478010058403 -48.62218916416168 3.2
      vertex 71.41463654488325 -48.985219076275826 3.2
    endloop
  endfacet
  facet normal 0.849202177038165 -0.5280678578683246 0
    outer loop
      vertex 71.91062337905169 -48.24292232841253 0
      vertex 71.67478010058403 -48.62218916416168 3.2
      vertex 71.67478010058403 -48.62218916416168 0
    endloop
  endfacet
  facet normal 0.849202177038165 -0.5280678578683246 0
    outer loop
      vertex 71.91062337905169 -48.24292232841253 0
      vertex 71.91062337905169 -48.24292232841253 3.2
      vertex 71.67478010058403 -48.62218916416168 3.2
    endloop
  endfacet
  facet normal 0.8819212621680824 -0.47139674090500067 0
    outer loop
      vertex 72.12115646153688 -47.849042639136314 0
      vertex 71.91062337905169 -48.24292232841253 3.2
      vertex 71.91062337905169 -48.24292232841253 0
    endloop
  endfacet
  facet normal 0.8819212621680824 -0.47139674090500067 0
    outer loop
      vertex 72.12115646153688 -47.849042639136314 0
      vertex 72.12115646153688 -47.849042639136314 3.2
      vertex 71.91062337905169 -48.24292232841253 3.2
    endloop
  endfacet
  facet normal 0.9108638235939549 -0.41270703273363385 0
    outer loop
      vertex 72.30547781288624 -47.44223675131798 0
      vertex 72.12115646153688 -47.849042639136314 3.2
      vertex 72.12115646153688 -47.849042639136314 0
    endloop
  endfacet
  facet normal 0.9108638235939549 -0.41270703273363385 0
    outer loop
      vertex 72.30547781288624 -47.44223675131798 0
      vertex 72.30547781288624 -47.44223675131798 3.2
      vertex 72.12115646153688 -47.849042639136314 3.2
    endloop
  endfacet
  facet normal 0.9359059291139614 -0.35225004165980234 0
    outer loop
      vertex 72.46279813349247 -47.02424667775631 0
      vertex 72.30547781288624 -47.44223675131798 3.2
      vertex 72.30547781288624 -47.44223675131798 0
    endloop
  endfacet
  facet normal 0.9359059291139614 -0.35225004165980234 0
    outer loop
      vertex 72.46279813349247 -47.02424667775631 0
      vertex 72.46279813349247 -47.02424667775631 3.2
      vertex 72.30547781288624 -47.44223675131798 3.2
    endloop
  endfacet
  facet normal 0.9569403358984827 -0.29028467670633096 0
    outer loop
      vertex 72.59244376420975 -46.59686230868101 0
      vertex 72.46279813349247 -47.02424667775631 3.2
      vertex 72.46279813349247 -47.02424667775631 0
    endloop
  endfacet
  facet normal 0.9569403358984827 -0.29028467670633096 0
    outer loop
      vertex 72.59244376420975 -46.59686230868101 0
      vertex 72.59244376420975 -46.59686230868101 3.2
      vertex 72.46279813349247 -47.02424667775631 3.2
    endloop
  endfacet
  facet normal 0.9738769784414038 -0.22707626661948105 0
    outer loop
      vertex 72.69385953992605 -46.16191377490759 0
      vertex 72.59244376420975 -46.59686230868101 3.2
      vertex 72.59244376420975 -46.59686230868101 0
    endloop
  endfacet
  facet normal 0.9738769784414038 -0.22707626661948105 0
    outer loop
      vertex 72.69385953992605 -46.16191377490759 0
      vertex 72.69385953992605 -46.16191377490759 3.2
      vertex 72.59244376420975 -46.59686230868101 3.2
    endloop
  endfacet
  facet normal 0.9866433317648426 -0.16289547533302104 0
    outer loop
      vertex 72.76661118119955 -45.72126358747482 0
      vertex 72.69385953992605 -46.16191377490759 3.2
      vertex 72.69385953992605 -46.16191377490759 0
    endloop
  endfacet
  facet normal 0.9866433317648426 -0.16289547533302104 0
    outer loop
      vertex 72.76661118119955 -45.72126358747482 0
      vertex 72.76661118119955 -45.72126358747482 3.2
      vertex 72.69385953992605 -46.16191377490759 3.2
    endloop
  endfacet
  facet normal 0.9951847275861905 -0.09801713104962688 0
    outer loop
      vertex 72.81038714945316 -45.27679868042469 0
      vertex 72.76661118119955 -45.72126358747482 3.2
      vertex 72.76661118119955 -45.72126358747482 0
    endloop
  endfacet
  facet normal 0.9951847275861905 -0.09801713104962688 0
    outer loop
      vertex 72.81038714945316 -45.27679868042469 0
      vertex 72.81038714945316 -45.27679868042469 3.2
      vertex 72.76661118119955 -45.72126358747482 3.2
    endloop
  endfacet
  facet normal 0.9994645871289398 -0.03271909343453471 0
    outer loop
      vertex 72.82500000298023 -44.83042232692242 0
      vertex 72.81038714945316 -45.27679868042469 3.2
      vertex 72.81038714945316 -45.27679868042469 0
    endloop
  endfacet
  facet normal 0.9994645871289398 -0.03271909343453471 0
    outer loop
      vertex 72.82500000298023 -44.83042232692242 0
      vertex 72.82500000298023 -44.83042232692242 3.2
      vertex 72.81038714945316 -45.27679868042469 3.2
    endloop
  endfacet
  facet normal 1 0 0
    outer loop
      vertex 72.82500000298023 44.83042232692242 0
      vertex 72.82500000298023 -44.83042232692242 3.2
      vertex 72.82500000298023 -44.83042232692242 0
    endloop
  endfacet
  facet normal 1 0 0
    outer loop
      vertex 72.82500000298023 44.83042232692242 0
      vertex 72.82500000298023 44.83042232692242 3.2
      vertex 72.82500000298023 -44.83042232692242 3.2
    endloop
  endfacet
  facet normal 0.9994645871289398 0.03271909343453471 0
    outer loop
      vertex 72.81038714945316 45.27679868042469 0
      vertex 72.82500000298023 44.83042232692242 3.2
      vertex 72.82500000298023 44.83042232692242 0
    endloop
  endfacet
  facet normal 0.9994645871289398 0.03271909343453471 0
    outer loop
      vertex 72.81038714945316 45.27679868042469 0
      vertex 72.81038714945316 45.27679868042469 3.2
      vertex 72.82500000298023 44.83042232692242 3.2
    endloop
  endfacet
  facet normal 0.9951847275861905 0.09801713104962688 0
    outer loop
      vertex 72.76661118119955 45.72126358747482 0
      vertex 72.81038714945316 45.27679868042469 3.2
      vertex 72.81038714945316 45.27679868042469 0
    endloop
  endfacet
  facet normal 0.9951847275861905 0.09801713104962688 0
    outer loop
      vertex 72.76661118119955 45.72126358747482 0
      vertex 72.76661118119955 45.72126358747482 3.2
      vertex 72.81038714945316 45.27679868042469 3.2
    endloop
  endfacet
  facet normal 0.9866433317648426 0.16289547533302104 0
    outer loop
      vertex 72.69385953992605 46.16191377490759 0
      vertex 72.76661118119955 45.72126358747482 3.2
      vertex 72.76661118119955 45.72126358747482 0
    endloop
  endfacet
  facet normal 0.9866433317648426 0.16289547533302104 0
    outer loop
      vertex 72.69385953992605 46.16191377490759 0
      vertex 72.69385953992605 46.16191377490759 3.2
      vertex 72.76661118119955 45.72126358747482 3.2
    endloop
  endfacet
  facet normal 0.9738769784414038 0.22707626661948105 0
    outer loop
      vertex 72.59244376420975 46.59686230868101 0
      vertex 72.69385953992605 46.16191377490759 3.2
      vertex 72.69385953992605 46.16191377490759 0
    endloop
  endfacet
  facet normal 0.9738769784414038 0.22707626661948105 0
    outer loop
      vertex 72.59244376420975 46.59686230868101 0
      vertex 72.59244376420975 46.59686230868101 3.2
      vertex 72.69385953992605 46.16191377490759 3.2
    endloop
  endfacet
  facet normal 0.9569403358984827 0.29028467670633096 0
    outer loop
      vertex 72.46279813349247 47.02424667775631 0
      vertex 72.59244376420975 46.59686230868101 3.2
      vertex 72.59244376420975 46.59686230868101 0
    endloop
  endfacet
  facet normal 0.9569403358984827 0.29028467670633096 0
    outer loop
      vertex 72.46279813349247 47.02424667775631 0
      vertex 72.46279813349247 47.02424667775631 3.2
      vertex 72.59244376420975 46.59686230868101 3.2
    endloop
  endfacet
  facet normal 0.9359059291139614 0.35225004165980234 0
    outer loop
      vertex 72.30547781288624 47.44223675131798 0
      vertex 72.46279813349247 47.02424667775631 3.2
      vertex 72.46279813349247 47.02424667775631 0
    endloop
  endfacet
  facet normal 0.9359059291139614 0.35225004165980234 0
    outer loop
      vertex 72.30547781288624 47.44223675131798 0
      vertex 72.30547781288624 47.44223675131798 3.2
      vertex 72.46279813349247 47.02424667775631 3.2
    endloop
  endfacet
  facet normal 0.9108638235939549 0.41270703273363385 0
    outer loop
      vertex 72.12115646153688 47.849042639136314 0
      vertex 72.30547781288624 47.44223675131798 3.2
      vertex 72.30547781288624 47.44223675131798 0
    endloop
  endfacet
  facet normal 0.9108638235939549 0.41270703273363385 0
    outer loop
      vertex 72.12115646153688 47.849042639136314 0
      vertex 72.12115646153688 47.849042639136314 3.2
      vertex 72.30547781288624 47.44223675131798 3.2
    endloop
  endfacet
  facet normal 0.8819212621680824 0.47139674090500067 0
    outer loop
      vertex 71.91062337905169 48.24292232841253 0
      vertex 72.12115646153688 47.849042639136314 3.2
      vertex 72.12115646153688 47.849042639136314 0
    endloop
  endfacet
  facet normal 0.8819212621680824 0.47139674090500067 0
    outer loop
      vertex 71.91062337905169 48.24292232841253 0
      vertex 71.91062337905169 48.24292232841253 3.2
      vertex 72.12115646153688 47.849042639136314 3.2
    endloop
  endfacet
  facet normal 0.849202177038165 0.5280678578683246 0
    outer loop
      vertex 71.67478010058403 48.62218916416168 0
      vertex 71.91062337905169 48.24292232841253 3.2
      vertex 71.91062337905169 48.24292232841253 0
    endloop
  endfacet
  facet normal 0.849202177038165 0.5280678578683246 0
    outer loop
      vertex 71.67478010058403 48.62218916416168 0
      vertex 71.67478010058403 48.62218916416168 3.2
      vertex 71.91062337905169 48.24292232841253 3.2
    endloop
  endfacet
  facet normal 0.8128466850260645 0.582477696261529 0
    outer loop
      vertex 71.41463654488325 48.985219076275826 0
      vertex 71.67478010058403 48.62218916416168 3.2
      vertex 71.67478010058403 48.62218916416168 0
    endloop
  endfacet
  facet normal 0.8128466850260645 0.582477696261529 0
    outer loop
      vertex 71.41463654488325 48.985219076275826 0
      vertex 71.41463654488325 48.985219076275826 3.2
      vertex 71.67478010058403 48.62218916416168 3.2
    endloop
  endfacet
  facet normal 0.7730104598371199 0.634393276274587 0
    outer loop
      vertex 71.1313066855073 49.330457516014576 0
      vertex 71.41463654488325 48.985219076275826 3.2
      vertex 71.41463654488325 48.985219076275826 0
    endloop
  endfacet
  facet normal 0.7730104598371199 0.634393276274587 0
    outer loop
      vertex 71.1313066855073 49.330457516014576 0
      vertex 71.1313066855073 49.330457516014576 3.2
      vertex 71.41463654488325 48.985219076275826 3.2
    endloop
  endfacet
  facet normal 0.7298640740606892 0.6835923005677673 0
    outer loop
      vertex 70.82600378245115 49.65642610937357 0
      vertex 71.1313066855073 49.330457516014576 3.2
      vertex 71.1313066855073 49.330457516014576 0
    endloop
  endfacet
  facet normal 0.7298640740606892 0.6835923005677673 0
    outer loop
      vertex 70.82600378245115 49.65642610937357 0
      vertex 70.82600378245115 49.65642610937357 3.2
      vertex 71.1313066855073 49.330457516014576 3.2
    endloop
  endfacet
  facet normal 0.6835923005677673 0.7298640740606892 0
    outer loop
      vertex 70.50003518909216 49.961729012429714 0
      vertex 70.82600378245115 49.65642610937357 3.2
      vertex 70.82600378245115 49.65642610937357 0
    endloop
  endfacet
  facet normal 0.6835923005677673 0.7298640740606892 0
    outer loop
      vertex 70.50003518909216 49.961729012429714 0
      vertex 70.50003518909216 49.961729012429714 3.2
      vertex 70.82600378245115 49.65642610937357 3.2
    endloop
  endfacet
  facet normal 0.634393276274587 0.7730104598371199 0
    outer loop
      vertex 70.15479674935341 50.24505887180567 0
      vertex 70.50003518909216 49.961729012429714 3.2
      vertex 70.50003518909216 49.961729012429714 0
    endloop
  endfacet
  facet normal 0.634393276274587 0.7730104598371199 0
    outer loop
      vertex 70.15479674935341 50.24505887180567 0
      vertex 70.15479674935341 50.24505887180567 3.2
      vertex 70.50003518909216 49.961729012429714 3.2
    endloop
  endfacet
  facet normal 0.582477696261529 0.8128466850260645 0
    outer loop
      vertex 69.79176683723927 50.50520242750645 0
      vertex 70.15479674935341 50.24505887180567 3.2
      vertex 70.15479674935341 50.24505887180567 0
    endloop
  endfacet
  facet normal 0.582477696261529 0.8128466850260645 0
    outer loop
      vertex 69.79176683723927 50.50520242750645 0
      vertex 69.79176683723927 50.50520242750645 3.2
      vertex 70.15479674935341 50.24505887180567 3.2
    endloop
  endfacet
  facet normal 0.5280678578683246 0.849202177038165 0
    outer loop
      vertex 69.41250000149012 50.7410457059741 0
      vertex 69.79176683723927 50.50520242750645 3.2
      vertex 69.79176683723927 50.50520242750645 0
    endloop
  endfacet
  facet normal 0.5280678578683246 0.849202177038165 0
    outer loop
      vertex 69.41250000149012 50.7410457059741 0
      vertex 69.41250000149012 50.7410457059741 3.2
      vertex 69.79176683723927 50.50520242750645 3.2
    endloop
  endfacet
  facet normal 0.47139674090500067 0.8819212621680824 0
    outer loop
      vertex 69.0186203122139 50.9515787884593 0
      vertex 69.41250000149012 50.7410457059741 3.2
      vertex 69.41250000149012 50.7410457059741 0
    endloop
  endfacet
  facet normal 0.47139674090500067 0.8819212621680824 0
    outer loop
      vertex 69.0186203122139 50.9515787884593 0
      vertex 69.0186203122139 50.9515787884593 3.2
      vertex 69.41250000149012 50.7410457059741 3.2
    endloop
  endfacet
  facet normal 0.41270703273363385 0.9108638235939549 0
    outer loop
      vertex 68.61181442439556 51.135900139808655 0
      vertex 69.0186203122139 50.9515787884593 3.2
      vertex 69.0186203122139 50.9515787884593 0
    endloop
  endfacet
  facet normal 0.41270703273363385 0.9108638235939549 0
    outer loop
      vertex 68.61181442439556 51.135900139808655 0
      vertex 68.61181442439556 51.135900139808655 3.2
      vertex 69.0186203122139 50.9515787884593 3.2
    endloop
  endfacet
  facet normal 0.35225004165980234 0.9359059291139614 0
    outer loop
      vertex 68.19382435083389 51.29322046041489 0
      vertex 68.61181442439556 51.135900139808655 3.2
      vertex 68.61181442439556 51.135900139808655 0
    endloop
  endfacet
  facet normal 0.35225004165980234 0.9359059291139614 0
    outer loop
      vertex 68.19382435083389 51.29322046041489 0
      vertex 68.19382435083389 51.29322046041489 3.2
      vertex 68.61181442439556 51.135900139808655 3.2
    endloop
  endfacet
  facet normal 0.29028467670633096 0.9569403358984827 0
    outer loop
      vertex 67.7664399817586 51.422866091132164 0
      vertex 68.19382435083389 51.29322046041489 3.2
      vertex 68.19382435083389 51.29322046041489 0
    endloop
  endfacet
  facet normal 0.29028467670633096 0.9569403358984827 0
    outer loop
      vertex 67.7664399817586 51.422866091132164 0
      vertex 67.7664399817586 51.422866091132164 3.2
      vertex 68.19382435083389 51.29322046041489 3.2
    endloop
  endfacet
  facet normal 0.22707626661948105 0.9738769784414038 0
    outer loop
      vertex 67.33149144798517 51.52428186684847 0
      vertex 67.7664399817586 51.422866091132164 3.2
      vertex 67.7664399817586 51.422866091132164 0
    endloop
  endfacet
  facet normal 0.22707626661948105 0.9738769784414038 0
    outer loop
      vertex 67.33149144798517 51.52428186684847 0
      vertex 67.33149144798517 51.52428186684847 3.2
      vertex 67.7664399817586 51.422866091132164 3.2
    endloop
  endfacet
  facet normal 0.16289547533302104 0.9866433317648426 0
    outer loop
      vertex 66.8908412605524 51.59703350812197 0
      vertex 67.33149144798517 51.52428186684847 3.2
      vertex 67.33149144798517 51.52428186684847 0
    endloop
  endfacet
  facet normal 0.16289547533302104 0.9866433317648426 0
    outer loop
      vertex 66.8908412605524 51.59703350812197 0
      vertex 66.8908412605524 51.59703350812197 3.2
      vertex 67.33149144798517 51.52428186684847 3.2
    endloop
  endfacet
  facet normal 0.09801713104962688 0.9951847275861905 0
    outer loop
      vertex 66.44637635350227 51.64080947637558 0
      vertex 66.8908412605524 51.59703350812197 3.2
      vertex 66.8908412605524 51.59703350812197 0
    endloop
  endfacet
  facet normal 0.09801713104962688 0.9951847275861905 0
    outer loop
      vertex 66.44637635350227 51.64080947637558 0
      vertex 66.44637635350227 51.64080947637558 3.2
      vertex 66.8908412605524 51.59703350812197 3.2
    endloop
  endfacet
  facet normal 0.03271909343453471 0.9994645871289398 0
    outer loop
      vertex 66 51.65542232990265 0
      vertex 66.44637635350227 51.64080947637558 3.2
      vertex 66.44637635350227 51.64080947637558 0
    endloop
  endfacet
  facet normal 0.03271909343453471 0.9994645871289398 0
    outer loop
      vertex 66 51.65542232990265 0
      vertex 66 51.65542232990265 3.2
      vertex 66.44637635350227 51.64080947637558 3.2
    endloop
  endfacet
  facet normal 0 1 0
    outer loop
      vertex -66 51.65542232990265 0
      vertex 66 51.65542232990265 3.2
      vertex 66 51.65542232990265 0
    endloop
  endfacet
  facet normal 0 1 0
    outer loop
      vertex -66 51.65542232990265 0
      vertex -66 51.65542232990265 3.2
      vertex 66 51.65542232990265 3.2
    endloop
  endfacet
  facet normal -0.03271909343453471 0.9994645871289398 0
    outer loop
      vertex -66.44637635350227 51.64080947637558 0
      vertex -66 51.65542232990265 3.2
      vertex -66 51.65542232990265 0
    endloop
  endfacet
  facet normal -0.03271909343453471 0.9994645871289398 0
    outer loop
      vertex -66.44637635350227 51.64080947637558 0
      vertex -66.44637635350227 51.64080947637558 3.2
      vertex -66 51.65542232990265 3.2
    endloop
  endfacet
  facet normal -0.09801713104962688 0.9951847275861905 0
    outer loop
      vertex -66.8908412605524 51.59703350812197 0
      vertex -66.44637635350227 51.64080947637558 3.2
      vertex -66.44637635350227 51.64080947637558 0
    endloop
  endfacet
  facet normal -0.09801713104962688 0.9951847275861905 0
    outer loop
      vertex -66.8908412605524 51.59703350812197 0
      vertex -66.8908412605524 51.59703350812197 3.2
      vertex -66.44637635350227 51.64080947637558 3.2
    endloop
  endfacet
  facet normal -0.16289547533302104 0.9866433317648426 0
    outer loop
      vertex -67.33149144798517 51.52428186684847 0
      vertex -66.8908412605524 51.59703350812197 3.2
      vertex -66.8908412605524 51.59703350812197 0
    endloop
  endfacet
  facet normal -0.16289547533302104 0.9866433317648426 0
    outer loop
      vertex -67.33149144798517 51.52428186684847 0
      vertex -67.33149144798517 51.52428186684847 3.2
      vertex -66.8908412605524 51.59703350812197 3.2
    endloop
  endfacet
  facet normal -0.22707626661948105 0.9738769784414038 0
    outer loop
      vertex -67.7664399817586 51.422866091132164 0
      vertex -67.33149144798517 51.52428186684847 3.2
      vertex -67.33149144798517 51.52428186684847 0
    endloop
  endfacet
  facet normal -0.22707626661948105 0.9738769784414038 0
    outer loop
      vertex -67.7664399817586 51.422866091132164 0
      vertex -67.7664399817586 51.422866091132164 3.2
      vertex -67.33149144798517 51.52428186684847 3.2
    endloop
  endfacet
  facet normal -0.29028467670633096 0.9569403358984827 0
    outer loop
      vertex -68.19382435083389 51.29322046041489 0
      vertex -67.7664399817586 51.422866091132164 3.2
      vertex -67.7664399817586 51.422866091132164 0
    endloop
  endfacet
  facet normal -0.29028467670633096 0.9569403358984827 0
    outer loop
      vertex -68.19382435083389 51.29322046041489 0
      vertex -68.19382435083389 51.29322046041489 3.2
      vertex -67.7664399817586 51.422866091132164 3.2
    endloop
  endfacet
  facet normal -0.35225004165980234 0.9359059291139614 0
    outer loop
      vertex -68.61181442439556 51.135900139808655 0
      vertex -68.19382435083389 51.29322046041489 3.2
      vertex -68.19382435083389 51.29322046041489 0
    endloop
  endfacet
  facet normal -0.35225004165980234 0.9359059291139614 0
    outer loop
      vertex -68.61181442439556 51.135900139808655 0
      vertex -68.61181442439556 51.135900139808655 3.2
      vertex -68.19382435083389 51.29322046041489 3.2
    endloop
  endfacet
  facet normal -0.41270703273363385 0.9108638235939549 0
    outer loop
      vertex -69.0186203122139 50.9515787884593 0
      vertex -68.61181442439556 51.135900139808655 3.2
      vertex -68.61181442439556 51.135900139808655 0
    endloop
  endfacet
  facet normal -0.41270703273363385 0.9108638235939549 0
    outer loop
      vertex -69.0186203122139 50.9515787884593 0
      vertex -69.0186203122139 50.9515787884593 3.2
      vertex -68.61181442439556 51.135900139808655 3.2
    endloop
  endfacet
  facet normal -0.47139674090500067 0.8819212621680824 0
    outer loop
      vertex -69.41250000149012 50.7410457059741 0
      vertex -69.0186203122139 50.9515787884593 3.2
      vertex -69.0186203122139 50.9515787884593 0
    endloop
  endfacet
  facet normal -0.47139674090500067 0.8819212621680824 0
    outer loop
      vertex -69.41250000149012 50.7410457059741 0
      vertex -69.41250000149012 50.7410457059741 3.2
      vertex -69.0186203122139 50.9515787884593 3.2
    endloop
  endfacet
  facet normal -0.5280678578683246 0.849202177038165 0
    outer loop
      vertex -69.79176683723927 50.50520242750645 0
      vertex -69.41250000149012 50.7410457059741 3.2
      vertex -69.41250000149012 50.7410457059741 0
    endloop
  endfacet
  facet normal -0.5280678578683246 0.849202177038165 0
    outer loop
      vertex -69.79176683723927 50.50520242750645 0
      vertex -69.79176683723927 50.50520242750645 3.2
      vertex -69.41250000149012 50.7410457059741 3.2
    endloop
  endfacet
  facet normal -0.582477696261529 0.8128466850260645 0
    outer loop
      vertex -70.15479674935341 50.24505887180567 0
      vertex -69.79176683723927 50.50520242750645 3.2
      vertex -69.79176683723927 50.50520242750645 0
    endloop
  endfacet
  facet normal -0.582477696261529 0.8128466850260645 0
    outer loop
      vertex -70.15479674935341 50.24505887180567 0
      vertex -70.15479674935341 50.24505887180567 3.2
      vertex -69.79176683723927 50.50520242750645 3.2
    endloop
  endfacet
  facet normal -0.634393276274587 0.7730104598371199 0
    outer loop
      vertex -70.50003518909216 49.961729012429714 0
      vertex -70.15479674935341 50.24505887180567 3.2
      vertex -70.15479674935341 50.24505887180567 0
    endloop
  endfacet
  facet normal -0.634393276274587 0.7730104598371199 0
    outer loop
      vertex -70.50003518909216 49.961729012429714 0
      vertex -70.50003518909216 49.961729012429714 3.2
      vertex -70.15479674935341 50.24505887180567 3.2
    endloop
  endfacet
  facet normal -0.6835923005677673 0.7298640740606892 0
    outer loop
      vertex -70.82600378245115 49.65642610937357 0
      vertex -70.50003518909216 49.961729012429714 3.2
      vertex -70.50003518909216 49.961729012429714 0
    endloop
  endfacet
  facet normal -0.6835923005677673 0.7298640740606892 0
    outer loop
      vertex -70.82600378245115 49.65642610937357 0
      vertex -70.82600378245115 49.65642610937357 3.2
      vertex -70.50003518909216 49.961729012429714 3.2
    endloop
  endfacet
  facet normal -0.7298640740606892 0.6835923005677673 0
    outer loop
      vertex -71.1313066855073 49.330457516014576 0
      vertex -70.82600378245115 49.65642610937357 3.2
      vertex -70.82600378245115 49.65642610937357 0
    endloop
  endfacet
  facet normal -0.7298640740606892 0.6835923005677673 0
    outer loop
      vertex -71.1313066855073 49.330457516014576 0
      vertex -71.1313066855073 49.330457516014576 3.2
      vertex -70.82600378245115 49.65642610937357 3.2
    endloop
  endfacet
  facet normal -0.7730104598371199 0.634393276274587 0
    outer loop
      vertex -71.41463654488325 48.985219076275826 0
      vertex -71.1313066855073 49.330457516014576 3.2
      vertex -71.1313066855073 49.330457516014576 0
    endloop
  endfacet
  facet normal -0.7730104598371199 0.634393276274587 0
    outer loop
      vertex -71.41463654488325 48.985219076275826 0
      vertex -71.41463654488325 48.985219076275826 3.2
      vertex -71.1313066855073 49.330457516014576 3.2
    endloop
  endfacet
  facet normal -0.8128466850260645 0.582477696261529 0
    outer loop
      vertex -71.67478010058403 48.62218916416168 0
      vertex -71.41463654488325 48.985219076275826 3.2
      vertex -71.41463654488325 48.985219076275826 0
    endloop
  endfacet
  facet normal -0.8128466850260645 0.582477696261529 0
    outer loop
      vertex -71.67478010058403 48.62218916416168 0
      vertex -71.67478010058403 48.62218916416168 3.2
      vertex -71.41463654488325 48.985219076275826 3.2
    endloop
  endfacet
  facet normal -0.849202177038165 0.5280678578683246 0
    outer loop
      vertex -71.91062337905169 48.24292232841253 0
      vertex -71.67478010058403 48.62218916416168 3.2
      vertex -71.67478010058403 48.62218916416168 0
    endloop
  endfacet
  facet normal -0.849202177038165 0.5280678578683246 0
    outer loop
      vertex -71.91062337905169 48.24292232841253 0
      vertex -71.91062337905169 48.24292232841253 3.2
      vertex -71.67478010058403 48.62218916416168 3.2
    endloop
  endfacet
  facet normal -0.8819212621680824 0.47139674090500067 0
    outer loop
      vertex -72.12115646153688 47.849042639136314 0
      vertex -71.91062337905169 48.24292232841253 3.2
      vertex -71.91062337905169 48.24292232841253 0
    endloop
  endfacet
  facet normal -0.8819212621680824 0.47139674090500067 0
    outer loop
      vertex -72.12115646153688 47.849042639136314 0
      vertex -72.12115646153688 47.849042639136314 3.2
      vertex -71.91062337905169 48.24292232841253 3.2
    endloop
  endfacet
  facet normal -0.9108638235939549 0.41270703273363385 0
    outer loop
      vertex -72.30547781288624 47.44223675131798 0
      vertex -72.12115646153688 47.849042639136314 3.2
      vertex -72.12115646153688 47.849042639136314 0
    endloop
  endfacet
  facet normal -0.9108638235939549 0.41270703273363385 0
    outer loop
      vertex -72.30547781288624 47.44223675131798 0
      vertex -72.30547781288624 47.44223675131798 3.2
      vertex -72.12115646153688 47.849042639136314 3.2
    endloop
  endfacet
  facet normal -0.9359059291139614 0.35225004165980234 0
    outer loop
      vertex -72.46279813349247 47.02424667775631 0
      vertex -72.30547781288624 47.44223675131798 3.2
      vertex -72.30547781288624 47.44223675131798 0
    endloop
  endfacet
  facet normal -0.9359059291139614 0.35225004165980234 0
    outer loop
      vertex -72.46279813349247 47.02424667775631 0
      vertex -72.46279813349247 47.02424667775631 3.2
      vertex -72.30547781288624 47.44223675131798 3.2
    endloop
  endfacet
  facet normal -0.9569403358984827 0.29028467670633096 0
    outer loop
      vertex -72.59244376420975 46.59686230868101 0
      vertex -72.46279813349247 47.02424667775631 3.2
      vertex -72.46279813349247 47.02424667775631 0
    endloop
  endfacet
  facet normal -0.9569403358984827 0.29028467670633096 0
    outer loop
      vertex -72.59244376420975 46.59686230868101 0
      vertex -72.59244376420975 46.59686230868101 3.2
      vertex -72.46279813349247 47.02424667775631 3.2
    endloop
  endfacet
  facet normal -0.9738769784414038 0.22707626661948105 0
    outer loop
      vertex -72.69385953992605 46.16191377490759 0
      vertex -72.59244376420975 46.59686230868101 3.2
      vertex -72.59244376420975 46.59686230868101 0
    endloop
  endfacet
  facet normal -0.9738769784414038 0.22707626661948105 0
    outer loop
      vertex -72.69385953992605 46.16191377490759 0
      vertex -72.69385953992605 46.16191377490759 3.2
      vertex -72.59244376420975 46.59686230868101 3.2
    endloop
  endfacet
  facet normal -0.9866433317648426 0.16289547533302104 0
    outer loop
      vertex -72.76661118119955 45.72126358747482 0
      vertex -72.69385953992605 46.16191377490759 3.2
      vertex -72.69385953992605 46.16191377490759 0
    endloop
  endfacet
  facet normal -0.9866433317648426 0.16289547533302104 0
    outer loop
      vertex -72.76661118119955 45.72126358747482 0
      vertex -72.76661118119955 45.72126358747482 3.2
      vertex -72.69385953992605 46.16191377490759 3.2
    endloop
  endfacet
  facet normal -0.9951847275861905 0.09801713104962688 0
    outer loop
      vertex -72.81038714945316 45.27679868042469 0
      vertex -72.76661118119955 45.72126358747482 3.2
      vertex -72.76661118119955 45.72126358747482 0
    endloop
  endfacet
  facet normal -0.9951847275861905 0.09801713104962688 0
    outer loop
      vertex -72.81038714945316 45.27679868042469 0
      vertex -72.81038714945316 45.27679868042469 3.2
      vertex -72.76661118119955 45.72126358747482 3.2
    endloop
  endfacet
  facet normal -0.9994645871289398 0.03271909343453471 0
    outer loop
      vertex -72.82500000298023 44.83042232692242 0
      vertex -72.81038714945316 45.27679868042469 3.2
      vertex -72.81038714945316 45.27679868042469 0
    endloop
  endfacet
  facet normal -0.9994645871289398 0.03271909343453471 0
    outer loop
      vertex -72.82500000298023 44.83042232692242 0
      vertex -72.82500000298023 44.83042232692242 3.2
      vertex -72.81038714945316 45.27679868042469 3.2
    endloop
  endfacet
  facet normal -1 0 0
    outer loop
      vertex -72.82500000298023 -44.83042232692242 0
      vertex -72.82500000298023 44.83042232692242 3.2
      vertex -72.82500000298023 44.83042232692242 0
    endloop
  endfacet
  facet normal -1 0 0
    outer loop
      vertex -72.82500000298023 -44.83042232692242 0
      vertex -72.82500000298023 -44.83042232692242 3.2
      vertex -72.82500000298023 44.83042232692242 3.2
    endloop
  endfacet
  facet normal -0.9994645871289398 -0.03271909343453471 0
    outer loop
      vertex -72.81038714945316 -45.27679868042469 0
      vertex -72.82500000298023 -44.83042232692242 3.2
      vertex -72.82500000298023 -44.83042232692242 0
    endloop
  endfacet
  facet normal -0.9994645871289398 -0.03271909343453471 0
    outer loop
      vertex -72.81038714945316 -45.27679868042469 0
      vertex -72.81038714945316 -45.27679868042469 3.2
      vertex -72.82500000298023 -44.83042232692242 3.2
    endloop
  endfacet
  facet normal -0.9951847275861905 -0.09801713104962688 0
    outer loop
      vertex -72.76661118119955 -45.72126358747482 0
      vertex -72.81038714945316 -45.27679868042469 3.2
      vertex -72.81038714945316 -45.27679868042469 0
    endloop
  endfacet
  facet normal -0.9951847275861905 -0.09801713104962688 0
    outer loop
      vertex -72.76661118119955 -45.72126358747482 0
      vertex -72.76661118119955 -45.72126358747482 3.2
      vertex -72.81038714945316 -45.27679868042469 3.2
    endloop
  endfacet
  facet normal -0.9866433317648426 -0.16289547533302104 0
    outer loop
      vertex -72.69385953992605 -46.16191377490759 0
      vertex -72.76661118119955 -45.72126358747482 3.2
      vertex -72.76661118119955 -45.72126358747482 0
    endloop
  endfacet
  facet normal -0.9866433317648426 -0.16289547533302104 0
    outer loop
      vertex -72.69385953992605 -46.16191377490759 0
      vertex -72.69385953992605 -46.16191377490759 3.2
      vertex -72.76661118119955 -45.72126358747482 3.2
    endloop
  endfacet
  facet normal -0.9738769784414038 -0.22707626661948105 0
    outer loop
      vertex -72.59244376420975 -46.59686230868101 0
      vertex -72.69385953992605 -46.16191377490759 3.2
      vertex -72.69385953992605 -46.16191377490759 0
    endloop
  endfacet
  facet normal -0.9738769784414038 -0.22707626661948105 0
    outer loop
      vertex -72.59244376420975 -46.59686230868101 0
      vertex -72.59244376420975 -46.59686230868101 3.2
      vertex -72.69385953992605 -46.16191377490759 3.2
    endloop
  endfacet
  facet normal -0.9569403358984827 -0.29028467670633096 0
    outer loop
      vertex -72.46279813349247 -47.02424667775631 0
      vertex -72.59244376420975 -46.59686230868101 3.2
      vertex -72.59244376420975 -46.59686230868101 0
    endloop
  endfacet
  facet normal -0.9569403358984827 -0.29028467670633096 0
    outer loop
      vertex -72.46279813349247 -47.02424667775631 0
      vertex -72.46279813349247 -47.02424667775631 3.2
      vertex -72.59244376420975 -46.59686230868101 3.2
    endloop
  endfacet
  facet normal -0.9359059291139614 -0.35225004165980234 0
    outer loop
      vertex -72.30547781288624 -47.44223675131798 0
      vertex -72.46279813349247 -47.02424667775631 3.2
      vertex -72.46279813349247 -47.02424667775631 0
    endloop
  endfacet
  facet normal -0.9359059291139614 -0.35225004165980234 0
    outer loop
      vertex -72.30547781288624 -47.44223675131798 0
      vertex -72.30547781288624 -47.44223675131798 3.2
      vertex -72.46279813349247 -47.02424667775631 3.2
    endloop
  endfacet
  facet normal -0.9108638235939549 -0.41270703273363385 0
    outer loop
      vertex -72.12115646153688 -47.849042639136314 0
      vertex -72.30547781288624 -47.44223675131798 3.2
      vertex -72.30547781288624 -47.44223675131798 0
    endloop
  endfacet
  facet normal -0.9108638235939549 -0.41270703273363385 0
    outer loop
      vertex -72.12115646153688 -47.849042639136314 0
      vertex -72.12115646153688 -47.849042639136314 3.2
      vertex -72.30547781288624 -47.44223675131798 3.2
    endloop
  endfacet
  facet normal -0.8819212621680824 -0.47139674090500067 0
    outer loop
      vertex -71.91062337905169 -48.24292232841253 0
      vertex -72.12115646153688 -47.849042639136314 3.2
      vertex -72.12115646153688 -47.849042639136314 0
    endloop
  endfacet
  facet normal -0.8819212621680824 -0.47139674090500067 0
    outer loop
      vertex -71.91062337905169 -48.24292232841253 0
      vertex -71.91062337905169 -48.24292232841253 3.2
      vertex -72.12115646153688 -47.849042639136314 3.2
    endloop
  endfacet
  facet normal -0.849202177038165 -0.5280678578683246 0
    outer loop
      vertex -71.67478010058403 -48.62218916416168 0
      vertex -71.91062337905169 -48.24292232841253 3.2
      vertex -71.91062337905169 -48.24292232841253 0
    endloop
  endfacet
  facet normal -0.849202177038165 -0.5280678578683246 0
    outer loop
      vertex -71.67478010058403 -48.62218916416168 0
      vertex -71.67478010058403 -48.62218916416168 3.2
      vertex -71.91062337905169 -48.24292232841253 3.2
    endloop
  endfacet
  facet normal -0.8128466850260645 -0.582477696261529 0
    outer loop
      vertex -71.41463654488325 -48.985219076275826 0
      vertex -71.67478010058403 -48.62218916416168 3.2
      vertex -71.67478010058403 -48.62218916416168 0
    endloop
  endfacet
  facet normal -0.8128466850260645 -0.582477696261529 0
    outer loop
      vertex -71.41463654488325 -48.985219076275826 0
      vertex -71.41463654488325 -48.985219076275826 3.2
      vertex -71.67478010058403 -48.62218916416168 3.2
    endloop
  endfacet
  facet normal -0.7730104598371199 -0.634393276274587 0
    outer loop
      vertex -71.1313066855073 -49.330457516014576 0
      vertex -71.41463654488325 -48.985219076275826 3.2
      vertex -71.41463654488325 -48.985219076275826 0
    endloop
  endfacet
  facet normal -0.7730104598371199 -0.634393276274587 0
    outer loop
      vertex -71.1313066855073 -49.330457516014576 0
      vertex -71.1313066855073 -49.330457516014576 3.2
      vertex -71.41463654488325 -48.985219076275826 3.2
    endloop
  endfacet
  facet normal -0.7298640740606892 -0.6835923005677673 0
    outer loop
      vertex -70.82600378245115 -49.65642610937357 0
      vertex -71.1313066855073 -49.330457516014576 3.2
      vertex -71.1313066855073 -49.330457516014576 0
    endloop
  endfacet
  facet normal -0.7298640740606892 -0.6835923005677673 0
    outer loop
      vertex -70.82600378245115 -49.65642610937357 0
      vertex -70.82600378245115 -49.65642610937357 3.2
      vertex -71.1313066855073 -49.330457516014576 3.2
    endloop
  endfacet
  facet normal -0.6835923005677673 -0.7298640740606892 0
    outer loop
      vertex -70.50003518909216 -49.961729012429714 0
      vertex -70.82600378245115 -49.65642610937357 3.2
      vertex -70.82600378245115 -49.65642610937357 0
    endloop
  endfacet
  facet normal -0.6835923005677673 -0.7298640740606892 0
    outer loop
      vertex -70.50003518909216 -49.961729012429714 0
      vertex -70.50003518909216 -49.961729012429714 3.2
      vertex -70.82600378245115 -49.65642610937357 3.2
    endloop
  endfacet
  facet normal -0.634393276274587 -0.7730104598371199 0
    outer loop
      vertex -70.15479674935341 -50.24505887180567 0
      vertex -70.50003518909216 -49.961729012429714 3.2
      vertex -70.50003518909216 -49.961729012429714 0
    endloop
  endfacet
  facet normal -0.634393276274587 -0.7730104598371199 0
    outer loop
      vertex -70.15479674935341 -50.24505887180567 0
      vertex -70.15479674935341 -50.24505887180567 3.2
      vertex -70.50003518909216 -49.961729012429714 3.2
    endloop
  endfacet
  facet normal -0.582477696261529 -0.8128466850260645 0
    outer loop
      vertex -69.79176683723927 -50.50520242750645 0
      vertex -70.15479674935341 -50.24505887180567 3.2
      vertex -70.15479674935341 -50.24505887180567 0
    endloop
  endfacet
  facet normal -0.582477696261529 -0.8128466850260645 0
    outer loop
      vertex -69.79176683723927 -50.50520242750645 0
      vertex -69.79176683723927 -50.50520242750645 3.2
      vertex -70.15479674935341 -50.24505887180567 3.2
    endloop
  endfacet
  facet normal -0.5280678578683246 -0.849202177038165 0
    outer loop
      vertex -69.41250000149012 -50.7410457059741 0
      vertex -69.79176683723927 -50.50520242750645 3.2
      vertex -69.79176683723927 -50.50520242750645 0
    endloop
  endfacet
  facet normal -0.5280678578683246 -0.849202177038165 0
    outer loop
      vertex -69.41250000149012 -50.7410457059741 0
      vertex -69.41250000149012 -50.7410457059741 3.2
      vertex -69.79176683723927 -50.50520242750645 3.2
    endloop
  endfacet
  facet normal -0.47139674090500067 -0.8819212621680824 0
    outer loop
      vertex -69.0186203122139 -50.9515787884593 0
      vertex -69.41250000149012 -50.7410457059741 3.2
      vertex -69.41250000149012 -50.7410457059741 0
    endloop
  endfacet
  facet normal -0.47139674090500067 -0.8819212621680824 0
    outer loop
      vertex -69.0186203122139 -50.9515787884593 0
      vertex -69.0186203122139 -50.9515787884593 3.2
      vertex -69.41250000149012 -50.7410457059741 3.2
    endloop
  endfacet
  facet normal -0.41270703273363385 -0.9108638235939549 0
    outer loop
      vertex -68.61181442439556 -51.135900139808655 0
      vertex -69.0186203122139 -50.9515787884593 3.2
      vertex -69.0186203122139 -50.9515787884593 0
    endloop
  endfacet
  facet normal -0.41270703273363385 -0.9108638235939549 0
    outer loop
      vertex -68.61181442439556 -51.135900139808655 0
      vertex -68.61181442439556 -51.135900139808655 3.2
      vertex -69.0186203122139 -50.9515787884593 3.2
    endloop
  endfacet
  facet normal -0.35225004165980234 -0.9359059291139614 0
    outer loop
      vertex -68.19382435083389 -51.29322046041489 0
      vertex -68.61181442439556 -51.135900139808655 3.2
      vertex -68.61181442439556 -51.135900139808655 0
    endloop
  endfacet
  facet normal -0.35225004165980234 -0.9359059291139614 0
    outer loop
      vertex -68.19382435083389 -51.29322046041489 0
      vertex -68.19382435083389 -51.29322046041489 3.2
      vertex -68.61181442439556 -51.135900139808655 3.2
    endloop
  endfacet
  facet normal -0.29028467670633096 -0.9569403358984827 0
    outer loop
      vertex -67.7664399817586 -51.422866091132164 0
      vertex -68.19382435083389 -51.29322046041489 3.2
      vertex -68.19382435083389 -51.29322046041489 0
    endloop
  endfacet
  facet normal -0.29028467670633096 -0.9569403358984827 0
    outer loop
      vertex -67.7664399817586 -51.422866091132164 0
      vertex -67.7664399817586 -51.422866091132164 3.2
      vertex -68.19382435083389 -51.29322046041489 3.2
    endloop
  endfacet
  facet normal -0.22707626661948105 -0.9738769784414038 0
    outer loop
      vertex -67.33149144798517 -51.52428186684847 0
      vertex -67.7664399817586 -51.422866091132164 3.2
      vertex -67.7664399817586 -51.422866091132164 0
    endloop
  endfacet
  facet normal -0.22707626661948105 -0.9738769784414038 0
    outer loop
      vertex -67.33149144798517 -51.52428186684847 0
      vertex -67.33149144798517 -51.52428186684847 3.2
      vertex -67.7664399817586 -51.422866091132164 3.2
    endloop
  endfacet
  facet normal -0.16289547533302104 -0.9866433317648426 0
    outer loop
      vertex -66.8908412605524 -51.59703350812197 0
      vertex -67.33149144798517 -51.52428186684847 3.2
      vertex -67.33149144798517 -51.52428186684847 0
    endloop
  endfacet
  facet normal -0.16289547533302104 -0.9866433317648426 0
    outer loop
      vertex -66.8908412605524 -51.59703350812197 0
      vertex -66.8908412605524 -51.59703350812197 3.2
      vertex -67.33149144798517 -51.52428186684847 3.2
    endloop
  endfacet
  facet normal -0.09801713104962688 -0.9951847275861905 0
    outer loop
      vertex -66.44637635350227 -51.64080947637558 0
      vertex -66.8908412605524 -51.59703350812197 3.2
      vertex -66.8908412605524 -51.59703350812197 0
    endloop
  endfacet
  facet normal -0.09801713104962688 -0.9951847275861905 0
    outer loop
      vertex -66.44637635350227 -51.64080947637558 0
      vertex -66.44637635350227 -51.64080947637558 3.2
      vertex -66.8908412605524 -51.59703350812197 3.2
    endloop
  endfacet
  facet normal -0.03271909343453471 -0.9994645871289398 0
    outer loop
      vertex -66 -51.65542232990265 0
      vertex -66.44637635350227 -51.64080947637558 3.2
      vertex -66.44637635350227 -51.64080947637558 0
    endloop
  endfacet
  facet normal -0.03271909343453471 -0.9994645871289398 0
    outer loop
      vertex -66 -51.65542232990265 0
      vertex -66 -51.65542232990265 3.2
      vertex -66.44637635350227 -51.64080947637558 3.2
    endloop
  endfacet
  facet normal 0 -1 0
    outer loop
      vertex 66 -51.65542232990265 0
      vertex -66 -51.65542232990265 3.2
      vertex -66 -51.65542232990265 0
    endloop
  endfacet
  facet normal 0 -1 0
    outer loop
      vertex 66 -51.65542232990265 0
      vertex 66 -51.65542232990265 3.2
      vertex -66 -51.65542232990265 3.2
    endloop
  endfacet
  facet normal 0.03271909343453471 -0.9994645871289398 0
    outer loop
      vertex 66.44637635350227 -51.64080947637558 0
      vertex 66 -51.65542232990265 3.2
      vertex 66 -51.65542232990265 0
    endloop
  endfacet
  facet normal 0.03271909343453471 -0.9994645871289398 0
    outer loop
      vertex 66.44637635350227 -51.64080947637558 0
      vertex 66.44637635350227 -51.64080947637558 3.2
      vertex 66 -51.65542232990265 3.2
    endloop
  endfacet
  facet normal 0.032719081877998255 0.9994645875072617 0
    outer loop
      vertex -38.44388688355684 -38.745289631187916 0
      vertex -38.44388688355684 -38.745289631187916 3.2
      vertex -38.29999999701977 -38.75 0
    endloop
  endfacet
  facet normal 0.032719081877998255 0.9994645875072617 0
    outer loop
      vertex -38.29999999701977 -38.75 3.2
      vertex -38.29999999701977 -38.75 0
      vertex -38.44388688355684 -38.745289631187916 3.2
    endloop
  endfacet
  facet normal 0.09801715152442479 0.9951847255695989 0
    outer loop
      vertex -38.58715762197971 -38.73117869347334 0
      vertex -38.58715762197971 -38.73117869347334 3.2
      vertex -38.44388688355684 -38.745289631187916 0
    endloop
  endfacet
  facet normal 0.09801715152442479 0.9951847255695989 0
    outer loop
      vertex -38.44388688355684 -38.745289631187916 3.2
      vertex -38.44388688355684 -38.745289631187916 0
      vertex -38.58715762197971 -38.73117869347334 3.2
    endloop
  endfacet
  facet normal 0.16289550050373786 0.9866433276091399 0
    outer loop
      vertex -38.72919870913029 -38.70772761106491 0
      vertex -38.72919870913029 -38.70772761106491 3.2
      vertex -38.58715762197971 -38.73117869347334 0
    endloop
  endfacet
  facet normal 0.16289550050373786 0.9866433276091399 0
    outer loop
      vertex -38.58715762197971 -38.73117869347334 3.2
      vertex -38.58715762197971 -38.73117869347334 0
      vertex -38.72919870913029 -38.70772761106491 3.2
    endloop
  endfacet
  facet normal 0.22707623329767604 0.9738769862109585 0
    outer loop
      vertex -38.86940189450979 -38.67503681778908 0
      vertex -38.86940189450979 -38.67503681778908 3.2
      vertex -38.72919870913029 -38.70772761106491 0
    endloop
  endfacet
  facet normal 0.22707623329767604 0.9738769862109585 0
    outer loop
      vertex -38.72919870913029 -38.70772761106491 3.2
      vertex -38.72919870913029 -38.70772761106491 0
      vertex -38.86940189450979 -38.67503681778908 3.2
    endloop
  endfacet
  facet normal 0.2902847086987408 0.9569403261936907 0
    outer loop
      vertex -39.00716681778431 -38.63324628025293 0
      vertex -39.00716681778431 -38.63324628025293 3.2
      vertex -38.86940189450979 -38.67503681778908 0
    endloop
  endfacet
  facet normal 0.2902847086987408 0.9569403261936907 0
    outer loop
      vertex -38.86940189450979 -38.67503681778908 3.2
      vertex -38.86940189450979 -38.67503681778908 0
      vertex -39.00716681778431 -38.63324628025293 3.2
    endloop
  endfacet
  facet normal 0.35225002655202603 0.9359059348001256 0
    outer loop
      vertex -39.141903549432755 -38.582534968853 0
      vertex -39.141903549432755 -38.582534968853 3.2
      vertex -39.00716681778431 -38.63324628025293 0
    endloop
  endfacet
  facet normal 0.35225002655202603 0.9359059348001256 0
    outer loop
      vertex -39.00716681778431 -38.63324628025293 3.2
      vertex -39.00716681778431 -38.63324628025293 0
      vertex -39.141903549432755 -38.582534968853 3.2
    endloop
  endfacet
  facet normal 0.4127070184968952 0.9108638300445372 0
    outer loop
      vertex -39.2730351164937 -38.523120030760765 0
      vertex -39.2730351164937 -38.523120030760765 3.2
      vertex -39.141903549432755 -38.582534968853 0
    endloop
  endfacet
  facet normal 0.4127070184968952 0.9108638300445372 0
    outer loop
      vertex -39.141903549432755 -38.582534968853 3.2
      vertex -39.141903549432755 -38.582534968853 0
      vertex -39.2730351164937 -38.523120030760765 3.2
    endloop
  endfacet
  facet normal 0.47139673167174867 0.8819212671033585 0
    outer loop
      vertex -39.399999998509884 -38.45525588840246 0
      vertex -39.399999998509884 -38.45525588840246 3.2
      vertex -39.2730351164937 -38.523120030760765 0
    endloop
  endfacet
  facet normal 0.47139673167174867 0.8819212671033585 0
    outer loop
      vertex -39.2730351164937 -38.523120030760765 3.2
      vertex -39.2730351164937 -38.523120030760765 0
      vertex -39.399999998509884 -38.45525588840246 3.2
    endloop
  endfacet
  facet normal 0.5280678635228663 0.8492021735219449 0
    outer loop
      vertex -39.52225451171398 -38.37923314422369 0
      vertex -39.52225451171398 -38.37923314422369 3.2
      vertex -39.399999998509884 -38.45525588840246 0
    endloop
  endfacet
  facet normal 0.5280678635228663 0.8492021735219449 0
    outer loop
      vertex -39.399999998509884 -38.45525588840246 3.2
      vertex -39.399999998509884 -38.45525588840246 0
      vertex -39.52225451171398 -38.37923314422369 3.2
    endloop
  endfacet
  facet normal 0.5824777116316723 0.8128466740119753 0
    outer loop
      vertex -39.63927514106035 -38.29537734389305 0
      vertex -39.63927514106035 -38.29537734389305 3.2
      vertex -39.52225451171398 -38.37923314422369 0
    endloop
  endfacet
  facet normal 0.5824777116316723 0.8128466740119753 0
    outer loop
      vertex -39.52225451171398 -38.37923314422369 3.2
      vertex -39.52225451171398 -38.37923314422369 0
      vertex -39.63927514106035 -38.29537734389305 3.2
    endloop
  endfacet
  facet normal 0.6343932685786592 0.7730104661530044 0
    outer loop
      vertex -39.75056079030037 -38.204047575592995 0
      vertex -39.75056079030037 -38.204047575592995 3.2
      vertex -39.63927514106035 -38.29537734389305 0
    endloop
  endfacet
  facet normal 0.6343932685786592 0.7730104661530044 0
    outer loop
      vertex -39.63927514106035 -38.29537734389305 3.2
      vertex -39.63927514106035 -38.29537734389305 0
      vertex -39.75056079030037 -38.204047575592995 3.2
    endloop
  endfacet
  facet normal 0.6835923300083221 0.7298640464865996 0
    outer loop
      vertex -39.85563491284847 -38.10563491284847 0
      vertex -39.85563491284847 -38.10563491284847 3.2
      vertex -39.75056079030037 -38.204047575592995 0
    endloop
  endfacet
  facet normal 0.6835923300083221 0.7298640464865996 0
    outer loop
      vertex -39.75056079030037 -38.204047575592995 3.2
      vertex -39.75056079030037 -38.204047575592995 0
      vertex -39.85563491284847 -38.10563491284847 3.2
    endloop
  endfacet
  facet normal 0.7298640464865996 0.6835923300083221 0
    outer loop
      vertex -39.954047575592995 -38.00056079030037 0
      vertex -39.954047575592995 -38.00056079030037 3.2
      vertex -39.85563491284847 -38.10563491284847 0
    endloop
  endfacet
  facet normal 0.7298640464865996 0.6835923300083221 0
    outer loop
      vertex -39.85563491284847 -38.10563491284847 3.2
      vertex -39.85563491284847 -38.10563491284847 0
      vertex -39.954047575592995 -38.00056079030037 3.2
    endloop
  endfacet
  facet normal 0.7730104661530044 0.6343932685786592 0
    outer loop
      vertex -40.04537734389305 -37.88927514106035 0
      vertex -40.04537734389305 -37.88927514106035 3.2
      vertex -39.954047575592995 -38.00056079030037 0
    endloop
  endfacet
  facet normal 0.7730104661530044 0.6343932685786592 0
    outer loop
      vertex -39.954047575592995 -38.00056079030037 3.2
      vertex -39.954047575592995 -38.00056079030037 0
      vertex -40.04537734389305 -37.88927514106035 3.2
    endloop
  endfacet
  facet normal 0.8128466740119753 0.5824777116316723 0
    outer loop
      vertex -40.12923314422369 -37.77225451171398 0
      vertex -40.12923314422369 -37.77225451171398 3.2
      vertex -40.04537734389305 -37.88927514106035 0
    endloop
  endfacet
  facet normal 0.8128466740119753 0.5824777116316723 0
    outer loop
      vertex -40.04537734389305 -37.88927514106035 3.2
      vertex -40.04537734389305 -37.88927514106035 0
      vertex -40.12923314422369 -37.77225451171398 3.2
    endloop
  endfacet
  facet normal 0.8492021735219449 0.5280678635228663 0
    outer loop
      vertex -40.20525588840246 -37.649999998509884 0
      vertex -40.20525588840246 -37.649999998509884 3.2
      vertex -40.12923314422369 -37.77225451171398 0
    endloop
  endfacet
  facet normal 0.8492021735219449 0.5280678635228663 0
    outer loop
      vertex -40.12923314422369 -37.77225451171398 3.2
      vertex -40.12923314422369 -37.77225451171398 0
      vertex -40.20525588840246 -37.649999998509884 3.2
    endloop
  endfacet
  facet normal 0.8819212671033585 0.47139673167174867 0
    outer loop
      vertex -40.273120030760765 -37.5230351164937 0
      vertex -40.273120030760765 -37.5230351164937 3.2
      vertex -40.20525588840246 -37.649999998509884 0
    endloop
  endfacet
  facet normal 0.8819212671033585 0.47139673167174867 0
    outer loop
      vertex -40.20525588840246 -37.649999998509884 3.2
      vertex -40.20525588840246 -37.649999998509884 0
      vertex -40.273120030760765 -37.5230351164937 3.2
    endloop
  endfacet
  facet normal 0.9108638300445372 0.4127070184968952 0
    outer loop
      vertex -40.332534968853 -37.391903549432755 0
      vertex -40.332534968853 -37.391903549432755 3.2
      vertex -40.273120030760765 -37.5230351164937 0
    endloop
  endfacet
  facet normal 0.9108638300445372 0.4127070184968952 0
    outer loop
      vertex -40.273120030760765 -37.5230351164937 3.2
      vertex -40.273120030760765 -37.5230351164937 0
      vertex -40.332534968853 -37.391903549432755 3.2
    endloop
  endfacet
  facet normal 0.9359059348001256 0.35225002655202603 0
    outer loop
      vertex -40.38324628025293 -37.25716681778431 0
      vertex -40.38324628025293 -37.25716681778431 3.2
      vertex -40.332534968853 -37.391903549432755 0
    endloop
  endfacet
  facet normal 0.9359059348001256 0.35225002655202603 0
    outer loop
      vertex -40.332534968853 -37.391903549432755 3.2
      vertex -40.332534968853 -37.391903549432755 0
      vertex -40.38324628025293 -37.25716681778431 3.2
    endloop
  endfacet
  facet normal 0.9569403261936907 0.2902847086987408 0
    outer loop
      vertex -40.42503681778908 -37.11940189450979 0
      vertex -40.42503681778908 -37.11940189450979 3.2
      vertex -40.38324628025293 -37.25716681778431 0
    endloop
  endfacet
  facet normal 0.9569403261936907 0.2902847086987408 0
    outer loop
      vertex -40.38324628025293 -37.25716681778431 3.2
      vertex -40.38324628025293 -37.25716681778431 0
      vertex -40.42503681778908 -37.11940189450979 3.2
    endloop
  endfacet
  facet normal 0.9738769862109585 0.22707623329767604 0
    outer loop
      vertex -40.45772761106491 -36.97919870913029 0
      vertex -40.45772761106491 -36.97919870913029 3.2
      vertex -40.42503681778908 -37.11940189450979 0
    endloop
  endfacet
  facet normal 0.9738769862109585 0.22707623329767604 0
    outer loop
      vertex -40.42503681778908 -37.11940189450979 3.2
      vertex -40.42503681778908 -37.11940189450979 0
      vertex -40.45772761106491 -36.97919870913029 3.2
    endloop
  endfacet
  facet normal 0.9866433276091399 0.16289550050373786 0
    outer loop
      vertex -40.48117869347334 -36.83715762197971 0
      vertex -40.48117869347334 -36.83715762197971 3.2
      vertex -40.45772761106491 -36.97919870913029 0
    endloop
  endfacet
  facet normal 0.9866433276091399 0.16289550050373786 0
    outer loop
      vertex -40.45772761106491 -36.97919870913029 3.2
      vertex -40.45772761106491 -36.97919870913029 0
      vertex -40.48117869347334 -36.83715762197971 3.2
    endloop
  endfacet
  facet normal 0.9951847255695989 0.09801715152442479 0
    outer loop
      vertex -40.495289631187916 -36.69388688355684 0
      vertex -40.495289631187916 -36.69388688355684 3.2
      vertex -40.48117869347334 -36.83715762197971 0
    endloop
  endfacet
  facet normal 0.9951847255695989 0.09801715152442479 0
    outer loop
      vertex -40.48117869347334 -36.83715762197971 3.2
      vertex -40.48117869347334 -36.83715762197971 0
      vertex -40.495289631187916 -36.69388688355684 3.2
    endloop
  endfacet
  facet normal 0.9994645875072617 0.032719081877998255 0
    outer loop
      vertex -40.5 -36.54999999701977 0
      vertex -40.5 -36.54999999701977 3.2
      vertex -40.495289631187916 -36.69388688355684 0
    endloop
  endfacet
  facet normal 0.9994645875072617 0.032719081877998255 0
    outer loop
      vertex -40.495289631187916 -36.69388688355684 3.2
      vertex -40.495289631187916 -36.69388688355684 0
      vertex -40.5 -36.54999999701977 3.2
    endloop
  endfacet
  facet normal 1 0 0
    outer loop
      vertex -40.5 -30.950000002980232 0
      vertex -40.5 -30.950000002980232 3.2
      vertex -40.5 -36.54999999701977 0
    endloop
  endfacet
  facet normal 1 0 0
    outer loop
      vertex -40.5 -36.54999999701977 3.2
      vertex -40.5 -36.54999999701977 0
      vertex -40.5 -30.950000002980232 3.2
    endloop
  endfacet
  facet normal 0.9994645875072617 -0.032719081877998255 0
    outer loop
      vertex -40.495289631187916 -30.806113116443157 0
      vertex -40.495289631187916 -30.806113116443157 3.2
      vertex -40.5 -30.950000002980232 0
    endloop
  endfacet
  facet normal 0.9994645875072617 -0.032719081877998255 0
    outer loop
      vertex -40.5 -30.950000002980232 3.2
      vertex -40.5 -30.950000002980232 0
      vertex -40.495289631187916 -30.806113116443157 3.2
    endloop
  endfacet
  facet normal 0.9951847255695989 -0.09801715152442479 0
    outer loop
      vertex -40.48117869347334 -30.662842378020287 0
      vertex -40.48117869347334 -30.662842378020287 3.2
      vertex -40.495289631187916 -30.806113116443157 0
    endloop
  endfacet
  facet normal 0.9951847255695989 -0.09801715152442479 0
    outer loop
      vertex -40.495289631187916 -30.806113116443157 3.2
      vertex -40.495289631187916 -30.806113116443157 0
      vertex -40.48117869347334 -30.662842378020287 3.2
    endloop
  endfacet
  facet normal 0.9866433276091399 -0.16289550050373786 0
    outer loop
      vertex -40.45772761106491 -30.520801290869713 0
      vertex -40.45772761106491 -30.520801290869713 3.2
      vertex -40.48117869347334 -30.662842378020287 0
    endloop
  endfacet
  facet normal 0.9866433276091399 -0.16289550050373786 0
    outer loop
      vertex -40.48117869347334 -30.662842378020287 3.2
      vertex -40.48117869347334 -30.662842378020287 0
      vertex -40.45772761106491 -30.520801290869713 3.2
    endloop
  endfacet
  facet normal 0.9738769862109585 -0.22707623329767604 0
    outer loop
      vertex -40.42503681778908 -30.380598105490208 0
      vertex -40.42503681778908 -30.380598105490208 3.2
      vertex -40.45772761106491 -30.520801290869713 0
    endloop
  endfacet
  facet normal 0.9738769862109585 -0.22707623329767604 0
    outer loop
      vertex -40.45772761106491 -30.520801290869713 3.2
      vertex -40.45772761106491 -30.520801290869713 0
      vertex -40.42503681778908 -30.380598105490208 3.2
    endloop
  endfacet
  facet normal 0.9569403261936907 -0.2902847086987408 0
    outer loop
      vertex -40.38324628025293 -30.24283318221569 0
      vertex -40.38324628025293 -30.24283318221569 3.2
      vertex -40.42503681778908 -30.380598105490208 0
    endloop
  endfacet
  facet normal 0.9569403261936907 -0.2902847086987408 0
    outer loop
      vertex -40.42503681778908 -30.380598105490208 3.2
      vertex -40.42503681778908 -30.380598105490208 0
      vertex -40.38324628025293 -30.24283318221569 3.2
    endloop
  endfacet
  facet normal 0.9359059348001256 -0.35225002655202603 0
    outer loop
      vertex -40.332534968853 -30.108096450567245 0
      vertex -40.332534968853 -30.108096450567245 3.2
      vertex -40.38324628025293 -30.24283318221569 0
    endloop
  endfacet
  facet normal 0.9359059348001256 -0.35225002655202603 0
    outer loop
      vertex -40.38324628025293 -30.24283318221569 3.2
      vertex -40.38324628025293 -30.24283318221569 0
      vertex -40.332534968853 -30.108096450567245 3.2
    endloop
  endfacet
  facet normal 0.9108638336881426 -0.41270701045528624 0
    outer loop
      vertex -40.28678601235151 -30.007126346230507 0
      vertex -40.28678601235151 -30.007126346230507 3.2
      vertex -40.332534968853 -30.108096450567245 0
    endloop
  endfacet
  facet normal 0.9108638336881426 -0.41270701045528624 0
    outer loop
      vertex -40.332534968853 -30.108096450567245 3.2
      vertex -40.332534968853 -30.108096450567245 0
      vertex -40.28678601235151 -30.007126346230507 3.2
    endloop
  endfacet
  facet normal 0.09801712091720852 0.9951847285841465 0
    outer loop
      vertex -40.44841731339693 -29.99120705574751 0
      vertex -40.44841731339693 -29.99120705574751 3.2
      vertex -40.28678601235151 -30.007126346230507 0
    endloop
  endfacet
  facet normal 0.09801712091720852 0.9951847285841465 0
    outer loop
      vertex -40.28678601235151 -30.007126346230507 3.2
      vertex -40.28678601235151 -30.007126346230507 0
      vertex -40.44841731339693 -29.99120705574751 3.2
    endloop
  endfacet
  facet normal 0.16289547209062125 0.9866433323001649 0
    outer loop
      vertex -42.40148223936558 -29.66875473409891 0
      vertex -42.40148223936558 -29.66875473409891 3.2
      vertex -40.44841731339693 -29.99120705574751 0
    endloop
  endfacet
  facet normal 0.16289547209062125 0.9866433323001649 0
    outer loop
      vertex -40.44841731339693 -29.99120705574751 3.2
      vertex -40.44841731339693 -29.99120705574751 0
      vertex -42.40148223936558 -29.66875473409891 3.2
    endloop
  endfacet
  facet normal 0.2270762640336351 0.9738769790443383 0
    outer loop
      vertex -44.329276114702225 -29.21925624459982 0
      vertex -44.329276114702225 -29.21925624459982 3.2
      vertex -42.40148223936558 -29.66875473409891 0
    endloop
  endfacet
  facet normal 0.2270762640336351 0.9738769790443383 0
    outer loop
      vertex -42.40148223936558 -29.66875473409891 3.2
      vertex -42.40148223936558 -29.66875473409891 0
      vertex -44.329276114702225 -29.21925624459982 3.2
    endloop
  endfacet
  facet normal 0.2902846784337721 0.9569403353744692 0
    outer loop
      vertex -46.22354382276535 -28.644636414945126 0
      vertex -46.22354382276535 -28.644636414945126 3.2
      vertex -44.329276114702225 -29.21925624459982 0
    endloop
  endfacet
  facet normal 0.2902846784337721 0.9569403353744692 0
    outer loop
      vertex -44.329276114702225 -29.21925624459982 3.2
      vertex -44.329276114702225 -29.21925624459982 0
      vertex -46.22354382276535 -28.644636414945126 3.2
    endloop
  endfacet
  facet normal 0.35225004657308273 0.9359059272647338 0
    outer loop
      vertex -48.076173827052116 -27.94735585898161 0
      vertex -48.076173827052116 -27.94735585898161 3.2
      vertex -46.22354382276535 -28.644636414945126 0
    endloop
  endfacet
  facet normal 0.35225004657308273 0.9359059272647338 0
    outer loop
      vertex -46.22354382276535 -28.644636414945126 3.2
      vertex -46.22354382276535 -28.644636414945126 0
      vertex -48.076173827052116 -27.94735585898161 3.2
    endloop
  endfacet
  facet normal 0.41270702907287604 0.9108638252526225 0
    outer loop
      vertex -49.87923287600279 -27.13040043413639 0
      vertex -49.87923287600279 -27.13040043413639 3.2
      vertex -48.076173827052116 -27.94735585898161 0
    endloop
  endfacet
  facet normal 0.41270702907287604 0.9108638252526225 0
    outer loop
      vertex -48.076173827052116 -27.94735585898161 3.2
      vertex -48.076173827052116 -27.94735585898161 0
      vertex -49.87923287600279 -27.13040043413639 3.2
    endloop
  endfacet
  facet normal 0.47139673757721456 0.8819212639468211 0
    outer loop
      vertex -51.625 -26.197268463671207 0
      vertex -51.625 -26.197268463671207 3.2
      vertex -49.87923287600279 -27.13040043413639 0
    endloop
  endfacet
  facet normal 0.47139673757721456 0.8819212639468211 0
    outer loop
      vertex -49.87923287600279 -27.13040043413639 3.2
      vertex -49.87923287600279 -27.13040043413639 0
      vertex -51.625 -26.197268463671207 3.2
    endloop
  endfacet
  facet normal 0.5280678520612452 0.849202180649239 0
    outer loop
      vertex -53.30599954724312 -25.151955768465996 0
      vertex -53.30599954724312 -25.151955768465996 3.2
      vertex -51.625 -26.197268463671207 0
    endloop
  endfacet
  facet normal 0.5280678520612452 0.849202180649239 0
    outer loop
      vertex -51.625 -26.197268463671207 3.2
      vertex -51.625 -26.197268463671207 0
      vertex -53.30599954724312 -25.151955768465996 3.2
    endloop
  endfacet
  facet normal 0.5824776943798148 0.8128466863744819 0
    outer loop
      vertex -54.91503322869539 -23.99893854558468 0
      vertex -54.91503322869539 -23.99893854558468 3.2
      vertex -53.30599954724312 -25.151955768465996 0
    endloop
  endfacet
  facet normal 0.5824776943798148 0.8128466863744819 0
    outer loop
      vertex -53.30599954724312 -25.151955768465996 3.2
      vertex -53.30599954724312 -25.151955768465996 0
      vertex -54.91503322869539 -23.99893854558468 3.2
    endloop
  endfacet
  facet normal 0.6343932859081808 0.7730104519310338 0
    outer loop
      vertex -56.44521090388298 -22.743154175579548 0
      vertex -56.44521090388298 -22.743154175579548 3.2
      vertex -54.91503322869539 -23.99893854558468 0
    endloop
  endfacet
  facet normal 0.6343932859081808 0.7730104519310338 0
    outer loop
      vertex -54.91503322869539 -23.99893854558468 3.2
      vertex -54.91503322869539 -23.99893854558468 0
      vertex -56.44521090388298 -22.743154175579548 3.2
    endloop
  endfacet
  facet normal 0.6835923016347318 0.7298640730613679 0
    outer loop
      vertex -57.889980129897594 -21.389980129897594 0
      vertex -57.889980129897594 -21.389980129897594 3.2
      vertex -56.44521090388298 -22.743154175579548 0
    endloop
  endfacet
  facet normal 0.6835923016347318 0.7298640730613679 0
    outer loop
      vertex -56.44521090388298 -22.743154175579548 3.2
      vertex -56.44521090388298 -22.743154175579548 0
      vertex -57.889980129897594 -21.389980129897594 3.2
    endloop
  endfacet
  facet normal 0.7298640730613679 0.6835923016347318 0
    outer loop
      vertex -59.24315417557955 -19.94521090388298 0
      vertex -59.24315417557955 -19.94521090388298 3.2
      vertex -57.889980129897594 -21.389980129897594 0
    endloop
  endfacet
  facet normal 0.7298640730613679 0.6835923016347318 0
    outer loop
      vertex -57.889980129897594 -21.389980129897594 3.2
      vertex -57.889980129897594 -21.389980129897594 0
      vertex -59.24315417557955 -19.94521090388298 3.2
    endloop
  endfacet
  facet normal 0.7730104519310338 0.6343932859081808 0
    outer loop
      vertex -60.49893854558468 -18.415033228695393 0
      vertex -60.49893854558468 -18.415033228695393 3.2
      vertex -59.24315417557955 -19.94521090388298 0
    endloop
  endfacet
  facet normal 0.7730104519310338 0.6343932859081808 0
    outer loop
      vertex -59.24315417557955 -19.94521090388298 3.2
      vertex -59.24315417557955 -19.94521090388298 0
      vertex -60.49893854558468 -18.415033228695393 3.2
    endloop
  endfacet
  facet normal 0.8128466863744819 0.5824776943798148 0
    outer loop
      vertex -61.651955768465996 -16.80599954724312 0
      vertex -61.651955768465996 -16.80599954724312 3.2
      vertex -60.49893854558468 -18.415033228695393 0
    endloop
  endfacet
  facet normal 0.8128466863744819 0.5824776943798148 0
    outer loop
      vertex -60.49893854558468 -18.415033228695393 3.2
      vertex -60.49893854558468 -18.415033228695393 0
      vertex -61.651955768465996 -16.80599954724312 3.2
    endloop
  endfacet
  facet normal 0.849202180649239 0.5280678520612452 0
    outer loop
      vertex -62.69726846367121 -15.125 0
      vertex -62.69726846367121 -15.125 3.2
      vertex -61.651955768465996 -16.80599954724312 0
    endloop
  endfacet
  facet normal 0.849202180649239 0.5280678520612452 0
    outer loop
      vertex -61.651955768465996 -16.80599954724312 3.2
      vertex -61.651955768465996 -16.80599954724312 0
      vertex -62.69726846367121 -15.125 3.2
    endloop
  endfacet
  facet normal 0.8819212639468211 0.47139673757721456 0
    outer loop
      vertex -63.63040043413639 -13.379232876002789 0
      vertex -63.63040043413639 -13.379232876002789 3.2
      vertex -62.69726846367121 -15.125 0
    endloop
  endfacet
  facet normal 0.8819212639468211 0.47139673757721456 0
    outer loop
      vertex -62.69726846367121 -15.125 3.2
      vertex -62.69726846367121 -15.125 0
      vertex -63.63040043413639 -13.379232876002789 3.2
    endloop
  endfacet
  facet normal 0.9108638252526225 0.41270702907287604 0
    outer loop
      vertex -64.44735585898161 -11.576173827052116 0
      vertex -64.44735585898161 -11.576173827052116 3.2
      vertex -63.63040043413639 -13.379232876002789 0
    endloop
  endfacet
  facet normal 0.9108638252526225 0.41270702907287604 0
    outer loop
      vertex -63.63040043413639 -13.379232876002789 3.2
      vertex -63.63040043413639 -13.379232876002789 0
      vertex -64.44735585898161 -11.576173827052116 3.2
    endloop
  endfacet
  facet normal 0.9359059272647338 0.35225004657308273 0
    outer loop
      vertex -65.14463641494513 -9.72354382276535 0
      vertex -65.14463641494513 -9.72354382276535 3.2
      vertex -64.44735585898161 -11.576173827052116 0
    endloop
  endfacet
  facet normal 0.9359059272647338 0.35225004657308273 0
    outer loop
      vertex -64.44735585898161 -11.576173827052116 3.2
      vertex -64.44735585898161 -11.576173827052116 0
      vertex -65.14463641494513 -9.72354382276535 3.2
    endloop
  endfacet
  facet normal 0.9569403353744692 0.2902846784337721 0
    outer loop
      vertex -65.71925624459982 -7.829276114702225 0
      vertex -65.71925624459982 -7.829276114702225 3.2
      vertex -65.14463641494513 -9.72354382276535 0
    endloop
  endfacet
  facet normal 0.9569403353744692 0.2902846784337721 0
    outer loop
      vertex -65.14463641494513 -9.72354382276535 3.2
      vertex -65.14463641494513 -9.72354382276535 0
      vertex -65.71925624459982 -7.829276114702225 3.2
    endloop
  endfacet
  facet normal 0.9738769790443383 0.2270762640336351 0
    outer loop
      vertex -66.16875473409891 -5.901482239365578 0
      vertex -66.16875473409891 -5.901482239365578 3.2
      vertex -65.71925624459982 -7.829276114702225 0
    endloop
  endfacet
  facet normal 0.9738769790443383 0.2270762640336351 0
    outer loop
      vertex -65.71925624459982 -7.829276114702225 3.2
      vertex -65.71925624459982 -7.829276114702225 0
      vertex -66.16875473409891 -5.901482239365578 3.2
    endloop
  endfacet
  facet normal 0.9866433323001649 0.16289547209062125 0
    outer loop
      vertex -66.49120705574751 -3.9484173133969307 0
      vertex -66.49120705574751 -3.9484173133969307 3.2
      vertex -66.16875473409891 -5.901482239365578 0
    endloop
  endfacet
  facet normal 0.9866433323001649 0.16289547209062125 0
    outer loop
      vertex -66.16875473409891 -5.901482239365578 3.2
      vertex -66.16875473409891 -5.901482239365578 0
      vertex -66.49120705574751 -3.9484173133969307 3.2
    endloop
  endfacet
  facet normal 0.9951847264965054 0.09801714211338662 0
    outer loop
      vertex -66.68523243069649 -1.9784446582198143 0
      vertex -66.68523243069649 -1.9784446582198143 3.2
      vertex -66.49120705574751 -3.9484173133969307 0
    endloop
  endfacet
  facet normal 0.9951847264965054 0.09801714211338662 0
    outer loop
      vertex -66.49120705574751 -3.9484173133969307 3.2
      vertex -66.49120705574751 -3.9484173133969307 0
      vertex -66.68523243069649 -1.9784446582198143 3.2
    endloop
  endfacet
  facet normal 0.999464587520908 0.0327190814611479 0
    outer loop
      vertex -66.75 0 0
      vertex -66.75 0 3.2
      vertex -66.68523243069649 -1.9784446582198143 0
    endloop
  endfacet
  facet normal 0.999464587520908 0.0327190814611479 0
    outer loop
      vertex -66.68523243069649 -1.9784446582198143 3.2
      vertex -66.68523243069649 -1.9784446582198143 0
      vertex -66.75 0 3.2
    endloop
  endfacet
  facet normal 0.999464587520908 -0.0327190814611479 0
    outer loop
      vertex -66.68523243069649 1.9784446582198143 0
      vertex -66.68523243069649 1.9784446582198143 3.2
      vertex -66.75 0 0
    endloop
  endfacet
  facet normal 0.999464587520908 -0.0327190814611479 0
    outer loop
      vertex -66.75 0 3.2
      vertex -66.75 0 0
      vertex -66.68523243069649 1.9784446582198143 3.2
    endloop
  endfacet
  facet normal 0.9951847264965054 -0.09801714211338662 0
    outer loop
      vertex -66.49120705574751 3.9484173133969307 0
      vertex -66.49120705574751 3.9484173133969307 3.2
      vertex -66.68523243069649 1.9784446582198143 0
    endloop
  endfacet
  facet normal 0.9951847264965054 -0.09801714211338662 0
    outer loop
      vertex -66.68523243069649 1.9784446582198143 3.2
      vertex -66.68523243069649 1.9784446582198143 0
      vertex -66.49120705574751 3.9484173133969307 3.2
    endloop
  endfacet
  facet normal 0.9866433323001649 -0.16289547209062125 0
    outer loop
      vertex -66.16875473409891 5.901482239365578 0
      vertex -66.16875473409891 5.901482239365578 3.2
      vertex -66.49120705574751 3.9484173133969307 0
    endloop
  endfacet
  facet normal 0.9866433323001649 -0.16289547209062125 0
    outer loop
      vertex -66.49120705574751 3.9484173133969307 3.2
      vertex -66.49120705574751 3.9484173133969307 0
      vertex -66.16875473409891 5.901482239365578 3.2
    endloop
  endfacet
  facet normal 0.9738769790443383 -0.2270762640336351 0
    outer loop
      vertex -65.71925624459982 7.829276114702225 0
      vertex -65.71925624459982 7.829276114702225 3.2
      vertex -66.16875473409891 5.901482239365578 0
    endloop
  endfacet
  facet normal 0.9738769790443383 -0.2270762640336351 0
    outer loop
      vertex -66.16875473409891 5.901482239365578 3.2
      vertex -66.16875473409891 5.901482239365578 0
      vertex -65.71925624459982 7.829276114702225 3.2
    endloop
  endfacet
  facet normal 0.9569403353744692 -0.2902846784337721 0
    outer loop
      vertex -65.14463641494513 9.72354382276535 0
      vertex -65.14463641494513 9.72354382276535 3.2
      vertex -65.71925624459982 7.829276114702225 0
    endloop
  endfacet
  facet normal 0.9569403353744692 -0.2902846784337721 0
    outer loop
      vertex -65.71925624459982 7.829276114702225 3.2
      vertex -65.71925624459982 7.829276114702225 0
      vertex -65.14463641494513 9.72354382276535 3.2
    endloop
  endfacet
  facet normal 0.9359059272647338 -0.35225004657308273 0
    outer loop
      vertex -64.44735585898161 11.576173827052116 0
      vertex -64.44735585898161 11.576173827052116 3.2
      vertex -65.14463641494513 9.72354382276535 0
    endloop
  endfacet
  facet normal 0.9359059272647338 -0.35225004657308273 0
    outer loop
      vertex -65.14463641494513 9.72354382276535 3.2
      vertex -65.14463641494513 9.72354382276535 0
      vertex -64.44735585898161 11.576173827052116 3.2
    endloop
  endfacet
  facet normal 0.9108638252526225 -0.41270702907287604 0
    outer loop
      vertex -63.63040043413639 13.379232876002789 0
      vertex -63.63040043413639 13.379232876002789 3.2
      vertex -64.44735585898161 11.576173827052116 0
    endloop
  endfacet
  facet normal 0.9108638252526225 -0.41270702907287604 0
    outer loop
      vertex -64.44735585898161 11.576173827052116 3.2
      vertex -64.44735585898161 11.576173827052116 0
      vertex -63.63040043413639 13.379232876002789 3.2
    endloop
  endfacet
  facet normal 0.8819212639468211 -0.47139673757721456 0
    outer loop
      vertex -62.69726846367121 15.125 0
      vertex -62.69726846367121 15.125 3.2
      vertex -63.63040043413639 13.379232876002789 0
    endloop
  endfacet
  facet normal 0.8819212639468211 -0.47139673757721456 0
    outer loop
      vertex -63.63040043413639 13.379232876002789 3.2
      vertex -63.63040043413639 13.379232876002789 0
      vertex -62.69726846367121 15.125 3.2
    endloop
  endfacet
  facet normal 0.849202180649239 -0.5280678520612452 0
    outer loop
      vertex -61.651955768465996 16.80599954724312 0
      vertex -61.651955768465996 16.80599954724312 3.2
      vertex -62.69726846367121 15.125 0
    endloop
  endfacet
  facet normal 0.849202180649239 -0.5280678520612452 0
    outer loop
      vertex -62.69726846367121 15.125 3.2
      vertex -62.69726846367121 15.125 0
      vertex -61.651955768465996 16.80599954724312 3.2
    endloop
  endfacet
  facet normal 0.8128466863744819 -0.5824776943798148 0
    outer loop
      vertex -60.49893854558468 18.415033228695393 0
      vertex -60.49893854558468 18.415033228695393 3.2
      vertex -61.651955768465996 16.80599954724312 0
    endloop
  endfacet
  facet normal 0.8128466863744819 -0.5824776943798148 0
    outer loop
      vertex -61.651955768465996 16.80599954724312 3.2
      vertex -61.651955768465996 16.80599954724312 0
      vertex -60.49893854558468 18.415033228695393 3.2
    endloop
  endfacet
  facet normal 0.7730104519310338 -0.6343932859081808 0
    outer loop
      vertex -59.24315417557955 19.94521090388298 0
      vertex -59.24315417557955 19.94521090388298 3.2
      vertex -60.49893854558468 18.415033228695393 0
    endloop
  endfacet
  facet normal 0.7730104519310338 -0.6343932859081808 0
    outer loop
      vertex -60.49893854558468 18.415033228695393 3.2
      vertex -60.49893854558468 18.415033228695393 0
      vertex -59.24315417557955 19.94521090388298 3.2
    endloop
  endfacet
  facet normal 0.7298640730613679 -0.6835923016347318 0
    outer loop
      vertex -57.889980129897594 21.389980129897594 0
      vertex -57.889980129897594 21.389980129897594 3.2
      vertex -59.24315417557955 19.94521090388298 0
    endloop
  endfacet
  facet normal 0.7298640730613679 -0.6835923016347318 0
    outer loop
      vertex -59.24315417557955 19.94521090388298 3.2
      vertex -59.24315417557955 19.94521090388298 0
      vertex -57.889980129897594 21.389980129897594 3.2
    endloop
  endfacet
  facet normal 0.6835923016347318 -0.7298640730613679 0
    outer loop
      vertex -56.44521090388298 22.743154175579548 0
      vertex -56.44521090388298 22.743154175579548 3.2
      vertex -57.889980129897594 21.389980129897594 0
    endloop
  endfacet
  facet normal 0.6835923016347318 -0.7298640730613679 0
    outer loop
      vertex -57.889980129897594 21.389980129897594 3.2
      vertex -57.889980129897594 21.389980129897594 0
      vertex -56.44521090388298 22.743154175579548 3.2
    endloop
  endfacet
  facet normal 0.6343932859081808 -0.7730104519310338 0
    outer loop
      vertex -54.91503322869539 23.99893854558468 0
      vertex -54.91503322869539 23.99893854558468 3.2
      vertex -56.44521090388298 22.743154175579548 0
    endloop
  endfacet
  facet normal 0.6343932859081808 -0.7730104519310338 0
    outer loop
      vertex -56.44521090388298 22.743154175579548 3.2
      vertex -56.44521090388298 22.743154175579548 0
      vertex -54.91503322869539 23.99893854558468 3.2
    endloop
  endfacet
  facet normal 0.5824776943798148 -0.8128466863744819 0
    outer loop
      vertex -53.30599954724312 25.151955768465996 0
      vertex -53.30599954724312 25.151955768465996 3.2
      vertex -54.91503322869539 23.99893854558468 0
    endloop
  endfacet
  facet normal 0.5824776943798148 -0.8128466863744819 0
    outer loop
      vertex -54.91503322869539 23.99893854558468 3.2
      vertex -54.91503322869539 23.99893854558468 0
      vertex -53.30599954724312 25.151955768465996 3.2
    endloop
  endfacet
  facet normal 0.5280678520612452 -0.849202180649239 0
    outer loop
      vertex -51.625 26.197268463671207 0
      vertex -51.625 26.197268463671207 3.2
      vertex -53.30599954724312 25.151955768465996 0
    endloop
  endfacet
  facet normal 0.5280678520612452 -0.849202180649239 0
    outer loop
      vertex -53.30599954724312 25.151955768465996 3.2
      vertex -53.30599954724312 25.151955768465996 0
      vertex -51.625 26.197268463671207 3.2
    endloop
  endfacet
  facet normal 0.47139673757721456 -0.8819212639468211 0
    outer loop
      vertex -49.87923287600279 27.13040043413639 0
      vertex -49.87923287600279 27.13040043413639 3.2
      vertex -51.625 26.197268463671207 0
    endloop
  endfacet
  facet normal 0.47139673757721456 -0.8819212639468211 0
    outer loop
      vertex -51.625 26.197268463671207 3.2
      vertex -51.625 26.197268463671207 0
      vertex -49.87923287600279 27.13040043413639 3.2
    endloop
  endfacet
  facet normal 0.41270702907287604 -0.9108638252526225 0
    outer loop
      vertex -48.076173827052116 27.94735585898161 0
      vertex -48.076173827052116 27.94735585898161 3.2
      vertex -49.87923287600279 27.13040043413639 0
    endloop
  endfacet
  facet normal 0.41270702907287604 -0.9108638252526225 0
    outer loop
      vertex -49.87923287600279 27.13040043413639 3.2
      vertex -49.87923287600279 27.13040043413639 0
      vertex -48.076173827052116 27.94735585898161 3.2
    endloop
  endfacet
  facet normal 0.35225004657308273 -0.9359059272647338 0
    outer loop
      vertex -46.22354382276535 28.644636414945126 0
      vertex -46.22354382276535 28.644636414945126 3.2
      vertex -48.076173827052116 27.94735585898161 0
    endloop
  endfacet
  facet normal 0.35225004657308273 -0.9359059272647338 0
    outer loop
      vertex -48.076173827052116 27.94735585898161 3.2
      vertex -48.076173827052116 27.94735585898161 0
      vertex -46.22354382276535 28.644636414945126 3.2
    endloop
  endfacet
  facet normal 0.2902846784337721 -0.9569403353744692 0
    outer loop
      vertex -44.329276114702225 29.21925624459982 0
      vertex -44.329276114702225 29.21925624459982 3.2
      vertex -46.22354382276535 28.644636414945126 0
    endloop
  endfacet
  facet normal 0.2902846784337721 -0.9569403353744692 0
    outer loop
      vertex -46.22354382276535 28.644636414945126 3.2
      vertex -46.22354382276535 28.644636414945126 0
      vertex -44.329276114702225 29.21925624459982 3.2
    endloop
  endfacet
  facet normal 0.2270762640336351 -0.9738769790443383 0
    outer loop
      vertex -42.40148223936558 29.66875473409891 0
      vertex -42.40148223936558 29.66875473409891 3.2
      vertex -44.329276114702225 29.21925624459982 0
    endloop
  endfacet
  facet normal 0.2270762640336351 -0.9738769790443383 0
    outer loop
      vertex -44.329276114702225 29.21925624459982 3.2
      vertex -44.329276114702225 29.21925624459982 0
      vertex -42.40148223936558 29.66875473409891 3.2
    endloop
  endfacet
  facet normal 0.16289547209062125 -0.9866433323001649 0
    outer loop
      vertex -40.44841731339693 29.99120705574751 0
      vertex -40.44841731339693 29.99120705574751 3.2
      vertex -42.40148223936558 29.66875473409891 0
    endloop
  endfacet
  facet normal 0.16289547209062125 -0.9866433323001649 0
    outer loop
      vertex -42.40148223936558 29.66875473409891 3.2
      vertex -42.40148223936558 29.66875473409891 0
      vertex -40.44841731339693 29.99120705574751 3.2
    endloop
  endfacet
  facet normal 0.09801714211338662 -0.9951847264965054 0
    outer loop
      vertex -38.478444658219814 30.185232430696487 0
      vertex -38.478444658219814 30.185232430696487 3.2
      vertex -40.44841731339693 29.99120705574751 0
    endloop
  endfacet
  facet normal 0.09801714211338662 -0.9951847264965054 0
    outer loop
      vertex -40.44841731339693 29.99120705574751 3.2
      vertex -40.44841731339693 29.99120705574751 0
      vertex -38.478444658219814 30.185232430696487 3.2
    endloop
  endfacet
  facet normal 0.0327190814611479 -0.999464587520908 0
    outer loop
      vertex -36.5 30.25 0
      vertex -36.5 30.25 3.2
      vertex -38.478444658219814 30.185232430696487 0
    endloop
  endfacet
  facet normal 0.0327190814611479 -0.999464587520908 0
    outer loop
      vertex -38.478444658219814 30.185232430696487 3.2
      vertex -38.478444658219814 30.185232430696487 0
      vertex -36.5 30.25 3.2
    endloop
  endfacet
  facet normal -0.0327190814611479 -0.999464587520908 0
    outer loop
      vertex -34.521555341780186 30.185232430696487 0
      vertex -34.521555341780186 30.185232430696487 3.2
      vertex -36.5 30.25 0
    endloop
  endfacet
  facet normal -0.0327190814611479 -0.999464587520908 0
    outer loop
      vertex -36.5 30.25 3.2
      vertex -36.5 30.25 0
      vertex -34.521555341780186 30.185232430696487 3.2
    endloop
  endfacet
  facet normal -0.09801714211338662 -0.9951847264965054 0
    outer loop
      vertex -32.55158268660307 29.99120705574751 0
      vertex -32.55158268660307 29.99120705574751 3.2
      vertex -34.521555341780186 30.185232430696487 0
    endloop
  endfacet
  facet normal -0.09801714211338662 -0.9951847264965054 0
    outer loop
      vertex -34.521555341780186 30.185232430696487 3.2
      vertex -34.521555341780186 30.185232430696487 0
      vertex -32.55158268660307 29.99120705574751 3.2
    endloop
  endfacet
  facet normal -0.16289547209062125 -0.9866433323001649 0
    outer loop
      vertex -30.598517760634422 29.66875473409891 0
      vertex -30.598517760634422 29.66875473409891 3.2
      vertex -32.55158268660307 29.99120705574751 0
    endloop
  endfacet
  facet normal -0.16289547209062125 -0.9866433323001649 0
    outer loop
      vertex -32.55158268660307 29.99120705574751 3.2
      vertex -32.55158268660307 29.99120705574751 0
      vertex -30.598517760634422 29.66875473409891 3.2
    endloop
  endfacet
  facet normal -0.2270762640336351 -0.9738769790443383 0
    outer loop
      vertex -28.670723885297775 29.21925624459982 0
      vertex -28.670723885297775 29.21925624459982 3.2
      vertex -30.598517760634422 29.66875473409891 0
    endloop
  endfacet
  facet normal -0.2270762640336351 -0.9738769790443383 0
    outer loop
      vertex -30.598517760634422 29.66875473409891 3.2
      vertex -30.598517760634422 29.66875473409891 0
      vertex -28.670723885297775 29.21925624459982 3.2
    endloop
  endfacet
  facet normal -0.2902846784337721 -0.9569403353744692 0
    outer loop
      vertex -26.77645617723465 28.644636414945126 0
      vertex -26.77645617723465 28.644636414945126 3.2
      vertex -28.670723885297775 29.21925624459982 0
    endloop
  endfacet
  facet normal -0.2902846784337721 -0.9569403353744692 0
    outer loop
      vertex -28.670723885297775 29.21925624459982 3.2
      vertex -28.670723885297775 29.21925624459982 0
      vertex -26.77645617723465 28.644636414945126 3.2
    endloop
  endfacet
  facet normal -0.35225004657308273 -0.9359059272647338 0
    outer loop
      vertex -24.923826172947884 27.94735585898161 0
      vertex -24.923826172947884 27.94735585898161 3.2
      vertex -26.77645617723465 28.644636414945126 0
    endloop
  endfacet
  facet normal -0.35225004657308273 -0.9359059272647338 0
    outer loop
      vertex -26.77645617723465 28.644636414945126 3.2
      vertex -26.77645617723465 28.644636414945126 0
      vertex -24.923826172947884 27.94735585898161 3.2
    endloop
  endfacet
  facet normal -0.41270702907287604 -0.9108638252526225 0
    outer loop
      vertex -23.12076712399721 27.13040043413639 0
      vertex -23.12076712399721 27.13040043413639 3.2
      vertex -24.923826172947884 27.94735585898161 0
    endloop
  endfacet
  facet normal -0.41270702907287604 -0.9108638252526225 0
    outer loop
      vertex -24.923826172947884 27.94735585898161 3.2
      vertex -24.923826172947884 27.94735585898161 0
      vertex -23.12076712399721 27.13040043413639 3.2
    endloop
  endfacet
  facet normal -0.47139673757721456 -0.8819212639468211 0
    outer loop
      vertex -21.375 26.197268463671207 0
      vertex -21.375 26.197268463671207 3.2
      vertex -23.12076712399721 27.13040043413639 0
    endloop
  endfacet
  facet normal -0.47139673757721456 -0.8819212639468211 0
    outer loop
      vertex -23.12076712399721 27.13040043413639 3.2
      vertex -23.12076712399721 27.13040043413639 0
      vertex -21.375 26.197268463671207 3.2
    endloop
  endfacet
  facet normal -0.5280678520612452 -0.849202180649239 0
    outer loop
      vertex -19.69400045275688 25.151955768465996 0
      vertex -19.69400045275688 25.151955768465996 3.2
      vertex -21.375 26.197268463671207 0
    endloop
  endfacet
  facet normal -0.5280678520612452 -0.849202180649239 0
    outer loop
      vertex -21.375 26.197268463671207 3.2
      vertex -21.375 26.197268463671207 0
      vertex -19.69400045275688 25.151955768465996 3.2
    endloop
  endfacet
  facet normal -0.5824776943798148 -0.8128466863744819 0
    outer loop
      vertex -18.084966771304607 23.99893854558468 0
      vertex -18.084966771304607 23.99893854558468 3.2
      vertex -19.69400045275688 25.151955768465996 0
    endloop
  endfacet
  facet normal -0.5824776943798148 -0.8128466863744819 0
    outer loop
      vertex -19.69400045275688 25.151955768465996 3.2
      vertex -19.69400045275688 25.151955768465996 0
      vertex -18.084966771304607 23.99893854558468 3.2
    endloop
  endfacet
  facet normal -0.6343932859081808 -0.7730104519310338 0
    outer loop
      vertex -16.55478909611702 22.743154175579548 0
      vertex -16.55478909611702 22.743154175579548 3.2
      vertex -18.084966771304607 23.99893854558468 0
    endloop
  endfacet
  facet normal -0.6343932859081808 -0.7730104519310338 0
    outer loop
      vertex -18.084966771304607 23.99893854558468 3.2
      vertex -18.084966771304607 23.99893854558468 0
      vertex -16.55478909611702 22.743154175579548 3.2
    endloop
  endfacet
  facet normal -0.6835923016347318 -0.7298640730613679 0
    outer loop
      vertex -15.110019870102406 21.389980129897594 0
      vertex -15.110019870102406 21.389980129897594 3.2
      vertex -16.55478909611702 22.743154175579548 0
    endloop
  endfacet
  facet normal -0.6835923016347318 -0.7298640730613679 0
    outer loop
      vertex -16.55478909611702 22.743154175579548 3.2
      vertex -16.55478909611702 22.743154175579548 0
      vertex -15.110019870102406 21.389980129897594 3.2
    endloop
  endfacet
  facet normal -0.7298640730613679 -0.6835923016347318 0
    outer loop
      vertex -13.756845824420452 19.94521090388298 0
      vertex -13.756845824420452 19.94521090388298 3.2
      vertex -15.110019870102406 21.389980129897594 0
    endloop
  endfacet
  facet normal -0.7298640730613679 -0.6835923016347318 0
    outer loop
      vertex -15.110019870102406 21.389980129897594 3.2
      vertex -15.110019870102406 21.389980129897594 0
      vertex -13.756845824420452 19.94521090388298 3.2
    endloop
  endfacet
  facet normal -0.7730104519310338 -0.6343932859081808 0
    outer loop
      vertex -12.501061454415321 18.415033228695393 0
      vertex -12.501061454415321 18.415033228695393 3.2
      vertex -13.756845824420452 19.94521090388298 0
    endloop
  endfacet
  facet normal -0.7730104519310338 -0.6343932859081808 0
    outer loop
      vertex -13.756845824420452 19.94521090388298 3.2
      vertex -13.756845824420452 19.94521090388298 0
      vertex -12.501061454415321 18.415033228695393 3.2
    endloop
  endfacet
  facet normal -0.8128466863744819 -0.5824776943798148 0
    outer loop
      vertex -11.348044231534004 16.80599954724312 0
      vertex -11.348044231534004 16.80599954724312 3.2
      vertex -12.501061454415321 18.415033228695393 0
    endloop
  endfacet
  facet normal -0.8128466863744819 -0.5824776943798148 0
    outer loop
      vertex -12.501061454415321 18.415033228695393 3.2
      vertex -12.501061454415321 18.415033228695393 0
      vertex -11.348044231534004 16.80599954724312 3.2
    endloop
  endfacet
  facet normal -0.849202180649239 -0.5280678520612452 0
    outer loop
      vertex -10.302731536328793 15.125 0
      vertex -10.302731536328793 15.125 3.2
      vertex -11.348044231534004 16.80599954724312 0
    endloop
  endfacet
  facet normal -0.849202180649239 -0.5280678520612452 0
    outer loop
      vertex -11.348044231534004 16.80599954724312 3.2
      vertex -11.348044231534004 16.80599954724312 0
      vertex -10.302731536328793 15.125 3.2
    endloop
  endfacet
  facet normal -0.8819212639468211 -0.47139673757721456 0
    outer loop
      vertex -9.36959956586361 13.379232876002789 0
      vertex -9.36959956586361 13.379232876002789 3.2
      vertex -10.302731536328793 15.125 0
    endloop
  endfacet
  facet normal -0.8819212639468211 -0.47139673757721456 0
    outer loop
      vertex -10.302731536328793 15.125 3.2
      vertex -10.302731536328793 15.125 0
      vertex -9.36959956586361 13.379232876002789 3.2
    endloop
  endfacet
  facet normal -0.9108638252526225 -0.41270702907287604 0
    outer loop
      vertex -8.55264414101839 11.576173827052116 0
      vertex -8.55264414101839 11.576173827052116 3.2
      vertex -9.36959956586361 13.379232876002789 0
    endloop
  endfacet
  facet normal -0.9108638252526225 -0.41270702907287604 0
    outer loop
      vertex -9.36959956586361 13.379232876002789 3.2
      vertex -9.36959956586361 13.379232876002789 0
      vertex -8.55264414101839 11.576173827052116 3.2
    endloop
  endfacet
  facet normal -0.9359059272647338 -0.35225004657308273 0
    outer loop
      vertex -7.855363585054874 9.72354382276535 0
      vertex -7.855363585054874 9.72354382276535 3.2
      vertex -8.55264414101839 11.576173827052116 0
    endloop
  endfacet
  facet normal -0.9359059272647338 -0.35225004657308273 0
    outer loop
      vertex -8.55264414101839 11.576173827052116 3.2
      vertex -8.55264414101839 11.576173827052116 0
      vertex -7.855363585054874 9.72354382276535 3.2
    endloop
  endfacet
  facet normal -0.9569403353744692 -0.2902846784337721 0
    outer loop
      vertex -7.280743755400181 7.829276114702225 0
      vertex -7.280743755400181 7.829276114702225 3.2
      vertex -7.855363585054874 9.72354382276535 0
    endloop
  endfacet
  facet normal -0.9569403353744692 -0.2902846784337721 0
    outer loop
      vertex -7.855363585054874 9.72354382276535 3.2
      vertex -7.855363585054874 9.72354382276535 0
      vertex -7.280743755400181 7.829276114702225 3.2
    endloop
  endfacet
  facet normal -0.9738769790443383 -0.2270762640336351 0
    outer loop
      vertex -6.831245265901089 5.901482239365578 0
      vertex -6.831245265901089 5.901482239365578 3.2
      vertex -7.280743755400181 7.829276114702225 0
    endloop
  endfacet
  facet normal -0.9738769790443383 -0.2270762640336351 0
    outer loop
      vertex -7.280743755400181 7.829276114702225 3.2
      vertex -7.280743755400181 7.829276114702225 0
      vertex -6.831245265901089 5.901482239365578 3.2
    endloop
  endfacet
  facet normal -0.9866433323001649 -0.16289547209062125 0
    outer loop
      vertex -6.508792944252491 3.9484173133969307 0
      vertex -6.508792944252491 3.9484173133969307 3.2
      vertex -6.831245265901089 5.901482239365578 0
    endloop
  endfacet
  facet normal -0.9866433323001649 -0.16289547209062125 0
    outer loop
      vertex -6.831245265901089 5.901482239365578 3.2
      vertex -6.831245265901089 5.901482239365578 0
      vertex -6.508792944252491 3.9484173133969307 3.2
    endloop
  endfacet
  facet normal -0.9951847264965054 -0.09801714211338662 0
    outer loop
      vertex -6.314767569303513 1.9784446582198143 0
      vertex -6.314767569303513 1.9784446582198143 3.2
      vertex -6.508792944252491 3.9484173133969307 0
    endloop
  endfacet
  facet normal -0.9951847264965054 -0.09801714211338662 0
    outer loop
      vertex -6.508792944252491 3.9484173133969307 3.2
      vertex -6.508792944252491 3.9484173133969307 0
      vertex -6.314767569303513 1.9784446582198143 3.2
    endloop
  endfacet
  facet normal -0.999464587520908 -0.0327190814611479 0
    outer loop
      vertex -6.25 0 0
      vertex -6.25 0 3.2
      vertex -6.314767569303513 1.9784446582198143 0
    endloop
  endfacet
  facet normal -0.999464587520908 -0.0327190814611479 0
    outer loop
      vertex -6.314767569303513 1.9784446582198143 3.2
      vertex -6.314767569303513 1.9784446582198143 0
      vertex -6.25 0 3.2
    endloop
  endfacet
  facet normal -0.999464587520908 0.0327190814611479 0
    outer loop
      vertex -6.314767569303513 -1.9784446582198143 0
      vertex -6.314767569303513 -1.9784446582198143 3.2
      vertex -6.25 0 0
    endloop
  endfacet
  facet normal -0.999464587520908 0.0327190814611479 0
    outer loop
      vertex -6.25 0 3.2
      vertex -6.25 0 0
      vertex -6.314767569303513 -1.9784446582198143 3.2
    endloop
  endfacet
  facet normal -0.9951847264965054 0.09801714211338662 0
    outer loop
      vertex -6.508792944252491 -3.9484173133969307 0
      vertex -6.508792944252491 -3.9484173133969307 3.2
      vertex -6.314767569303513 -1.9784446582198143 0
    endloop
  endfacet
  facet normal -0.9951847264965054 0.09801714211338662 0
    outer loop
      vertex -6.314767569303513 -1.9784446582198143 3.2
      vertex -6.314767569303513 -1.9784446582198143 0
      vertex -6.508792944252491 -3.9484173133969307 3.2
    endloop
  endfacet
  facet normal -0.9866433323001649 0.16289547209062125 0
    outer loop
      vertex -6.831245265901089 -5.901482239365578 0
      vertex -6.831245265901089 -5.901482239365578 3.2
      vertex -6.508792944252491 -3.9484173133969307 0
    endloop
  endfacet
  facet normal -0.9866433323001649 0.16289547209062125 0
    outer loop
      vertex -6.508792944252491 -3.9484173133969307 3.2
      vertex -6.508792944252491 -3.9484173133969307 0
      vertex -6.831245265901089 -5.901482239365578 3.2
    endloop
  endfacet
  facet normal -0.9738769790443383 0.2270762640336351 0
    outer loop
      vertex -7.280743755400181 -7.829276114702225 0
      vertex -7.280743755400181 -7.829276114702225 3.2
      vertex -6.831245265901089 -5.901482239365578 0
    endloop
  endfacet
  facet normal -0.9738769790443383 0.2270762640336351 0
    outer loop
      vertex -6.831245265901089 -5.901482239365578 3.2
      vertex -6.831245265901089 -5.901482239365578 0
      vertex -7.280743755400181 -7.829276114702225 3.2
    endloop
  endfacet
  facet normal -0.9569403353744692 0.2902846784337721 0
    outer loop
      vertex -7.855363585054874 -9.72354382276535 0
      vertex -7.855363585054874 -9.72354382276535 3.2
      vertex -7.280743755400181 -7.829276114702225 0
    endloop
  endfacet
  facet normal -0.9569403353744692 0.2902846784337721 0
    outer loop
      vertex -7.280743755400181 -7.829276114702225 3.2
      vertex -7.280743755400181 -7.829276114702225 0
      vertex -7.855363585054874 -9.72354382276535 3.2
    endloop
  endfacet
  facet normal -0.9359059272647338 0.35225004657308273 0
    outer loop
      vertex -8.55264414101839 -11.576173827052116 0
      vertex -8.55264414101839 -11.576173827052116 3.2
      vertex -7.855363585054874 -9.72354382276535 0
    endloop
  endfacet
  facet normal -0.9359059272647338 0.35225004657308273 0
    outer loop
      vertex -7.855363585054874 -9.72354382276535 3.2
      vertex -7.855363585054874 -9.72354382276535 0
      vertex -8.55264414101839 -11.576173827052116 3.2
    endloop
  endfacet
  facet normal -0.9108638252526225 0.41270702907287604 0
    outer loop
      vertex -9.36959956586361 -13.379232876002789 0
      vertex -9.36959956586361 -13.379232876002789 3.2
      vertex -8.55264414101839 -11.576173827052116 0
    endloop
  endfacet
  facet normal -0.9108638252526225 0.41270702907287604 0
    outer loop
      vertex -8.55264414101839 -11.576173827052116 3.2
      vertex -8.55264414101839 -11.576173827052116 0
      vertex -9.36959956586361 -13.379232876002789 3.2
    endloop
  endfacet
  facet normal -0.8819212639468211 0.47139673757721456 0
    outer loop
      vertex -10.302731536328793 -15.125 0
      vertex -10.302731536328793 -15.125 3.2
      vertex -9.36959956586361 -13.379232876002789 0
    endloop
  endfacet
  facet normal -0.8819212639468211 0.47139673757721456 0
    outer loop
      vertex -9.36959956586361 -13.379232876002789 3.2
      vertex -9.36959956586361 -13.379232876002789 0
      vertex -10.302731536328793 -15.125 3.2
    endloop
  endfacet
  facet normal -0.849202180649239 0.5280678520612452 0
    outer loop
      vertex -11.348044231534004 -16.80599954724312 0
      vertex -11.348044231534004 -16.80599954724312 3.2
      vertex -10.302731536328793 -15.125 0
    endloop
  endfacet
  facet normal -0.849202180649239 0.5280678520612452 0
    outer loop
      vertex -10.302731536328793 -15.125 3.2
      vertex -10.302731536328793 -15.125 0
      vertex -11.348044231534004 -16.80599954724312 3.2
    endloop
  endfacet
  facet normal -0.8128466863744819 0.5824776943798148 0
    outer loop
      vertex -12.501061454415321 -18.415033228695393 0
      vertex -12.501061454415321 -18.415033228695393 3.2
      vertex -11.348044231534004 -16.80599954724312 0
    endloop
  endfacet
  facet normal -0.8128466863744819 0.5824776943798148 0
    outer loop
      vertex -11.348044231534004 -16.80599954724312 3.2
      vertex -11.348044231534004 -16.80599954724312 0
      vertex -12.501061454415321 -18.415033228695393 3.2
    endloop
  endfacet
  facet normal -0.7730104519310338 0.6343932859081808 0
    outer loop
      vertex -13.756845824420452 -19.94521090388298 0
      vertex -13.756845824420452 -19.94521090388298 3.2
      vertex -12.501061454415321 -18.415033228695393 0
    endloop
  endfacet
  facet normal -0.7730104519310338 0.6343932859081808 0
    outer loop
      vertex -12.501061454415321 -18.415033228695393 3.2
      vertex -12.501061454415321 -18.415033228695393 0
      vertex -13.756845824420452 -19.94521090388298 3.2
    endloop
  endfacet
  facet normal -0.7298640730613679 0.6835923016347318 0
    outer loop
      vertex -15.110019870102406 -21.389980129897594 0
      vertex -15.110019870102406 -21.389980129897594 3.2
      vertex -13.756845824420452 -19.94521090388298 0
    endloop
  endfacet
  facet normal -0.7298640730613679 0.6835923016347318 0
    outer loop
      vertex -13.756845824420452 -19.94521090388298 3.2
      vertex -13.756845824420452 -19.94521090388298 0
      vertex -15.110019870102406 -21.389980129897594 3.2
    endloop
  endfacet
  facet normal -0.6835923016347318 0.7298640730613679 0
    outer loop
      vertex -16.55478909611702 -22.743154175579548 0
      vertex -16.55478909611702 -22.743154175579548 3.2
      vertex -15.110019870102406 -21.389980129897594 0
    endloop
  endfacet
  facet normal -0.6835923016347318 0.7298640730613679 0
    outer loop
      vertex -15.110019870102406 -21.389980129897594 3.2
      vertex -15.110019870102406 -21.389980129897594 0
      vertex -16.55478909611702 -22.743154175579548 3.2
    endloop
  endfacet
  facet normal -0.6343932859081808 0.7730104519310338 0
    outer loop
      vertex -18.084966771304607 -23.99893854558468 0
      vertex -18.084966771304607 -23.99893854558468 3.2
      vertex -16.55478909611702 -22.743154175579548 0
    endloop
  endfacet
  facet normal -0.6343932859081808 0.7730104519310338 0
    outer loop
      vertex -16.55478909611702 -22.743154175579548 3.2
      vertex -16.55478909611702 -22.743154175579548 0
      vertex -18.084966771304607 -23.99893854558468 3.2
    endloop
  endfacet
  facet normal -0.5824776943798148 0.8128466863744819 0
    outer loop
      vertex -19.69400045275688 -25.151955768465996 0
      vertex -19.69400045275688 -25.151955768465996 3.2
      vertex -18.084966771304607 -23.99893854558468 0
    endloop
  endfacet
  facet normal -0.5824776943798148 0.8128466863744819 0
    outer loop
      vertex -18.084966771304607 -23.99893854558468 3.2
      vertex -18.084966771304607 -23.99893854558468 0
      vertex -19.69400045275688 -25.151955768465996 3.2
    endloop
  endfacet
  facet normal -0.5280678520612452 0.849202180649239 0
    outer loop
      vertex -21.375 -26.197268463671207 0
      vertex -21.375 -26.197268463671207 3.2
      vertex -19.69400045275688 -25.151955768465996 0
    endloop
  endfacet
  facet normal -0.5280678520612452 0.849202180649239 0
    outer loop
      vertex -19.69400045275688 -25.151955768465996 3.2
      vertex -19.69400045275688 -25.151955768465996 0
      vertex -21.375 -26.197268463671207 3.2
    endloop
  endfacet
  facet normal -0.47139673757721456 0.8819212639468211 0
    outer loop
      vertex -23.12076712399721 -27.13040043413639 0
      vertex -23.12076712399721 -27.13040043413639 3.2
      vertex -21.375 -26.197268463671207 0
    endloop
  endfacet
  facet normal -0.47139673757721456 0.8819212639468211 0
    outer loop
      vertex -21.375 -26.197268463671207 3.2
      vertex -21.375 -26.197268463671207 0
      vertex -23.12076712399721 -27.13040043413639 3.2
    endloop
  endfacet
  facet normal -0.41270702907287604 0.9108638252526225 0
    outer loop
      vertex -24.923826172947884 -27.94735585898161 0
      vertex -24.923826172947884 -27.94735585898161 3.2
      vertex -23.12076712399721 -27.13040043413639 0
    endloop
  endfacet
  facet normal -0.41270702907287604 0.9108638252526225 0
    outer loop
      vertex -23.12076712399721 -27.13040043413639 3.2
      vertex -23.12076712399721 -27.13040043413639 0
      vertex -24.923826172947884 -27.94735585898161 3.2
    endloop
  endfacet
  facet normal -0.35225004657308273 0.9359059272647338 0
    outer loop
      vertex -26.77645617723465 -28.644636414945126 0
      vertex -26.77645617723465 -28.644636414945126 3.2
      vertex -24.923826172947884 -27.94735585898161 0
    endloop
  endfacet
  facet normal -0.35225004657308273 0.9359059272647338 0
    outer loop
      vertex -24.923826172947884 -27.94735585898161 3.2
      vertex -24.923826172947884 -27.94735585898161 0
      vertex -26.77645617723465 -28.644636414945126 3.2
    endloop
  endfacet
  facet normal -0.2902846784337721 0.9569403353744692 0
    outer loop
      vertex -28.670723885297775 -29.21925624459982 0
      vertex -28.670723885297775 -29.21925624459982 3.2
      vertex -26.77645617723465 -28.644636414945126 0
    endloop
  endfacet
  facet normal -0.2902846784337721 0.9569403353744692 0
    outer loop
      vertex -26.77645617723465 -28.644636414945126 3.2
      vertex -26.77645617723465 -28.644636414945126 0
      vertex -28.670723885297775 -29.21925624459982 3.2
    endloop
  endfacet
  facet normal -0.2270762640336351 0.9738769790443383 0
    outer loop
      vertex -30.598517760634422 -29.66875473409891 0
      vertex -30.598517760634422 -29.66875473409891 3.2
      vertex -28.670723885297775 -29.21925624459982 0
    endloop
  endfacet
  facet normal -0.2270762640336351 0.9738769790443383 0
    outer loop
      vertex -28.670723885297775 -29.21925624459982 3.2
      vertex -28.670723885297775 -29.21925624459982 0
      vertex -30.598517760634422 -29.66875473409891 3.2
    endloop
  endfacet
  facet normal -0.16289547209062125 0.9866433323001649 0
    outer loop
      vertex -32.55158268660307 -29.99120705574751 0
      vertex -32.55158268660307 -29.99120705574751 3.2
      vertex -30.598517760634422 -29.66875473409891 0
    endloop
  endfacet
  facet normal -0.16289547209062125 0.9866433323001649 0
    outer loop
      vertex -30.598517760634422 -29.66875473409891 3.2
      vertex -30.598517760634422 -29.66875473409891 0
      vertex -32.55158268660307 -29.99120705574751 3.2
    endloop
  endfacet
  facet normal -0.0980171253920125 0.9951847281434169 0
    outer loop
      vertex -32.71321398019791 -30.007126346230507 0
      vertex -32.71321398019791 -30.007126346230507 3.2
      vertex -32.55158268660307 -29.99120705574751 0
    endloop
  endfacet
  facet normal -0.0980171253920125 0.9951847281434169 0
    outer loop
      vertex -32.55158268660307 -29.99120705574751 3.2
      vertex -32.55158268660307 -29.99120705574751 0
      vertex -32.71321398019791 -30.007126346230507 3.2
    endloop
  endfacet
  facet normal -0.9108638589546991 -0.4127069546908 0
    outer loop
      vertex -32.667465031147 -30.108096450567245 0
      vertex -32.667465031147 -30.108096450567245 3.2
      vertex -32.71321398019791 -30.007126346230507 0
    endloop
  endfacet
  facet normal -0.9108638589546991 -0.4127069546908 0
    outer loop
      vertex -32.71321398019791 -30.007126346230507 3.2
      vertex -32.71321398019791 -30.007126346230507 0
      vertex -32.667465031147 -30.108096450567245 3.2
    endloop
  endfacet
  facet normal -0.9359059348001256 -0.35225002655202603 0
    outer loop
      vertex -32.61675371974707 -30.24283318221569 0
      vertex -32.61675371974707 -30.24283318221569 3.2
      vertex -32.667465031147 -30.108096450567245 0
    endloop
  endfacet
  facet normal -0.9359059348001256 -0.35225002655202603 0
    outer loop
      vertex -32.667465031147 -30.108096450567245 3.2
      vertex -32.667465031147 -30.108096450567245 0
      vertex -32.61675371974707 -30.24283318221569 3.2
    endloop
  endfacet
  facet normal -0.9569403261936907 -0.2902847086987408 0
    outer loop
      vertex -32.57496318221092 -30.380598105490208 0
      vertex -32.57496318221092 -30.380598105490208 3.2
      vertex -32.61675371974707 -30.24283318221569 0
    endloop
  endfacet
  facet normal -0.9569403261936907 -0.2902847086987408 0
    outer loop
      vertex -32.61675371974707 -30.24283318221569 3.2
      vertex -32.61675371974707 -30.24283318221569 0
      vertex -32.57496318221092 -30.380598105490208 3.2
    endloop
  endfacet
  facet normal -0.9738769862109585 -0.22707623329767604 0
    outer loop
      vertex -32.54227238893509 -30.520801290869713 0
      vertex -32.54227238893509 -30.520801290869713 3.2
      vertex -32.57496318221092 -30.380598105490208 0
    endloop
  endfacet
  facet normal -0.9738769862109585 -0.22707623329767604 0
    outer loop
      vertex -32.57496318221092 -30.380598105490208 3.2
      vertex -32.57496318221092 -30.380598105490208 0
      vertex -32.54227238893509 -30.520801290869713 3.2
    endloop
  endfacet
  facet normal -0.9866433276091399 -0.16289550050373786 0
    outer loop
      vertex -32.51882130652666 -30.662842378020287 0
      vertex -32.51882130652666 -30.662842378020287 3.2
      vertex -32.54227238893509 -30.520801290869713 0
    endloop
  endfacet
  facet normal -0.9866433276091399 -0.16289550050373786 0
    outer loop
      vertex -32.54227238893509 -30.520801290869713 3.2
      vertex -32.54227238893509 -30.520801290869713 0
      vertex -32.51882130652666 -30.662842378020287 3.2
    endloop
  endfacet
  facet normal -0.9951847255695989 -0.09801715152442479 0
    outer loop
      vertex -32.504710368812084 -30.806113116443157 0
      vertex -32.504710368812084 -30.806113116443157 3.2
      vertex -32.51882130652666 -30.662842378020287 0
    endloop
  endfacet
  facet normal -0.9951847255695989 -0.09801715152442479 0
    outer loop
      vertex -32.51882130652666 -30.662842378020287 3.2
      vertex -32.51882130652666 -30.662842378020287 0
      vertex -32.504710368812084 -30.806113116443157 3.2
    endloop
  endfacet
  facet normal -0.9994645875072617 -0.032719081877998255 0
    outer loop
      vertex -32.5 -30.950000002980232 0
      vertex -32.5 -30.950000002980232 3.2
      vertex -32.504710368812084 -30.806113116443157 0
    endloop
  endfacet
  facet normal -0.9994645875072617 -0.032719081877998255 0
    outer loop
      vertex -32.504710368812084 -30.806113116443157 3.2
      vertex -32.504710368812084 -30.806113116443157 0
      vertex -32.5 -30.950000002980232 3.2
    endloop
  endfacet
  facet normal -1 0 0
    outer loop
      vertex -32.5 -36.54999999701977 0
      vertex -32.5 -36.54999999701977 3.2
      vertex -32.5 -30.950000002980232 0
    endloop
  endfacet
  facet normal -1 0 0
    outer loop
      vertex -32.5 -30.950000002980232 3.2
      vertex -32.5 -30.950000002980232 0
      vertex -32.5 -36.54999999701977 3.2
    endloop
  endfacet
  facet normal -0.9994645875072617 0.032719081877998255 0
    outer loop
      vertex -32.504710368812084 -36.69388688355684 0
      vertex -32.504710368812084 -36.69388688355684 3.2
      vertex -32.5 -36.54999999701977 0
    endloop
  endfacet
  facet normal -0.9994645875072617 0.032719081877998255 0
    outer loop
      vertex -32.5 -36.54999999701977 3.2
      vertex -32.5 -36.54999999701977 0
      vertex -32.504710368812084 -36.69388688355684 3.2
    endloop
  endfacet
  facet normal -0.9951847255695989 0.09801715152442479 0
    outer loop
      vertex -32.51882130652666 -36.83715762197971 0
      vertex -32.51882130652666 -36.83715762197971 3.2
      vertex -32.504710368812084 -36.69388688355684 0
    endloop
  endfacet
  facet normal -0.9951847255695989 0.09801715152442479 0
    outer loop
      vertex -32.504710368812084 -36.69388688355684 3.2
      vertex -32.504710368812084 -36.69388688355684 0
      vertex -32.51882130652666 -36.83715762197971 3.2
    endloop
  endfacet
  facet normal -0.9866433276091399 0.16289550050373786 0
    outer loop
      vertex -32.54227238893509 -36.97919870913029 0
      vertex -32.54227238893509 -36.97919870913029 3.2
      vertex -32.51882130652666 -36.83715762197971 0
    endloop
  endfacet
  facet normal -0.9866433276091399 0.16289550050373786 0
    outer loop
      vertex -32.51882130652666 -36.83715762197971 3.2
      vertex -32.51882130652666 -36.83715762197971 0
      vertex -32.54227238893509 -36.97919870913029 3.2
    endloop
  endfacet
  facet normal -0.9738769862109585 0.22707623329767604 0
    outer loop
      vertex -32.57496318221092 -37.11940189450979 0
      vertex -32.57496318221092 -37.11940189450979 3.2
      vertex -32.54227238893509 -36.97919870913029 0
    endloop
  endfacet
  facet normal -0.9738769862109585 0.22707623329767604 0
    outer loop
      vertex -32.54227238893509 -36.97919870913029 3.2
      vertex -32.54227238893509 -36.97919870913029 0
      vertex -32.57496318221092 -37.11940189450979 3.2
    endloop
  endfacet
  facet normal -0.9569403261936907 0.2902847086987408 0
    outer loop
      vertex -32.61675371974707 -37.25716681778431 0
      vertex -32.61675371974707 -37.25716681778431 3.2
      vertex -32.57496318221092 -37.11940189450979 0
    endloop
  endfacet
  facet normal -0.9569403261936907 0.2902847086987408 0
    outer loop
      vertex -32.57496318221092 -37.11940189450979 3.2
      vertex -32.57496318221092 -37.11940189450979 0
      vertex -32.61675371974707 -37.25716681778431 3.2
    endloop
  endfacet
  facet normal -0.9359059348001256 0.35225002655202603 0
    outer loop
      vertex -32.667465031147 -37.391903549432755 0
      vertex -32.667465031147 -37.391903549432755 3.2
      vertex -32.61675371974707 -37.25716681778431 0
    endloop
  endfacet
  facet normal -0.9359059348001256 0.35225002655202603 0
    outer loop
      vertex -32.61675371974707 -37.25716681778431 3.2
      vertex -32.61675371974707 -37.25716681778431 0
      vertex -32.667465031147 -37.391903549432755 3.2
    endloop
  endfacet
  facet normal -0.9108638300445372 0.4127070184968952 0
    outer loop
      vertex -32.726879969239235 -37.5230351164937 0
      vertex -32.726879969239235 -37.5230351164937 3.2
      vertex -32.667465031147 -37.391903549432755 0
    endloop
  endfacet
  facet normal -0.9108638300445372 0.4127070184968952 0
    outer loop
      vertex -32.667465031147 -37.391903549432755 3.2
      vertex -32.667465031147 -37.391903549432755 0
      vertex -32.726879969239235 -37.5230351164937 3.2
    endloop
  endfacet
  facet normal -0.8819212671033585 0.47139673167174867 0
    outer loop
      vertex -32.79474411159754 -37.649999998509884 0
      vertex -32.79474411159754 -37.649999998509884 3.2
      vertex -32.726879969239235 -37.5230351164937 0
    endloop
  endfacet
  facet normal -0.8819212671033585 0.47139673167174867 0
    outer loop
      vertex -32.726879969239235 -37.5230351164937 3.2
      vertex -32.726879969239235 -37.5230351164937 0
      vertex -32.79474411159754 -37.649999998509884 3.2
    endloop
  endfacet
  facet normal -0.8492021735219449 0.5280678635228663 0
    outer loop
      vertex -32.87076685577631 -37.77225451171398 0
      vertex -32.87076685577631 -37.77225451171398 3.2
      vertex -32.79474411159754 -37.649999998509884 0
    endloop
  endfacet
  facet normal -0.8492021735219449 0.5280678635228663 0
    outer loop
      vertex -32.79474411159754 -37.649999998509884 3.2
      vertex -32.79474411159754 -37.649999998509884 0
      vertex -32.87076685577631 -37.77225451171398 3.2
    endloop
  endfacet
  facet normal -0.8128466740119753 0.5824777116316723 0
    outer loop
      vertex -32.95462265610695 -37.88927514106035 0
      vertex -32.95462265610695 -37.88927514106035 3.2
      vertex -32.87076685577631 -37.77225451171398 0
    endloop
  endfacet
  facet normal -0.8128466740119753 0.5824777116316723 0
    outer loop
      vertex -32.87076685577631 -37.77225451171398 3.2
      vertex -32.87076685577631 -37.77225451171398 0
      vertex -32.95462265610695 -37.88927514106035 3.2
    endloop
  endfacet
  facet normal -0.7730104661530044 0.6343932685786592 0
    outer loop
      vertex -33.045952424407005 -38.00056079030037 0
      vertex -33.045952424407005 -38.00056079030037 3.2
      vertex -32.95462265610695 -37.88927514106035 0
    endloop
  endfacet
  facet normal -0.7730104661530044 0.6343932685786592 0
    outer loop
      vertex -32.95462265610695 -37.88927514106035 3.2
      vertex -32.95462265610695 -37.88927514106035 0
      vertex -33.045952424407005 -38.00056079030037 3.2
    endloop
  endfacet
  facet normal -0.7298640464865996 0.6835923300083221 0
    outer loop
      vertex -33.14436508715153 -38.10563491284847 0
      vertex -33.14436508715153 -38.10563491284847 3.2
      vertex -33.045952424407005 -38.00056079030037 0
    endloop
  endfacet
  facet normal -0.7298640464865996 0.6835923300083221 0
    outer loop
      vertex -33.045952424407005 -38.00056079030037 3.2
      vertex -33.045952424407005 -38.00056079030037 0
      vertex -33.14436508715153 -38.10563491284847 3.2
    endloop
  endfacet
  facet normal -0.6835923300083221 0.7298640464865996 0
    outer loop
      vertex -33.24943920969963 -38.204047575592995 0
      vertex -33.24943920969963 -38.204047575592995 3.2
      vertex -33.14436508715153 -38.10563491284847 0
    endloop
  endfacet
  facet normal -0.6835923300083221 0.7298640464865996 0
    outer loop
      vertex -33.14436508715153 -38.10563491284847 3.2
      vertex -33.14436508715153 -38.10563491284847 0
      vertex -33.24943920969963 -38.204047575592995 3.2
    endloop
  endfacet
  facet normal -0.6343932685786592 0.7730104661530044 0
    outer loop
      vertex -33.36072485893965 -38.29537734389305 0
      vertex -33.36072485893965 -38.29537734389305 3.2
      vertex -33.24943920969963 -38.204047575592995 0
    endloop
  endfacet
  facet normal -0.6343932685786592 0.7730104661530044 0
    outer loop
      vertex -33.24943920969963 -38.204047575592995 3.2
      vertex -33.24943920969963 -38.204047575592995 0
      vertex -33.36072485893965 -38.29537734389305 3.2
    endloop
  endfacet
  facet normal -0.5824777116316723 0.8128466740119753 0
    outer loop
      vertex -33.47774548828602 -38.37923314422369 0
      vertex -33.47774548828602 -38.37923314422369 3.2
      vertex -33.36072485893965 -38.29537734389305 0
    endloop
  endfacet
  facet normal -0.5824777116316723 0.8128466740119753 0
    outer loop
      vertex -33.36072485893965 -38.29537734389305 3.2
      vertex -33.36072485893965 -38.29537734389305 0
      vertex -33.47774548828602 -38.37923314422369 3.2
    endloop
  endfacet
  facet normal -0.5280678635228663 0.8492021735219449 0
    outer loop
      vertex -33.600000001490116 -38.45525588840246 0
      vertex -33.600000001490116 -38.45525588840246 3.2
      vertex -33.47774548828602 -38.37923314422369 0
    endloop
  endfacet
  facet normal -0.5280678635228663 0.8492021735219449 0
    outer loop
      vertex -33.47774548828602 -38.37923314422369 3.2
      vertex -33.47774548828602 -38.37923314422369 0
      vertex -33.600000001490116 -38.45525588840246 3.2
    endloop
  endfacet
  facet normal -0.47139673167174867 0.8819212671033585 0
    outer loop
      vertex -33.7269648835063 -38.523120030760765 0
      vertex -33.7269648835063 -38.523120030760765 3.2
      vertex -33.600000001490116 -38.45525588840246 0
    endloop
  endfacet
  facet normal -0.47139673167174867 0.8819212671033585 0
    outer loop
      vertex -33.600000001490116 -38.45525588840246 3.2
      vertex -33.600000001490116 -38.45525588840246 0
      vertex -33.7269648835063 -38.523120030760765 3.2
    endloop
  endfacet
  facet normal -0.4127070184968952 0.9108638300445372 0
    outer loop
      vertex -33.858096450567245 -38.582534968853 0
      vertex -33.858096450567245 -38.582534968853 3.2
      vertex -33.7269648835063 -38.523120030760765 0
    endloop
  endfacet
  facet normal -0.4127070184968952 0.9108638300445372 0
    outer loop
      vertex -33.7269648835063 -38.523120030760765 3.2
      vertex -33.7269648835063 -38.523120030760765 0
      vertex -33.858096450567245 -38.582534968853 3.2
    endloop
  endfacet
  facet normal -0.35225002655202603 0.9359059348001256 0
    outer loop
      vertex -33.99283318221569 -38.63324628025293 0
      vertex -33.99283318221569 -38.63324628025293 3.2
      vertex -33.858096450567245 -38.582534968853 0
    endloop
  endfacet
  facet normal -0.35225002655202603 0.9359059348001256 0
    outer loop
      vertex -33.858096450567245 -38.582534968853 3.2
      vertex -33.858096450567245 -38.582534968853 0
      vertex -33.99283318221569 -38.63324628025293 3.2
    endloop
  endfacet
  facet normal -0.2902847086987408 0.9569403261936907 0
    outer loop
      vertex -34.13059810549021 -38.67503681778908 0
      vertex -34.13059810549021 -38.67503681778908 3.2
      vertex -33.99283318221569 -38.63324628025293 0
    endloop
  endfacet
  facet normal -0.2902847086987408 0.9569403261936907 0
    outer loop
      vertex -33.99283318221569 -38.63324628025293 3.2
      vertex -33.99283318221569 -38.63324628025293 0
      vertex -34.13059810549021 -38.67503681778908 3.2
    endloop
  endfacet
  facet normal -0.22707623329767604 0.9738769862109585 0
    outer loop
      vertex -34.27080129086971 -38.70772761106491 0
      vertex -34.27080129086971 -38.70772761106491 3.2
      vertex -34.13059810549021 -38.67503681778908 0
    endloop
  endfacet
  facet normal -0.22707623329767604 0.9738769862109585 0
    outer loop
      vertex -34.13059810549021 -38.67503681778908 3.2
      vertex -34.13059810549021 -38.67503681778908 0
      vertex -34.27080129086971 -38.70772761106491 3.2
    endloop
  endfacet
  facet normal -0.16289550050373786 0.9866433276091399 0
    outer loop
      vertex -34.41284237802029 -38.73117869347334 0
      vertex -34.41284237802029 -38.73117869347334 3.2
      vertex -34.27080129086971 -38.70772761106491 0
    endloop
  endfacet
  facet normal -0.16289550050373786 0.9866433276091399 0
    outer loop
      vertex -34.27080129086971 -38.70772761106491 3.2
      vertex -34.27080129086971 -38.70772761106491 0
      vertex -34.41284237802029 -38.73117869347334 3.2
    endloop
  endfacet
  facet normal -0.09801715152442479 0.9951847255695989 0
    outer loop
      vertex -34.55611311644316 -38.745289631187916 0
      vertex -34.55611311644316 -38.745289631187916 3.2
      vertex -34.41284237802029 -38.73117869347334 0
    endloop
  endfacet
  facet normal -0.09801715152442479 0.9951847255695989 0
    outer loop
      vertex -34.41284237802029 -38.73117869347334 3.2
      vertex -34.41284237802029 -38.73117869347334 0
      vertex -34.55611311644316 -38.745289631187916 3.2
    endloop
  endfacet
  facet normal -0.032719081877998255 0.9994645875072617 0
    outer loop
      vertex -34.70000000298023 -38.75 0
      vertex -34.70000000298023 -38.75 3.2
      vertex -34.55611311644316 -38.745289631187916 0
    endloop
  endfacet
  facet normal -0.032719081877998255 0.9994645875072617 0
    outer loop
      vertex -34.55611311644316 -38.745289631187916 3.2
      vertex -34.55611311644316 -38.745289631187916 0
      vertex -34.70000000298023 -38.75 3.2
    endloop
  endfacet
  facet normal 0 1 0
    outer loop
      vertex -38.29999999701977 -38.75 0
      vertex -38.29999999701977 -38.75 3.2
      vertex -34.70000000298023 -38.75 0
    endloop
  endfacet
  facet normal 0 1 0
    outer loop
      vertex -34.70000000298023 -38.75 3.2
      vertex -34.70000000298023 -38.75 0
      vertex -38.29999999701977 -38.75 3.2
    endloop
  endfacet
  facet normal 0.032719081877998255 0.9994645875072617 0
    outer loop
      vertex 34.55611311644316 -38.745289631187916 0
      vertex 34.55611311644316 -38.745289631187916 3.2
      vertex 34.70000000298023 -38.75 0
    endloop
  endfacet
  facet normal 0.032719081877998255 0.9994645875072617 0
    outer loop
      vertex 34.70000000298023 -38.75 3.2
      vertex 34.70000000298023 -38.75 0
      vertex 34.55611311644316 -38.745289631187916 3.2
    endloop
  endfacet
  facet normal 0.09801715152442479 0.9951847255695989 0
    outer loop
      vertex 34.41284237802029 -38.73117869347334 0
      vertex 34.41284237802029 -38.73117869347334 3.2
      vertex 34.55611311644316 -38.745289631187916 0
    endloop
  endfacet
  facet normal 0.09801715152442479 0.9951847255695989 0
    outer loop
      vertex 34.55611311644316 -38.745289631187916 3.2
      vertex 34.55611311644316 -38.745289631187916 0
      vertex 34.41284237802029 -38.73117869347334 3.2
    endloop
  endfacet
  facet normal 0.16289550050373786 0.9866433276091399 0
    outer loop
      vertex 34.27080129086971 -38.70772761106491 0
      vertex 34.27080129086971 -38.70772761106491 3.2
      vertex 34.41284237802029 -38.73117869347334 0
    endloop
  endfacet
  facet normal 0.16289550050373786 0.9866433276091399 0
    outer loop
      vertex 34.41284237802029 -38.73117869347334 3.2
      vertex 34.41284237802029 -38.73117869347334 0
      vertex 34.27080129086971 -38.70772761106491 3.2
    endloop
  endfacet
  facet normal 0.22707623329767604 0.9738769862109585 0
    outer loop
      vertex 34.13059810549021 -38.67503681778908 0
      vertex 34.13059810549021 -38.67503681778908 3.2
      vertex 34.27080129086971 -38.70772761106491 0
    endloop
  endfacet
  facet normal 0.22707623329767604 0.9738769862109585 0
    outer loop
      vertex 34.27080129086971 -38.70772761106491 3.2
      vertex 34.27080129086971 -38.70772761106491 0
      vertex 34.13059810549021 -38.67503681778908 3.2
    endloop
  endfacet
  facet normal 0.2902847086987408 0.9569403261936907 0
    outer loop
      vertex 33.99283318221569 -38.63324628025293 0
      vertex 33.99283318221569 -38.63324628025293 3.2
      vertex 34.13059810549021 -38.67503681778908 0
    endloop
  endfacet
  facet normal 0.2902847086987408 0.9569403261936907 0
    outer loop
      vertex 34.13059810549021 -38.67503681778908 3.2
      vertex 34.13059810549021 -38.67503681778908 0
      vertex 33.99283318221569 -38.63324628025293 3.2
    endloop
  endfacet
  facet normal 0.35225002655202603 0.9359059348001256 0
    outer loop
      vertex 33.858096450567245 -38.582534968853 0
      vertex 33.858096450567245 -38.582534968853 3.2
      vertex 33.99283318221569 -38.63324628025293 0
    endloop
  endfacet
  facet normal 0.35225002655202603 0.9359059348001256 0
    outer loop
      vertex 33.99283318221569 -38.63324628025293 3.2
      vertex 33.99283318221569 -38.63324628025293 0
      vertex 33.858096450567245 -38.582534968853 3.2
    endloop
  endfacet
  facet normal 0.4127070184968952 0.9108638300445372 0
    outer loop
      vertex 33.7269648835063 -38.523120030760765 0
      vertex 33.7269648835063 -38.523120030760765 3.2
      vertex 33.858096450567245 -38.582534968853 0
    endloop
  endfacet
  facet normal 0.4127070184968952 0.9108638300445372 0
    outer loop
      vertex 33.858096450567245 -38.582534968853 3.2
      vertex 33.858096450567245 -38.582534968853 0
      vertex 33.7269648835063 -38.523120030760765 3.2
    endloop
  endfacet
  facet normal 0.47139673167174867 0.8819212671033585 0
    outer loop
      vertex 33.600000001490116 -38.45525588840246 0
      vertex 33.600000001490116 -38.45525588840246 3.2
      vertex 33.7269648835063 -38.523120030760765 0
    endloop
  endfacet
  facet normal 0.47139673167174867 0.8819212671033585 0
    outer loop
      vertex 33.7269648835063 -38.523120030760765 3.2
      vertex 33.7269648835063 -38.523120030760765 0
      vertex 33.600000001490116 -38.45525588840246 3.2
    endloop
  endfacet
  facet normal 0.5280678635228663 0.8492021735219449 0
    outer loop
      vertex 33.47774548828602 -38.37923314422369 0
      vertex 33.47774548828602 -38.37923314422369 3.2
      vertex 33.600000001490116 -38.45525588840246 0
    endloop
  endfacet
  facet normal 0.5280678635228663 0.8492021735219449 0
    outer loop
      vertex 33.600000001490116 -38.45525588840246 3.2
      vertex 33.600000001490116 -38.45525588840246 0
      vertex 33.47774548828602 -38.37923314422369 3.2
    endloop
  endfacet
  facet normal 0.5824777116316723 0.8128466740119753 0
    outer loop
      vertex 33.36072485893965 -38.29537734389305 0
      vertex 33.36072485893965 -38.29537734389305 3.2
      vertex 33.47774548828602 -38.37923314422369 0
    endloop
  endfacet
  facet normal 0.5824777116316723 0.8128466740119753 0
    outer loop
      vertex 33.47774548828602 -38.37923314422369 3.2
      vertex 33.47774548828602 -38.37923314422369 0
      vertex 33.36072485893965 -38.29537734389305 3.2
    endloop
  endfacet
  facet normal 0.6343932685786592 0.7730104661530044 0
    outer loop
      vertex 33.24943920969963 -38.204047575592995 0
      vertex 33.24943920969963 -38.204047575592995 3.2
      vertex 33.36072485893965 -38.29537734389305 0
    endloop
  endfacet
  facet normal 0.6343932685786592 0.7730104661530044 0
    outer loop
      vertex 33.36072485893965 -38.29537734389305 3.2
      vertex 33.36072485893965 -38.29537734389305 0
      vertex 33.24943920969963 -38.204047575592995 3.2
    endloop
  endfacet
  facet normal 0.6835923300083221 0.7298640464865996 0
    outer loop
      vertex 33.14436508715153 -38.10563491284847 0
      vertex 33.14436508715153 -38.10563491284847 3.2
      vertex 33.24943920969963 -38.204047575592995 0
    endloop
  endfacet
  facet normal 0.6835923300083221 0.7298640464865996 0
    outer loop
      vertex 33.24943920969963 -38.204047575592995 3.2
      vertex 33.24943920969963 -38.204047575592995 0
      vertex 33.14436508715153 -38.10563491284847 3.2
    endloop
  endfacet
  facet normal 0.7298640464865996 0.6835923300083221 0
    outer loop
      vertex 33.045952424407005 -38.00056079030037 0
      vertex 33.045952424407005 -38.00056079030037 3.2
      vertex 33.14436508715153 -38.10563491284847 0
    endloop
  endfacet
  facet normal 0.7298640464865996 0.6835923300083221 0
    outer loop
      vertex 33.14436508715153 -38.10563491284847 3.2
      vertex 33.14436508715153 -38.10563491284847 0
      vertex 33.045952424407005 -38.00056079030037 3.2
    endloop
  endfacet
  facet normal 0.7730104661530044 0.6343932685786592 0
    outer loop
      vertex 32.95462265610695 -37.88927514106035 0
      vertex 32.95462265610695 -37.88927514106035 3.2
      vertex 33.045952424407005 -38.00056079030037 0
    endloop
  endfacet
  facet normal 0.7730104661530044 0.6343932685786592 0
    outer loop
      vertex 33.045952424407005 -38.00056079030037 3.2
      vertex 33.045952424407005 -38.00056079030037 0
      vertex 32.95462265610695 -37.88927514106035 3.2
    endloop
  endfacet
  facet normal 0.8128466740119753 0.5824777116316723 0
    outer loop
      vertex 32.87076685577631 -37.77225451171398 0
      vertex 32.87076685577631 -37.77225451171398 3.2
      vertex 32.95462265610695 -37.88927514106035 0
    endloop
  endfacet
  facet normal 0.8128466740119753 0.5824777116316723 0
    outer loop
      vertex 32.95462265610695 -37.88927514106035 3.2
      vertex 32.95462265610695 -37.88927514106035 0
      vertex 32.87076685577631 -37.77225451171398 3.2
    endloop
  endfacet
  facet normal 0.8492021735219449 0.5280678635228663 0
    outer loop
      vertex 32.79474411159754 -37.649999998509884 0
      vertex 32.79474411159754 -37.649999998509884 3.2
      vertex 32.87076685577631 -37.77225451171398 0
    endloop
  endfacet
  facet normal 0.8492021735219449 0.5280678635228663 0
    outer loop
      vertex 32.87076685577631 -37.77225451171398 3.2
      vertex 32.87076685577631 -37.77225451171398 0
      vertex 32.79474411159754 -37.649999998509884 3.2
    endloop
  endfacet
  facet normal 0.8819212671033585 0.47139673167174867 0
    outer loop
      vertex 32.726879969239235 -37.5230351164937 0
      vertex 32.726879969239235 -37.5230351164937 3.2
      vertex 32.79474411159754 -37.649999998509884 0
    endloop
  endfacet
  facet normal 0.8819212671033585 0.47139673167174867 0
    outer loop
      vertex 32.79474411159754 -37.649999998509884 3.2
      vertex 32.79474411159754 -37.649999998509884 0
      vertex 32.726879969239235 -37.5230351164937 3.2
    endloop
  endfacet
  facet normal 0.9108638300445372 0.4127070184968952 0
    outer loop
      vertex 32.667465031147 -37.391903549432755 0
      vertex 32.667465031147 -37.391903549432755 3.2
      vertex 32.726879969239235 -37.5230351164937 0
    endloop
  endfacet
  facet normal 0.9108638300445372 0.4127070184968952 0
    outer loop
      vertex 32.726879969239235 -37.5230351164937 3.2
      vertex 32.726879969239235 -37.5230351164937 0
      vertex 32.667465031147 -37.391903549432755 3.2
    endloop
  endfacet
  facet normal 0.9359059348001256 0.35225002655202603 0
    outer loop
      vertex 32.61675371974707 -37.25716681778431 0
      vertex 32.61675371974707 -37.25716681778431 3.2
      vertex 32.667465031147 -37.391903549432755 0
    endloop
  endfacet
  facet normal 0.9359059348001256 0.35225002655202603 0
    outer loop
      vertex 32.667465031147 -37.391903549432755 3.2
      vertex 32.667465031147 -37.391903549432755 0
      vertex 32.61675371974707 -37.25716681778431 3.2
    endloop
  endfacet
  facet normal 0.9569403261936907 0.2902847086987408 0
    outer loop
      vertex 32.57496318221092 -37.11940189450979 0
      vertex 32.57496318221092 -37.11940189450979 3.2
      vertex 32.61675371974707 -37.25716681778431 0
    endloop
  endfacet
  facet normal 0.9569403261936907 0.2902847086987408 0
    outer loop
      vertex 32.61675371974707 -37.25716681778431 3.2
      vertex 32.61675371974707 -37.25716681778431 0
      vertex 32.57496318221092 -37.11940189450979 3.2
    endloop
  endfacet
  facet normal 0.9738769862109585 0.22707623329767604 0
    outer loop
      vertex 32.54227238893509 -36.97919870913029 0
      vertex 32.54227238893509 -36.97919870913029 3.2
      vertex 32.57496318221092 -37.11940189450979 0
    endloop
  endfacet
  facet normal 0.9738769862109585 0.22707623329767604 0
    outer loop
      vertex 32.57496318221092 -37.11940189450979 3.2
      vertex 32.57496318221092 -37.11940189450979 0
      vertex 32.54227238893509 -36.97919870913029 3.2
    endloop
  endfacet
  facet normal 0.9866433276091399 0.16289550050373786 0
    outer loop
      vertex 32.51882130652666 -36.83715762197971 0
      vertex 32.51882130652666 -36.83715762197971 3.2
      vertex 32.54227238893509 -36.97919870913029 0
    endloop
  endfacet
  facet normal 0.9866433276091399 0.16289550050373786 0
    outer loop
      vertex 32.54227238893509 -36.97919870913029 3.2
      vertex 32.54227238893509 -36.97919870913029 0
      vertex 32.51882130652666 -36.83715762197971 3.2
    endloop
  endfacet
  facet normal 0.9951847255695989 0.09801715152442479 0
    outer loop
      vertex 32.504710368812084 -36.69388688355684 0
      vertex 32.504710368812084 -36.69388688355684 3.2
      vertex 32.51882130652666 -36.83715762197971 0
    endloop
  endfacet
  facet normal 0.9951847255695989 0.09801715152442479 0
    outer loop
      vertex 32.51882130652666 -36.83715762197971 3.2
      vertex 32.51882130652666 -36.83715762197971 0
      vertex 32.504710368812084 -36.69388688355684 3.2
    endloop
  endfacet
  facet normal 0.9994645875072617 0.032719081877998255 0
    outer loop
      vertex 32.5 -36.54999999701977 0
      vertex 32.5 -36.54999999701977 3.2
      vertex 32.504710368812084 -36.69388688355684 0
    endloop
  endfacet
  facet normal 0.9994645875072617 0.032719081877998255 0
    outer loop
      vertex 32.504710368812084 -36.69388688355684 3.2
      vertex 32.504710368812084 -36.69388688355684 0
      vertex 32.5 -36.54999999701977 3.2
    endloop
  endfacet
  facet normal 1 0 0
    outer loop
      vertex 32.5 -30.950000002980232 0
      vertex 32.5 -30.950000002980232 3.2
      vertex 32.5 -36.54999999701977 0
    endloop
  endfacet
  facet normal 1 0 0
    outer loop
      vertex 32.5 -36.54999999701977 3.2
      vertex 32.5 -36.54999999701977 0
      vertex 32.5 -30.950000002980232 3.2
    endloop
  endfacet
  facet normal 0.9994645875072617 -0.032719081877998255 0
    outer loop
      vertex 32.504710368812084 -30.806113116443157 0
      vertex 32.504710368812084 -30.806113116443157 3.2
      vertex 32.5 -30.950000002980232 0
    endloop
  endfacet
  facet normal 0.9994645875072617 -0.032719081877998255 0
    outer loop
      vertex 32.5 -30.950000002980232 3.2
      vertex 32.5 -30.950000002980232 0
      vertex 32.504710368812084 -30.806113116443157 3.2
    endloop
  endfacet
  facet normal 0.9951847255695989 -0.09801715152442479 0
    outer loop
      vertex 32.51882130652666 -30.662842378020287 0
      vertex 32.51882130652666 -30.662842378020287 3.2
      vertex 32.504710368812084 -30.806113116443157 0
    endloop
  endfacet
  facet normal 0.9951847255695989 -0.09801715152442479 0
    outer loop
      vertex 32.504710368812084 -30.806113116443157 3.2
      vertex 32.504710368812084 -30.806113116443157 0
      vertex 32.51882130652666 -30.662842378020287 3.2
    endloop
  endfacet
  facet normal 0.9866433276091399 -0.16289550050373786 0
    outer loop
      vertex 32.54227238893509 -30.520801290869713 0
      vertex 32.54227238893509 -30.520801290869713 3.2
      vertex 32.51882130652666 -30.662842378020287 0
    endloop
  endfacet
  facet normal 0.9866433276091399 -0.16289550050373786 0
    outer loop
      vertex 32.51882130652666 -30.662842378020287 3.2
      vertex 32.51882130652666 -30.662842378020287 0
      vertex 32.54227238893509 -30.520801290869713 3.2
    endloop
  endfacet
  facet normal 0.9738769862109585 -0.22707623329767604 0
    outer loop
      vertex 32.57496318221092 -30.380598105490208 0
      vertex 32.57496318221092 -30.380598105490208 3.2
      vertex 32.54227238893509 -30.520801290869713 0
    endloop
  endfacet
  facet normal 0.9738769862109585 -0.22707623329767604 0
    outer loop
      vertex 32.54227238893509 -30.520801290869713 3.2
      vertex 32.54227238893509 -30.520801290869713 0
      vertex 32.57496318221092 -30.380598105490208 3.2
    endloop
  endfacet
  facet normal 0.9569403261936907 -0.2902847086987408 0
    outer loop
      vertex 32.61675371974707 -30.24283318221569 0
      vertex 32.61675371974707 -30.24283318221569 3.2
      vertex 32.57496318221092 -30.380598105490208 0
    endloop
  endfacet
  facet normal 0.9569403261936907 -0.2902847086987408 0
    outer loop
      vertex 32.57496318221092 -30.380598105490208 3.2
      vertex 32.57496318221092 -30.380598105490208 0
      vertex 32.61675371974707 -30.24283318221569 3.2
    endloop
  endfacet
  facet normal 0.9359059348001256 -0.35225002655202603 0
    outer loop
      vertex 32.667465031147 -30.108096450567245 0
      vertex 32.667465031147 -30.108096450567245 3.2
      vertex 32.61675371974707 -30.24283318221569 0
    endloop
  endfacet
  facet normal 0.9359059348001256 -0.35225002655202603 0
    outer loop
      vertex 32.61675371974707 -30.24283318221569 3.2
      vertex 32.61675371974707 -30.24283318221569 0
      vertex 32.667465031147 -30.108096450567245 3.2
    endloop
  endfacet
  facet normal 0.9108638589546991 -0.4127069546908 0
    outer loop
      vertex 32.71321398019791 -30.007126346230507 0
      vertex 32.71321398019791 -30.007126346230507 3.2
      vertex 32.667465031147 -30.108096450567245 0
    endloop
  endfacet
  facet normal 0.9108638589546991 -0.4127069546908 0
    outer loop
      vertex 32.667465031147 -30.108096450567245 3.2
      vertex 32.667465031147 -30.108096450567245 0
      vertex 32.71321398019791 -30.007126346230507 3.2
    endloop
  endfacet
  facet normal 0.0980171253920125 0.9951847281434169 0
    outer loop
      vertex 32.55158268660307 -29.99120705574751 0
      vertex 32.55158268660307 -29.99120705574751 3.2
      vertex 32.71321398019791 -30.007126346230507 0
    endloop
  endfacet
  facet normal 0.0980171253920125 0.9951847281434169 0
    outer loop
      vertex 32.71321398019791 -30.007126346230507 3.2
      vertex 32.71321398019791 -30.007126346230507 0
      vertex 32.55158268660307 -29.99120705574751 3.2
    endloop
  endfacet
  facet normal 0.16289547209062125 0.9866433323001649 0
    outer loop
      vertex 30.598517760634422 -29.66875473409891 0
      vertex 30.598517760634422 -29.66875473409891 3.2
      vertex 32.55158268660307 -29.99120705574751 0
    endloop
  endfacet
  facet normal 0.16289547209062125 0.9866433323001649 0
    outer loop
      vertex 32.55158268660307 -29.99120705574751 3.2
      vertex 32.55158268660307 -29.99120705574751 0
      vertex 30.598517760634422 -29.66875473409891 3.2
    endloop
  endfacet
  facet normal 0.2270762640336351 0.9738769790443383 0
    outer loop
      vertex 28.670723885297775 -29.21925624459982 0
      vertex 28.670723885297775 -29.21925624459982 3.2
      vertex 30.598517760634422 -29.66875473409891 0
    endloop
  endfacet
  facet normal 0.2270762640336351 0.9738769790443383 0
    outer loop
      vertex 30.598517760634422 -29.66875473409891 3.2
      vertex 30.598517760634422 -29.66875473409891 0
      vertex 28.670723885297775 -29.21925624459982 3.2
    endloop
  endfacet
  facet normal 0.2902846784337721 0.9569403353744692 0
    outer loop
      vertex 26.77645617723465 -28.644636414945126 0
      vertex 26.77645617723465 -28.644636414945126 3.2
      vertex 28.670723885297775 -29.21925624459982 0
    endloop
  endfacet
  facet normal 0.2902846784337721 0.9569403353744692 0
    outer loop
      vertex 28.670723885297775 -29.21925624459982 3.2
      vertex 28.670723885297775 -29.21925624459982 0
      vertex 26.77645617723465 -28.644636414945126 3.2
    endloop
  endfacet
  facet normal 0.35225004657308273 0.9359059272647338 0
    outer loop
      vertex 24.923826172947884 -27.94735585898161 0
      vertex 24.923826172947884 -27.94735585898161 3.2
      vertex 26.77645617723465 -28.644636414945126 0
    endloop
  endfacet
  facet normal 0.35225004657308273 0.9359059272647338 0
    outer loop
      vertex 26.77645617723465 -28.644636414945126 3.2
      vertex 26.77645617723465 -28.644636414945126 0
      vertex 24.923826172947884 -27.94735585898161 3.2
    endloop
  endfacet
  facet normal 0.41270702907287604 0.9108638252526225 0
    outer loop
      vertex 23.12076712399721 -27.13040043413639 0
      vertex 23.12076712399721 -27.13040043413639 3.2
      vertex 24.923826172947884 -27.94735585898161 0
    endloop
  endfacet
  facet normal 0.41270702907287604 0.9108638252526225 0
    outer loop
      vertex 24.923826172947884 -27.94735585898161 3.2
      vertex 24.923826172947884 -27.94735585898161 0
      vertex 23.12076712399721 -27.13040043413639 3.2
    endloop
  endfacet
  facet normal 0.47139673757721456 0.8819212639468211 0
    outer loop
      vertex 21.375 -26.197268463671207 0
      vertex 21.375 -26.197268463671207 3.2
      vertex 23.12076712399721 -27.13040043413639 0
    endloop
  endfacet
  facet normal 0.47139673757721456 0.8819212639468211 0
    outer loop
      vertex 23.12076712399721 -27.13040043413639 3.2
      vertex 23.12076712399721 -27.13040043413639 0
      vertex 21.375 -26.197268463671207 3.2
    endloop
  endfacet
  facet normal 0.5280678520612452 0.849202180649239 0
    outer loop
      vertex 19.69400045275688 -25.151955768465996 0
      vertex 19.69400045275688 -25.151955768465996 3.2
      vertex 21.375 -26.197268463671207 0
    endloop
  endfacet
  facet normal 0.5280678520612452 0.849202180649239 0
    outer loop
      vertex 21.375 -26.197268463671207 3.2
      vertex 21.375 -26.197268463671207 0
      vertex 19.69400045275688 -25.151955768465996 3.2
    endloop
  endfacet
  facet normal 0.5824776943798148 0.8128466863744819 0
    outer loop
      vertex 18.084966771304607 -23.99893854558468 0
      vertex 18.084966771304607 -23.99893854558468 3.2
      vertex 19.69400045275688 -25.151955768465996 0
    endloop
  endfacet
  facet normal 0.5824776943798148 0.8128466863744819 0
    outer loop
      vertex 19.69400045275688 -25.151955768465996 3.2
      vertex 19.69400045275688 -25.151955768465996 0
      vertex 18.084966771304607 -23.99893854558468 3.2
    endloop
  endfacet
  facet normal 0.6343932859081808 0.7730104519310338 0
    outer loop
      vertex 16.55478909611702 -22.743154175579548 0
      vertex 16.55478909611702 -22.743154175579548 3.2
      vertex 18.084966771304607 -23.99893854558468 0
    endloop
  endfacet
  facet normal 0.6343932859081808 0.7730104519310338 0
    outer loop
      vertex 18.084966771304607 -23.99893854558468 3.2
      vertex 18.084966771304607 -23.99893854558468 0
      vertex 16.55478909611702 -22.743154175579548 3.2
    endloop
  endfacet
  facet normal 0.6835923016347318 0.7298640730613679 0
    outer loop
      vertex 15.110019870102406 -21.389980129897594 0
      vertex 15.110019870102406 -21.389980129897594 3.2
      vertex 16.55478909611702 -22.743154175579548 0
    endloop
  endfacet
  facet normal 0.6835923016347318 0.7298640730613679 0
    outer loop
      vertex 16.55478909611702 -22.743154175579548 3.2
      vertex 16.55478909611702 -22.743154175579548 0
      vertex 15.110019870102406 -21.389980129897594 3.2
    endloop
  endfacet
  facet normal 0.7298640730613679 0.6835923016347318 0
    outer loop
      vertex 13.756845824420452 -19.94521090388298 0
      vertex 13.756845824420452 -19.94521090388298 3.2
      vertex 15.110019870102406 -21.389980129897594 0
    endloop
  endfacet
  facet normal 0.7298640730613679 0.6835923016347318 0
    outer loop
      vertex 15.110019870102406 -21.389980129897594 3.2
      vertex 15.110019870102406 -21.389980129897594 0
      vertex 13.756845824420452 -19.94521090388298 3.2
    endloop
  endfacet
  facet normal 0.7730104519310338 0.6343932859081808 0
    outer loop
      vertex 12.501061454415321 -18.415033228695393 0
      vertex 12.501061454415321 -18.415033228695393 3.2
      vertex 13.756845824420452 -19.94521090388298 0
    endloop
  endfacet
  facet normal 0.7730104519310338 0.6343932859081808 0
    outer loop
      vertex 13.756845824420452 -19.94521090388298 3.2
      vertex 13.756845824420452 -19.94521090388298 0
      vertex 12.501061454415321 -18.415033228695393 3.2
    endloop
  endfacet
  facet normal 0.8128466863744819 0.5824776943798148 0
    outer loop
      vertex 11.348044231534004 -16.80599954724312 0
      vertex 11.348044231534004 -16.80599954724312 3.2
      vertex 12.501061454415321 -18.415033228695393 0
    endloop
  endfacet
  facet normal 0.8128466863744819 0.5824776943798148 0
    outer loop
      vertex 12.501061454415321 -18.415033228695393 3.2
      vertex 12.501061454415321 -18.415033228695393 0
      vertex 11.348044231534004 -16.80599954724312 3.2
    endloop
  endfacet
  facet normal 0.849202180649239 0.5280678520612452 0
    outer loop
      vertex 10.302731536328793 -15.125 0
      vertex 10.302731536328793 -15.125 3.2
      vertex 11.348044231534004 -16.80599954724312 0
    endloop
  endfacet
  facet normal 0.849202180649239 0.5280678520612452 0
    outer loop
      vertex 11.348044231534004 -16.80599954724312 3.2
      vertex 11.348044231534004 -16.80599954724312 0
      vertex 10.302731536328793 -15.125 3.2
    endloop
  endfacet
  facet normal 0.8819212639468211 0.47139673757721456 0
    outer loop
      vertex 9.36959956586361 -13.379232876002789 0
      vertex 9.36959956586361 -13.379232876002789 3.2
      vertex 10.302731536328793 -15.125 0
    endloop
  endfacet
  facet normal 0.8819212639468211 0.47139673757721456 0
    outer loop
      vertex 10.302731536328793 -15.125 3.2
      vertex 10.302731536328793 -15.125 0
      vertex 9.36959956586361 -13.379232876002789 3.2
    endloop
  endfacet
  facet normal 0.9108638252526225 0.41270702907287604 0
    outer loop
      vertex 8.55264414101839 -11.576173827052116 0
      vertex 8.55264414101839 -11.576173827052116 3.2
      vertex 9.36959956586361 -13.379232876002789 0
    endloop
  endfacet
  facet normal 0.9108638252526225 0.41270702907287604 0
    outer loop
      vertex 9.36959956586361 -13.379232876002789 3.2
      vertex 9.36959956586361 -13.379232876002789 0
      vertex 8.55264414101839 -11.576173827052116 3.2
    endloop
  endfacet
  facet normal 0.9359059272647338 0.35225004657308273 0
    outer loop
      vertex 7.855363585054874 -9.72354382276535 0
      vertex 7.855363585054874 -9.72354382276535 3.2
      vertex 8.55264414101839 -11.576173827052116 0
    endloop
  endfacet
  facet normal 0.9359059272647338 0.35225004657308273 0
    outer loop
      vertex 8.55264414101839 -11.576173827052116 3.2
      vertex 8.55264414101839 -11.576173827052116 0
      vertex 7.855363585054874 -9.72354382276535 3.2
    endloop
  endfacet
  facet normal 0.9569403353744692 0.2902846784337721 0
    outer loop
      vertex 7.280743755400181 -7.829276114702225 0
      vertex 7.280743755400181 -7.829276114702225 3.2
      vertex 7.855363585054874 -9.72354382276535 0
    endloop
  endfacet
  facet normal 0.9569403353744692 0.2902846784337721 0
    outer loop
      vertex 7.855363585054874 -9.72354382276535 3.2
      vertex 7.855363585054874 -9.72354382276535 0
      vertex 7.280743755400181 -7.829276114702225 3.2
    endloop
  endfacet
  facet normal 0.9738769790443383 0.2270762640336351 0
    outer loop
      vertex 6.831245265901089 -5.901482239365578 0
      vertex 6.831245265901089 -5.901482239365578 3.2
      vertex 7.280743755400181 -7.829276114702225 0
    endloop
  endfacet
  facet normal 0.9738769790443383 0.2270762640336351 0
    outer loop
      vertex 7.280743755400181 -7.829276114702225 3.2
      vertex 7.280743755400181 -7.829276114702225 0
      vertex 6.831245265901089 -5.901482239365578 3.2
    endloop
  endfacet
  facet normal 0.9866433323001649 0.16289547209062125 0
    outer loop
      vertex 6.508792944252491 -3.9484173133969307 0
      vertex 6.508792944252491 -3.9484173133969307 3.2
      vertex 6.831245265901089 -5.901482239365578 0
    endloop
  endfacet
  facet normal 0.9866433323001649 0.16289547209062125 0
    outer loop
      vertex 6.831245265901089 -5.901482239365578 3.2
      vertex 6.831245265901089 -5.901482239365578 0
      vertex 6.508792944252491 -3.9484173133969307 3.2
    endloop
  endfacet
  facet normal 0.9951847264965054 0.09801714211338662 0
    outer loop
      vertex 6.314767569303513 -1.9784446582198143 0
      vertex 6.314767569303513 -1.9784446582198143 3.2
      vertex 6.508792944252491 -3.9484173133969307 0
    endloop
  endfacet
  facet normal 0.9951847264965054 0.09801714211338662 0
    outer loop
      vertex 6.508792944252491 -3.9484173133969307 3.2
      vertex 6.508792944252491 -3.9484173133969307 0
      vertex 6.314767569303513 -1.9784446582198143 3.2
    endloop
  endfacet
  facet normal 0.999464587520908 0.0327190814611479 0
    outer loop
      vertex 6.25 0 0
      vertex 6.25 0 3.2
      vertex 6.314767569303513 -1.9784446582198143 0
    endloop
  endfacet
  facet normal 0.999464587520908 0.0327190814611479 0
    outer loop
      vertex 6.314767569303513 -1.9784446582198143 3.2
      vertex 6.314767569303513 -1.9784446582198143 0
      vertex 6.25 0 3.2
    endloop
  endfacet
  facet normal 0.999464587520908 -0.0327190814611479 0
    outer loop
      vertex 6.314767569303513 1.9784446582198143 0
      vertex 6.314767569303513 1.9784446582198143 3.2
      vertex 6.25 0 0
    endloop
  endfacet
  facet normal 0.999464587520908 -0.0327190814611479 0
    outer loop
      vertex 6.25 0 3.2
      vertex 6.25 0 0
      vertex 6.314767569303513 1.9784446582198143 3.2
    endloop
  endfacet
  facet normal 0.9951847264965054 -0.09801714211338662 0
    outer loop
      vertex 6.508792944252491 3.9484173133969307 0
      vertex 6.508792944252491 3.9484173133969307 3.2
      vertex 6.314767569303513 1.9784446582198143 0
    endloop
  endfacet
  facet normal 0.9951847264965054 -0.09801714211338662 0
    outer loop
      vertex 6.314767569303513 1.9784446582198143 3.2
      vertex 6.314767569303513 1.9784446582198143 0
      vertex 6.508792944252491 3.9484173133969307 3.2
    endloop
  endfacet
  facet normal 0.9866433323001649 -0.16289547209062125 0
    outer loop
      vertex 6.831245265901089 5.901482239365578 0
      vertex 6.831245265901089 5.901482239365578 3.2
      vertex 6.508792944252491 3.9484173133969307 0
    endloop
  endfacet
  facet normal 0.9866433323001649 -0.16289547209062125 0
    outer loop
      vertex 6.508792944252491 3.9484173133969307 3.2
      vertex 6.508792944252491 3.9484173133969307 0
      vertex 6.831245265901089 5.901482239365578 3.2
    endloop
  endfacet
  facet normal 0.9738769790443383 -0.2270762640336351 0
    outer loop
      vertex 7.280743755400181 7.829276114702225 0
      vertex 7.280743755400181 7.829276114702225 3.2
      vertex 6.831245265901089 5.901482239365578 0
    endloop
  endfacet
  facet normal 0.9738769790443383 -0.2270762640336351 0
    outer loop
      vertex 6.831245265901089 5.901482239365578 3.2
      vertex 6.831245265901089 5.901482239365578 0
      vertex 7.280743755400181 7.829276114702225 3.2
    endloop
  endfacet
  facet normal 0.9569403353744692 -0.2902846784337721 0
    outer loop
      vertex 7.855363585054874 9.72354382276535 0
      vertex 7.855363585054874 9.72354382276535 3.2
      vertex 7.280743755400181 7.829276114702225 0
    endloop
  endfacet
  facet normal 0.9569403353744692 -0.2902846784337721 0
    outer loop
      vertex 7.280743755400181 7.829276114702225 3.2
      vertex 7.280743755400181 7.829276114702225 0
      vertex 7.855363585054874 9.72354382276535 3.2
    endloop
  endfacet
  facet normal 0.9359059272647338 -0.35225004657308273 0
    outer loop
      vertex 8.55264414101839 11.576173827052116 0
      vertex 8.55264414101839 11.576173827052116 3.2
      vertex 7.855363585054874 9.72354382276535 0
    endloop
  endfacet
  facet normal 0.9359059272647338 -0.35225004657308273 0
    outer loop
      vertex 7.855363585054874 9.72354382276535 3.2
      vertex 7.855363585054874 9.72354382276535 0
      vertex 8.55264414101839 11.576173827052116 3.2
    endloop
  endfacet
  facet normal 0.9108638252526225 -0.41270702907287604 0
    outer loop
      vertex 9.36959956586361 13.379232876002789 0
      vertex 9.36959956586361 13.379232876002789 3.2
      vertex 8.55264414101839 11.576173827052116 0
    endloop
  endfacet
  facet normal 0.9108638252526225 -0.41270702907287604 0
    outer loop
      vertex 8.55264414101839 11.576173827052116 3.2
      vertex 8.55264414101839 11.576173827052116 0
      vertex 9.36959956586361 13.379232876002789 3.2
    endloop
  endfacet
  facet normal 0.8819212639468211 -0.47139673757721456 0
    outer loop
      vertex 10.302731536328793 15.125 0
      vertex 10.302731536328793 15.125 3.2
      vertex 9.36959956586361 13.379232876002789 0
    endloop
  endfacet
  facet normal 0.8819212639468211 -0.47139673757721456 0
    outer loop
      vertex 9.36959956586361 13.379232876002789 3.2
      vertex 9.36959956586361 13.379232876002789 0
      vertex 10.302731536328793 15.125 3.2
    endloop
  endfacet
  facet normal 0.849202180649239 -0.5280678520612452 0
    outer loop
      vertex 11.348044231534004 16.80599954724312 0
      vertex 11.348044231534004 16.80599954724312 3.2
      vertex 10.302731536328793 15.125 0
    endloop
  endfacet
  facet normal 0.849202180649239 -0.5280678520612452 0
    outer loop
      vertex 10.302731536328793 15.125 3.2
      vertex 10.302731536328793 15.125 0
      vertex 11.348044231534004 16.80599954724312 3.2
    endloop
  endfacet
  facet normal 0.8128466863744819 -0.5824776943798148 0
    outer loop
      vertex 12.501061454415321 18.415033228695393 0
      vertex 12.501061454415321 18.415033228695393 3.2
      vertex 11.348044231534004 16.80599954724312 0
    endloop
  endfacet
  facet normal 0.8128466863744819 -0.5824776943798148 0
    outer loop
      vertex 11.348044231534004 16.80599954724312 3.2
      vertex 11.348044231534004 16.80599954724312 0
      vertex 12.501061454415321 18.415033228695393 3.2
    endloop
  endfacet
  facet normal 0.7730104519310338 -0.6343932859081808 0
    outer loop
      vertex 13.756845824420452 19.94521090388298 0
      vertex 13.756845824420452 19.94521090388298 3.2
      vertex 12.501061454415321 18.415033228695393 0
    endloop
  endfacet
  facet normal 0.7730104519310338 -0.6343932859081808 0
    outer loop
      vertex 12.501061454415321 18.415033228695393 3.2
      vertex 12.501061454415321 18.415033228695393 0
      vertex 13.756845824420452 19.94521090388298 3.2
    endloop
  endfacet
  facet normal 0.7298640730613679 -0.6835923016347318 0
    outer loop
      vertex 15.110019870102406 21.389980129897594 0
      vertex 15.110019870102406 21.389980129897594 3.2
      vertex 13.756845824420452 19.94521090388298 0
    endloop
  endfacet
  facet normal 0.7298640730613679 -0.6835923016347318 0
    outer loop
      vertex 13.756845824420452 19.94521090388298 3.2
      vertex 13.756845824420452 19.94521090388298 0
      vertex 15.110019870102406 21.389980129897594 3.2
    endloop
  endfacet
  facet normal 0.6835923016347318 -0.7298640730613679 0
    outer loop
      vertex 16.55478909611702 22.743154175579548 0
      vertex 16.55478909611702 22.743154175579548 3.2
      vertex 15.110019870102406 21.389980129897594 0
    endloop
  endfacet
  facet normal 0.6835923016347318 -0.7298640730613679 0
    outer loop
      vertex 15.110019870102406 21.389980129897594 3.2
      vertex 15.110019870102406 21.389980129897594 0
      vertex 16.55478909611702 22.743154175579548 3.2
    endloop
  endfacet
  facet normal 0.6343932859081808 -0.7730104519310338 0
    outer loop
      vertex 18.084966771304607 23.99893854558468 0
      vertex 18.084966771304607 23.99893854558468 3.2
      vertex 16.55478909611702 22.743154175579548 0
    endloop
  endfacet
  facet normal 0.6343932859081808 -0.7730104519310338 0
    outer loop
      vertex 16.55478909611702 22.743154175579548 3.2
      vertex 16.55478909611702 22.743154175579548 0
      vertex 18.084966771304607 23.99893854558468 3.2
    endloop
  endfacet
  facet normal 0.5824776943798148 -0.8128466863744819 0
    outer loop
      vertex 19.69400045275688 25.151955768465996 0
      vertex 19.69400045275688 25.151955768465996 3.2
      vertex 18.084966771304607 23.99893854558468 0
    endloop
  endfacet
  facet normal 0.5824776943798148 -0.8128466863744819 0
    outer loop
      vertex 18.084966771304607 23.99893854558468 3.2
      vertex 18.084966771304607 23.99893854558468 0
      vertex 19.69400045275688 25.151955768465996 3.2
    endloop
  endfacet
  facet normal 0.5280678520612452 -0.849202180649239 0
    outer loop
      vertex 21.375 26.197268463671207 0
      vertex 21.375 26.197268463671207 3.2
      vertex 19.69400045275688 25.151955768465996 0
    endloop
  endfacet
  facet normal 0.5280678520612452 -0.849202180649239 0
    outer loop
      vertex 19.69400045275688 25.151955768465996 3.2
      vertex 19.69400045275688 25.151955768465996 0
      vertex 21.375 26.197268463671207 3.2
    endloop
  endfacet
  facet normal 0.47139673757721456 -0.8819212639468211 0
    outer loop
      vertex 23.12076712399721 27.13040043413639 0
      vertex 23.12076712399721 27.13040043413639 3.2
      vertex 21.375 26.197268463671207 0
    endloop
  endfacet
  facet normal 0.47139673757721456 -0.8819212639468211 0
    outer loop
      vertex 21.375 26.197268463671207 3.2
      vertex 21.375 26.197268463671207 0
      vertex 23.12076712399721 27.13040043413639 3.2
    endloop
  endfacet
  facet normal 0.41270702907287604 -0.9108638252526225 0
    outer loop
      vertex 24.923826172947884 27.94735585898161 0
      vertex 24.923826172947884 27.94735585898161 3.2
      vertex 23.12076712399721 27.13040043413639 0
    endloop
  endfacet
  facet normal 0.41270702907287604 -0.9108638252526225 0
    outer loop
      vertex 23.12076712399721 27.13040043413639 3.2
      vertex 23.12076712399721 27.13040043413639 0
      vertex 24.923826172947884 27.94735585898161 3.2
    endloop
  endfacet
  facet normal 0.35225004657308273 -0.9359059272647338 0
    outer loop
      vertex 26.77645617723465 28.644636414945126 0
      vertex 26.77645617723465 28.644636414945126 3.2
      vertex 24.923826172947884 27.94735585898161 0
    endloop
  endfacet
  facet normal 0.35225004657308273 -0.9359059272647338 0
    outer loop
      vertex 24.923826172947884 27.94735585898161 3.2
      vertex 24.923826172947884 27.94735585898161 0
      vertex 26.77645617723465 28.644636414945126 3.2
    endloop
  endfacet
  facet normal 0.2902846784337721 -0.9569403353744692 0
    outer loop
      vertex 28.670723885297775 29.21925624459982 0
      vertex 28.670723885297775 29.21925624459982 3.2
      vertex 26.77645617723465 28.644636414945126 0
    endloop
  endfacet
  facet normal 0.2902846784337721 -0.9569403353744692 0
    outer loop
      vertex 26.77645617723465 28.644636414945126 3.2
      vertex 26.77645617723465 28.644636414945126 0
      vertex 28.670723885297775 29.21925624459982 3.2
    endloop
  endfacet
  facet normal 0.2270762640336351 -0.9738769790443383 0
    outer loop
      vertex 30.598517760634422 29.66875473409891 0
      vertex 30.598517760634422 29.66875473409891 3.2
      vertex 28.670723885297775 29.21925624459982 0
    endloop
  endfacet
  facet normal 0.2270762640336351 -0.9738769790443383 0
    outer loop
      vertex 28.670723885297775 29.21925624459982 3.2
      vertex 28.670723885297775 29.21925624459982 0
      vertex 30.598517760634422 29.66875473409891 3.2
    endloop
  endfacet
  facet normal 0.16289547209062125 -0.9866433323001649 0
    outer loop
      vertex 32.55158268660307 29.99120705574751 0
      vertex 32.55158268660307 29.99120705574751 3.2
      vertex 30.598517760634422 29.66875473409891 0
    endloop
  endfacet
  facet normal 0.16289547209062125 -0.9866433323001649 0
    outer loop
      vertex 30.598517760634422 29.66875473409891 3.2
      vertex 30.598517760634422 29.66875473409891 0
      vertex 32.55158268660307 29.99120705574751 3.2
    endloop
  endfacet
  facet normal 0.09801714211338662 -0.9951847264965054 0
    outer loop
      vertex 34.521555341780186 30.185232430696487 0
      vertex 34.521555341780186 30.185232430696487 3.2
      vertex 32.55158268660307 29.99120705574751 0
    endloop
  endfacet
  facet normal 0.09801714211338662 -0.9951847264965054 0
    outer loop
      vertex 32.55158268660307 29.99120705574751 3.2
      vertex 32.55158268660307 29.99120705574751 0
      vertex 34.521555341780186 30.185232430696487 3.2
    endloop
  endfacet
  facet normal 0.0327190814611479 -0.999464587520908 0
    outer loop
      vertex 36.5 30.25 0
      vertex 36.5 30.25 3.2
      vertex 34.521555341780186 30.185232430696487 0
    endloop
  endfacet
  facet normal 0.0327190814611479 -0.999464587520908 0
    outer loop
      vertex 34.521555341780186 30.185232430696487 3.2
      vertex 34.521555341780186 30.185232430696487 0
      vertex 36.5 30.25 3.2
    endloop
  endfacet
  facet normal -0.0327190814611479 -0.999464587520908 0
    outer loop
      vertex 38.478444658219814 30.185232430696487 0
      vertex 38.478444658219814 30.185232430696487 3.2
      vertex 36.5 30.25 0
    endloop
  endfacet
  facet normal -0.0327190814611479 -0.999464587520908 0
    outer loop
      vertex 36.5 30.25 3.2
      vertex 36.5 30.25 0
      vertex 38.478444658219814 30.185232430696487 3.2
    endloop
  endfacet
  facet normal -0.09801714211338662 -0.9951847264965054 0
    outer loop
      vertex 40.44841731339693 29.99120705574751 0
      vertex 40.44841731339693 29.99120705574751 3.2
      vertex 38.478444658219814 30.185232430696487 0
    endloop
  endfacet
  facet normal -0.09801714211338662 -0.9951847264965054 0
    outer loop
      vertex 38.478444658219814 30.185232430696487 3.2
      vertex 38.478444658219814 30.185232430696487 0
      vertex 40.44841731339693 29.99120705574751 3.2
    endloop
  endfacet
  facet normal -0.16289547209062125 -0.9866433323001649 0
    outer loop
      vertex 42.40148223936558 29.66875473409891 0
      vertex 42.40148223936558 29.66875473409891 3.2
      vertex 40.44841731339693 29.99120705574751 0
    endloop
  endfacet
  facet normal -0.16289547209062125 -0.9866433323001649 0
    outer loop
      vertex 40.44841731339693 29.99120705574751 3.2
      vertex 40.44841731339693 29.99120705574751 0
      vertex 42.40148223936558 29.66875473409891 3.2
    endloop
  endfacet
  facet normal -0.2270762640336351 -0.9738769790443383 0
    outer loop
      vertex 44.329276114702225 29.21925624459982 0
      vertex 44.329276114702225 29.21925624459982 3.2
      vertex 42.40148223936558 29.66875473409891 0
    endloop
  endfacet
  facet normal -0.2270762640336351 -0.9738769790443383 0
    outer loop
      vertex 42.40148223936558 29.66875473409891 3.2
      vertex 42.40148223936558 29.66875473409891 0
      vertex 44.329276114702225 29.21925624459982 3.2
    endloop
  endfacet
  facet normal -0.2902846784337721 -0.9569403353744692 0
    outer loop
      vertex 46.22354382276535 28.644636414945126 0
      vertex 46.22354382276535 28.644636414945126 3.2
      vertex 44.329276114702225 29.21925624459982 0
    endloop
  endfacet
  facet normal -0.2902846784337721 -0.9569403353744692 0
    outer loop
      vertex 44.329276114702225 29.21925624459982 3.2
      vertex 44.329276114702225 29.21925624459982 0
      vertex 46.22354382276535 28.644636414945126 3.2
    endloop
  endfacet
  facet normal -0.35225004657308273 -0.9359059272647338 0
    outer loop
      vertex 48.076173827052116 27.94735585898161 0
      vertex 48.076173827052116 27.94735585898161 3.2
      vertex 46.22354382276535 28.644636414945126 0
    endloop
  endfacet
  facet normal -0.35225004657308273 -0.9359059272647338 0
    outer loop
      vertex 46.22354382276535 28.644636414945126 3.2
      vertex 46.22354382276535 28.644636414945126 0
      vertex 48.076173827052116 27.94735585898161 3.2
    endloop
  endfacet
  facet normal -0.41270702907287604 -0.9108638252526225 0
    outer loop
      vertex 49.87923287600279 27.13040043413639 0
      vertex 49.87923287600279 27.13040043413639 3.2
      vertex 48.076173827052116 27.94735585898161 0
    endloop
  endfacet
  facet normal -0.41270702907287604 -0.9108638252526225 0
    outer loop
      vertex 48.076173827052116 27.94735585898161 3.2
      vertex 48.076173827052116 27.94735585898161 0
      vertex 49.87923287600279 27.13040043413639 3.2
    endloop
  endfacet
  facet normal -0.47139673757721456 -0.8819212639468211 0
    outer loop
      vertex 51.625 26.197268463671207 0
      vertex 51.625 26.197268463671207 3.2
      vertex 49.87923287600279 27.13040043413639 0
    endloop
  endfacet
  facet normal -0.47139673757721456 -0.8819212639468211 0
    outer loop
      vertex 49.87923287600279 27.13040043413639 3.2
      vertex 49.87923287600279 27.13040043413639 0
      vertex 51.625 26.197268463671207 3.2
    endloop
  endfacet
  facet normal -0.5280678520612452 -0.849202180649239 0
    outer loop
      vertex 53.30599954724312 25.151955768465996 0
      vertex 53.30599954724312 25.151955768465996 3.2
      vertex 51.625 26.197268463671207 0
    endloop
  endfacet
  facet normal -0.5280678520612452 -0.849202180649239 0
    outer loop
      vertex 51.625 26.197268463671207 3.2
      vertex 51.625 26.197268463671207 0
      vertex 53.30599954724312 25.151955768465996 3.2
    endloop
  endfacet
  facet normal -0.5824776943798148 -0.8128466863744819 0
    outer loop
      vertex 54.91503322869539 23.99893854558468 0
      vertex 54.91503322869539 23.99893854558468 3.2
      vertex 53.30599954724312 25.151955768465996 0
    endloop
  endfacet
  facet normal -0.5824776943798148 -0.8128466863744819 0
    outer loop
      vertex 53.30599954724312 25.151955768465996 3.2
      vertex 53.30599954724312 25.151955768465996 0
      vertex 54.91503322869539 23.99893854558468 3.2
    endloop
  endfacet
  facet normal -0.6343932859081808 -0.7730104519310338 0
    outer loop
      vertex 56.44521090388298 22.743154175579548 0
      vertex 56.44521090388298 22.743154175579548 3.2
      vertex 54.91503322869539 23.99893854558468 0
    endloop
  endfacet
  facet normal -0.6343932859081808 -0.7730104519310338 0
    outer loop
      vertex 54.91503322869539 23.99893854558468 3.2
      vertex 54.91503322869539 23.99893854558468 0
      vertex 56.44521090388298 22.743154175579548 3.2
    endloop
  endfacet
  facet normal -0.6835923016347318 -0.7298640730613679 0
    outer loop
      vertex 57.889980129897594 21.389980129897594 0
      vertex 57.889980129897594 21.389980129897594 3.2
      vertex 56.44521090388298 22.743154175579548 0
    endloop
  endfacet
  facet normal -0.6835923016347318 -0.7298640730613679 0
    outer loop
      vertex 56.44521090388298 22.743154175579548 3.2
      vertex 56.44521090388298 22.743154175579548 0
      vertex 57.889980129897594 21.389980129897594 3.2
    endloop
  endfacet
  facet normal -0.7298640730613679 -0.6835923016347318 0
    outer loop
      vertex 59.24315417557955 19.94521090388298 0
      vertex 59.24315417557955 19.94521090388298 3.2
      vertex 57.889980129897594 21.389980129897594 0
    endloop
  endfacet
  facet normal -0.7298640730613679 -0.6835923016347318 0
    outer loop
      vertex 57.889980129897594 21.389980129897594 3.2
      vertex 57.889980129897594 21.389980129897594 0
      vertex 59.24315417557955 19.94521090388298 3.2
    endloop
  endfacet
  facet normal -0.7730104519310338 -0.6343932859081808 0
    outer loop
      vertex 60.49893854558468 18.415033228695393 0
      vertex 60.49893854558468 18.415033228695393 3.2
      vertex 59.24315417557955 19.94521090388298 0
    endloop
  endfacet
  facet normal -0.7730104519310338 -0.6343932859081808 0
    outer loop
      vertex 59.24315417557955 19.94521090388298 3.2
      vertex 59.24315417557955 19.94521090388298 0
      vertex 60.49893854558468 18.415033228695393 3.2
    endloop
  endfacet
  facet normal -0.8128466863744819 -0.5824776943798148 0
    outer loop
      vertex 61.651955768465996 16.80599954724312 0
      vertex 61.651955768465996 16.80599954724312 3.2
      vertex 60.49893854558468 18.415033228695393 0
    endloop
  endfacet
  facet normal -0.8128466863744819 -0.5824776943798148 0
    outer loop
      vertex 60.49893854558468 18.415033228695393 3.2
      vertex 60.49893854558468 18.415033228695393 0
      vertex 61.651955768465996 16.80599954724312 3.2
    endloop
  endfacet
  facet normal -0.849202180649239 -0.5280678520612452 0
    outer loop
      vertex 62.69726846367121 15.125 0
      vertex 62.69726846367121 15.125 3.2
      vertex 61.651955768465996 16.80599954724312 0
    endloop
  endfacet
  facet normal -0.849202180649239 -0.5280678520612452 0
    outer loop
      vertex 61.651955768465996 16.80599954724312 3.2
      vertex 61.651955768465996 16.80599954724312 0
      vertex 62.69726846367121 15.125 3.2
    endloop
  endfacet
  facet normal -0.8819212639468211 -0.47139673757721456 0
    outer loop
      vertex 63.63040043413639 13.379232876002789 0
      vertex 63.63040043413639 13.379232876002789 3.2
      vertex 62.69726846367121 15.125 0
    endloop
  endfacet
  facet normal -0.8819212639468211 -0.47139673757721456 0
    outer loop
      vertex 62.69726846367121 15.125 3.2
      vertex 62.69726846367121 15.125 0
      vertex 63.63040043413639 13.379232876002789 3.2
    endloop
  endfacet
  facet normal -0.9108638252526225 -0.41270702907287604 0
    outer loop
      vertex 64.44735585898161 11.576173827052116 0
      vertex 64.44735585898161 11.576173827052116 3.2
      vertex 63.63040043413639 13.379232876002789 0
    endloop
  endfacet
  facet normal -0.9108638252526225 -0.41270702907287604 0
    outer loop
      vertex 63.63040043413639 13.379232876002789 3.2
      vertex 63.63040043413639 13.379232876002789 0
      vertex 64.44735585898161 11.576173827052116 3.2
    endloop
  endfacet
  facet normal -0.9359059272647338 -0.35225004657308273 0
    outer loop
      vertex 65.14463641494513 9.72354382276535 0
      vertex 65.14463641494513 9.72354382276535 3.2
      vertex 64.44735585898161 11.576173827052116 0
    endloop
  endfacet
  facet normal -0.9359059272647338 -0.35225004657308273 0
    outer loop
      vertex 64.44735585898161 11.576173827052116 3.2
      vertex 64.44735585898161 11.576173827052116 0
      vertex 65.14463641494513 9.72354382276535 3.2
    endloop
  endfacet
  facet normal -0.9569403353744692 -0.2902846784337721 0
    outer loop
      vertex 65.71925624459982 7.829276114702225 0
      vertex 65.71925624459982 7.829276114702225 3.2
      vertex 65.14463641494513 9.72354382276535 0
    endloop
  endfacet
  facet normal -0.9569403353744692 -0.2902846784337721 0
    outer loop
      vertex 65.14463641494513 9.72354382276535 3.2
      vertex 65.14463641494513 9.72354382276535 0
      vertex 65.71925624459982 7.829276114702225 3.2
    endloop
  endfacet
  facet normal -0.9738769790443383 -0.2270762640336351 0
    outer loop
      vertex 66.16875473409891 5.901482239365578 0
      vertex 66.16875473409891 5.901482239365578 3.2
      vertex 65.71925624459982 7.829276114702225 0
    endloop
  endfacet
  facet normal -0.9738769790443383 -0.2270762640336351 0
    outer loop
      vertex 65.71925624459982 7.829276114702225 3.2
      vertex 65.71925624459982 7.829276114702225 0
      vertex 66.16875473409891 5.901482239365578 3.2
    endloop
  endfacet
  facet normal -0.9866433323001649 -0.16289547209062125 0
    outer loop
      vertex 66.49120705574751 3.9484173133969307 0
      vertex 66.49120705574751 3.9484173133969307 3.2
      vertex 66.16875473409891 5.901482239365578 0
    endloop
  endfacet
  facet normal -0.9866433323001649 -0.16289547209062125 0
    outer loop
      vertex 66.16875473409891 5.901482239365578 3.2
      vertex 66.16875473409891 5.901482239365578 0
      vertex 66.49120705574751 3.9484173133969307 3.2
    endloop
  endfacet
  facet normal -0.9951847264965054 -0.09801714211338662 0
    outer loop
      vertex 66.68523243069649 1.9784446582198143 0
      vertex 66.68523243069649 1.9784446582198143 3.2
      vertex 66.49120705574751 3.9484173133969307 0
    endloop
  endfacet
  facet normal -0.9951847264965054 -0.09801714211338662 0
    outer loop
      vertex 66.49120705574751 3.9484173133969307 3.2
      vertex 66.49120705574751 3.9484173133969307 0
      vertex 66.68523243069649 1.9784446582198143 3.2
    endloop
  endfacet
  facet normal -0.999464587520908 -0.0327190814611479 0
    outer loop
      vertex 66.75 0 0
      vertex 66.75 0 3.2
      vertex 66.68523243069649 1.9784446582198143 0
    endloop
  endfacet
  facet normal -0.999464587520908 -0.0327190814611479 0
    outer loop
      vertex 66.68523243069649 1.9784446582198143 3.2
      vertex 66.68523243069649 1.9784446582198143 0
      vertex 66.75 0 3.2
    endloop
  endfacet
  facet normal -0.999464587520908 0.0327190814611479 0
    outer loop
      vertex 66.68523243069649 -1.9784446582198143 0
      vertex 66.68523243069649 -1.9784446582198143 3.2
      vertex 66.75 0 0
    endloop
  endfacet
  facet normal -0.999464587520908 0.0327190814611479 0
    outer loop
      vertex 66.75 0 3.2
      vertex 66.75 0 0
      vertex 66.68523243069649 -1.9784446582198143 3.2
    endloop
  endfacet
  facet normal -0.9951847264965054 0.09801714211338662 0
    outer loop
      vertex 66.49120705574751 -3.9484173133969307 0
      vertex 66.49120705574751 -3.9484173133969307 3.2
      vertex 66.68523243069649 -1.9784446582198143 0
    endloop
  endfacet
  facet normal -0.9951847264965054 0.09801714211338662 0
    outer loop
      vertex 66.68523243069649 -1.9784446582198143 3.2
      vertex 66.68523243069649 -1.9784446582198143 0
      vertex 66.49120705574751 -3.9484173133969307 3.2
    endloop
  endfacet
  facet normal -0.9866433323001649 0.16289547209062125 0
    outer loop
      vertex 66.16875473409891 -5.901482239365578 0
      vertex 66.16875473409891 -5.901482239365578 3.2
      vertex 66.49120705574751 -3.9484173133969307 0
    endloop
  endfacet
  facet normal -0.9866433323001649 0.16289547209062125 0
    outer loop
      vertex 66.49120705574751 -3.9484173133969307 3.2
      vertex 66.49120705574751 -3.9484173133969307 0
      vertex 66.16875473409891 -5.901482239365578 3.2
    endloop
  endfacet
  facet normal -0.9738769790443383 0.2270762640336351 0
    outer loop
      vertex 65.71925624459982 -7.829276114702225 0
      vertex 65.71925624459982 -7.829276114702225 3.2
      vertex 66.16875473409891 -5.901482239365578 0
    endloop
  endfacet
  facet normal -0.9738769790443383 0.2270762640336351 0
    outer loop
      vertex 66.16875473409891 -5.901482239365578 3.2
      vertex 66.16875473409891 -5.901482239365578 0
      vertex 65.71925624459982 -7.829276114702225 3.2
    endloop
  endfacet
  facet normal -0.9569403353744692 0.2902846784337721 0
    outer loop
      vertex 65.14463641494513 -9.72354382276535 0
      vertex 65.14463641494513 -9.72354382276535 3.2
      vertex 65.71925624459982 -7.829276114702225 0
    endloop
  endfacet
  facet normal -0.9569403353744692 0.2902846784337721 0
    outer loop
      vertex 65.71925624459982 -7.829276114702225 3.2
      vertex 65.71925624459982 -7.829276114702225 0
      vertex 65.14463641494513 -9.72354382276535 3.2
    endloop
  endfacet
  facet normal -0.9359059272647338 0.35225004657308273 0
    outer loop
      vertex 64.44735585898161 -11.576173827052116 0
      vertex 64.44735585898161 -11.576173827052116 3.2
      vertex 65.14463641494513 -9.72354382276535 0
    endloop
  endfacet
  facet normal -0.9359059272647338 0.35225004657308273 0
    outer loop
      vertex 65.14463641494513 -9.72354382276535 3.2
      vertex 65.14463641494513 -9.72354382276535 0
      vertex 64.44735585898161 -11.576173827052116 3.2
    endloop
  endfacet
  facet normal -0.9108638252526225 0.41270702907287604 0
    outer loop
      vertex 63.63040043413639 -13.379232876002789 0
      vertex 63.63040043413639 -13.379232876002789 3.2
      vertex 64.44735585898161 -11.576173827052116 0
    endloop
  endfacet
  facet normal -0.9108638252526225 0.41270702907287604 0
    outer loop
      vertex 64.44735585898161 -11.576173827052116 3.2
      vertex 64.44735585898161 -11.576173827052116 0
      vertex 63.63040043413639 -13.379232876002789 3.2
    endloop
  endfacet
  facet normal -0.8819212639468211 0.47139673757721456 0
    outer loop
      vertex 62.69726846367121 -15.125 0
      vertex 62.69726846367121 -15.125 3.2
      vertex 63.63040043413639 -13.379232876002789 0
    endloop
  endfacet
  facet normal -0.8819212639468211 0.47139673757721456 0
    outer loop
      vertex 63.63040043413639 -13.379232876002789 3.2
      vertex 63.63040043413639 -13.379232876002789 0
      vertex 62.69726846367121 -15.125 3.2
    endloop
  endfacet
  facet normal -0.849202180649239 0.5280678520612452 0
    outer loop
      vertex 61.651955768465996 -16.80599954724312 0
      vertex 61.651955768465996 -16.80599954724312 3.2
      vertex 62.69726846367121 -15.125 0
    endloop
  endfacet
  facet normal -0.849202180649239 0.5280678520612452 0
    outer loop
      vertex 62.69726846367121 -15.125 3.2
      vertex 62.69726846367121 -15.125 0
      vertex 61.651955768465996 -16.80599954724312 3.2
    endloop
  endfacet
  facet normal -0.8128466863744819 0.5824776943798148 0
    outer loop
      vertex 60.49893854558468 -18.415033228695393 0
      vertex 60.49893854558468 -18.415033228695393 3.2
      vertex 61.651955768465996 -16.80599954724312 0
    endloop
  endfacet
  facet normal -0.8128466863744819 0.5824776943798148 0
    outer loop
      vertex 61.651955768465996 -16.80599954724312 3.2
      vertex 61.651955768465996 -16.80599954724312 0
      vertex 60.49893854558468 -18.415033228695393 3.2
    endloop
  endfacet
  facet normal -0.7730104519310338 0.6343932859081808 0
    outer loop
      vertex 59.24315417557955 -19.94521090388298 0
      vertex 59.24315417557955 -19.94521090388298 3.2
      vertex 60.49893854558468 -18.415033228695393 0
    endloop
  endfacet
  facet normal -0.7730104519310338 0.6343932859081808 0
    outer loop
      vertex 60.49893854558468 -18.415033228695393 3.2
      vertex 60.49893854558468 -18.415033228695393 0
      vertex 59.24315417557955 -19.94521090388298 3.2
    endloop
  endfacet
  facet normal -0.7298640730613679 0.6835923016347318 0
    outer loop
      vertex 57.889980129897594 -21.389980129897594 0
      vertex 57.889980129897594 -21.389980129897594 3.2
      vertex 59.24315417557955 -19.94521090388298 0
    endloop
  endfacet
  facet normal -0.7298640730613679 0.6835923016347318 0
    outer loop
      vertex 59.24315417557955 -19.94521090388298 3.2
      vertex 59.24315417557955 -19.94521090388298 0
      vertex 57.889980129897594 -21.389980129897594 3.2
    endloop
  endfacet
  facet normal -0.6835923016347318 0.7298640730613679 0
    outer loop
      vertex 56.44521090388298 -22.743154175579548 0
      vertex 56.44521090388298 -22.743154175579548 3.2
      vertex 57.889980129897594 -21.389980129897594 0
    endloop
  endfacet
  facet normal -0.6835923016347318 0.7298640730613679 0
    outer loop
      vertex 57.889980129897594 -21.389980129897594 3.2
      vertex 57.889980129897594 -21.389980129897594 0
      vertex 56.44521090388298 -22.743154175579548 3.2
    endloop
  endfacet
  facet normal -0.6343932859081808 0.7730104519310338 0
    outer loop
      vertex 54.91503322869539 -23.99893854558468 0
      vertex 54.91503322869539 -23.99893854558468 3.2
      vertex 56.44521090388298 -22.743154175579548 0
    endloop
  endfacet
  facet normal -0.6343932859081808 0.7730104519310338 0
    outer loop
      vertex 56.44521090388298 -22.743154175579548 3.2
      vertex 56.44521090388298 -22.743154175579548 0
      vertex 54.91503322869539 -23.99893854558468 3.2
    endloop
  endfacet
  facet normal -0.5824776943798148 0.8128466863744819 0
    outer loop
      vertex 53.30599954724312 -25.151955768465996 0
      vertex 53.30599954724312 -25.151955768465996 3.2
      vertex 54.91503322869539 -23.99893854558468 0
    endloop
  endfacet
  facet normal -0.5824776943798148 0.8128466863744819 0
    outer loop
      vertex 54.91503322869539 -23.99893854558468 3.2
      vertex 54.91503322869539 -23.99893854558468 0
      vertex 53.30599954724312 -25.151955768465996 3.2
    endloop
  endfacet
  facet normal -0.5280678520612452 0.849202180649239 0
    outer loop
      vertex 51.625 -26.197268463671207 0
      vertex 51.625 -26.197268463671207 3.2
      vertex 53.30599954724312 -25.151955768465996 0
    endloop
  endfacet
  facet normal -0.5280678520612452 0.849202180649239 0
    outer loop
      vertex 53.30599954724312 -25.151955768465996 3.2
      vertex 53.30599954724312 -25.151955768465996 0
      vertex 51.625 -26.197268463671207 3.2
    endloop
  endfacet
  facet normal -0.47139673757721456 0.8819212639468211 0
    outer loop
      vertex 49.87923287600279 -27.13040043413639 0
      vertex 49.87923287600279 -27.13040043413639 3.2
      vertex 51.625 -26.197268463671207 0
    endloop
  endfacet
  facet normal -0.47139673757721456 0.8819212639468211 0
    outer loop
      vertex 51.625 -26.197268463671207 3.2
      vertex 51.625 -26.197268463671207 0
      vertex 49.87923287600279 -27.13040043413639 3.2
    endloop
  endfacet
  facet normal -0.41270702907287604 0.9108638252526225 0
    outer loop
      vertex 48.076173827052116 -27.94735585898161 0
      vertex 48.076173827052116 -27.94735585898161 3.2
      vertex 49.87923287600279 -27.13040043413639 0
    endloop
  endfacet
  facet normal -0.41270702907287604 0.9108638252526225 0
    outer loop
      vertex 49.87923287600279 -27.13040043413639 3.2
      vertex 49.87923287600279 -27.13040043413639 0
      vertex 48.076173827052116 -27.94735585898161 3.2
    endloop
  endfacet
  facet normal -0.35225004657308273 0.9359059272647338 0
    outer loop
      vertex 46.22354382276535 -28.644636414945126 0
      vertex 46.22354382276535 -28.644636414945126 3.2
      vertex 48.076173827052116 -27.94735585898161 0
    endloop
  endfacet
  facet normal -0.35225004657308273 0.9359059272647338 0
    outer loop
      vertex 48.076173827052116 -27.94735585898161 3.2
      vertex 48.076173827052116 -27.94735585898161 0
      vertex 46.22354382276535 -28.644636414945126 3.2
    endloop
  endfacet
  facet normal -0.2902846784337721 0.9569403353744692 0
    outer loop
      vertex 44.329276114702225 -29.21925624459982 0
      vertex 44.329276114702225 -29.21925624459982 3.2
      vertex 46.22354382276535 -28.644636414945126 0
    endloop
  endfacet
  facet normal -0.2902846784337721 0.9569403353744692 0
    outer loop
      vertex 46.22354382276535 -28.644636414945126 3.2
      vertex 46.22354382276535 -28.644636414945126 0
      vertex 44.329276114702225 -29.21925624459982 3.2
    endloop
  endfacet
  facet normal -0.2270762640336351 0.9738769790443383 0
    outer loop
      vertex 42.40148223936558 -29.66875473409891 0
      vertex 42.40148223936558 -29.66875473409891 3.2
      vertex 44.329276114702225 -29.21925624459982 0
    endloop
  endfacet
  facet normal -0.2270762640336351 0.9738769790443383 0
    outer loop
      vertex 44.329276114702225 -29.21925624459982 3.2
      vertex 44.329276114702225 -29.21925624459982 0
      vertex 42.40148223936558 -29.66875473409891 3.2
    endloop
  endfacet
  facet normal -0.16289547209062125 0.9866433323001649 0
    outer loop
      vertex 40.44841731339693 -29.99120705574751 0
      vertex 40.44841731339693 -29.99120705574751 3.2
      vertex 42.40148223936558 -29.66875473409891 0
    endloop
  endfacet
  facet normal -0.16289547209062125 0.9866433323001649 0
    outer loop
      vertex 42.40148223936558 -29.66875473409891 3.2
      vertex 42.40148223936558 -29.66875473409891 0
      vertex 40.44841731339693 -29.99120705574751 3.2
    endloop
  endfacet
  facet normal -0.09801712091720852 0.9951847285841465 0
    outer loop
      vertex 40.28678601235151 -30.007126346230507 0
      vertex 40.28678601235151 -30.007126346230507 3.2
      vertex 40.44841731339693 -29.99120705574751 0
    endloop
  endfacet
  facet normal -0.09801712091720852 0.9951847285841465 0
    outer loop
      vertex 40.44841731339693 -29.99120705574751 3.2
      vertex 40.44841731339693 -29.99120705574751 0
      vertex 40.28678601235151 -30.007126346230507 3.2
    endloop
  endfacet
  facet normal -0.9108638336881426 -0.41270701045528624 0
    outer loop
      vertex 40.332534968853 -30.108096450567245 0
      vertex 40.332534968853 -30.108096450567245 3.2
      vertex 40.28678601235151 -30.007126346230507 0
    endloop
  endfacet
  facet normal -0.9108638336881426 -0.41270701045528624 0
    outer loop
      vertex 40.28678601235151 -30.007126346230507 3.2
      vertex 40.28678601235151 -30.007126346230507 0
      vertex 40.332534968853 -30.108096450567245 3.2
    endloop
  endfacet
  facet normal -0.9359059348001256 -0.35225002655202603 0
    outer loop
      vertex 40.38324628025293 -30.24283318221569 0
      vertex 40.38324628025293 -30.24283318221569 3.2
      vertex 40.332534968853 -30.108096450567245 0
    endloop
  endfacet
  facet normal -0.9359059348001256 -0.35225002655202603 0
    outer loop
      vertex 40.332534968853 -30.108096450567245 3.2
      vertex 40.332534968853 -30.108096450567245 0
      vertex 40.38324628025293 -30.24283318221569 3.2
    endloop
  endfacet
  facet normal -0.9569403261936907 -0.2902847086987408 0
    outer loop
      vertex 40.42503681778908 -30.380598105490208 0
      vertex 40.42503681778908 -30.380598105490208 3.2
      vertex 40.38324628025293 -30.24283318221569 0
    endloop
  endfacet
  facet normal -0.9569403261936907 -0.2902847086987408 0
    outer loop
      vertex 40.38324628025293 -30.24283318221569 3.2
      vertex 40.38324628025293 -30.24283318221569 0
      vertex 40.42503681778908 -30.380598105490208 3.2
    endloop
  endfacet
  facet normal -0.9738769862109585 -0.22707623329767604 0
    outer loop
      vertex 40.45772761106491 -30.520801290869713 0
      vertex 40.45772761106491 -30.520801290869713 3.2
      vertex 40.42503681778908 -30.380598105490208 0
    endloop
  endfacet
  facet normal -0.9738769862109585 -0.22707623329767604 0
    outer loop
      vertex 40.42503681778908 -30.380598105490208 3.2
      vertex 40.42503681778908 -30.380598105490208 0
      vertex 40.45772761106491 -30.520801290869713 3.2
    endloop
  endfacet
  facet normal -0.9866433276091399 -0.16289550050373786 0
    outer loop
      vertex 40.48117869347334 -30.662842378020287 0
      vertex 40.48117869347334 -30.662842378020287 3.2
      vertex 40.45772761106491 -30.520801290869713 0
    endloop
  endfacet
  facet normal -0.9866433276091399 -0.16289550050373786 0
    outer loop
      vertex 40.45772761106491 -30.520801290869713 3.2
      vertex 40.45772761106491 -30.520801290869713 0
      vertex 40.48117869347334 -30.662842378020287 3.2
    endloop
  endfacet
  facet normal -0.9951847255695989 -0.09801715152442479 0
    outer loop
      vertex 40.495289631187916 -30.806113116443157 0
      vertex 40.495289631187916 -30.806113116443157 3.2
      vertex 40.48117869347334 -30.662842378020287 0
    endloop
  endfacet
  facet normal -0.9951847255695989 -0.09801715152442479 0
    outer loop
      vertex 40.48117869347334 -30.662842378020287 3.2
      vertex 40.48117869347334 -30.662842378020287 0
      vertex 40.495289631187916 -30.806113116443157 3.2
    endloop
  endfacet
  facet normal -0.9994645875072617 -0.032719081877998255 0
    outer loop
      vertex 40.5 -30.950000002980232 0
      vertex 40.5 -30.950000002980232 3.2
      vertex 40.495289631187916 -30.806113116443157 0
    endloop
  endfacet
  facet normal -0.9994645875072617 -0.032719081877998255 0
    outer loop
      vertex 40.495289631187916 -30.806113116443157 3.2
      vertex 40.495289631187916 -30.806113116443157 0
      vertex 40.5 -30.950000002980232 3.2
    endloop
  endfacet
  facet normal -1 0 0
    outer loop
      vertex 40.5 -36.54999999701977 0
      vertex 40.5 -36.54999999701977 3.2
      vertex 40.5 -30.950000002980232 0
    endloop
  endfacet
  facet normal -1 0 0
    outer loop
      vertex 40.5 -30.950000002980232 3.2
      vertex 40.5 -30.950000002980232 0
      vertex 40.5 -36.54999999701977 3.2
    endloop
  endfacet
  facet normal -0.9994645875072617 0.032719081877998255 0
    outer loop
      vertex 40.495289631187916 -36.69388688355684 0
      vertex 40.495289631187916 -36.69388688355684 3.2
      vertex 40.5 -36.54999999701977 0
    endloop
  endfacet
  facet normal -0.9994645875072617 0.032719081877998255 0
    outer loop
      vertex 40.5 -36.54999999701977 3.2
      vertex 40.5 -36.54999999701977 0
      vertex 40.495289631187916 -36.69388688355684 3.2
    endloop
  endfacet
  facet normal -0.9951847255695989 0.09801715152442479 0
    outer loop
      vertex 40.48117869347334 -36.83715762197971 0
      vertex 40.48117869347334 -36.83715762197971 3.2
      vertex 40.495289631187916 -36.69388688355684 0
    endloop
  endfacet
  facet normal -0.9951847255695989 0.09801715152442479 0
    outer loop
      vertex 40.495289631187916 -36.69388688355684 3.2
      vertex 40.495289631187916 -36.69388688355684 0
      vertex 40.48117869347334 -36.83715762197971 3.2
    endloop
  endfacet
  facet normal -0.9866433276091399 0.16289550050373786 0
    outer loop
      vertex 40.45772761106491 -36.97919870913029 0
      vertex 40.45772761106491 -36.97919870913029 3.2
      vertex 40.48117869347334 -36.83715762197971 0
    endloop
  endfacet
  facet normal -0.9866433276091399 0.16289550050373786 0
    outer loop
      vertex 40.48117869347334 -36.83715762197971 3.2
      vertex 40.48117869347334 -36.83715762197971 0
      vertex 40.45772761106491 -36.97919870913029 3.2
    endloop
  endfacet
  facet normal -0.9738769862109585 0.22707623329767604 0
    outer loop
      vertex 40.42503681778908 -37.11940189450979 0
      vertex 40.42503681778908 -37.11940189450979 3.2
      vertex 40.45772761106491 -36.97919870913029 0
    endloop
  endfacet
  facet normal -0.9738769862109585 0.22707623329767604 0
    outer loop
      vertex 40.45772761106491 -36.97919870913029 3.2
      vertex 40.45772761106491 -36.97919870913029 0
      vertex 40.42503681778908 -37.11940189450979 3.2
    endloop
  endfacet
  facet normal -0.9569403261936907 0.2902847086987408 0
    outer loop
      vertex 40.38324628025293 -37.25716681778431 0
      vertex 40.38324628025293 -37.25716681778431 3.2
      vertex 40.42503681778908 -37.11940189450979 0
    endloop
  endfacet
  facet normal -0.9569403261936907 0.2902847086987408 0
    outer loop
      vertex 40.42503681778908 -37.11940189450979 3.2
      vertex 40.42503681778908 -37.11940189450979 0
      vertex 40.38324628025293 -37.25716681778431 3.2
    endloop
  endfacet
  facet normal -0.9359059348001256 0.35225002655202603 0
    outer loop
      vertex 40.332534968853 -37.391903549432755 0
      vertex 40.332534968853 -37.391903549432755 3.2
      vertex 40.38324628025293 -37.25716681778431 0
    endloop
  endfacet
  facet normal -0.9359059348001256 0.35225002655202603 0
    outer loop
      vertex 40.38324628025293 -37.25716681778431 3.2
      vertex 40.38324628025293 -37.25716681778431 0
      vertex 40.332534968853 -37.391903549432755 3.2
    endloop
  endfacet
  facet normal -0.9108638300445372 0.4127070184968952 0
    outer loop
      vertex 40.273120030760765 -37.5230351164937 0
      vertex 40.273120030760765 -37.5230351164937 3.2
      vertex 40.332534968853 -37.391903549432755 0
    endloop
  endfacet
  facet normal -0.9108638300445372 0.4127070184968952 0
    outer loop
      vertex 40.332534968853 -37.391903549432755 3.2
      vertex 40.332534968853 -37.391903549432755 0
      vertex 40.273120030760765 -37.5230351164937 3.2
    endloop
  endfacet
  facet normal -0.8819212671033585 0.47139673167174867 0
    outer loop
      vertex 40.20525588840246 -37.649999998509884 0
      vertex 40.20525588840246 -37.649999998509884 3.2
      vertex 40.273120030760765 -37.5230351164937 0
    endloop
  endfacet
  facet normal -0.8819212671033585 0.47139673167174867 0
    outer loop
      vertex 40.273120030760765 -37.5230351164937 3.2
      vertex 40.273120030760765 -37.5230351164937 0
      vertex 40.20525588840246 -37.649999998509884 3.2
    endloop
  endfacet
  facet normal -0.8492021735219449 0.5280678635228663 0
    outer loop
      vertex 40.12923314422369 -37.77225451171398 0
      vertex 40.12923314422369 -37.77225451171398 3.2
      vertex 40.20525588840246 -37.649999998509884 0
    endloop
  endfacet
  facet normal -0.8492021735219449 0.5280678635228663 0
    outer loop
      vertex 40.20525588840246 -37.649999998509884 3.2
      vertex 40.20525588840246 -37.649999998509884 0
      vertex 40.12923314422369 -37.77225451171398 3.2
    endloop
  endfacet
  facet normal -0.8128466740119753 0.5824777116316723 0
    outer loop
      vertex 40.04537734389305 -37.88927514106035 0
      vertex 40.04537734389305 -37.88927514106035 3.2
      vertex 40.12923314422369 -37.77225451171398 0
    endloop
  endfacet
  facet normal -0.8128466740119753 0.5824777116316723 0
    outer loop
      vertex 40.12923314422369 -37.77225451171398 3.2
      vertex 40.12923314422369 -37.77225451171398 0
      vertex 40.04537734389305 -37.88927514106035 3.2
    endloop
  endfacet
  facet normal -0.7730104661530044 0.6343932685786592 0
    outer loop
      vertex 39.954047575592995 -38.00056079030037 0
      vertex 39.954047575592995 -38.00056079030037 3.2
      vertex 40.04537734389305 -37.88927514106035 0
    endloop
  endfacet
  facet normal -0.7730104661530044 0.6343932685786592 0
    outer loop
      vertex 40.04537734389305 -37.88927514106035 3.2
      vertex 40.04537734389305 -37.88927514106035 0
      vertex 39.954047575592995 -38.00056079030037 3.2
    endloop
  endfacet
  facet normal -0.7298640464865996 0.6835923300083221 0
    outer loop
      vertex 39.85563491284847 -38.10563491284847 0
      vertex 39.85563491284847 -38.10563491284847 3.2
      vertex 39.954047575592995 -38.00056079030037 0
    endloop
  endfacet
  facet normal -0.7298640464865996 0.6835923300083221 0
    outer loop
      vertex 39.954047575592995 -38.00056079030037 3.2
      vertex 39.954047575592995 -38.00056079030037 0
      vertex 39.85563491284847 -38.10563491284847 3.2
    endloop
  endfacet
  facet normal -0.6835923300083221 0.7298640464865996 0
    outer loop
      vertex 39.75056079030037 -38.204047575592995 0
      vertex 39.75056079030037 -38.204047575592995 3.2
      vertex 39.85563491284847 -38.10563491284847 0
    endloop
  endfacet
  facet normal -0.6835923300083221 0.7298640464865996 0
    outer loop
      vertex 39.85563491284847 -38.10563491284847 3.2
      vertex 39.85563491284847 -38.10563491284847 0
      vertex 39.75056079030037 -38.204047575592995 3.2
    endloop
  endfacet
  facet normal -0.6343932685786592 0.7730104661530044 0
    outer loop
      vertex 39.63927514106035 -38.29537734389305 0
      vertex 39.63927514106035 -38.29537734389305 3.2
      vertex 39.75056079030037 -38.204047575592995 0
    endloop
  endfacet
  facet normal -0.6343932685786592 0.7730104661530044 0
    outer loop
      vertex 39.75056079030037 -38.204047575592995 3.2
      vertex 39.75056079030037 -38.204047575592995 0
      vertex 39.63927514106035 -38.29537734389305 3.2
    endloop
  endfacet
  facet normal -0.5824777116316723 0.8128466740119753 0
    outer loop
      vertex 39.52225451171398 -38.37923314422369 0
      vertex 39.52225451171398 -38.37923314422369 3.2
      vertex 39.63927514106035 -38.29537734389305 0
    endloop
  endfacet
  facet normal -0.5824777116316723 0.8128466740119753 0
    outer loop
      vertex 39.63927514106035 -38.29537734389305 3.2
      vertex 39.63927514106035 -38.29537734389305 0
      vertex 39.52225451171398 -38.37923314422369 3.2
    endloop
  endfacet
  facet normal -0.5280678635228663 0.8492021735219449 0
    outer loop
      vertex 39.399999998509884 -38.45525588840246 0
      vertex 39.399999998509884 -38.45525588840246 3.2
      vertex 39.52225451171398 -38.37923314422369 0
    endloop
  endfacet
  facet normal -0.5280678635228663 0.8492021735219449 0
    outer loop
      vertex 39.52225451171398 -38.37923314422369 3.2
      vertex 39.52225451171398 -38.37923314422369 0
      vertex 39.399999998509884 -38.45525588840246 3.2
    endloop
  endfacet
  facet normal -0.47139673167174867 0.8819212671033585 0
    outer loop
      vertex 39.2730351164937 -38.523120030760765 0
      vertex 39.2730351164937 -38.523120030760765 3.2
      vertex 39.399999998509884 -38.45525588840246 0
    endloop
  endfacet
  facet normal -0.47139673167174867 0.8819212671033585 0
    outer loop
      vertex 39.399999998509884 -38.45525588840246 3.2
      vertex 39.399999998509884 -38.45525588840246 0
      vertex 39.2730351164937 -38.523120030760765 3.2
    endloop
  endfacet
  facet normal -0.4127070184968952 0.9108638300445372 0
    outer loop
      vertex 39.141903549432755 -38.582534968853 0
      vertex 39.141903549432755 -38.582534968853 3.2
      vertex 39.2730351164937 -38.523120030760765 0
    endloop
  endfacet
  facet normal -0.4127070184968952 0.9108638300445372 0
    outer loop
      vertex 39.2730351164937 -38.523120030760765 3.2
      vertex 39.2730351164937 -38.523120030760765 0
      vertex 39.141903549432755 -38.582534968853 3.2
    endloop
  endfacet
  facet normal -0.35225002655202603 0.9359059348001256 0
    outer loop
      vertex 39.00716681778431 -38.63324628025293 0
      vertex 39.00716681778431 -38.63324628025293 3.2
      vertex 39.141903549432755 -38.582534968853 0
    endloop
  endfacet
  facet normal -0.35225002655202603 0.9359059348001256 0
    outer loop
      vertex 39.141903549432755 -38.582534968853 3.2
      vertex 39.141903549432755 -38.582534968853 0
      vertex 39.00716681778431 -38.63324628025293 3.2
    endloop
  endfacet
  facet normal -0.2902847086987408 0.9569403261936907 0
    outer loop
      vertex 38.86940189450979 -38.67503681778908 0
      vertex 38.86940189450979 -38.67503681778908 3.2
      vertex 39.00716681778431 -38.63324628025293 0
    endloop
  endfacet
  facet normal -0.2902847086987408 0.9569403261936907 0
    outer loop
      vertex 39.00716681778431 -38.63324628025293 3.2
      vertex 39.00716681778431 -38.63324628025293 0
      vertex 38.86940189450979 -38.67503681778908 3.2
    endloop
  endfacet
  facet normal -0.22707623329767604 0.9738769862109585 0
    outer loop
      vertex 38.72919870913029 -38.70772761106491 0
      vertex 38.72919870913029 -38.70772761106491 3.2
      vertex 38.86940189450979 -38.67503681778908 0
    endloop
  endfacet
  facet normal -0.22707623329767604 0.9738769862109585 0
    outer loop
      vertex 38.86940189450979 -38.67503681778908 3.2
      vertex 38.86940189450979 -38.67503681778908 0
      vertex 38.72919870913029 -38.70772761106491 3.2
    endloop
  endfacet
  facet normal -0.16289550050373786 0.9866433276091399 0
    outer loop
      vertex 38.58715762197971 -38.73117869347334 0
      vertex 38.58715762197971 -38.73117869347334 3.2
      vertex 38.72919870913029 -38.70772761106491 0
    endloop
  endfacet
  facet normal -0.16289550050373786 0.9866433276091399 0
    outer loop
      vertex 38.72919870913029 -38.70772761106491 3.2
      vertex 38.72919870913029 -38.70772761106491 0
      vertex 38.58715762197971 -38.73117869347334 3.2
    endloop
  endfacet
  facet normal -0.09801715152442479 0.9951847255695989 0
    outer loop
      vertex 38.44388688355684 -38.745289631187916 0
      vertex 38.44388688355684 -38.745289631187916 3.2
      vertex 38.58715762197971 -38.73117869347334 0
    endloop
  endfacet
  facet normal -0.09801715152442479 0.9951847255695989 0
    outer loop
      vertex 38.58715762197971 -38.73117869347334 3.2
      vertex 38.58715762197971 -38.73117869347334 0
      vertex 38.44388688355684 -38.745289631187916 3.2
    endloop
  endfacet
  facet normal -0.032719081877998255 0.9994645875072617 0
    outer loop
      vertex 38.29999999701977 -38.75 0
      vertex 38.29999999701977 -38.75 3.2
      vertex 38.44388688355684 -38.745289631187916 0
    endloop
  endfacet
  facet normal -0.032719081877998255 0.9994645875072617 0
    outer loop
      vertex 38.44388688355684 -38.745289631187916 3.2
      vertex 38.44388688355684 -38.745289631187916 0
      vertex 38.29999999701977 -38.75 3.2
    endloop
  endfacet
  facet normal 0 1 0
    outer loop
      vertex 34.70000000298023 -38.75 0
      vertex 34.70000000298023 -38.75 3.2
      vertex 38.29999999701977 -38.75 0
    endloop
  endfacet
  facet normal 0 1 0
    outer loop
      vertex 38.29999999701977 -38.75 3.2
      vertex 38.29999999701977 -38.75 0
      vertex 34.70000000298023 -38.75 3.2
    endloop
  endfacet
  facet normal 0 0 1
    outer loop
      vertex 40.44841731339693 -29.99120705574751 3.2
      vertex 40.28678601235151 -30.007126346230507 3.2
      vertex 40.332534968853 -30.108096450567245 3.2
    endloop
  endfacet
  facet normal 0 0 1
    outer loop
      vertex -40.332534968853 -30.108096450567245 3.2
      vertex -40.28678601235151 -30.007126346230507 3.2
      vertex -40.44841731339693 -29.99120705574751 3.2
    endloop
  endfacet
  facet normal 0 0 1
    outer loop
      vertex 32.667465031147 -30.108096450567245 3.2
      vertex 32.71321398019791 -30.007126346230507 3.2
      vertex 32.55158268660307 -29.99120705574751 3.2
    endloop
  endfacet
  facet normal 0 0 1
    outer loop
      vertex -32.55158268660307 -29.99120705574751 3.2
      vertex -32.71321398019791 -30.007126346230507 3.2
      vertex -32.667465031147 -30.108096450567245 3.2
    endloop
  endfacet
  facet normal 0 0 1
    outer loop
      vertex 6.314767569303513 -1.9784446582198143 3.2
      vertex 6.25 0 3.2
      vertex -6.25 0 3.2
    endloop
  endfacet
  facet normal 0 0 1
    outer loop
      vertex 6.314767569303513 -1.9784446582198143 3.2
      vertex -6.25 0 3.2
      vertex -6.314767569303513 -1.9784446582198143 3.2
    endloop
  endfacet
  facet normal 0 0 1
    outer loop
      vertex -6.314767569303513 1.9784446582198143 3.2
      vertex -6.25 0 3.2
      vertex 6.25 0 3.2
    endloop
  endfacet
  facet normal 0 0 1
    outer loop
      vertex -6.314767569303513 1.9784446582198143 3.2
      vertex 6.25 0 3.2
      vertex 6.314767569303513 1.9784446582198143 3.2
    endloop
  endfacet
  facet normal 0 0 1
    outer loop
      vertex 6.508792944252491 -3.9484173133969307 3.2
      vertex 6.314767569303513 -1.9784446582198143 3.2
      vertex -6.314767569303513 -1.9784446582198143 3.2
    endloop
  endfacet
  facet normal 0 0 1
    outer loop
      vertex 6.508792944252491 -3.9484173133969307 3.2
      vertex -6.314767569303513 -1.9784446582198143 3.2
      vertex -6.508792944252491 -3.9484173133969307 3.2
    endloop
  endfacet
  facet normal 0 0 1
    outer loop
      vertex -6.508792944252491 3.9484173133969307 3.2
      vertex -6.314767569303513 1.9784446582198143 3.2
      vertex 6.314767569303513 1.9784446582198143 3.2
    endloop
  endfacet
  facet normal 0 0 1
    outer loop
      vertex -6.508792944252491 3.9484173133969307 3.2
      vertex 6.314767569303513 1.9784446582198143 3.2
      vertex 6.508792944252491 3.9484173133969307 3.2
    endloop
  endfacet
  facet normal 0 0 1
    outer loop
      vertex 6.831245265901089 -5.901482239365578 3.2
      vertex 6.508792944252491 -3.9484173133969307 3.2
      vertex -6.508792944252491 -3.9484173133969307 3.2
    endloop
  endfacet
  facet normal 0 0 1
    outer loop
      vertex 6.831245265901089 -5.901482239365578 3.2
      vertex -6.508792944252491 -3.9484173133969307 3.2
      vertex -6.831245265901089 -5.901482239365578 3.2
    endloop
  endfacet
  facet normal 0 0 1
    outer loop
      vertex -6.831245265901089 5.901482239365578 3.2
      vertex -6.508792944252491 3.9484173133969307 3.2
      vertex 6.508792944252491 3.9484173133969307 3.2
    endloop
  endfacet
  facet normal 0 0 1
    outer loop
      vertex -6.831245265901089 5.901482239365578 3.2
      vertex 6.508792944252491 3.9484173133969307 3.2
      vertex 6.831245265901089 5.901482239365578 3.2
    endloop
  endfacet
  facet normal 0 0 1
    outer loop
      vertex 7.280743755400181 -7.829276114702225 3.2
      vertex 6.831245265901089 -5.901482239365578 3.2
      vertex -6.831245265901089 -5.901482239365578 3.2
    endloop
  endfacet
  facet normal 0 0 1
    outer loop
      vertex 7.280743755400181 -7.829276114702225 3.2
      vertex -6.831245265901089 -5.901482239365578 3.2
      vertex -7.280743755400181 -7.829276114702225 3.2
    endloop
  endfacet
  facet normal 0 0 1
    outer loop
      vertex -7.280743755400181 7.829276114702225 3.2
      vertex -6.831245265901089 5.901482239365578 3.2
      vertex 6.831245265901089 5.901482239365578 3.2
    endloop
  endfacet
  facet normal 0 0 1
    outer loop
      vertex -7.280743755400181 7.829276114702225 3.2
      vertex 6.831245265901089 5.901482239365578 3.2
      vertex 7.280743755400181 7.829276114702225 3.2
    endloop
  endfacet
  facet normal 0 0 1
    outer loop
      vertex 7.855363585054874 -9.72354382276535 3.2
      vertex 7.280743755400181 -7.829276114702225 3.2
      vertex -7.280743755400181 -7.829276114702225 3.2
    endloop
  endfacet
  facet normal 0 0 1
    outer loop
      vertex 7.855363585054874 -9.72354382276535 3.2
      vertex -7.280743755400181 -7.829276114702225 3.2
      vertex -7.855363585054874 -9.72354382276535 3.2
    endloop
  endfacet
  facet normal 0 0 1
    outer loop
      vertex -7.855363585054874 9.72354382276535 3.2
      vertex -7.280743755400181 7.829276114702225 3.2
      vertex 7.280743755400181 7.829276114702225 3.2
    endloop
  endfacet
  facet normal 0 0 1
    outer loop
      vertex -7.855363585054874 9.72354382276535 3.2
      vertex 7.280743755400181 7.829276114702225 3.2
      vertex 7.855363585054874 9.72354382276535 3.2
    endloop
  endfacet
  facet normal 0 0 1
    outer loop
      vertex 8.55264414101839 -11.576173827052116 3.2
      vertex 7.855363585054874 -9.72354382276535 3.2
      vertex -7.855363585054874 -9.72354382276535 3.2
    endloop
  endfacet
  facet normal 0 0 1
    outer loop
      vertex 8.55264414101839 -11.576173827052116 3.2
      vertex -7.855363585054874 -9.72354382276535 3.2
      vertex -8.55264414101839 -11.576173827052116 3.2
    endloop
  endfacet
  facet normal 0 0 1
    outer loop
      vertex -8.55264414101839 11.576173827052116 3.2
      vertex -7.855363585054874 9.72354382276535 3.2
      vertex 7.855363585054874 9.72354382276535 3.2
    endloop
  endfacet
  facet normal 0 0 1
    outer loop
      vertex -8.55264414101839 11.576173827052116 3.2
      vertex 7.855363585054874 9.72354382276535 3.2
      vertex 8.55264414101839 11.576173827052116 3.2
    endloop
  endfacet
  facet normal 0 0 1
    outer loop
      vertex 9.36959956586361 -13.379232876002789 3.2
      vertex 8.55264414101839 -11.576173827052116 3.2
      vertex -8.55264414101839 -11.576173827052116 3.2
    endloop
  endfacet
  facet normal 0 0 1
    outer loop
      vertex 9.36959956586361 -13.379232876002789 3.2
      vertex -8.55264414101839 -11.576173827052116 3.2
      vertex -9.36959956586361 -13.379232876002789 3.2
    endloop
  endfacet
  facet normal 0 0 1
    outer loop
      vertex -9.36959956586361 13.379232876002789 3.2
      vertex -8.55264414101839 11.576173827052116 3.2
      vertex 8.55264414101839 11.576173827052116 3.2
    endloop
  endfacet
  facet normal 0 0 1
    outer loop
      vertex -9.36959956586361 13.379232876002789 3.2
      vertex 8.55264414101839 11.576173827052116 3.2
      vertex 9.36959956586361 13.379232876002789 3.2
    endloop
  endfacet
  facet normal 0 0 1
    outer loop
      vertex 40.44841731339693 -29.99120705574751 3.2
      vertex 40.332534968853 -30.108096450567245 3.2
      vertex 40.38324628025293 -30.24283318221569 3.2
    endloop
  endfacet
  facet normal 0 0 1
    outer loop
      vertex 42.40148223936558 -29.66875473409891 3.2
      vertex 40.44841731339693 -29.99120705574751 3.2
      vertex 40.38324628025293 -30.24283318221569 3.2
    endloop
  endfacet
  facet normal 0 0 1
    outer loop
      vertex 42.40148223936558 -29.66875473409891 3.2
      vertex 40.38324628025293 -30.24283318221569 3.2
      vertex 40.42503681778908 -30.380598105490208 3.2
    endloop
  endfacet
  facet normal 0 0 1
    outer loop
      vertex 42.40148223936558 -29.66875473409891 3.2
      vertex 40.42503681778908 -30.380598105490208 3.2
      vertex 40.45772761106491 -30.520801290869713 3.2
    endloop
  endfacet
  facet normal 0 0 1
    outer loop
      vertex 42.40148223936558 -29.66875473409891 3.2
      vertex 40.45772761106491 -30.520801290869713 3.2
      vertex 40.48117869347334 -30.662842378020287 3.2
    endloop
  endfacet
  facet normal 0 0 1
    outer loop
      vertex 42.40148223936558 -29.66875473409891 3.2
      vertex 40.48117869347334 -30.662842378020287 3.2
      vertex 40.495289631187916 -30.806113116443157 3.2
    endloop
  endfacet
  facet normal 0 0 1
    outer loop
      vertex -40.38324628025293 -30.24283318221569 3.2
      vertex -40.332534968853 -30.108096450567245 3.2
      vertex -40.44841731339693 -29.99120705574751 3.2
    endloop
  endfacet
  facet normal 0 0 1
    outer loop
      vertex -40.38324628025293 -30.24283318221569 3.2
      vertex -40.44841731339693 -29.99120705574751 3.2
      vertex -42.40148223936558 -29.66875473409891 3.2
    endloop
  endfacet
  facet normal 0 0 1
    outer loop
      vertex -40.42503681778908 -30.380598105490208 3.2
      vertex -40.38324628025293 -30.24283318221569 3.2
      vertex -42.40148223936558 -29.66875473409891 3.2
    endloop
  endfacet
  facet normal 0 0 1
    outer loop
      vertex -40.45772761106491 -30.520801290869713 3.2
      vertex -40.42503681778908 -30.380598105490208 3.2
      vertex -42.40148223936558 -29.66875473409891 3.2
    endloop
  endfacet
  facet normal 0 0 1
    outer loop
      vertex -40.48117869347334 -30.662842378020287 3.2
      vertex -40.45772761106491 -30.520801290869713 3.2
      vertex -42.40148223936558 -29.66875473409891 3.2
    endloop
  endfacet
  facet normal 0 0 1
    outer loop
      vertex -40.495289631187916 -30.806113116443157 3.2
      vertex -40.48117869347334 -30.662842378020287 3.2
      vertex -42.40148223936558 -29.66875473409891 3.2
    endloop
  endfacet
  facet normal 0 0 1
    outer loop
      vertex 32.61675371974707 -30.24283318221569 3.2
      vertex 32.667465031147 -30.108096450567245 3.2
      vertex 32.55158268660307 -29.99120705574751 3.2
    endloop
  endfacet
  facet normal 0 0 1
    outer loop
      vertex 32.61675371974707 -30.24283318221569 3.2
      vertex 32.55158268660307 -29.99120705574751 3.2
      vertex 30.598517760634422 -29.66875473409891 3.2
    endloop
  endfacet
  facet normal 0 0 1
    outer loop
      vertex 32.57496318221092 -30.380598105490208 3.2
      vertex 32.61675371974707 -30.24283318221569 3.2
      vertex 30.598517760634422 -29.66875473409891 3.2
    endloop
  endfacet
  facet normal 0 0 1
    outer loop
      vertex 32.54227238893509 -30.520801290869713 3.2
      vertex 32.57496318221092 -30.380598105490208 3.2
      vertex 30.598517760634422 -29.66875473409891 3.2
    endloop
  endfacet
  facet normal 0 0 1
    outer loop
      vertex 32.51882130652666 -30.662842378020287 3.2
      vertex 32.54227238893509 -30.520801290869713 3.2
      vertex 30.598517760634422 -29.66875473409891 3.2
    endloop
  endfacet
  facet normal 0 0 1
    outer loop
      vertex 32.504710368812084 -30.806113116443157 3.2
      vertex 32.51882130652666 -30.662842378020287 3.2
      vertex 30.598517760634422 -29.66875473409891 3.2
    endloop
  endfacet
  facet normal 0 0 1
    outer loop
      vertex -32.55158268660307 -29.99120705574751 3.2
      vertex -32.667465031147 -30.108096450567245 3.2
      vertex -32.61675371974707 -30.24283318221569 3.2
    endloop
  endfacet
  facet normal 0 0 1
    outer loop
      vertex -30.598517760634422 -29.66875473409891 3.2
      vertex -32.55158268660307 -29.99120705574751 3.2
      vertex -32.61675371974707 -30.24283318221569 3.2
    endloop
  endfacet
  facet normal 0 0 1
    outer loop
      vertex -30.598517760634422 -29.66875473409891 3.2
      vertex -32.61675371974707 -30.24283318221569 3.2
      vertex -32.57496318221092 -30.380598105490208 3.2
    endloop
  endfacet
  facet normal 0 0 1
    outer loop
      vertex -30.598517760634422 -29.66875473409891 3.2
      vertex -32.57496318221092 -30.380598105490208 3.2
      vertex -32.54227238893509 -30.520801290869713 3.2
    endloop
  endfacet
  facet normal 0 0 1
    outer loop
      vertex -30.598517760634422 -29.66875473409891 3.2
      vertex -32.54227238893509 -30.520801290869713 3.2
      vertex -32.51882130652666 -30.662842378020287 3.2
    endloop
  endfacet
  facet normal 0 0 1
    outer loop
      vertex -30.598517760634422 -29.66875473409891 3.2
      vertex -32.51882130652666 -30.662842378020287 3.2
      vertex -32.504710368812084 -30.806113116443157 3.2
    endloop
  endfacet
  facet normal 0 0 1
    outer loop
      vertex 10.302731536328793 -15.125 3.2
      vertex 9.36959956586361 -13.379232876002789 3.2
      vertex -9.36959956586361 -13.379232876002789 3.2
    endloop
  endfacet
  facet normal 0 0 1
    outer loop
      vertex 10.302731536328793 -15.125 3.2
      vertex -9.36959956586361 -13.379232876002789 3.2
      vertex -10.302731536328793 -15.125 3.2
    endloop
  endfacet
  facet normal 0 0 1
    outer loop
      vertex -10.302731536328793 15.125 3.2
      vertex -9.36959956586361 13.379232876002789 3.2
      vertex 9.36959956586361 13.379232876002789 3.2
    endloop
  endfacet
  facet normal 0 0 1
    outer loop
      vertex -10.302731536328793 15.125 3.2
      vertex 9.36959956586361 13.379232876002789 3.2
      vertex 10.302731536328793 15.125 3.2
    endloop
  endfacet
  facet normal 0 0 1
    outer loop
      vertex 42.40148223936558 -29.66875473409891 3.2
      vertex 40.495289631187916 -30.806113116443157 3.2
      vertex 40.5 -30.950000002980232 3.2
    endloop
  endfacet
  facet normal 0 0 1
    outer loop
      vertex -40.5 -30.950000002980232 3.2
      vertex -40.495289631187916 -30.806113116443157 3.2
      vertex -42.40148223936558 -29.66875473409891 3.2
    endloop
  endfacet
  facet normal 0 0 1
    outer loop
      vertex 32.5 -30.950000002980232 3.2
      vertex 32.504710368812084 -30.806113116443157 3.2
      vertex 30.598517760634422 -29.66875473409891 3.2
    endloop
  endfacet
  facet normal 0 0 1
    outer loop
      vertex -30.598517760634422 -29.66875473409891 3.2
      vertex -32.504710368812084 -30.806113116443157 3.2
      vertex -32.5 -30.950000002980232 3.2
    endloop
  endfacet
  facet normal 0 0 1
    outer loop
      vertex 11.348044231534004 -16.80599954724312 3.2
      vertex 10.302731536328793 -15.125 3.2
      vertex -10.302731536328793 -15.125 3.2
    endloop
  endfacet
  facet normal 0 0 1
    outer loop
      vertex 11.348044231534004 -16.80599954724312 3.2
      vertex -10.302731536328793 -15.125 3.2
      vertex -11.348044231534004 -16.80599954724312 3.2
    endloop
  endfacet
  facet normal 0 0 1
    outer loop
      vertex -11.348044231534004 16.80599954724312 3.2
      vertex -10.302731536328793 15.125 3.2
      vertex 10.302731536328793 15.125 3.2
    endloop
  endfacet
  facet normal 0 0 1
    outer loop
      vertex -11.348044231534004 16.80599954724312 3.2
      vertex 10.302731536328793 15.125 3.2
      vertex 11.348044231534004 16.80599954724312 3.2
    endloop
  endfacet
  facet normal 0 0 1
    outer loop
      vertex 42.40148223936558 -29.66875473409891 3.2
      vertex 40.5 -30.950000002980232 3.2
      vertex 40.5 -36.54999999701977 3.2
    endloop
  endfacet
  facet normal 0 0 1
    outer loop
      vertex 44.329276114702225 -29.21925624459982 3.2
      vertex 42.40148223936558 -29.66875473409891 3.2
      vertex 40.5 -36.54999999701977 3.2
    endloop
  endfacet
  facet normal 0 0 1
    outer loop
      vertex -40.5 -36.54999999701977 3.2
      vertex -40.5 -30.950000002980232 3.2
      vertex -42.40148223936558 -29.66875473409891 3.2
    endloop
  endfacet
  facet normal 0 0 1
    outer loop
      vertex -40.5 -36.54999999701977 3.2
      vertex -42.40148223936558 -29.66875473409891 3.2
      vertex -44.329276114702225 -29.21925624459982 3.2
    endloop
  endfacet
  facet normal 0 0 1
    outer loop
      vertex 32.5 -36.54999999701977 3.2
      vertex 32.5 -30.950000002980232 3.2
      vertex 30.598517760634422 -29.66875473409891 3.2
    endloop
  endfacet
  facet normal 0 0 1
    outer loop
      vertex 32.5 -36.54999999701977 3.2
      vertex 30.598517760634422 -29.66875473409891 3.2
      vertex 28.670723885297775 -29.21925624459982 3.2
    endloop
  endfacet
  facet normal 0 0 1
    outer loop
      vertex -30.598517760634422 -29.66875473409891 3.2
      vertex -32.5 -30.950000002980232 3.2
      vertex -32.5 -36.54999999701977 3.2
    endloop
  endfacet
  facet normal 0 0 1
    outer loop
      vertex -28.670723885297775 -29.21925624459982 3.2
      vertex -30.598517760634422 -29.66875473409891 3.2
      vertex -32.5 -36.54999999701977 3.2
    endloop
  endfacet
  facet normal 0 0 1
    outer loop
      vertex 12.501061454415321 -18.415033228695393 3.2
      vertex 11.348044231534004 -16.80599954724312 3.2
      vertex -11.348044231534004 -16.80599954724312 3.2
    endloop
  endfacet
  facet normal 0 0 1
    outer loop
      vertex 12.501061454415321 -18.415033228695393 3.2
      vertex -11.348044231534004 -16.80599954724312 3.2
      vertex -12.501061454415321 -18.415033228695393 3.2
    endloop
  endfacet
  facet normal 0 0 1
    outer loop
      vertex -12.501061454415321 18.415033228695393 3.2
      vertex -11.348044231534004 16.80599954724312 3.2
      vertex 11.348044231534004 16.80599954724312 3.2
    endloop
  endfacet
  facet normal 0 0 1
    outer loop
      vertex -12.501061454415321 18.415033228695393 3.2
      vertex 11.348044231534004 16.80599954724312 3.2
      vertex 12.501061454415321 18.415033228695393 3.2
    endloop
  endfacet
  facet normal 0 0 1
    outer loop
      vertex 13.756845824420452 -19.94521090388298 3.2
      vertex 12.501061454415321 -18.415033228695393 3.2
      vertex -12.501061454415321 -18.415033228695393 3.2
    endloop
  endfacet
  facet normal 0 0 1
    outer loop
      vertex 13.756845824420452 -19.94521090388298 3.2
      vertex -12.501061454415321 -18.415033228695393 3.2
      vertex -13.756845824420452 -19.94521090388298 3.2
    endloop
  endfacet
  facet normal 0 0 1
    outer loop
      vertex -13.756845824420452 19.94521090388298 3.2
      vertex -12.501061454415321 18.415033228695393 3.2
      vertex 12.501061454415321 18.415033228695393 3.2
    endloop
  endfacet
  facet normal 0 0 1
    outer loop
      vertex -13.756845824420452 19.94521090388298 3.2
      vertex 12.501061454415321 18.415033228695393 3.2
      vertex 13.756845824420452 19.94521090388298 3.2
    endloop
  endfacet
  facet normal 0 0 1
    outer loop
      vertex 15.110019870102406 -21.389980129897594 3.2
      vertex 13.756845824420452 -19.94521090388298 3.2
      vertex -13.756845824420452 -19.94521090388298 3.2
    endloop
  endfacet
  facet normal 0 0 1
    outer loop
      vertex 15.110019870102406 -21.389980129897594 3.2
      vertex -13.756845824420452 -19.94521090388298 3.2
      vertex -15.110019870102406 -21.389980129897594 3.2
    endloop
  endfacet
  facet normal 0 0 1
    outer loop
      vertex -15.110019870102406 21.389980129897594 3.2
      vertex -13.756845824420452 19.94521090388298 3.2
      vertex 13.756845824420452 19.94521090388298 3.2
    endloop
  endfacet
  facet normal 0 0 1
    outer loop
      vertex -15.110019870102406 21.389980129897594 3.2
      vertex 13.756845824420452 19.94521090388298 3.2
      vertex 15.110019870102406 21.389980129897594 3.2
    endloop
  endfacet
  facet normal 0 0 1
    outer loop
      vertex 46.22354382276535 -28.644636414945126 3.2
      vertex 44.329276114702225 -29.21925624459982 3.2
      vertex 40.5 -36.54999999701977 3.2
    endloop
  endfacet
  facet normal 0 0 1
    outer loop
      vertex -40.5 -36.54999999701977 3.2
      vertex -44.329276114702225 -29.21925624459982 3.2
      vertex -46.22354382276535 -28.644636414945126 3.2
    endloop
  endfacet
  facet normal 0 0 1
    outer loop
      vertex 32.5 -36.54999999701977 3.2
      vertex 28.670723885297775 -29.21925624459982 3.2
      vertex 26.77645617723465 -28.644636414945126 3.2
    endloop
  endfacet
  facet normal 0 0 1
    outer loop
      vertex -26.77645617723465 -28.644636414945126 3.2
      vertex -28.670723885297775 -29.21925624459982 3.2
      vertex -32.5 -36.54999999701977 3.2
    endloop
  endfacet
  facet normal 0 0 1
    outer loop
      vertex 16.55478909611702 -22.743154175579548 3.2
      vertex 15.110019870102406 -21.389980129897594 3.2
      vertex -15.110019870102406 -21.389980129897594 3.2
    endloop
  endfacet
  facet normal 0 0 1
    outer loop
      vertex 16.55478909611702 -22.743154175579548 3.2
      vertex -15.110019870102406 -21.389980129897594 3.2
      vertex -16.55478909611702 -22.743154175579548 3.2
    endloop
  endfacet
  facet normal 0 0 1
    outer loop
      vertex -16.55478909611702 22.743154175579548 3.2
      vertex -15.110019870102406 21.389980129897594 3.2
      vertex 15.110019870102406 21.389980129897594 3.2
    endloop
  endfacet
  facet normal 0 0 1
    outer loop
      vertex -16.55478909611702 22.743154175579548 3.2
      vertex 15.110019870102406 21.389980129897594 3.2
      vertex 16.55478909611702 22.743154175579548 3.2
    endloop
  endfacet
  facet normal 0 0 1
    outer loop
      vertex 66.68523243069649 1.9784446582198143 3.2
      vertex 66.75 0 3.2
      vertex 72.82500000298023 44.83042232692242 3.2
    endloop
  endfacet
  facet normal 0 0 1
    outer loop
      vertex 66.49120705574751 3.9484173133969307 3.2
      vertex 66.68523243069649 1.9784446582198143 3.2
      vertex 72.82500000298023 44.83042232692242 3.2
    endloop
  endfacet
  facet normal 0 0 1
    outer loop
      vertex 66.16875473409891 5.901482239365578 3.2
      vertex 66.49120705574751 3.9484173133969307 3.2
      vertex 72.82500000298023 44.83042232692242 3.2
    endloop
  endfacet
  facet normal 0 0 1
    outer loop
      vertex 65.71925624459982 7.829276114702225 3.2
      vertex 66.16875473409891 5.901482239365578 3.2
      vertex 72.82500000298023 44.83042232692242 3.2
    endloop
  endfacet
  facet normal 0 0 1
    outer loop
      vertex 65.14463641494513 9.72354382276535 3.2
      vertex 65.71925624459982 7.829276114702225 3.2
      vertex 72.82500000298023 44.83042232692242 3.2
    endloop
  endfacet
  facet normal 0 0 1
    outer loop
      vertex 64.44735585898161 11.576173827052116 3.2
      vertex 65.14463641494513 9.72354382276535 3.2
      vertex 72.82500000298023 44.83042232692242 3.2
    endloop
  endfacet
  facet normal 0 0 1
    outer loop
      vertex 63.63040043413639 13.379232876002789 3.2
      vertex 64.44735585898161 11.576173827052116 3.2
      vertex 72.82500000298023 44.83042232692242 3.2
    endloop
  endfacet
  facet normal 0 0 1
    outer loop
      vertex 62.69726846367121 15.125 3.2
      vertex 63.63040043413639 13.379232876002789 3.2
      vertex 72.82500000298023 44.83042232692242 3.2
    endloop
  endfacet
  facet normal 0 0 1
    outer loop
      vertex 61.651955768465996 16.80599954724312 3.2
      vertex 62.69726846367121 15.125 3.2
      vertex 72.82500000298023 44.83042232692242 3.2
    endloop
  endfacet
  facet normal 0 0 1
    outer loop
      vertex 60.49893854558468 18.415033228695393 3.2
      vertex 61.651955768465996 16.80599954724312 3.2
      vertex 72.82500000298023 44.83042232692242 3.2
    endloop
  endfacet
  facet normal 0 0 1
    outer loop
      vertex 59.24315417557955 19.94521090388298 3.2
      vertex 60.49893854558468 18.415033228695393 3.2
      vertex 72.82500000298023 44.83042232692242 3.2
    endloop
  endfacet
  facet normal 0 0 1
    outer loop
      vertex 57.889980129897594 21.389980129897594 3.2
      vertex 59.24315417557955 19.94521090388298 3.2
      vertex 72.82500000298023 44.83042232692242 3.2
    endloop
  endfacet
  facet normal 0 0 1
    outer loop
      vertex 56.44521090388298 22.743154175579548 3.2
      vertex 57.889980129897594 21.389980129897594 3.2
      vertex 72.82500000298023 44.83042232692242 3.2
    endloop
  endfacet
  facet normal 0 0 1
    outer loop
      vertex 54.91503322869539 23.99893854558468 3.2
      vertex 56.44521090388298 22.743154175579548 3.2
      vertex 72.82500000298023 44.83042232692242 3.2
    endloop
  endfacet
  facet normal 0 0 1
    outer loop
      vertex 53.30599954724312 25.151955768465996 3.2
      vertex 54.91503322869539 23.99893854558468 3.2
      vertex 72.82500000298023 44.83042232692242 3.2
    endloop
  endfacet
  facet normal 0 0 1
    outer loop
      vertex 51.625 26.197268463671207 3.2
      vertex 53.30599954724312 25.151955768465996 3.2
      vertex 72.82500000298023 44.83042232692242 3.2
    endloop
  endfacet
  facet normal 0 0 1
    outer loop
      vertex 49.87923287600279 27.13040043413639 3.2
      vertex 51.625 26.197268463671207 3.2
      vertex 72.82500000298023 44.83042232692242 3.2
    endloop
  endfacet
  facet normal 0 0 1
    outer loop
      vertex 48.076173827052116 27.94735585898161 3.2
      vertex 49.87923287600279 27.13040043413639 3.2
      vertex 72.82500000298023 44.83042232692242 3.2
    endloop
  endfacet
  facet normal 0 0 1
    outer loop
      vertex 48.076173827052116 27.94735585898161 3.2
      vertex 72.82500000298023 44.83042232692242 3.2
      vertex 72.81038714945316 45.27679868042469 3.2
    endloop
  endfacet
  facet normal 0 0 1
    outer loop
      vertex 48.076173827052116 27.94735585898161 3.2
      vertex 72.81038714945316 45.27679868042469 3.2
      vertex 72.76661118119955 45.72126358747482 3.2
    endloop
  endfacet
  facet normal 0 0 1
    outer loop
      vertex 48.076173827052116 27.94735585898161 3.2
      vertex 72.76661118119955 45.72126358747482 3.2
      vertex 72.69385953992605 46.16191377490759 3.2
    endloop
  endfacet
  facet normal 0 0 1
    outer loop
      vertex 48.076173827052116 27.94735585898161 3.2
      vertex 72.69385953992605 46.16191377490759 3.2
      vertex 72.59244376420975 46.59686230868101 3.2
    endloop
  endfacet
  facet normal 0 0 1
    outer loop
      vertex 48.076173827052116 27.94735585898161 3.2
      vertex 72.59244376420975 46.59686230868101 3.2
      vertex 72.46279813349247 47.02424667775631 3.2
    endloop
  endfacet
  facet normal 0 0 1
    outer loop
      vertex 48.076173827052116 27.94735585898161 3.2
      vertex 72.46279813349247 47.02424667775631 3.2
      vertex 72.30547781288624 47.44223675131798 3.2
    endloop
  endfacet
  facet normal 0 0 1
    outer loop
      vertex 48.076173827052116 27.94735585898161 3.2
      vertex 72.30547781288624 47.44223675131798 3.2
      vertex 72.12115646153688 47.849042639136314 3.2
    endloop
  endfacet
  facet normal 0 0 1
    outer loop
      vertex 48.076173827052116 27.94735585898161 3.2
      vertex 72.12115646153688 47.849042639136314 3.2
      vertex 71.91062337905169 48.24292232841253 3.2
    endloop
  endfacet
  facet normal 0 0 1
    outer loop
      vertex 48.076173827052116 27.94735585898161 3.2
      vertex 71.91062337905169 48.24292232841253 3.2
      vertex 71.67478010058403 48.62218916416168 3.2
    endloop
  endfacet
  facet normal 0 0 1
    outer loop
      vertex 48.076173827052116 27.94735585898161 3.2
      vertex 71.67478010058403 48.62218916416168 3.2
      vertex 71.41463654488325 48.985219076275826 3.2
    endloop
  endfacet
  facet normal 0 0 1
    outer loop
      vertex 48.076173827052116 27.94735585898161 3.2
      vertex 71.41463654488325 48.985219076275826 3.2
      vertex 71.1313066855073 49.330457516014576 3.2
    endloop
  endfacet
  facet normal 0 0 1
    outer loop
      vertex 48.076173827052116 27.94735585898161 3.2
      vertex 71.1313066855073 49.330457516014576 3.2
      vertex 70.82600378245115 49.65642610937357 3.2
    endloop
  endfacet
  facet normal 0 0 1
    outer loop
      vertex 48.076173827052116 27.94735585898161 3.2
      vertex 70.82600378245115 49.65642610937357 3.2
      vertex 70.50003518909216 49.961729012429714 3.2
    endloop
  endfacet
  facet normal 0 0 1
    outer loop
      vertex 48.076173827052116 27.94735585898161 3.2
      vertex 70.50003518909216 49.961729012429714 3.2
      vertex 70.15479674935341 50.24505887180567 3.2
    endloop
  endfacet
  facet normal 0 0 1
    outer loop
      vertex 48.076173827052116 27.94735585898161 3.2
      vertex 70.15479674935341 50.24505887180567 3.2
      vertex 69.79176683723927 50.50520242750645 3.2
    endloop
  endfacet
  facet normal 0 0 1
    outer loop
      vertex 48.076173827052116 27.94735585898161 3.2
      vertex 69.79176683723927 50.50520242750645 3.2
      vertex 69.41250000149012 50.7410457059741 3.2
    endloop
  endfacet
  facet normal 0 0 1
    outer loop
      vertex 48.076173827052116 27.94735585898161 3.2
      vertex 69.41250000149012 50.7410457059741 3.2
      vertex 69.0186203122139 50.9515787884593 3.2
    endloop
  endfacet
  facet normal 0 0 1
    outer loop
      vertex 48.076173827052116 27.94735585898161 3.2
      vertex 69.0186203122139 50.9515787884593 3.2
      vertex 68.61181442439556 51.135900139808655 3.2
    endloop
  endfacet
  facet normal 0 0 1
    outer loop
      vertex 48.076173827052116 27.94735585898161 3.2
      vertex 68.61181442439556 51.135900139808655 3.2
      vertex 68.19382435083389 51.29322046041489 3.2
    endloop
  endfacet
  facet normal 0 0 1
    outer loop
      vertex 48.076173827052116 27.94735585898161 3.2
      vertex 68.19382435083389 51.29322046041489 3.2
      vertex 67.7664399817586 51.422866091132164 3.2
    endloop
  endfacet
  facet normal 0 0 1
    outer loop
      vertex 48.076173827052116 27.94735585898161 3.2
      vertex 67.7664399817586 51.422866091132164 3.2
      vertex 67.33149144798517 51.52428186684847 3.2
    endloop
  endfacet
  facet normal 0 0 1
    outer loop
      vertex 48.076173827052116 27.94735585898161 3.2
      vertex 67.33149144798517 51.52428186684847 3.2
      vertex 66.8908412605524 51.59703350812197 3.2
    endloop
  endfacet
  facet normal 0 0 1
    outer loop
      vertex 48.076173827052116 27.94735585898161 3.2
      vertex 66.8908412605524 51.59703350812197 3.2
      vertex 66.44637635350227 51.64080947637558 3.2
    endloop
  endfacet
  facet normal 0 0 1
    outer loop
      vertex 48.076173827052116 27.94735585898161 3.2
      vertex 66.44637635350227 51.64080947637558 3.2
      vertex 66 51.65542232990265 3.2
    endloop
  endfacet
  facet normal 0 0 1
    outer loop
      vertex 46.22354382276535 28.644636414945126 3.2
      vertex 48.076173827052116 27.94735585898161 3.2
      vertex 66 51.65542232990265 3.2
    endloop
  endfacet
  facet normal 0 0 1
    outer loop
      vertex 44.329276114702225 29.21925624459982 3.2
      vertex 46.22354382276535 28.644636414945126 3.2
      vertex 66 51.65542232990265 3.2
    endloop
  endfacet
  facet normal 0 0 1
    outer loop
      vertex 42.40148223936558 29.66875473409891 3.2
      vertex 44.329276114702225 29.21925624459982 3.2
      vertex 66 51.65542232990265 3.2
    endloop
  endfacet
  facet normal 0 0 1
    outer loop
      vertex 40.44841731339693 29.99120705574751 3.2
      vertex 42.40148223936558 29.66875473409891 3.2
      vertex 66 51.65542232990265 3.2
    endloop
  endfacet
  facet normal 0 0 1
    outer loop
      vertex 38.478444658219814 30.185232430696487 3.2
      vertex 40.44841731339693 29.99120705574751 3.2
      vertex 66 51.65542232990265 3.2
    endloop
  endfacet
  facet normal 0 0 1
    outer loop
      vertex 36.5 30.25 3.2
      vertex 38.478444658219814 30.185232430696487 3.2
      vertex 66 51.65542232990265 3.2
    endloop
  endfacet
  facet normal 0 0 1
    outer loop
      vertex 18.084966771304607 -23.99893854558468 3.2
      vertex 16.55478909611702 -22.743154175579548 3.2
      vertex -16.55478909611702 -22.743154175579548 3.2
    endloop
  endfacet
  facet normal 0 0 1
    outer loop
      vertex 18.084966771304607 -23.99893854558468 3.2
      vertex -16.55478909611702 -22.743154175579548 3.2
      vertex -18.084966771304607 -23.99893854558468 3.2
    endloop
  endfacet
  facet normal 0 0 1
    outer loop
      vertex -18.084966771304607 23.99893854558468 3.2
      vertex -16.55478909611702 22.743154175579548 3.2
      vertex 16.55478909611702 22.743154175579548 3.2
    endloop
  endfacet
  facet normal 0 0 1
    outer loop
      vertex -18.084966771304607 23.99893854558468 3.2
      vertex 16.55478909611702 22.743154175579548 3.2
      vertex 18.084966771304607 23.99893854558468 3.2
    endloop
  endfacet
  facet normal 0 0 1
    outer loop
      vertex 72.82500000298023 -44.83042232692242 3.2
      vertex 72.82500000298023 44.83042232692242 3.2
      vertex 66.75 0 3.2
    endloop
  endfacet
  facet normal 0 0 1
    outer loop
      vertex 72.82500000298023 -44.83042232692242 3.2
      vertex 66.75 0 3.2
      vertex 66.68523243069649 -1.9784446582198143 3.2
    endloop
  endfacet
  facet normal 0 0 1
    outer loop
      vertex 72.82500000298023 -44.83042232692242 3.2
      vertex 66.68523243069649 -1.9784446582198143 3.2
      vertex 66.49120705574751 -3.9484173133969307 3.2
    endloop
  endfacet
  facet normal 0 0 1
    outer loop
      vertex 72.82500000298023 -44.83042232692242 3.2
      vertex 66.49120705574751 -3.9484173133969307 3.2
      vertex 66.16875473409891 -5.901482239365578 3.2
    endloop
  endfacet
  facet normal 0 0 1
    outer loop
      vertex 72.82500000298023 -44.83042232692242 3.2
      vertex 66.16875473409891 -5.901482239365578 3.2
      vertex 65.71925624459982 -7.829276114702225 3.2
    endloop
  endfacet
  facet normal 0 0 1
    outer loop
      vertex 72.82500000298023 -44.83042232692242 3.2
      vertex 65.71925624459982 -7.829276114702225 3.2
      vertex 65.14463641494513 -9.72354382276535 3.2
    endloop
  endfacet
  facet normal 0 0 1
    outer loop
      vertex 72.82500000298023 -44.83042232692242 3.2
      vertex 65.14463641494513 -9.72354382276535 3.2
      vertex 64.44735585898161 -11.576173827052116 3.2
    endloop
  endfacet
  facet normal 0 0 1
    outer loop
      vertex 72.82500000298023 -44.83042232692242 3.2
      vertex 64.44735585898161 -11.576173827052116 3.2
      vertex 63.63040043413639 -13.379232876002789 3.2
    endloop
  endfacet
  facet normal 0 0 1
    outer loop
      vertex 72.82500000298023 -44.83042232692242 3.2
      vertex 63.63040043413639 -13.379232876002789 3.2
      vertex 62.69726846367121 -15.125 3.2
    endloop
  endfacet
  facet normal 0 0 1
    outer loop
      vertex 72.82500000298023 -44.83042232692242 3.2
      vertex 62.69726846367121 -15.125 3.2
      vertex 61.651955768465996 -16.80599954724312 3.2
    endloop
  endfacet
  facet normal 0 0 1
    outer loop
      vertex 72.82500000298023 -44.83042232692242 3.2
      vertex 61.651955768465996 -16.80599954724312 3.2
      vertex 60.49893854558468 -18.415033228695393 3.2
    endloop
  endfacet
  facet normal 0 0 1
    outer loop
      vertex 72.82500000298023 -44.83042232692242 3.2
      vertex 60.49893854558468 -18.415033228695393 3.2
      vertex 59.24315417557955 -19.94521090388298 3.2
    endloop
  endfacet
  facet normal 0 0 1
    outer loop
      vertex 72.82500000298023 -44.83042232692242 3.2
      vertex 59.24315417557955 -19.94521090388298 3.2
      vertex 57.889980129897594 -21.389980129897594 3.2
    endloop
  endfacet
  facet normal 0 0 1
    outer loop
      vertex 72.82500000298023 -44.83042232692242 3.2
      vertex 57.889980129897594 -21.389980129897594 3.2
      vertex 56.44521090388298 -22.743154175579548 3.2
    endloop
  endfacet
  facet normal 0 0 1
    outer loop
      vertex 72.82500000298023 -44.83042232692242 3.2
      vertex 56.44521090388298 -22.743154175579548 3.2
      vertex 54.91503322869539 -23.99893854558468 3.2
    endloop
  endfacet
  facet normal 0 0 1
    outer loop
      vertex 72.82500000298023 -44.83042232692242 3.2
      vertex 54.91503322869539 -23.99893854558468 3.2
      vertex 53.30599954724312 -25.151955768465996 3.2
    endloop
  endfacet
  facet normal 0 0 1
    outer loop
      vertex 72.82500000298023 -44.83042232692242 3.2
      vertex 53.30599954724312 -25.151955768465996 3.2
      vertex 51.625 -26.197268463671207 3.2
    endloop
  endfacet
  facet normal 0 0 1
    outer loop
      vertex 72.82500000298023 -44.83042232692242 3.2
      vertex 51.625 -26.197268463671207 3.2
      vertex 49.87923287600279 -27.13040043413639 3.2
    endloop
  endfacet
  facet normal 0 0 1
    outer loop
      vertex 72.82500000298023 -44.83042232692242 3.2
      vertex 49.87923287600279 -27.13040043413639 3.2
      vertex 48.076173827052116 -27.94735585898161 3.2
    endloop
  endfacet
  facet normal 0 0 1
    outer loop
      vertex 72.81038714945316 -45.27679868042469 3.2
      vertex 72.82500000298023 -44.83042232692242 3.2
      vertex 48.076173827052116 -27.94735585898161 3.2
    endloop
  endfacet
  facet normal 0 0 1
    outer loop
      vertex 72.76661118119955 -45.72126358747482 3.2
      vertex 72.81038714945316 -45.27679868042469 3.2
      vertex 48.076173827052116 -27.94735585898161 3.2
    endloop
  endfacet
  facet normal 0 0 1
    outer loop
      vertex 72.69385953992605 -46.16191377490759 3.2
      vertex 72.76661118119955 -45.72126358747482 3.2
      vertex 48.076173827052116 -27.94735585898161 3.2
    endloop
  endfacet
  facet normal 0 0 1
    outer loop
      vertex 72.59244376420975 -46.59686230868101 3.2
      vertex 72.69385953992605 -46.16191377490759 3.2
      vertex 48.076173827052116 -27.94735585898161 3.2
    endloop
  endfacet
  facet normal 0 0 1
    outer loop
      vertex 72.46279813349247 -47.02424667775631 3.2
      vertex 72.59244376420975 -46.59686230868101 3.2
      vertex 48.076173827052116 -27.94735585898161 3.2
    endloop
  endfacet
  facet normal 0 0 1
    outer loop
      vertex 72.30547781288624 -47.44223675131798 3.2
      vertex 72.46279813349247 -47.02424667775631 3.2
      vertex 48.076173827052116 -27.94735585898161 3.2
    endloop
  endfacet
  facet normal 0 0 1
    outer loop
      vertex 72.12115646153688 -47.849042639136314 3.2
      vertex 72.30547781288624 -47.44223675131798 3.2
      vertex 48.076173827052116 -27.94735585898161 3.2
    endloop
  endfacet
  facet normal 0 0 1
    outer loop
      vertex 71.91062337905169 -48.24292232841253 3.2
      vertex 72.12115646153688 -47.849042639136314 3.2
      vertex 48.076173827052116 -27.94735585898161 3.2
    endloop
  endfacet
  facet normal 0 0 1
    outer loop
      vertex 71.67478010058403 -48.62218916416168 3.2
      vertex 71.91062337905169 -48.24292232841253 3.2
      vertex 48.076173827052116 -27.94735585898161 3.2
    endloop
  endfacet
  facet normal 0 0 1
    outer loop
      vertex 71.41463654488325 -48.985219076275826 3.2
      vertex 71.67478010058403 -48.62218916416168 3.2
      vertex 48.076173827052116 -27.94735585898161 3.2
    endloop
  endfacet
  facet normal 0 0 1
    outer loop
      vertex 71.1313066855073 -49.330457516014576 3.2
      vertex 71.41463654488325 -48.985219076275826 3.2
      vertex 48.076173827052116 -27.94735585898161 3.2
    endloop
  endfacet
  facet normal 0 0 1
    outer loop
      vertex 70.82600378245115 -49.65642610937357 3.2
      vertex 71.1313066855073 -49.330457516014576 3.2
      vertex 48.076173827052116 -27.94735585898161 3.2
    endloop
  endfacet
  facet normal 0 0 1
    outer loop
      vertex 70.50003518909216 -49.961729012429714 3.2
      vertex 70.82600378245115 -49.65642610937357 3.2
      vertex 48.076173827052116 -27.94735585898161 3.2
    endloop
  endfacet
  facet normal 0 0 1
    outer loop
      vertex 70.15479674935341 -50.24505887180567 3.2
      vertex 70.50003518909216 -49.961729012429714 3.2
      vertex 48.076173827052116 -27.94735585898161 3.2
    endloop
  endfacet
  facet normal 0 0 1
    outer loop
      vertex 69.79176683723927 -50.50520242750645 3.2
      vertex 70.15479674935341 -50.24505887180567 3.2
      vertex 48.076173827052116 -27.94735585898161 3.2
    endloop
  endfacet
  facet normal 0 0 1
    outer loop
      vertex 69.41250000149012 -50.7410457059741 3.2
      vertex 69.79176683723927 -50.50520242750645 3.2
      vertex 48.076173827052116 -27.94735585898161 3.2
    endloop
  endfacet
  facet normal 0 0 1
    outer loop
      vertex 69.0186203122139 -50.9515787884593 3.2
      vertex 69.41250000149012 -50.7410457059741 3.2
      vertex 48.076173827052116 -27.94735585898161 3.2
    endloop
  endfacet
  facet normal 0 0 1
    outer loop
      vertex 68.61181442439556 -51.135900139808655 3.2
      vertex 69.0186203122139 -50.9515787884593 3.2
      vertex 48.076173827052116 -27.94735585898161 3.2
    endloop
  endfacet
  facet normal 0 0 1
    outer loop
      vertex 68.19382435083389 -51.29322046041489 3.2
      vertex 68.61181442439556 -51.135900139808655 3.2
      vertex 48.076173827052116 -27.94735585898161 3.2
    endloop
  endfacet
  facet normal 0 0 1
    outer loop
      vertex 67.7664399817586 -51.422866091132164 3.2
      vertex 68.19382435083389 -51.29322046041489 3.2
      vertex 48.076173827052116 -27.94735585898161 3.2
    endloop
  endfacet
  facet normal 0 0 1
    outer loop
      vertex 67.33149144798517 -51.52428186684847 3.2
      vertex 67.7664399817586 -51.422866091132164 3.2
      vertex 48.076173827052116 -27.94735585898161 3.2
    endloop
  endfacet
  facet normal 0 0 1
    outer loop
      vertex 66.8908412605524 -51.59703350812197 3.2
      vertex 67.33149144798517 -51.52428186684847 3.2
      vertex 48.076173827052116 -27.94735585898161 3.2
    endloop
  endfacet
  facet normal 0 0 1
    outer loop
      vertex 66.44637635350227 -51.64080947637558 3.2
      vertex 66.8908412605524 -51.59703350812197 3.2
      vertex 48.076173827052116 -27.94735585898161 3.2
    endloop
  endfacet
  facet normal 0 0 1
    outer loop
      vertex 66 -51.65542232990265 3.2
      vertex 66.44637635350227 -51.64080947637558 3.2
      vertex 48.076173827052116 -27.94735585898161 3.2
    endloop
  endfacet
  facet normal 0 0 1
    outer loop
      vertex 66 -51.65542232990265 3.2
      vertex 48.076173827052116 -27.94735585898161 3.2
      vertex 46.22354382276535 -28.644636414945126 3.2
    endloop
  endfacet
  facet normal 0 0 1
    outer loop
      vertex 66 -51.65542232990265 3.2
      vertex 46.22354382276535 -28.644636414945126 3.2
      vertex 40.5 -36.54999999701977 3.2
    endloop
  endfacet
  facet normal 0 0 1
    outer loop
      vertex 66 -51.65542232990265 3.2
      vertex 40.5 -36.54999999701977 3.2
      vertex 40.495289631187916 -36.69388688355684 3.2
    endloop
  endfacet
  facet normal 0 0 1
    outer loop
      vertex 66 -51.65542232990265 3.2
      vertex 40.495289631187916 -36.69388688355684 3.2
      vertex 40.48117869347334 -36.83715762197971 3.2
    endloop
  endfacet
  facet normal 0 0 1
    outer loop
      vertex 66 -51.65542232990265 3.2
      vertex 40.48117869347334 -36.83715762197971 3.2
      vertex 40.45772761106491 -36.97919870913029 3.2
    endloop
  endfacet
  facet normal 0 0 1
    outer loop
      vertex 66 -51.65542232990265 3.2
      vertex 40.45772761106491 -36.97919870913029 3.2
      vertex 40.42503681778908 -37.11940189450979 3.2
    endloop
  endfacet
  facet normal 0 0 1
    outer loop
      vertex 66 -51.65542232990265 3.2
      vertex 40.42503681778908 -37.11940189450979 3.2
      vertex 40.38324628025293 -37.25716681778431 3.2
    endloop
  endfacet
  facet normal 0 0 1
    outer loop
      vertex 66 -51.65542232990265 3.2
      vertex 40.38324628025293 -37.25716681778431 3.2
      vertex 40.332534968853 -37.391903549432755 3.2
    endloop
  endfacet
  facet normal 0 0 1
    outer loop
      vertex 66 -51.65542232990265 3.2
      vertex 40.332534968853 -37.391903549432755 3.2
      vertex 40.273120030760765 -37.5230351164937 3.2
    endloop
  endfacet
  facet normal 0 0 1
    outer loop
      vertex 66 -51.65542232990265 3.2
      vertex 40.273120030760765 -37.5230351164937 3.2
      vertex 40.20525588840246 -37.649999998509884 3.2
    endloop
  endfacet
  facet normal 0 0 1
    outer loop
      vertex 66 -51.65542232990265 3.2
      vertex 40.20525588840246 -37.649999998509884 3.2
      vertex 40.12923314422369 -37.77225451171398 3.2
    endloop
  endfacet
  facet normal 0 0 1
    outer loop
      vertex 66 -51.65542232990265 3.2
      vertex 40.12923314422369 -37.77225451171398 3.2
      vertex 40.04537734389305 -37.88927514106035 3.2
    endloop
  endfacet
  facet normal 0 0 1
    outer loop
      vertex 66 -51.65542232990265 3.2
      vertex 40.04537734389305 -37.88927514106035 3.2
      vertex 39.954047575592995 -38.00056079030037 3.2
    endloop
  endfacet
  facet normal 0 0 1
    outer loop
      vertex 66 -51.65542232990265 3.2
      vertex 39.954047575592995 -38.00056079030037 3.2
      vertex 39.85563491284847 -38.10563491284847 3.2
    endloop
  endfacet
  facet normal 0 0 1
    outer loop
      vertex 66 -51.65542232990265 3.2
      vertex 39.85563491284847 -38.10563491284847 3.2
      vertex 39.75056079030037 -38.204047575592995 3.2
    endloop
  endfacet
  facet normal 0 0 1
    outer loop
      vertex 66 -51.65542232990265 3.2
      vertex 39.75056079030037 -38.204047575592995 3.2
      vertex 39.63927514106035 -38.29537734389305 3.2
    endloop
  endfacet
  facet normal 0 0 1
    outer loop
      vertex 66 -51.65542232990265 3.2
      vertex 39.63927514106035 -38.29537734389305 3.2
      vertex 39.52225451171398 -38.37923314422369 3.2
    endloop
  endfacet
  facet normal 0 0 1
    outer loop
      vertex 66 -51.65542232990265 3.2
      vertex 39.52225451171398 -38.37923314422369 3.2
      vertex 39.399999998509884 -38.45525588840246 3.2
    endloop
  endfacet
  facet normal 0 0 1
    outer loop
      vertex 66 -51.65542232990265 3.2
      vertex 39.399999998509884 -38.45525588840246 3.2
      vertex 39.2730351164937 -38.523120030760765 3.2
    endloop
  endfacet
  facet normal 0 0 1
    outer loop
      vertex 66 -51.65542232990265 3.2
      vertex 39.2730351164937 -38.523120030760765 3.2
      vertex 39.141903549432755 -38.582534968853 3.2
    endloop
  endfacet
  facet normal 0 0 1
    outer loop
      vertex 66 -51.65542232990265 3.2
      vertex 39.141903549432755 -38.582534968853 3.2
      vertex 39.00716681778431 -38.63324628025293 3.2
    endloop
  endfacet
  facet normal 0 0 1
    outer loop
      vertex 66 -51.65542232990265 3.2
      vertex 39.00716681778431 -38.63324628025293 3.2
      vertex 38.86940189450979 -38.67503681778908 3.2
    endloop
  endfacet
  facet normal 0 0 1
    outer loop
      vertex 66 -51.65542232990265 3.2
      vertex 38.86940189450979 -38.67503681778908 3.2
      vertex 38.72919870913029 -38.70772761106491 3.2
    endloop
  endfacet
  facet normal 0 0 1
    outer loop
      vertex 19.69400045275688 -25.151955768465996 3.2
      vertex 18.084966771304607 -23.99893854558468 3.2
      vertex -18.084966771304607 -23.99893854558468 3.2
    endloop
  endfacet
  facet normal 0 0 1
    outer loop
      vertex 19.69400045275688 -25.151955768465996 3.2
      vertex -18.084966771304607 -23.99893854558468 3.2
      vertex -19.69400045275688 -25.151955768465996 3.2
    endloop
  endfacet
  facet normal 0 0 1
    outer loop
      vertex -19.69400045275688 25.151955768465996 3.2
      vertex -18.084966771304607 23.99893854558468 3.2
      vertex 18.084966771304607 23.99893854558468 3.2
    endloop
  endfacet
  facet normal 0 0 1
    outer loop
      vertex -19.69400045275688 25.151955768465996 3.2
      vertex 18.084966771304607 23.99893854558468 3.2
      vertex 19.69400045275688 25.151955768465996 3.2
    endloop
  endfacet
  facet normal 0 0 1
    outer loop
      vertex 66 -51.65542232990265 3.2
      vertex 38.72919870913029 -38.70772761106491 3.2
      vertex 38.58715762197971 -38.73117869347334 3.2
    endloop
  endfacet
  facet normal 0 0 1
    outer loop
      vertex 34.521555341780186 30.185232430696487 3.2
      vertex 36.5 30.25 3.2
      vertex 66 51.65542232990265 3.2
    endloop
  endfacet
  facet normal 0 0 1
    outer loop
      vertex -40.495289631187916 -36.69388688355684 3.2
      vertex -40.5 -36.54999999701977 3.2
      vertex -46.22354382276535 -28.644636414945126 3.2
    endloop
  endfacet
  facet normal 0 0 1
    outer loop
      vertex 32.504710368812084 -36.69388688355684 3.2
      vertex 32.5 -36.54999999701977 3.2
      vertex 26.77645617723465 -28.644636414945126 3.2
    endloop
  endfacet
  facet normal 0 0 1
    outer loop
      vertex -26.77645617723465 -28.644636414945126 3.2
      vertex -32.5 -36.54999999701977 3.2
      vertex -32.504710368812084 -36.69388688355684 3.2
    endloop
  endfacet
  facet normal 0 0 1
    outer loop
      vertex -40.495289631187916 -36.69388688355684 3.2
      vertex -46.22354382276535 -28.644636414945126 3.2
      vertex -48.076173827052116 -27.94735585898161 3.2
    endloop
  endfacet
  facet normal 0 0 1
    outer loop
      vertex -40.48117869347334 -36.83715762197971 3.2
      vertex -40.495289631187916 -36.69388688355684 3.2
      vertex -48.076173827052116 -27.94735585898161 3.2
    endloop
  endfacet
  facet normal 0 0 1
    outer loop
      vertex 32.504710368812084 -36.69388688355684 3.2
      vertex 26.77645617723465 -28.644636414945126 3.2
      vertex 24.923826172947884 -27.94735585898161 3.2
    endloop
  endfacet
  facet normal 0 0 1
    outer loop
      vertex 32.51882130652666 -36.83715762197971 3.2
      vertex 32.504710368812084 -36.69388688355684 3.2
      vertex 24.923826172947884 -27.94735585898161 3.2
    endloop
  endfacet
  facet normal 0 0 1
    outer loop
      vertex -24.923826172947884 -27.94735585898161 3.2
      vertex -26.77645617723465 -28.644636414945126 3.2
      vertex -32.504710368812084 -36.69388688355684 3.2
    endloop
  endfacet
  facet normal 0 0 1
    outer loop
      vertex -24.923826172947884 -27.94735585898161 3.2
      vertex -32.504710368812084 -36.69388688355684 3.2
      vertex -32.51882130652666 -36.83715762197971 3.2
    endloop
  endfacet
  facet normal 0 0 1
    outer loop
      vertex 21.375 -26.197268463671207 3.2
      vertex 19.69400045275688 -25.151955768465996 3.2
      vertex -19.69400045275688 -25.151955768465996 3.2
    endloop
  endfacet
  facet normal 0 0 1
    outer loop
      vertex 21.375 -26.197268463671207 3.2
      vertex -19.69400045275688 -25.151955768465996 3.2
      vertex -21.375 -26.197268463671207 3.2
    endloop
  endfacet
  facet normal 0 0 1
    outer loop
      vertex -21.375 26.197268463671207 3.2
      vertex -19.69400045275688 25.151955768465996 3.2
      vertex 19.69400045275688 25.151955768465996 3.2
    endloop
  endfacet
  facet normal 0 0 1
    outer loop
      vertex -21.375 26.197268463671207 3.2
      vertex 19.69400045275688 25.151955768465996 3.2
      vertex 21.375 26.197268463671207 3.2
    endloop
  endfacet
  facet normal 0 0 1
    outer loop
      vertex -66 -51.65542232990265 3.2
      vertex 66 -51.65542232990265 3.2
      vertex 38.58715762197971 -38.73117869347334 3.2
    endloop
  endfacet
  facet normal 0 0 1
    outer loop
      vertex -66 -51.65542232990265 3.2
      vertex 38.58715762197971 -38.73117869347334 3.2
      vertex 38.44388688355684 -38.745289631187916 3.2
    endloop
  endfacet
  facet normal 0 0 1
    outer loop
      vertex -66 -51.65542232990265 3.2
      vertex 38.44388688355684 -38.745289631187916 3.2
      vertex 38.29999999701977 -38.75 3.2
    endloop
  endfacet
  facet normal 0 0 1
    outer loop
      vertex -40.45772761106491 -36.97919870913029 3.2
      vertex -40.48117869347334 -36.83715762197971 3.2
      vertex -48.076173827052116 -27.94735585898161 3.2
    endloop
  endfacet
  facet normal 0 0 1
    outer loop
      vertex 32.54227238893509 -36.97919870913029 3.2
      vertex 32.51882130652666 -36.83715762197971 3.2
      vertex 24.923826172947884 -27.94735585898161 3.2
    endloop
  endfacet
  facet normal 0 0 1
    outer loop
      vertex -24.923826172947884 -27.94735585898161 3.2
      vertex -32.51882130652666 -36.83715762197971 3.2
      vertex -32.54227238893509 -36.97919870913029 3.2
    endloop
  endfacet
  facet normal 0 0 1
    outer loop
      vertex -66 -51.65542232990265 3.2
      vertex 38.29999999701977 -38.75 3.2
      vertex 34.70000000298023 -38.75 3.2
    endloop
  endfacet
  facet normal 0 0 1
    outer loop
      vertex -66 -51.65542232990265 3.2
      vertex 34.70000000298023 -38.75 3.2
      vertex 34.55611311644316 -38.745289631187916 3.2
    endloop
  endfacet
  facet normal 0 0 1
    outer loop
      vertex -66 -51.65542232990265 3.2
      vertex 34.55611311644316 -38.745289631187916 3.2
      vertex 34.41284237802029 -38.73117869347334 3.2
    endloop
  endfacet
  facet normal 0 0 1
    outer loop
      vertex -66 -51.65542232990265 3.2
      vertex 34.41284237802029 -38.73117869347334 3.2
      vertex 34.27080129086971 -38.70772761106491 3.2
    endloop
  endfacet
  facet normal 0 0 1
    outer loop
      vertex -66 -51.65542232990265 3.2
      vertex 34.27080129086971 -38.70772761106491 3.2
      vertex 34.13059810549021 -38.67503681778908 3.2
    endloop
  endfacet
  facet normal 0 0 1
    outer loop
      vertex -66 -51.65542232990265 3.2
      vertex 34.13059810549021 -38.67503681778908 3.2
      vertex 33.99283318221569 -38.63324628025293 3.2
    endloop
  endfacet
  facet normal 0 0 1
    outer loop
      vertex -66 -51.65542232990265 3.2
      vertex 33.99283318221569 -38.63324628025293 3.2
      vertex 33.858096450567245 -38.582534968853 3.2
    endloop
  endfacet
  facet normal 0 0 1
    outer loop
      vertex -66 -51.65542232990265 3.2
      vertex 33.858096450567245 -38.582534968853 3.2
      vertex 33.7269648835063 -38.523120030760765 3.2
    endloop
  endfacet
  facet normal 0 0 1
    outer loop
      vertex -66 -51.65542232990265 3.2
      vertex 33.7269648835063 -38.523120030760765 3.2
      vertex 33.600000001490116 -38.45525588840246 3.2
    endloop
  endfacet
  facet normal 0 0 1
    outer loop
      vertex -66 -51.65542232990265 3.2
      vertex 33.600000001490116 -38.45525588840246 3.2
      vertex 33.47774548828602 -38.37923314422369 3.2
    endloop
  endfacet
  facet normal 0 0 1
    outer loop
      vertex -66 -51.65542232990265 3.2
      vertex 33.47774548828602 -38.37923314422369 3.2
      vertex 33.36072485893965 -38.29537734389305 3.2
    endloop
  endfacet
  facet normal 0 0 1
    outer loop
      vertex -66 -51.65542232990265 3.2
      vertex 33.36072485893965 -38.29537734389305 3.2
      vertex 33.24943920969963 -38.204047575592995 3.2
    endloop
  endfacet
  facet normal 0 0 1
    outer loop
      vertex -66 -51.65542232990265 3.2
      vertex 33.24943920969963 -38.204047575592995 3.2
      vertex 33.14436508715153 -38.10563491284847 3.2
    endloop
  endfacet
  facet normal 0 0 1
    outer loop
      vertex -66 -51.65542232990265 3.2
      vertex 33.14436508715153 -38.10563491284847 3.2
      vertex 33.045952424407005 -38.00056079030037 3.2
    endloop
  endfacet
  facet normal 0 0 1
    outer loop
      vertex -66 -51.65542232990265 3.2
      vertex 33.045952424407005 -38.00056079030037 3.2
      vertex 32.95462265610695 -37.88927514106035 3.2
    endloop
  endfacet
  facet normal 0 0 1
    outer loop
      vertex -66 -51.65542232990265 3.2
      vertex 32.95462265610695 -37.88927514106035 3.2
      vertex 32.87076685577631 -37.77225451171398 3.2
    endloop
  endfacet
  facet normal 0 0 1
    outer loop
      vertex -66 -51.65542232990265 3.2
      vertex 32.87076685577631 -37.77225451171398 3.2
      vertex 32.79474411159754 -37.649999998509884 3.2
    endloop
  endfacet
  facet normal 0 0 1
    outer loop
      vertex -66 -51.65542232990265 3.2
      vertex 32.79474411159754 -37.649999998509884 3.2
      vertex 32.726879969239235 -37.5230351164937 3.2
    endloop
  endfacet
  facet normal 0 0 1
    outer loop
      vertex -66 -51.65542232990265 3.2
      vertex 32.726879969239235 -37.5230351164937 3.2
      vertex 32.667465031147 -37.391903549432755 3.2
    endloop
  endfacet
  facet normal 0 0 1
    outer loop
      vertex -66 -51.65542232990265 3.2
      vertex 32.667465031147 -37.391903549432755 3.2
      vertex 32.61675371974707 -37.25716681778431 3.2
    endloop
  endfacet
  facet normal 0 0 1
    outer loop
      vertex 32.55158268660307 29.99120705574751 3.2
      vertex 34.521555341780186 30.185232430696487 3.2
      vertex 66 51.65542232990265 3.2
    endloop
  endfacet
  facet normal 0 0 1
    outer loop
      vertex -66 -51.65542232990265 3.2
      vertex 32.61675371974707 -37.25716681778431 3.2
      vertex 32.57496318221092 -37.11940189450979 3.2
    endloop
  endfacet
  facet normal 0 0 1
    outer loop
      vertex -66 -51.65542232990265 3.2
      vertex 32.57496318221092 -37.11940189450979 3.2
      vertex 32.54227238893509 -36.97919870913029 3.2
    endloop
  endfacet
  facet normal 0 0 1
    outer loop
      vertex 23.12076712399721 -27.13040043413639 3.2
      vertex 21.375 -26.197268463671207 3.2
      vertex -21.375 -26.197268463671207 3.2
    endloop
  endfacet
  facet normal 0 0 1
    outer loop
      vertex 23.12076712399721 -27.13040043413639 3.2
      vertex -21.375 -26.197268463671207 3.2
      vertex -23.12076712399721 -27.13040043413639 3.2
    endloop
  endfacet
  facet normal 0 0 1
    outer loop
      vertex -23.12076712399721 27.13040043413639 3.2
      vertex -21.375 26.197268463671207 3.2
      vertex 21.375 26.197268463671207 3.2
    endloop
  endfacet
  facet normal 0 0 1
    outer loop
      vertex -23.12076712399721 27.13040043413639 3.2
      vertex 21.375 26.197268463671207 3.2
      vertex 23.12076712399721 27.13040043413639 3.2
    endloop
  endfacet
  facet normal 0 0 1
    outer loop
      vertex -40.42503681778908 -37.11940189450979 3.2
      vertex -40.45772761106491 -36.97919870913029 3.2
      vertex -48.076173827052116 -27.94735585898161 3.2
    endloop
  endfacet
  facet normal 0 0 1
    outer loop
      vertex -24.923826172947884 -27.94735585898161 3.2
      vertex -32.54227238893509 -36.97919870913029 3.2
      vertex -32.57496318221092 -37.11940189450979 3.2
    endloop
  endfacet
  facet normal 0 0 1
    outer loop
      vertex -40.42503681778908 -37.11940189450979 3.2
      vertex -48.076173827052116 -27.94735585898161 3.2
      vertex -49.87923287600279 -27.13040043413639 3.2
    endloop
  endfacet
  facet normal 0 0 1
    outer loop
      vertex -40.38324628025293 -37.25716681778431 3.2
      vertex -40.42503681778908 -37.11940189450979 3.2
      vertex -49.87923287600279 -27.13040043413639 3.2
    endloop
  endfacet
  facet normal 0 0 1
    outer loop
      vertex -23.12076712399721 -27.13040043413639 3.2
      vertex -24.923826172947884 -27.94735585898161 3.2
      vertex -32.57496318221092 -37.11940189450979 3.2
    endloop
  endfacet
  facet normal 0 0 1
    outer loop
      vertex 23.12076712399721 -27.13040043413639 3.2
      vertex -23.12076712399721 -27.13040043413639 3.2
      vertex -32.57496318221092 -37.11940189450979 3.2
    endloop
  endfacet
  facet normal 0 0 1
    outer loop
      vertex 23.12076712399721 -27.13040043413639 3.2
      vertex -32.57496318221092 -37.11940189450979 3.2
      vertex -32.61675371974707 -37.25716681778431 3.2
    endloop
  endfacet
  facet normal 0 0 1
    outer loop
      vertex 23.12076712399721 -27.13040043413639 3.2
      vertex -32.61675371974707 -37.25716681778431 3.2
      vertex -32.667465031147 -37.391903549432755 3.2
    endloop
  endfacet
  facet normal 0 0 1
    outer loop
      vertex 23.12076712399721 -27.13040043413639 3.2
      vertex -32.667465031147 -37.391903549432755 3.2
      vertex -32.726879969239235 -37.5230351164937 3.2
    endloop
  endfacet
  facet normal 0 0 1
    outer loop
      vertex 23.12076712399721 -27.13040043413639 3.2
      vertex -32.726879969239235 -37.5230351164937 3.2
      vertex -32.79474411159754 -37.649999998509884 3.2
    endloop
  endfacet
  facet normal 0 0 1
    outer loop
      vertex 23.12076712399721 -27.13040043413639 3.2
      vertex -32.79474411159754 -37.649999998509884 3.2
      vertex -32.87076685577631 -37.77225451171398 3.2
    endloop
  endfacet
  facet normal 0 0 1
    outer loop
      vertex 23.12076712399721 -27.13040043413639 3.2
      vertex -32.87076685577631 -37.77225451171398 3.2
      vertex -32.95462265610695 -37.88927514106035 3.2
    endloop
  endfacet
  facet normal 0 0 1
    outer loop
      vertex 23.12076712399721 -27.13040043413639 3.2
      vertex -32.95462265610695 -37.88927514106035 3.2
      vertex -33.045952424407005 -38.00056079030037 3.2
    endloop
  endfacet
  facet normal 0 0 1
    outer loop
      vertex 23.12076712399721 -27.13040043413639 3.2
      vertex -33.045952424407005 -38.00056079030037 3.2
      vertex -33.14436508715153 -38.10563491284847 3.2
    endloop
  endfacet
  facet normal 0 0 1
    outer loop
      vertex 24.923826172947884 -27.94735585898161 3.2
      vertex 23.12076712399721 -27.13040043413639 3.2
      vertex -33.14436508715153 -38.10563491284847 3.2
    endloop
  endfacet
  facet normal 0 0 1
    outer loop
      vertex 32.54227238893509 -36.97919870913029 3.2
      vertex 24.923826172947884 -27.94735585898161 3.2
      vertex -33.14436508715153 -38.10563491284847 3.2
    endloop
  endfacet
  facet normal 0 0 1
    outer loop
      vertex 32.54227238893509 -36.97919870913029 3.2
      vertex -33.14436508715153 -38.10563491284847 3.2
      vertex -33.24943920969963 -38.204047575592995 3.2
    endloop
  endfacet
  facet normal 0 0 1
    outer loop
      vertex 32.54227238893509 -36.97919870913029 3.2
      vertex -33.24943920969963 -38.204047575592995 3.2
      vertex -33.36072485893965 -38.29537734389305 3.2
    endloop
  endfacet
  facet normal 0 0 1
    outer loop
      vertex 32.54227238893509 -36.97919870913029 3.2
      vertex -33.36072485893965 -38.29537734389305 3.2
      vertex -33.47774548828602 -38.37923314422369 3.2
    endloop
  endfacet
  facet normal 0 0 1
    outer loop
      vertex 32.54227238893509 -36.97919870913029 3.2
      vertex -33.47774548828602 -38.37923314422369 3.2
      vertex -33.600000001490116 -38.45525588840246 3.2
    endloop
  endfacet
  facet normal 0 0 1
    outer loop
      vertex 32.54227238893509 -36.97919870913029 3.2
      vertex -33.600000001490116 -38.45525588840246 3.2
      vertex -33.7269648835063 -38.523120030760765 3.2
    endloop
  endfacet
  facet normal 0 0 1
    outer loop
      vertex 32.55158268660307 29.99120705574751 3.2
      vertex 66 51.65542232990265 3.2
      vertex -66 51.65542232990265 3.2
    endloop
  endfacet
  facet normal 0 0 1
    outer loop
      vertex -24.923826172947884 27.94735585898161 3.2
      vertex -23.12076712399721 27.13040043413639 3.2
      vertex 23.12076712399721 27.13040043413639 3.2
    endloop
  endfacet
  facet normal 0 0 1
    outer loop
      vertex -24.923826172947884 27.94735585898161 3.2
      vertex 23.12076712399721 27.13040043413639 3.2
      vertex 24.923826172947884 27.94735585898161 3.2
    endloop
  endfacet
  facet normal 0 0 1
    outer loop
      vertex 30.598517760634422 29.66875473409891 3.2
      vertex 32.55158268660307 29.99120705574751 3.2
      vertex -66 51.65542232990265 3.2
    endloop
  endfacet
  facet normal 0 0 1
    outer loop
      vertex 28.670723885297775 29.21925624459982 3.2
      vertex 30.598517760634422 29.66875473409891 3.2
      vertex -66 51.65542232990265 3.2
    endloop
  endfacet
  facet normal 0 0 1
    outer loop
      vertex 32.54227238893509 -36.97919870913029 3.2
      vertex -33.7269648835063 -38.523120030760765 3.2
      vertex -33.858096450567245 -38.582534968853 3.2
    endloop
  endfacet
  facet normal 0 0 1
    outer loop
      vertex -66 -51.65542232990265 3.2
      vertex 32.54227238893509 -36.97919870913029 3.2
      vertex -33.858096450567245 -38.582534968853 3.2
    endloop
  endfacet
  facet normal 0 0 1
    outer loop
      vertex -66 -51.65542232990265 3.2
      vertex -33.858096450567245 -38.582534968853 3.2
      vertex -33.99283318221569 -38.63324628025293 3.2
    endloop
  endfacet
  facet normal 0 0 1
    outer loop
      vertex -66 -51.65542232990265 3.2
      vertex -33.99283318221569 -38.63324628025293 3.2
      vertex -34.13059810549021 -38.67503681778908 3.2
    endloop
  endfacet
  facet normal 0 0 1
    outer loop
      vertex -66 -51.65542232990265 3.2
      vertex -34.13059810549021 -38.67503681778908 3.2
      vertex -34.27080129086971 -38.70772761106491 3.2
    endloop
  endfacet
  facet normal 0 0 1
    outer loop
      vertex -66 -51.65542232990265 3.2
      vertex -34.27080129086971 -38.70772761106491 3.2
      vertex -34.41284237802029 -38.73117869347334 3.2
    endloop
  endfacet
  facet normal 0 0 1
    outer loop
      vertex -66 -51.65542232990265 3.2
      vertex -34.41284237802029 -38.73117869347334 3.2
      vertex -34.55611311644316 -38.745289631187916 3.2
    endloop
  endfacet
  facet normal 0 0 1
    outer loop
      vertex -66 -51.65542232990265 3.2
      vertex -34.55611311644316 -38.745289631187916 3.2
      vertex -34.70000000298023 -38.75 3.2
    endloop
  endfacet
  facet normal 0 0 1
    outer loop
      vertex -66 -51.65542232990265 3.2
      vertex -34.70000000298023 -38.75 3.2
      vertex -38.29999999701977 -38.75 3.2
    endloop
  endfacet
  facet normal 0 0 1
    outer loop
      vertex -66 -51.65542232990265 3.2
      vertex -38.29999999701977 -38.75 3.2
      vertex -38.44388688355684 -38.745289631187916 3.2
    endloop
  endfacet
  facet normal 0 0 1
    outer loop
      vertex -66 -51.65542232990265 3.2
      vertex -38.44388688355684 -38.745289631187916 3.2
      vertex -38.58715762197971 -38.73117869347334 3.2
    endloop
  endfacet
  facet normal 0 0 1
    outer loop
      vertex -66 -51.65542232990265 3.2
      vertex -38.58715762197971 -38.73117869347334 3.2
      vertex -38.72919870913029 -38.70772761106491 3.2
    endloop
  endfacet
  facet normal 0 0 1
    outer loop
      vertex -66 -51.65542232990265 3.2
      vertex -38.72919870913029 -38.70772761106491 3.2
      vertex -38.86940189450979 -38.67503681778908 3.2
    endloop
  endfacet
  facet normal 0 0 1
    outer loop
      vertex -66 -51.65542232990265 3.2
      vertex -38.86940189450979 -38.67503681778908 3.2
      vertex -39.00716681778431 -38.63324628025293 3.2
    endloop
  endfacet
  facet normal 0 0 1
    outer loop
      vertex -66 -51.65542232990265 3.2
      vertex -39.00716681778431 -38.63324628025293 3.2
      vertex -39.141903549432755 -38.582534968853 3.2
    endloop
  endfacet
  facet normal 0 0 1
    outer loop
      vertex -66 -51.65542232990265 3.2
      vertex -39.141903549432755 -38.582534968853 3.2
      vertex -39.2730351164937 -38.523120030760765 3.2
    endloop
  endfacet
  facet normal 0 0 1
    outer loop
      vertex -66 -51.65542232990265 3.2
      vertex -39.2730351164937 -38.523120030760765 3.2
      vertex -39.399999998509884 -38.45525588840246 3.2
    endloop
  endfacet
  facet normal 0 0 1
    outer loop
      vertex -66 -51.65542232990265 3.2
      vertex -39.399999998509884 -38.45525588840246 3.2
      vertex -39.52225451171398 -38.37923314422369 3.2
    endloop
  endfacet
  facet normal 0 0 1
    outer loop
      vertex -66 -51.65542232990265 3.2
      vertex -39.52225451171398 -38.37923314422369 3.2
      vertex -39.63927514106035 -38.29537734389305 3.2
    endloop
  endfacet
  facet normal 0 0 1
    outer loop
      vertex -66 -51.65542232990265 3.2
      vertex -39.63927514106035 -38.29537734389305 3.2
      vertex -39.75056079030037 -38.204047575592995 3.2
    endloop
  endfacet
  facet normal 0 0 1
    outer loop
      vertex -66 -51.65542232990265 3.2
      vertex -39.75056079030037 -38.204047575592995 3.2
      vertex -39.85563491284847 -38.10563491284847 3.2
    endloop
  endfacet
  facet normal 0 0 1
    outer loop
      vertex -66 -51.65542232990265 3.2
      vertex -39.85563491284847 -38.10563491284847 3.2
      vertex -39.954047575592995 -38.00056079030037 3.2
    endloop
  endfacet
  facet normal 0 0 1
    outer loop
      vertex -66 -51.65542232990265 3.2
      vertex -39.954047575592995 -38.00056079030037 3.2
      vertex -40.04537734389305 -37.88927514106035 3.2
    endloop
  endfacet
  facet normal 0 0 1
    outer loop
      vertex -66 -51.65542232990265 3.2
      vertex -40.04537734389305 -37.88927514106035 3.2
      vertex -40.12923314422369 -37.77225451171398 3.2
    endloop
  endfacet
  facet normal 0 0 1
    outer loop
      vertex -66 -51.65542232990265 3.2
      vertex -40.12923314422369 -37.77225451171398 3.2
      vertex -40.20525588840246 -37.649999998509884 3.2
    endloop
  endfacet
  facet normal 0 0 1
    outer loop
      vertex -66 -51.65542232990265 3.2
      vertex -40.20525588840246 -37.649999998509884 3.2
      vertex -40.273120030760765 -37.5230351164937 3.2
    endloop
  endfacet
  facet normal 0 0 1
    outer loop
      vertex -66 -51.65542232990265 3.2
      vertex -40.273120030760765 -37.5230351164937 3.2
      vertex -40.332534968853 -37.391903549432755 3.2
    endloop
  endfacet
  facet normal 0 0 1
    outer loop
      vertex -66 -51.65542232990265 3.2
      vertex -40.332534968853 -37.391903549432755 3.2
      vertex -40.38324628025293 -37.25716681778431 3.2
    endloop
  endfacet
  facet normal 0 0 1
    outer loop
      vertex -66 -51.65542232990265 3.2
      vertex -40.38324628025293 -37.25716681778431 3.2
      vertex -49.87923287600279 -27.13040043413639 3.2
    endloop
  endfacet
  facet normal 0 0 1
    outer loop
      vertex -66 -51.65542232990265 3.2
      vertex -49.87923287600279 -27.13040043413639 3.2
      vertex -51.625 -26.197268463671207 3.2
    endloop
  endfacet
  facet normal 0 0 1
    outer loop
      vertex -66 -51.65542232990265 3.2
      vertex -51.625 -26.197268463671207 3.2
      vertex -53.30599954724312 -25.151955768465996 3.2
    endloop
  endfacet
  facet normal 0 0 1
    outer loop
      vertex -66 -51.65542232990265 3.2
      vertex -53.30599954724312 -25.151955768465996 3.2
      vertex -54.91503322869539 -23.99893854558468 3.2
    endloop
  endfacet
  facet normal 0 0 1
    outer loop
      vertex -66 -51.65542232990265 3.2
      vertex -54.91503322869539 -23.99893854558468 3.2
      vertex -56.44521090388298 -22.743154175579548 3.2
    endloop
  endfacet
  facet normal 0 0 1
    outer loop
      vertex -66.44637635350227 -51.64080947637558 3.2
      vertex -66 -51.65542232990265 3.2
      vertex -56.44521090388298 -22.743154175579548 3.2
    endloop
  endfacet
  facet normal 0 0 1
    outer loop
      vertex -66.8908412605524 -51.59703350812197 3.2
      vertex -66.44637635350227 -51.64080947637558 3.2
      vertex -56.44521090388298 -22.743154175579548 3.2
    endloop
  endfacet
  facet normal 0 0 1
    outer loop
      vertex -67.33149144798517 -51.52428186684847 3.2
      vertex -66.8908412605524 -51.59703350812197 3.2
      vertex -56.44521090388298 -22.743154175579548 3.2
    endloop
  endfacet
  facet normal 0 0 1
    outer loop
      vertex -67.7664399817586 -51.422866091132164 3.2
      vertex -67.33149144798517 -51.52428186684847 3.2
      vertex -56.44521090388298 -22.743154175579548 3.2
    endloop
  endfacet
  facet normal 0 0 1
    outer loop
      vertex -68.19382435083389 -51.29322046041489 3.2
      vertex -67.7664399817586 -51.422866091132164 3.2
      vertex -56.44521090388298 -22.743154175579548 3.2
    endloop
  endfacet
  facet normal 0 0 1
    outer loop
      vertex -68.61181442439556 -51.135900139808655 3.2
      vertex -68.19382435083389 -51.29322046041489 3.2
      vertex -56.44521090388298 -22.743154175579548 3.2
    endloop
  endfacet
  facet normal 0 0 1
    outer loop
      vertex -69.0186203122139 -50.9515787884593 3.2
      vertex -68.61181442439556 -51.135900139808655 3.2
      vertex -56.44521090388298 -22.743154175579548 3.2
    endloop
  endfacet
  facet normal 0 0 1
    outer loop
      vertex -69.41250000149012 -50.7410457059741 3.2
      vertex -69.0186203122139 -50.9515787884593 3.2
      vertex -56.44521090388298 -22.743154175579548 3.2
    endloop
  endfacet
  facet normal 0 0 1
    outer loop
      vertex -69.79176683723927 -50.50520242750645 3.2
      vertex -69.41250000149012 -50.7410457059741 3.2
      vertex -56.44521090388298 -22.743154175579548 3.2
    endloop
  endfacet
  facet normal 0 0 1
    outer loop
      vertex -70.15479674935341 -50.24505887180567 3.2
      vertex -69.79176683723927 -50.50520242750645 3.2
      vertex -56.44521090388298 -22.743154175579548 3.2
    endloop
  endfacet
  facet normal 0 0 1
    outer loop
      vertex -70.50003518909216 -49.961729012429714 3.2
      vertex -70.15479674935341 -50.24505887180567 3.2
      vertex -56.44521090388298 -22.743154175579548 3.2
    endloop
  endfacet
  facet normal 0 0 1
    outer loop
      vertex -70.82600378245115 -49.65642610937357 3.2
      vertex -70.50003518909216 -49.961729012429714 3.2
      vertex -56.44521090388298 -22.743154175579548 3.2
    endloop
  endfacet
  facet normal 0 0 1
    outer loop
      vertex -71.1313066855073 -49.330457516014576 3.2
      vertex -70.82600378245115 -49.65642610937357 3.2
      vertex -56.44521090388298 -22.743154175579548 3.2
    endloop
  endfacet
  facet normal 0 0 1
    outer loop
      vertex -71.41463654488325 -48.985219076275826 3.2
      vertex -71.1313066855073 -49.330457516014576 3.2
      vertex -56.44521090388298 -22.743154175579548 3.2
    endloop
  endfacet
  facet normal 0 0 1
    outer loop
      vertex -71.67478010058403 -48.62218916416168 3.2
      vertex -71.41463654488325 -48.985219076275826 3.2
      vertex -56.44521090388298 -22.743154175579548 3.2
    endloop
  endfacet
  facet normal 0 0 1
    outer loop
      vertex -71.91062337905169 -48.24292232841253 3.2
      vertex -71.67478010058403 -48.62218916416168 3.2
      vertex -56.44521090388298 -22.743154175579548 3.2
    endloop
  endfacet
  facet normal 0 0 1
    outer loop
      vertex -72.12115646153688 -47.849042639136314 3.2
      vertex -71.91062337905169 -48.24292232841253 3.2
      vertex -56.44521090388298 -22.743154175579548 3.2
    endloop
  endfacet
  facet normal 0 0 1
    outer loop
      vertex -72.30547781288624 -47.44223675131798 3.2
      vertex -72.12115646153688 -47.849042639136314 3.2
      vertex -56.44521090388298 -22.743154175579548 3.2
    endloop
  endfacet
  facet normal 0 0 1
    outer loop
      vertex -72.46279813349247 -47.02424667775631 3.2
      vertex -72.30547781288624 -47.44223675131798 3.2
      vertex -56.44521090388298 -22.743154175579548 3.2
    endloop
  endfacet
  facet normal 0 0 1
    outer loop
      vertex -72.59244376420975 -46.59686230868101 3.2
      vertex -72.46279813349247 -47.02424667775631 3.2
      vertex -56.44521090388298 -22.743154175579548 3.2
    endloop
  endfacet
  facet normal 0 0 1
    outer loop
      vertex -72.69385953992605 -46.16191377490759 3.2
      vertex -72.59244376420975 -46.59686230868101 3.2
      vertex -56.44521090388298 -22.743154175579548 3.2
    endloop
  endfacet
  facet normal 0 0 1
    outer loop
      vertex -72.76661118119955 -45.72126358747482 3.2
      vertex -72.69385953992605 -46.16191377490759 3.2
      vertex -56.44521090388298 -22.743154175579548 3.2
    endloop
  endfacet
  facet normal 0 0 1
    outer loop
      vertex -72.81038714945316 -45.27679868042469 3.2
      vertex -72.76661118119955 -45.72126358747482 3.2
      vertex -56.44521090388298 -22.743154175579548 3.2
    endloop
  endfacet
  facet normal 0 0 1
    outer loop
      vertex -72.82500000298023 -44.83042232692242 3.2
      vertex -72.81038714945316 -45.27679868042469 3.2
      vertex -56.44521090388298 -22.743154175579548 3.2
    endloop
  endfacet
  facet normal 0 0 1
    outer loop
      vertex -72.82500000298023 -44.83042232692242 3.2
      vertex -56.44521090388298 -22.743154175579548 3.2
      vertex -57.889980129897594 -21.389980129897594 3.2
    endloop
  endfacet
  facet normal 0 0 1
    outer loop
      vertex -72.82500000298023 -44.83042232692242 3.2
      vertex -57.889980129897594 -21.389980129897594 3.2
      vertex -59.24315417557955 -19.94521090388298 3.2
    endloop
  endfacet
  facet normal 0 0 1
    outer loop
      vertex -72.82500000298023 -44.83042232692242 3.2
      vertex -59.24315417557955 -19.94521090388298 3.2
      vertex -60.49893854558468 -18.415033228695393 3.2
    endloop
  endfacet
  facet normal 0 0 1
    outer loop
      vertex -72.82500000298023 -44.83042232692242 3.2
      vertex -60.49893854558468 -18.415033228695393 3.2
      vertex -61.651955768465996 -16.80599954724312 3.2
    endloop
  endfacet
  facet normal 0 0 1
    outer loop
      vertex -72.82500000298023 -44.83042232692242 3.2
      vertex -61.651955768465996 -16.80599954724312 3.2
      vertex -62.69726846367121 -15.125 3.2
    endloop
  endfacet
  facet normal 0 0 1
    outer loop
      vertex -72.82500000298023 -44.83042232692242 3.2
      vertex -62.69726846367121 -15.125 3.2
      vertex -63.63040043413639 -13.379232876002789 3.2
    endloop
  endfacet
  facet normal 0 0 1
    outer loop
      vertex -72.82500000298023 -44.83042232692242 3.2
      vertex -63.63040043413639 -13.379232876002789 3.2
      vertex -64.44735585898161 -11.576173827052116 3.2
    endloop
  endfacet
  facet normal 0 0 1
    outer loop
      vertex -72.82500000298023 -44.83042232692242 3.2
      vertex -64.44735585898161 -11.576173827052116 3.2
      vertex -65.14463641494513 -9.72354382276535 3.2
    endloop
  endfacet
  facet normal 0 0 1
    outer loop
      vertex -72.82500000298023 -44.83042232692242 3.2
      vertex -65.14463641494513 -9.72354382276535 3.2
      vertex -65.71925624459982 -7.829276114702225 3.2
    endloop
  endfacet
  facet normal 0 0 1
    outer loop
      vertex -72.82500000298023 -44.83042232692242 3.2
      vertex -65.71925624459982 -7.829276114702225 3.2
      vertex -66.16875473409891 -5.901482239365578 3.2
    endloop
  endfacet
  facet normal 0 0 1
    outer loop
      vertex 26.77645617723465 28.644636414945126 3.2
      vertex 28.670723885297775 29.21925624459982 3.2
      vertex -66 51.65542232990265 3.2
    endloop
  endfacet
  facet normal 0 0 1
    outer loop
      vertex 24.923826172947884 27.94735585898161 3.2
      vertex 26.77645617723465 28.644636414945126 3.2
      vertex -66 51.65542232990265 3.2
    endloop
  endfacet
  facet normal 0 0 1
    outer loop
      vertex -24.923826172947884 27.94735585898161 3.2
      vertex 24.923826172947884 27.94735585898161 3.2
      vertex -66 51.65542232990265 3.2
    endloop
  endfacet
  facet normal 0 0 1
    outer loop
      vertex -26.77645617723465 28.644636414945126 3.2
      vertex -24.923826172947884 27.94735585898161 3.2
      vertex -66 51.65542232990265 3.2
    endloop
  endfacet
  facet normal 0 0 1
    outer loop
      vertex -28.670723885297775 29.21925624459982 3.2
      vertex -26.77645617723465 28.644636414945126 3.2
      vertex -66 51.65542232990265 3.2
    endloop
  endfacet
  facet normal 0 0 1
    outer loop
      vertex -30.598517760634422 29.66875473409891 3.2
      vertex -28.670723885297775 29.21925624459982 3.2
      vertex -66 51.65542232990265 3.2
    endloop
  endfacet
  facet normal 0 0 1
    outer loop
      vertex -32.55158268660307 29.99120705574751 3.2
      vertex -30.598517760634422 29.66875473409891 3.2
      vertex -66 51.65542232990265 3.2
    endloop
  endfacet
  facet normal 0 0 1
    outer loop
      vertex -34.521555341780186 30.185232430696487 3.2
      vertex -32.55158268660307 29.99120705574751 3.2
      vertex -66 51.65542232990265 3.2
    endloop
  endfacet
  facet normal 0 0 1
    outer loop
      vertex -36.5 30.25 3.2
      vertex -34.521555341780186 30.185232430696487 3.2
      vertex -66 51.65542232990265 3.2
    endloop
  endfacet
  facet normal 0 0 1
    outer loop
      vertex -38.478444658219814 30.185232430696487 3.2
      vertex -36.5 30.25 3.2
      vertex -66 51.65542232990265 3.2
    endloop
  endfacet
  facet normal 0 0 1
    outer loop
      vertex -40.44841731339693 29.99120705574751 3.2
      vertex -38.478444658219814 30.185232430696487 3.2
      vertex -66 51.65542232990265 3.2
    endloop
  endfacet
  facet normal 0 0 1
    outer loop
      vertex -42.40148223936558 29.66875473409891 3.2
      vertex -40.44841731339693 29.99120705574751 3.2
      vertex -66 51.65542232990265 3.2
    endloop
  endfacet
  facet normal 0 0 1
    outer loop
      vertex -44.329276114702225 29.21925624459982 3.2
      vertex -42.40148223936558 29.66875473409891 3.2
      vertex -66 51.65542232990265 3.2
    endloop
  endfacet
  facet normal 0 0 1
    outer loop
      vertex -46.22354382276535 28.644636414945126 3.2
      vertex -44.329276114702225 29.21925624459982 3.2
      vertex -66 51.65542232990265 3.2
    endloop
  endfacet
  facet normal 0 0 1
    outer loop
      vertex -48.076173827052116 27.94735585898161 3.2
      vertex -46.22354382276535 28.644636414945126 3.2
      vertex -66 51.65542232990265 3.2
    endloop
  endfacet
  facet normal 0 0 1
    outer loop
      vertex -49.87923287600279 27.13040043413639 3.2
      vertex -48.076173827052116 27.94735585898161 3.2
      vertex -66 51.65542232990265 3.2
    endloop
  endfacet
  facet normal 0 0 1
    outer loop
      vertex -51.625 26.197268463671207 3.2
      vertex -49.87923287600279 27.13040043413639 3.2
      vertex -66 51.65542232990265 3.2
    endloop
  endfacet
  facet normal 0 0 1
    outer loop
      vertex -53.30599954724312 25.151955768465996 3.2
      vertex -51.625 26.197268463671207 3.2
      vertex -66 51.65542232990265 3.2
    endloop
  endfacet
  facet normal 0 0 1
    outer loop
      vertex -54.91503322869539 23.99893854558468 3.2
      vertex -53.30599954724312 25.151955768465996 3.2
      vertex -66 51.65542232990265 3.2
    endloop
  endfacet
  facet normal 0 0 1
    outer loop
      vertex -56.44521090388298 22.743154175579548 3.2
      vertex -54.91503322869539 23.99893854558468 3.2
      vertex -66 51.65542232990265 3.2
    endloop
  endfacet
  facet normal 0 0 1
    outer loop
      vertex -56.44521090388298 22.743154175579548 3.2
      vertex -66 51.65542232990265 3.2
      vertex -66.44637635350227 51.64080947637558 3.2
    endloop
  endfacet
  facet normal 0 0 1
    outer loop
      vertex -56.44521090388298 22.743154175579548 3.2
      vertex -66.44637635350227 51.64080947637558 3.2
      vertex -66.8908412605524 51.59703350812197 3.2
    endloop
  endfacet
  facet normal 0 0 1
    outer loop
      vertex -56.44521090388298 22.743154175579548 3.2
      vertex -66.8908412605524 51.59703350812197 3.2
      vertex -67.33149144798517 51.52428186684847 3.2
    endloop
  endfacet
  facet normal 0 0 1
    outer loop
      vertex -56.44521090388298 22.743154175579548 3.2
      vertex -67.33149144798517 51.52428186684847 3.2
      vertex -67.7664399817586 51.422866091132164 3.2
    endloop
  endfacet
  facet normal 0 0 1
    outer loop
      vertex -56.44521090388298 22.743154175579548 3.2
      vertex -67.7664399817586 51.422866091132164 3.2
      vertex -68.19382435083389 51.29322046041489 3.2
    endloop
  endfacet
  facet normal 0 0 1
    outer loop
      vertex -56.44521090388298 22.743154175579548 3.2
      vertex -68.19382435083389 51.29322046041489 3.2
      vertex -68.61181442439556 51.135900139808655 3.2
    endloop
  endfacet
  facet normal 0 0 1
    outer loop
      vertex -56.44521090388298 22.743154175579548 3.2
      vertex -68.61181442439556 51.135900139808655 3.2
      vertex -69.0186203122139 50.9515787884593 3.2
    endloop
  endfacet
  facet normal 0 0 1
    outer loop
      vertex -56.44521090388298 22.743154175579548 3.2
      vertex -69.0186203122139 50.9515787884593 3.2
      vertex -69.41250000149012 50.7410457059741 3.2
    endloop
  endfacet
  facet normal 0 0 1
    outer loop
      vertex -56.44521090388298 22.743154175579548 3.2
      vertex -69.41250000149012 50.7410457059741 3.2
      vertex -69.79176683723927 50.50520242750645 3.2
    endloop
  endfacet
  facet normal 0 0 1
    outer loop
      vertex -56.44521090388298 22.743154175579548 3.2
      vertex -69.79176683723927 50.50520242750645 3.2
      vertex -70.15479674935341 50.24505887180567 3.2
    endloop
  endfacet
  facet normal 0 0 1
    outer loop
      vertex -56.44521090388298 22.743154175579548 3.2
      vertex -70.15479674935341 50.24505887180567 3.2
      vertex -70.50003518909216 49.961729012429714 3.2
    endloop
  endfacet
  facet normal 0 0 1
    outer loop
      vertex -56.44521090388298 22.743154175579548 3.2
      vertex -70.50003518909216 49.961729012429714 3.2
      vertex -70.82600378245115 49.65642610937357 3.2
    endloop
  endfacet
  facet normal 0 0 1
    outer loop
      vertex -56.44521090388298 22.743154175579548 3.2
      vertex -70.82600378245115 49.65642610937357 3.2
      vertex -71.1313066855073 49.330457516014576 3.2
    endloop
  endfacet
  facet normal 0 0 1
    outer loop
      vertex -56.44521090388298 22.743154175579548 3.2
      vertex -71.1313066855073 49.330457516014576 3.2
      vertex -71.41463654488325 48.985219076275826 3.2
    endloop
  endfacet
  facet normal 0 0 1
    outer loop
      vertex -56.44521090388298 22.743154175579548 3.2
      vertex -71.41463654488325 48.985219076275826 3.2
      vertex -71.67478010058403 48.62218916416168 3.2
    endloop
  endfacet
  facet normal 0 0 1
    outer loop
      vertex -56.44521090388298 22.743154175579548 3.2
      vertex -71.67478010058403 48.62218916416168 3.2
      vertex -71.91062337905169 48.24292232841253 3.2
    endloop
  endfacet
  facet normal 0 0 1
    outer loop
      vertex -56.44521090388298 22.743154175579548 3.2
      vertex -71.91062337905169 48.24292232841253 3.2
      vertex -72.12115646153688 47.849042639136314 3.2
    endloop
  endfacet
  facet normal 0 0 1
    outer loop
      vertex -56.44521090388298 22.743154175579548 3.2
      vertex -72.12115646153688 47.849042639136314 3.2
      vertex -72.30547781288624 47.44223675131798 3.2
    endloop
  endfacet
  facet normal 0 0 1
    outer loop
      vertex -56.44521090388298 22.743154175579548 3.2
      vertex -72.30547781288624 47.44223675131798 3.2
      vertex -72.46279813349247 47.02424667775631 3.2
    endloop
  endfacet
  facet normal 0 0 1
    outer loop
      vertex -56.44521090388298 22.743154175579548 3.2
      vertex -72.46279813349247 47.02424667775631 3.2
      vertex -72.59244376420975 46.59686230868101 3.2
    endloop
  endfacet
  facet normal 0 0 1
    outer loop
      vertex -56.44521090388298 22.743154175579548 3.2
      vertex -72.59244376420975 46.59686230868101 3.2
      vertex -72.69385953992605 46.16191377490759 3.2
    endloop
  endfacet
  facet normal 0 0 1
    outer loop
      vertex -56.44521090388298 22.743154175579548 3.2
      vertex -72.69385953992605 46.16191377490759 3.2
      vertex -72.76661118119955 45.72126358747482 3.2
    endloop
  endfacet
  facet normal 0 0 1
    outer loop
      vertex -56.44521090388298 22.743154175579548 3.2
      vertex -72.76661118119955 45.72126358747482 3.2
      vertex -72.81038714945316 45.27679868042469 3.2
    endloop
  endfacet
  facet normal 0 0 1
    outer loop
      vertex -56.44521090388298 22.743154175579548 3.2
      vertex -72.81038714945316 45.27679868042469 3.2
      vertex -72.82500000298023 44.83042232692242 3.2
    endloop
  endfacet
  facet normal 0 0 1
    outer loop
      vertex -57.889980129897594 21.389980129897594 3.2
      vertex -56.44521090388298 22.743154175579548 3.2
      vertex -72.82500000298023 44.83042232692242 3.2
    endloop
  endfacet
  facet normal 0 0 1
    outer loop
      vertex -59.24315417557955 19.94521090388298 3.2
      vertex -57.889980129897594 21.389980129897594 3.2
      vertex -72.82500000298023 44.83042232692242 3.2
    endloop
  endfacet
  facet normal 0 0 1
    outer loop
      vertex -60.49893854558468 18.415033228695393 3.2
      vertex -59.24315417557955 19.94521090388298 3.2
      vertex -72.82500000298023 44.83042232692242 3.2
    endloop
  endfacet
  facet normal 0 0 1
    outer loop
      vertex -61.651955768465996 16.80599954724312 3.2
      vertex -60.49893854558468 18.415033228695393 3.2
      vertex -72.82500000298023 44.83042232692242 3.2
    endloop
  endfacet
  facet normal 0 0 1
    outer loop
      vertex -62.69726846367121 15.125 3.2
      vertex -61.651955768465996 16.80599954724312 3.2
      vertex -72.82500000298023 44.83042232692242 3.2
    endloop
  endfacet
  facet normal 0 0 1
    outer loop
      vertex -63.63040043413639 13.379232876002789 3.2
      vertex -62.69726846367121 15.125 3.2
      vertex -72.82500000298023 44.83042232692242 3.2
    endloop
  endfacet
  facet normal 0 0 1
    outer loop
      vertex -64.44735585898161 11.576173827052116 3.2
      vertex -63.63040043413639 13.379232876002789 3.2
      vertex -72.82500000298023 44.83042232692242 3.2
    endloop
  endfacet
  facet normal 0 0 1
    outer loop
      vertex -65.14463641494513 9.72354382276535 3.2
      vertex -64.44735585898161 11.576173827052116 3.2
      vertex -72.82500000298023 44.83042232692242 3.2
    endloop
  endfacet
  facet normal 0 0 1
    outer loop
      vertex -65.71925624459982 7.829276114702225 3.2
      vertex -65.14463641494513 9.72354382276535 3.2
      vertex -72.82500000298023 44.83042232692242 3.2
    endloop
  endfacet
  facet normal 0 0 1
    outer loop
      vertex -66.16875473409891 5.901482239365578 3.2
      vertex -65.71925624459982 7.829276114702225 3.2
      vertex -72.82500000298023 44.83042232692242 3.2
    endloop
  endfacet
  facet normal 0 0 1
    outer loop
      vertex -72.82500000298023 -44.83042232692242 3.2
      vertex -66.16875473409891 -5.901482239365578 3.2
      vertex -66.49120705574751 -3.9484173133969307 3.2
    endloop
  endfacet
  facet normal 0 0 1
    outer loop
      vertex -72.82500000298023 44.83042232692242 3.2
      vertex -72.82500000298023 -44.83042232692242 3.2
      vertex -66.49120705574751 -3.9484173133969307 3.2
    endloop
  endfacet
  facet normal 0 0 1
    outer loop
      vertex -72.82500000298023 44.83042232692242 3.2
      vertex -66.49120705574751 -3.9484173133969307 3.2
      vertex -66.68523243069649 -1.9784446582198143 3.2
    endloop
  endfacet
  facet normal 0 0 1
    outer loop
      vertex -72.82500000298023 44.83042232692242 3.2
      vertex -66.68523243069649 -1.9784446582198143 3.2
      vertex -66.75 0 3.2
    endloop
  endfacet
  facet normal 0 0 1
    outer loop
      vertex -72.82500000298023 44.83042232692242 3.2
      vertex -66.75 0 3.2
      vertex -66.68523243069649 1.9784446582198143 3.2
    endloop
  endfacet
  facet normal 0 0 1
    outer loop
      vertex -72.82500000298023 44.83042232692242 3.2
      vertex -66.68523243069649 1.9784446582198143 3.2
      vertex -66.49120705574751 3.9484173133969307 3.2
    endloop
  endfacet
  facet normal 0 0 1
    outer loop
      vertex -66.16875473409891 5.901482239365578 3.2
      vertex -72.82500000298023 44.83042232692242 3.2
      vertex -66.49120705574751 3.9484173133969307 3.2
    endloop
  endfacet
  facet normal 0 0 -1
    outer loop
      vertex 40.332534968853 -30.108096450567245 0
      vertex 40.28678601235151 -30.007126346230507 0
      vertex 40.44841731339693 -29.99120705574751 0
    endloop
  endfacet
  facet normal 0 0 -1
    outer loop
      vertex -40.44841731339693 -29.99120705574751 0
      vertex -40.28678601235151 -30.007126346230507 0
      vertex -40.332534968853 -30.108096450567245 0
    endloop
  endfacet
  facet normal 0 0 -1
    outer loop
      vertex 32.55158268660307 -29.99120705574751 0
      vertex 32.71321398019791 -30.007126346230507 0
      vertex 32.667465031147 -30.108096450567245 0
    endloop
  endfacet
  facet normal 0 0 -1
    outer loop
      vertex -32.667465031147 -30.108096450567245 0
      vertex -32.71321398019791 -30.007126346230507 0
      vertex -32.55158268660307 -29.99120705574751 0
    endloop
  endfacet
  facet normal 0 0 -1
    outer loop
      vertex -6.25 0 0
      vertex 6.25 0 0
      vertex 6.314767569303513 -1.9784446582198143 0
    endloop
  endfacet
  facet normal 0 0 -1
    outer loop
      vertex -6.314767569303513 -1.9784446582198143 0
      vertex -6.25 0 0
      vertex 6.314767569303513 -1.9784446582198143 0
    endloop
  endfacet
  facet normal 0 0 -1
    outer loop
      vertex 6.25 0 0
      vertex -6.25 0 0
      vertex -6.314767569303513 1.9784446582198143 0
    endloop
  endfacet
  facet normal 0 0 -1
    outer loop
      vertex 6.314767569303513 1.9784446582198143 0
      vertex 6.25 0 0
      vertex -6.314767569303513 1.9784446582198143 0
    endloop
  endfacet
  facet normal 0 0 -1
    outer loop
      vertex -6.314767569303513 -1.9784446582198143 0
      vertex 6.314767569303513 -1.9784446582198143 0
      vertex 6.508792944252491 -3.9484173133969307 0
    endloop
  endfacet
  facet normal 0 0 -1
    outer loop
      vertex -6.508792944252491 -3.9484173133969307 0
      vertex -6.314767569303513 -1.9784446582198143 0
      vertex 6.508792944252491 -3.9484173133969307 0
    endloop
  endfacet
  facet normal 0 0 -1
    outer loop
      vertex 6.314767569303513 1.9784446582198143 0
      vertex -6.314767569303513 1.9784446582198143 0
      vertex -6.508792944252491 3.9484173133969307 0
    endloop
  endfacet
  facet normal 0 0 -1
    outer loop
      vertex 6.508792944252491 3.9484173133969307 0
      vertex 6.314767569303513 1.9784446582198143 0
      vertex -6.508792944252491 3.9484173133969307 0
    endloop
  endfacet
  facet normal 0 0 -1
    outer loop
      vertex -6.508792944252491 -3.9484173133969307 0
      vertex 6.508792944252491 -3.9484173133969307 0
      vertex 6.831245265901089 -5.901482239365578 0
    endloop
  endfacet
  facet normal 0 0 -1
    outer loop
      vertex -6.831245265901089 -5.901482239365578 0
      vertex -6.508792944252491 -3.9484173133969307 0
      vertex 6.831245265901089 -5.901482239365578 0
    endloop
  endfacet
  facet normal 0 0 -1
    outer loop
      vertex 6.508792944252491 3.9484173133969307 0
      vertex -6.508792944252491 3.9484173133969307 0
      vertex -6.831245265901089 5.901482239365578 0
    endloop
  endfacet
  facet normal 0 0 -1
    outer loop
      vertex 6.831245265901089 5.901482239365578 0
      vertex 6.508792944252491 3.9484173133969307 0
      vertex -6.831245265901089 5.901482239365578 0
    endloop
  endfacet
  facet normal 0 0 -1
    outer loop
      vertex -6.831245265901089 -5.901482239365578 0
      vertex 6.831245265901089 -5.901482239365578 0
      vertex 7.280743755400181 -7.829276114702225 0
    endloop
  endfacet
  facet normal 0 0 -1
    outer loop
      vertex -7.280743755400181 -7.829276114702225 0
      vertex -6.831245265901089 -5.901482239365578 0
      vertex 7.280743755400181 -7.829276114702225 0
    endloop
  endfacet
  facet normal 0 0 -1
    outer loop
      vertex 6.831245265901089 5.901482239365578 0
      vertex -6.831245265901089 5.901482239365578 0
      vertex -7.280743755400181 7.829276114702225 0
    endloop
  endfacet
  facet normal 0 0 -1
    outer loop
      vertex 7.280743755400181 7.829276114702225 0
      vertex 6.831245265901089 5.901482239365578 0
      vertex -7.280743755400181 7.829276114702225 0
    endloop
  endfacet
  facet normal 0 0 -1
    outer loop
      vertex -7.280743755400181 -7.829276114702225 0
      vertex 7.280743755400181 -7.829276114702225 0
      vertex 7.855363585054874 -9.72354382276535 0
    endloop
  endfacet
  facet normal 0 0 -1
    outer loop
      vertex -7.855363585054874 -9.72354382276535 0
      vertex -7.280743755400181 -7.829276114702225 0
      vertex 7.855363585054874 -9.72354382276535 0
    endloop
  endfacet
  facet normal 0 0 -1
    outer loop
      vertex 7.280743755400181 7.829276114702225 0
      vertex -7.280743755400181 7.829276114702225 0
      vertex -7.855363585054874 9.72354382276535 0
    endloop
  endfacet
  facet normal 0 0 -1
    outer loop
      vertex 7.855363585054874 9.72354382276535 0
      vertex 7.280743755400181 7.829276114702225 0
      vertex -7.855363585054874 9.72354382276535 0
    endloop
  endfacet
  facet normal 0 0 -1
    outer loop
      vertex -7.855363585054874 -9.72354382276535 0
      vertex 7.855363585054874 -9.72354382276535 0
      vertex 8.55264414101839 -11.576173827052116 0
    endloop
  endfacet
  facet normal 0 0 -1
    outer loop
      vertex -8.55264414101839 -11.576173827052116 0
      vertex -7.855363585054874 -9.72354382276535 0
      vertex 8.55264414101839 -11.576173827052116 0
    endloop
  endfacet
  facet normal 0 0 -1
    outer loop
      vertex 7.855363585054874 9.72354382276535 0
      vertex -7.855363585054874 9.72354382276535 0
      vertex -8.55264414101839 11.576173827052116 0
    endloop
  endfacet
  facet normal 0 0 -1
    outer loop
      vertex 8.55264414101839 11.576173827052116 0
      vertex 7.855363585054874 9.72354382276535 0
      vertex -8.55264414101839 11.576173827052116 0
    endloop
  endfacet
  facet normal 0 0 -1
    outer loop
      vertex -8.55264414101839 -11.576173827052116 0
      vertex 8.55264414101839 -11.576173827052116 0
      vertex 9.36959956586361 -13.379232876002789 0
    endloop
  endfacet
  facet normal 0 0 -1
    outer loop
      vertex -9.36959956586361 -13.379232876002789 0
      vertex -8.55264414101839 -11.576173827052116 0
      vertex 9.36959956586361 -13.379232876002789 0
    endloop
  endfacet
  facet normal 0 0 -1
    outer loop
      vertex 8.55264414101839 11.576173827052116 0
      vertex -8.55264414101839 11.576173827052116 0
      vertex -9.36959956586361 13.379232876002789 0
    endloop
  endfacet
  facet normal 0 0 -1
    outer loop
      vertex 9.36959956586361 13.379232876002789 0
      vertex 8.55264414101839 11.576173827052116 0
      vertex -9.36959956586361 13.379232876002789 0
    endloop
  endfacet
  facet normal 0 0 -1
    outer loop
      vertex 40.38324628025293 -30.24283318221569 0
      vertex 40.332534968853 -30.108096450567245 0
      vertex 40.44841731339693 -29.99120705574751 0
    endloop
  endfacet
  facet normal 0 0 -1
    outer loop
      vertex 40.38324628025293 -30.24283318221569 0
      vertex 40.44841731339693 -29.99120705574751 0
      vertex 42.40148223936558 -29.66875473409891 0
    endloop
  endfacet
  facet normal 0 0 -1
    outer loop
      vertex 40.42503681778908 -30.380598105490208 0
      vertex 40.38324628025293 -30.24283318221569 0
      vertex 42.40148223936558 -29.66875473409891 0
    endloop
  endfacet
  facet normal 0 0 -1
    outer loop
      vertex 40.45772761106491 -30.520801290869713 0
      vertex 40.42503681778908 -30.380598105490208 0
      vertex 42.40148223936558 -29.66875473409891 0
    endloop
  endfacet
  facet normal 0 0 -1
    outer loop
      vertex 40.48117869347334 -30.662842378020287 0
      vertex 40.45772761106491 -30.520801290869713 0
      vertex 42.40148223936558 -29.66875473409891 0
    endloop
  endfacet
  facet normal 0 0 -1
    outer loop
      vertex 40.495289631187916 -30.806113116443157 0
      vertex 40.48117869347334 -30.662842378020287 0
      vertex 42.40148223936558 -29.66875473409891 0
    endloop
  endfacet
  facet normal 0 0 -1
    outer loop
      vertex -40.44841731339693 -29.99120705574751 0
      vertex -40.332534968853 -30.108096450567245 0
      vertex -40.38324628025293 -30.24283318221569 0
    endloop
  endfacet
  facet normal 0 0 -1
    outer loop
      vertex -42.40148223936558 -29.66875473409891 0
      vertex -40.44841731339693 -29.99120705574751 0
      vertex -40.38324628025293 -30.24283318221569 0
    endloop
  endfacet
  facet normal 0 0 -1
    outer loop
      vertex -42.40148223936558 -29.66875473409891 0
      vertex -40.38324628025293 -30.24283318221569 0
      vertex -40.42503681778908 -30.380598105490208 0
    endloop
  endfacet
  facet normal 0 0 -1
    outer loop
      vertex -42.40148223936558 -29.66875473409891 0
      vertex -40.42503681778908 -30.380598105490208 0
      vertex -40.45772761106491 -30.520801290869713 0
    endloop
  endfacet
  facet normal 0 0 -1
    outer loop
      vertex -42.40148223936558 -29.66875473409891 0
      vertex -40.45772761106491 -30.520801290869713 0
      vertex -40.48117869347334 -30.662842378020287 0
    endloop
  endfacet
  facet normal 0 0 -1
    outer loop
      vertex -42.40148223936558 -29.66875473409891 0
      vertex -40.48117869347334 -30.662842378020287 0
      vertex -40.495289631187916 -30.806113116443157 0
    endloop
  endfacet
  facet normal 0 0 -1
    outer loop
      vertex 32.55158268660307 -29.99120705574751 0
      vertex 32.667465031147 -30.108096450567245 0
      vertex 32.61675371974707 -30.24283318221569 0
    endloop
  endfacet
  facet normal 0 0 -1
    outer loop
      vertex 30.598517760634422 -29.66875473409891 0
      vertex 32.55158268660307 -29.99120705574751 0
      vertex 32.61675371974707 -30.24283318221569 0
    endloop
  endfacet
  facet normal 0 0 -1
    outer loop
      vertex 30.598517760634422 -29.66875473409891 0
      vertex 32.61675371974707 -30.24283318221569 0
      vertex 32.57496318221092 -30.380598105490208 0
    endloop
  endfacet
  facet normal 0 0 -1
    outer loop
      vertex 30.598517760634422 -29.66875473409891 0
      vertex 32.57496318221092 -30.380598105490208 0
      vertex 32.54227238893509 -30.520801290869713 0
    endloop
  endfacet
  facet normal 0 0 -1
    outer loop
      vertex 30.598517760634422 -29.66875473409891 0
      vertex 32.54227238893509 -30.520801290869713 0
      vertex 32.51882130652666 -30.662842378020287 0
    endloop
  endfacet
  facet normal 0 0 -1
    outer loop
      vertex 30.598517760634422 -29.66875473409891 0
      vertex 32.51882130652666 -30.662842378020287 0
      vertex 32.504710368812084 -30.806113116443157 0
    endloop
  endfacet
  facet normal 0 0 -1
    outer loop
      vertex -32.61675371974707 -30.24283318221569 0
      vertex -32.667465031147 -30.108096450567245 0
      vertex -32.55158268660307 -29.99120705574751 0
    endloop
  endfacet
  facet normal 0 0 -1
    outer loop
      vertex -32.61675371974707 -30.24283318221569 0
      vertex -32.55158268660307 -29.99120705574751 0
      vertex -30.598517760634422 -29.66875473409891 0
    endloop
  endfacet
  facet normal 0 0 -1
    outer loop
      vertex -32.57496318221092 -30.380598105490208 0
      vertex -32.61675371974707 -30.24283318221569 0
      vertex -30.598517760634422 -29.66875473409891 0
    endloop
  endfacet
  facet normal 0 0 -1
    outer loop
      vertex -32.54227238893509 -30.520801290869713 0
      vertex -32.57496318221092 -30.380598105490208 0
      vertex -30.598517760634422 -29.66875473409891 0
    endloop
  endfacet
  facet normal 0 0 -1
    outer loop
      vertex -32.51882130652666 -30.662842378020287 0
      vertex -32.54227238893509 -30.520801290869713 0
      vertex -30.598517760634422 -29.66875473409891 0
    endloop
  endfacet
  facet normal 0 0 -1
    outer loop
      vertex -32.504710368812084 -30.806113116443157 0
      vertex -32.51882130652666 -30.662842378020287 0
      vertex -30.598517760634422 -29.66875473409891 0
    endloop
  endfacet
  facet normal 0 0 -1
    outer loop
      vertex -9.36959956586361 -13.379232876002789 0
      vertex 9.36959956586361 -13.379232876002789 0
      vertex 10.302731536328793 -15.125 0
    endloop
  endfacet
  facet normal 0 0 -1
    outer loop
      vertex -10.302731536328793 -15.125 0
      vertex -9.36959956586361 -13.379232876002789 0
      vertex 10.302731536328793 -15.125 0
    endloop
  endfacet
  facet normal 0 0 -1
    outer loop
      vertex 9.36959956586361 13.379232876002789 0
      vertex -9.36959956586361 13.379232876002789 0
      vertex -10.302731536328793 15.125 0
    endloop
  endfacet
  facet normal 0 0 -1
    outer loop
      vertex 10.302731536328793 15.125 0
      vertex 9.36959956586361 13.379232876002789 0
      vertex -10.302731536328793 15.125 0
    endloop
  endfacet
  facet normal 0 0 -1
    outer loop
      vertex 40.5 -30.950000002980232 0
      vertex 40.495289631187916 -30.806113116443157 0
      vertex 42.40148223936558 -29.66875473409891 0
    endloop
  endfacet
  facet normal 0 0 -1
    outer loop
      vertex -42.40148223936558 -29.66875473409891 0
      vertex -40.495289631187916 -30.806113116443157 0
      vertex -40.5 -30.950000002980232 0
    endloop
  endfacet
  facet normal 0 0 -1
    outer loop
      vertex 30.598517760634422 -29.66875473409891 0
      vertex 32.504710368812084 -30.806113116443157 0
      vertex 32.5 -30.950000002980232 0
    endloop
  endfacet
  facet normal 0 0 -1
    outer loop
      vertex -32.5 -30.950000002980232 0
      vertex -32.504710368812084 -30.806113116443157 0
      vertex -30.598517760634422 -29.66875473409891 0
    endloop
  endfacet
  facet normal 0 0 -1
    outer loop
      vertex -10.302731536328793 -15.125 0
      vertex 10.302731536328793 -15.125 0
      vertex 11.348044231534004 -16.80599954724312 0
    endloop
  endfacet
  facet normal 0 0 -1
    outer loop
      vertex -11.348044231534004 -16.80599954724312 0
      vertex -10.302731536328793 -15.125 0
      vertex 11.348044231534004 -16.80599954724312 0
    endloop
  endfacet
  facet normal 0 0 -1
    outer loop
      vertex 10.302731536328793 15.125 0
      vertex -10.302731536328793 15.125 0
      vertex -11.348044231534004 16.80599954724312 0
    endloop
  endfacet
  facet normal 0 0 -1
    outer loop
      vertex 11.348044231534004 16.80599954724312 0
      vertex 10.302731536328793 15.125 0
      vertex -11.348044231534004 16.80599954724312 0
    endloop
  endfacet
  facet normal 0 0 -1
    outer loop
      vertex 40.5 -36.54999999701977 0
      vertex 40.5 -30.950000002980232 0
      vertex 42.40148223936558 -29.66875473409891 0
    endloop
  endfacet
  facet normal 0 0 -1
    outer loop
      vertex 40.5 -36.54999999701977 0
      vertex 42.40148223936558 -29.66875473409891 0
      vertex 44.329276114702225 -29.21925624459982 0
    endloop
  endfacet
  facet normal 0 0 -1
    outer loop
      vertex -42.40148223936558 -29.66875473409891 0
      vertex -40.5 -30.950000002980232 0
      vertex -40.5 -36.54999999701977 0
    endloop
  endfacet
  facet normal 0 0 -1
    outer loop
      vertex -44.329276114702225 -29.21925624459982 0
      vertex -42.40148223936558 -29.66875473409891 0
      vertex -40.5 -36.54999999701977 0
    endloop
  endfacet
  facet normal 0 0 -1
    outer loop
      vertex 30.598517760634422 -29.66875473409891 0
      vertex 32.5 -30.950000002980232 0
      vertex 32.5 -36.54999999701977 0
    endloop
  endfacet
  facet normal 0 0 -1
    outer loop
      vertex 28.670723885297775 -29.21925624459982 0
      vertex 30.598517760634422 -29.66875473409891 0
      vertex 32.5 -36.54999999701977 0
    endloop
  endfacet
  facet normal 0 0 -1
    outer loop
      vertex -32.5 -36.54999999701977 0
      vertex -32.5 -30.950000002980232 0
      vertex -30.598517760634422 -29.66875473409891 0
    endloop
  endfacet
  facet normal 0 0 -1
    outer loop
      vertex -32.5 -36.54999999701977 0
      vertex -30.598517760634422 -29.66875473409891 0
      vertex -28.670723885297775 -29.21925624459982 0
    endloop
  endfacet
  facet normal 0 0 -1
    outer loop
      vertex -11.348044231534004 -16.80599954724312 0
      vertex 11.348044231534004 -16.80599954724312 0
      vertex 12.501061454415321 -18.415033228695393 0
    endloop
  endfacet
  facet normal 0 0 -1
    outer loop
      vertex -12.501061454415321 -18.415033228695393 0
      vertex -11.348044231534004 -16.80599954724312 0
      vertex 12.501061454415321 -18.415033228695393 0
    endloop
  endfacet
  facet normal 0 0 -1
    outer loop
      vertex 11.348044231534004 16.80599954724312 0
      vertex -11.348044231534004 16.80599954724312 0
      vertex -12.501061454415321 18.415033228695393 0
    endloop
  endfacet
  facet normal 0 0 -1
    outer loop
      vertex 12.501061454415321 18.415033228695393 0
      vertex 11.348044231534004 16.80599954724312 0
      vertex -12.501061454415321 18.415033228695393 0
    endloop
  endfacet
  facet normal 0 0 -1
    outer loop
      vertex -12.501061454415321 -18.415033228695393 0
      vertex 12.501061454415321 -18.415033228695393 0
      vertex 13.756845824420452 -19.94521090388298 0
    endloop
  endfacet
  facet normal 0 0 -1
    outer loop
      vertex -13.756845824420452 -19.94521090388298 0
      vertex -12.501061454415321 -18.415033228695393 0
      vertex 13.756845824420452 -19.94521090388298 0
    endloop
  endfacet
  facet normal 0 0 -1
    outer loop
      vertex 12.501061454415321 18.415033228695393 0
      vertex -12.501061454415321 18.415033228695393 0
      vertex -13.756845824420452 19.94521090388298 0
    endloop
  endfacet
  facet normal 0 0 -1
    outer loop
      vertex 13.756845824420452 19.94521090388298 0
      vertex 12.501061454415321 18.415033228695393 0
      vertex -13.756845824420452 19.94521090388298 0
    endloop
  endfacet
  facet normal 0 0 -1
    outer loop
      vertex -13.756845824420452 -19.94521090388298 0
      vertex 13.756845824420452 -19.94521090388298 0
      vertex 15.110019870102406 -21.389980129897594 0
    endloop
  endfacet
  facet normal 0 0 -1
    outer loop
      vertex -15.110019870102406 -21.389980129897594 0
      vertex -13.756845824420452 -19.94521090388298 0
      vertex 15.110019870102406 -21.389980129897594 0
    endloop
  endfacet
  facet normal 0 0 -1
    outer loop
      vertex 13.756845824420452 19.94521090388298 0
      vertex -13.756845824420452 19.94521090388298 0
      vertex -15.110019870102406 21.389980129897594 0
    endloop
  endfacet
  facet normal 0 0 -1
    outer loop
      vertex 15.110019870102406 21.389980129897594 0
      vertex 13.756845824420452 19.94521090388298 0
      vertex -15.110019870102406 21.389980129897594 0
    endloop
  endfacet
  facet normal 0 0 -1
    outer loop
      vertex 40.5 -36.54999999701977 0
      vertex 44.329276114702225 -29.21925624459982 0
      vertex 46.22354382276535 -28.644636414945126 0
    endloop
  endfacet
  facet normal 0 0 -1
    outer loop
      vertex -46.22354382276535 -28.644636414945126 0
      vertex -44.329276114702225 -29.21925624459982 0
      vertex -40.5 -36.54999999701977 0
    endloop
  endfacet
  facet normal 0 0 -1
    outer loop
      vertex 26.77645617723465 -28.644636414945126 0
      vertex 28.670723885297775 -29.21925624459982 0
      vertex 32.5 -36.54999999701977 0
    endloop
  endfacet
  facet normal 0 0 -1
    outer loop
      vertex -32.5 -36.54999999701977 0
      vertex -28.670723885297775 -29.21925624459982 0
      vertex -26.77645617723465 -28.644636414945126 0
    endloop
  endfacet
  facet normal 0 0 -1
    outer loop
      vertex -15.110019870102406 -21.389980129897594 0
      vertex 15.110019870102406 -21.389980129897594 0
      vertex 16.55478909611702 -22.743154175579548 0
    endloop
  endfacet
  facet normal 0 0 -1
    outer loop
      vertex -16.55478909611702 -22.743154175579548 0
      vertex -15.110019870102406 -21.389980129897594 0
      vertex 16.55478909611702 -22.743154175579548 0
    endloop
  endfacet
  facet normal 0 0 -1
    outer loop
      vertex 15.110019870102406 21.389980129897594 0
      vertex -15.110019870102406 21.389980129897594 0
      vertex -16.55478909611702 22.743154175579548 0
    endloop
  endfacet
  facet normal 0 0 -1
    outer loop
      vertex 16.55478909611702 22.743154175579548 0
      vertex 15.110019870102406 21.389980129897594 0
      vertex -16.55478909611702 22.743154175579548 0
    endloop
  endfacet
  facet normal 0 0 -1
    outer loop
      vertex 72.82500000298023 44.83042232692242 0
      vertex 66.75 0 0
      vertex 66.68523243069649 1.9784446582198143 0
    endloop
  endfacet
  facet normal 0 0 -1
    outer loop
      vertex 72.82500000298023 44.83042232692242 0
      vertex 66.68523243069649 1.9784446582198143 0
      vertex 66.49120705574751 3.9484173133969307 0
    endloop
  endfacet
  facet normal 0 0 -1
    outer loop
      vertex 72.82500000298023 44.83042232692242 0
      vertex 66.49120705574751 3.9484173133969307 0
      vertex 66.16875473409891 5.901482239365578 0
    endloop
  endfacet
  facet normal 0 0 -1
    outer loop
      vertex 72.82500000298023 44.83042232692242 0
      vertex 66.16875473409891 5.901482239365578 0
      vertex 65.71925624459982 7.829276114702225 0
    endloop
  endfacet
  facet normal 0 0 -1
    outer loop
      vertex 72.82500000298023 44.83042232692242 0
      vertex 65.71925624459982 7.829276114702225 0
      vertex 65.14463641494513 9.72354382276535 0
    endloop
  endfacet
  facet normal 0 0 -1
    outer loop
      vertex 72.82500000298023 44.83042232692242 0
      vertex 65.14463641494513 9.72354382276535 0
      vertex 64.44735585898161 11.576173827052116 0
    endloop
  endfacet
  facet normal 0 0 -1
    outer loop
      vertex 72.82500000298023 44.83042232692242 0
      vertex 64.44735585898161 11.576173827052116 0
      vertex 63.63040043413639 13.379232876002789 0
    endloop
  endfacet
  facet normal 0 0 -1
    outer loop
      vertex 72.82500000298023 44.83042232692242 0
      vertex 63.63040043413639 13.379232876002789 0
      vertex 62.69726846367121 15.125 0
    endloop
  endfacet
  facet normal 0 0 -1
    outer loop
      vertex 72.82500000298023 44.83042232692242 0
      vertex 62.69726846367121 15.125 0
      vertex 61.651955768465996 16.80599954724312 0
    endloop
  endfacet
  facet normal 0 0 -1
    outer loop
      vertex 72.82500000298023 44.83042232692242 0
      vertex 61.651955768465996 16.80599954724312 0
      vertex 60.49893854558468 18.415033228695393 0
    endloop
  endfacet
  facet normal 0 0 -1
    outer loop
      vertex 72.82500000298023 44.83042232692242 0
      vertex 60.49893854558468 18.415033228695393 0
      vertex 59.24315417557955 19.94521090388298 0
    endloop
  endfacet
  facet normal 0 0 -1
    outer loop
      vertex 72.82500000298023 44.83042232692242 0
      vertex 59.24315417557955 19.94521090388298 0
      vertex 57.889980129897594 21.389980129897594 0
    endloop
  endfacet
  facet normal 0 0 -1
    outer loop
      vertex 72.82500000298023 44.83042232692242 0
      vertex 57.889980129897594 21.389980129897594 0
      vertex 56.44521090388298 22.743154175579548 0
    endloop
  endfacet
  facet normal 0 0 -1
    outer loop
      vertex 72.82500000298023 44.83042232692242 0
      vertex 56.44521090388298 22.743154175579548 0
      vertex 54.91503322869539 23.99893854558468 0
    endloop
  endfacet
  facet normal 0 0 -1
    outer loop
      vertex 72.82500000298023 44.83042232692242 0
      vertex 54.91503322869539 23.99893854558468 0
      vertex 53.30599954724312 25.151955768465996 0
    endloop
  endfacet
  facet normal 0 0 -1
    outer loop
      vertex 72.82500000298023 44.83042232692242 0
      vertex 53.30599954724312 25.151955768465996 0
      vertex 51.625 26.197268463671207 0
    endloop
  endfacet
  facet normal 0 0 -1
    outer loop
      vertex 72.82500000298023 44.83042232692242 0
      vertex 51.625 26.197268463671207 0
      vertex 49.87923287600279 27.13040043413639 0
    endloop
  endfacet
  facet normal 0 0 -1
    outer loop
      vertex 72.82500000298023 44.83042232692242 0
      vertex 49.87923287600279 27.13040043413639 0
      vertex 48.076173827052116 27.94735585898161 0
    endloop
  endfacet
  facet normal 0 0 -1
    outer loop
      vertex 72.81038714945316 45.27679868042469 0
      vertex 72.82500000298023 44.83042232692242 0
      vertex 48.076173827052116 27.94735585898161 0
    endloop
  endfacet
  facet normal 0 0 -1
    outer loop
      vertex 72.76661118119955 45.72126358747482 0
      vertex 72.81038714945316 45.27679868042469 0
      vertex 48.076173827052116 27.94735585898161 0
    endloop
  endfacet
  facet normal 0 0 -1
    outer loop
      vertex 72.69385953992605 46.16191377490759 0
      vertex 72.76661118119955 45.72126358747482 0
      vertex 48.076173827052116 27.94735585898161 0
    endloop
  endfacet
  facet normal 0 0 -1
    outer loop
      vertex 72.59244376420975 46.59686230868101 0
      vertex 72.69385953992605 46.16191377490759 0
      vertex 48.076173827052116 27.94735585898161 0
    endloop
  endfacet
  facet normal 0 0 -1
    outer loop
      vertex 72.46279813349247 47.02424667775631 0
      vertex 72.59244376420975 46.59686230868101 0
      vertex 48.076173827052116 27.94735585898161 0
    endloop
  endfacet
  facet normal 0 0 -1
    outer loop
      vertex 72.30547781288624 47.44223675131798 0
      vertex 72.46279813349247 47.02424667775631 0
      vertex 48.076173827052116 27.94735585898161 0
    endloop
  endfacet
  facet normal 0 0 -1
    outer loop
      vertex 72.12115646153688 47.849042639136314 0
      vertex 72.30547781288624 47.44223675131798 0
      vertex 48.076173827052116 27.94735585898161 0
    endloop
  endfacet
  facet normal 0 0 -1
    outer loop
      vertex 71.91062337905169 48.24292232841253 0
      vertex 72.12115646153688 47.849042639136314 0
      vertex 48.076173827052116 27.94735585898161 0
    endloop
  endfacet
  facet normal 0 0 -1
    outer loop
      vertex 71.67478010058403 48.62218916416168 0
      vertex 71.91062337905169 48.24292232841253 0
      vertex 48.076173827052116 27.94735585898161 0
    endloop
  endfacet
  facet normal 0 0 -1
    outer loop
      vertex 71.41463654488325 48.985219076275826 0
      vertex 71.67478010058403 48.62218916416168 0
      vertex 48.076173827052116 27.94735585898161 0
    endloop
  endfacet
  facet normal 0 0 -1
    outer loop
      vertex 71.1313066855073 49.330457516014576 0
      vertex 71.41463654488325 48.985219076275826 0
      vertex 48.076173827052116 27.94735585898161 0
    endloop
  endfacet
  facet normal 0 0 -1
    outer loop
      vertex 70.82600378245115 49.65642610937357 0
      vertex 71.1313066855073 49.330457516014576 0
      vertex 48.076173827052116 27.94735585898161 0
    endloop
  endfacet
  facet normal 0 0 -1
    outer loop
      vertex 70.50003518909216 49.961729012429714 0
      vertex 70.82600378245115 49.65642610937357 0
      vertex 48.076173827052116 27.94735585898161 0
    endloop
  endfacet
  facet normal 0 0 -1
    outer loop
      vertex 70.15479674935341 50.24505887180567 0
      vertex 70.50003518909216 49.961729012429714 0
      vertex 48.076173827052116 27.94735585898161 0
    endloop
  endfacet
  facet normal 0 0 -1
    outer loop
      vertex 69.79176683723927 50.50520242750645 0
      vertex 70.15479674935341 50.24505887180567 0
      vertex 48.076173827052116 27.94735585898161 0
    endloop
  endfacet
  facet normal 0 0 -1
    outer loop
      vertex 69.41250000149012 50.7410457059741 0
      vertex 69.79176683723927 50.50520242750645 0
      vertex 48.076173827052116 27.94735585898161 0
    endloop
  endfacet
  facet normal 0 0 -1
    outer loop
      vertex 69.0186203122139 50.9515787884593 0
      vertex 69.41250000149012 50.7410457059741 0
      vertex 48.076173827052116 27.94735585898161 0
    endloop
  endfacet
  facet normal 0 0 -1
    outer loop
      vertex 68.61181442439556 51.135900139808655 0
      vertex 69.0186203122139 50.9515787884593 0
      vertex 48.076173827052116 27.94735585898161 0
    endloop
  endfacet
  facet normal 0 0 -1
    outer loop
      vertex 68.19382435083389 51.29322046041489 0
      vertex 68.61181442439556 51.135900139808655 0
      vertex 48.076173827052116 27.94735585898161 0
    endloop
  endfacet
  facet normal 0 0 -1
    outer loop
      vertex 67.7664399817586 51.422866091132164 0
      vertex 68.19382435083389 51.29322046041489 0
      vertex 48.076173827052116 27.94735585898161 0
    endloop
  endfacet
  facet normal 0 0 -1
    outer loop
      vertex 67.33149144798517 51.52428186684847 0
      vertex 67.7664399817586 51.422866091132164 0
      vertex 48.076173827052116 27.94735585898161 0
    endloop
  endfacet
  facet normal 0 0 -1
    outer loop
      vertex 66.8908412605524 51.59703350812197 0
      vertex 67.33149144798517 51.52428186684847 0
      vertex 48.076173827052116 27.94735585898161 0
    endloop
  endfacet
  facet normal 0 0 -1
    outer loop
      vertex 66.44637635350227 51.64080947637558 0
      vertex 66.8908412605524 51.59703350812197 0
      vertex 48.076173827052116 27.94735585898161 0
    endloop
  endfacet
  facet normal 0 0 -1
    outer loop
      vertex 66 51.65542232990265 0
      vertex 66.44637635350227 51.64080947637558 0
      vertex 48.076173827052116 27.94735585898161 0
    endloop
  endfacet
  facet normal 0 0 -1
    outer loop
      vertex 66 51.65542232990265 0
      vertex 48.076173827052116 27.94735585898161 0
      vertex 46.22354382276535 28.644636414945126 0
    endloop
  endfacet
  facet normal 0 0 -1
    outer loop
      vertex 66 51.65542232990265 0
      vertex 46.22354382276535 28.644636414945126 0
      vertex 44.329276114702225 29.21925624459982 0
    endloop
  endfacet
  facet normal 0 0 -1
    outer loop
      vertex 66 51.65542232990265 0
      vertex 44.329276114702225 29.21925624459982 0
      vertex 42.40148223936558 29.66875473409891 0
    endloop
  endfacet
  facet normal 0 0 -1
    outer loop
      vertex 66 51.65542232990265 0
      vertex 42.40148223936558 29.66875473409891 0
      vertex 40.44841731339693 29.99120705574751 0
    endloop
  endfacet
  facet normal 0 0 -1
    outer loop
      vertex 66 51.65542232990265 0
      vertex 40.44841731339693 29.99120705574751 0
      vertex 38.478444658219814 30.185232430696487 0
    endloop
  endfacet
  facet normal 0 0 -1
    outer loop
      vertex 66 51.65542232990265 0
      vertex 38.478444658219814 30.185232430696487 0
      vertex 36.5 30.25 0
    endloop
  endfacet
  facet normal 0 0 -1
    outer loop
      vertex -16.55478909611702 -22.743154175579548 0
      vertex 16.55478909611702 -22.743154175579548 0
      vertex 18.084966771304607 -23.99893854558468 0
    endloop
  endfacet
  facet normal 0 0 -1
    outer loop
      vertex -18.084966771304607 -23.99893854558468 0
      vertex -16.55478909611702 -22.743154175579548 0
      vertex 18.084966771304607 -23.99893854558468 0
    endloop
  endfacet
  facet normal 0 0 -1
    outer loop
      vertex 16.55478909611702 22.743154175579548 0
      vertex -16.55478909611702 22.743154175579548 0
      vertex -18.084966771304607 23.99893854558468 0
    endloop
  endfacet
  facet normal 0 0 -1
    outer loop
      vertex 18.084966771304607 23.99893854558468 0
      vertex 16.55478909611702 22.743154175579548 0
      vertex -18.084966771304607 23.99893854558468 0
    endloop
  endfacet
  facet normal 0 0 -1
    outer loop
      vertex 66.75 0 0
      vertex 72.82500000298023 44.83042232692242 0
      vertex 72.82500000298023 -44.83042232692242 0
    endloop
  endfacet
  facet normal 0 0 -1
    outer loop
      vertex 66.68523243069649 -1.9784446582198143 0
      vertex 66.75 0 0
      vertex 72.82500000298023 -44.83042232692242 0
    endloop
  endfacet
  facet normal 0 0 -1
    outer loop
      vertex 66.49120705574751 -3.9484173133969307 0
      vertex 66.68523243069649 -1.9784446582198143 0
      vertex 72.82500000298023 -44.83042232692242 0
    endloop
  endfacet
  facet normal 0 0 -1
    outer loop
      vertex 66.16875473409891 -5.901482239365578 0
      vertex 66.49120705574751 -3.9484173133969307 0
      vertex 72.82500000298023 -44.83042232692242 0
    endloop
  endfacet
  facet normal 0 0 -1
    outer loop
      vertex 65.71925624459982 -7.829276114702225 0
      vertex 66.16875473409891 -5.901482239365578 0
      vertex 72.82500000298023 -44.83042232692242 0
    endloop
  endfacet
  facet normal 0 0 -1
    outer loop
      vertex 65.14463641494513 -9.72354382276535 0
      vertex 65.71925624459982 -7.829276114702225 0
      vertex 72.82500000298023 -44.83042232692242 0
    endloop
  endfacet
  facet normal 0 0 -1
    outer loop
      vertex 64.44735585898161 -11.576173827052116 0
      vertex 65.14463641494513 -9.72354382276535 0
      vertex 72.82500000298023 -44.83042232692242 0
    endloop
  endfacet
  facet normal 0 0 -1
    outer loop
      vertex 63.63040043413639 -13.379232876002789 0
      vertex 64.44735585898161 -11.576173827052116 0
      vertex 72.82500000298023 -44.83042232692242 0
    endloop
  endfacet
  facet normal 0 0 -1
    outer loop
      vertex 62.69726846367121 -15.125 0
      vertex 63.63040043413639 -13.379232876002789 0
      vertex 72.82500000298023 -44.83042232692242 0
    endloop
  endfacet
  facet normal 0 0 -1
    outer loop
      vertex 61.651955768465996 -16.80599954724312 0
      vertex 62.69726846367121 -15.125 0
      vertex 72.82500000298023 -44.83042232692242 0
    endloop
  endfacet
  facet normal 0 0 -1
    outer loop
      vertex 60.49893854558468 -18.415033228695393 0
      vertex 61.651955768465996 -16.80599954724312 0
      vertex 72.82500000298023 -44.83042232692242 0
    endloop
  endfacet
  facet normal 0 0 -1
    outer loop
      vertex 59.24315417557955 -19.94521090388298 0
      vertex 60.49893854558468 -18.415033228695393 0
      vertex 72.82500000298023 -44.83042232692242 0
    endloop
  endfacet
  facet normal 0 0 -1
    outer loop
      vertex 57.889980129897594 -21.389980129897594 0
      vertex 59.24315417557955 -19.94521090388298 0
      vertex 72.82500000298023 -44.83042232692242 0
    endloop
  endfacet
  facet normal 0 0 -1
    outer loop
      vertex 56.44521090388298 -22.743154175579548 0
      vertex 57.889980129897594 -21.389980129897594 0
      vertex 72.82500000298023 -44.83042232692242 0
    endloop
  endfacet
  facet normal 0 0 -1
    outer loop
      vertex 54.91503322869539 -23.99893854558468 0
      vertex 56.44521090388298 -22.743154175579548 0
      vertex 72.82500000298023 -44.83042232692242 0
    endloop
  endfacet
  facet normal 0 0 -1
    outer loop
      vertex 53.30599954724312 -25.151955768465996 0
      vertex 54.91503322869539 -23.99893854558468 0
      vertex 72.82500000298023 -44.83042232692242 0
    endloop
  endfacet
  facet normal 0 0 -1
    outer loop
      vertex 51.625 -26.197268463671207 0
      vertex 53.30599954724312 -25.151955768465996 0
      vertex 72.82500000298023 -44.83042232692242 0
    endloop
  endfacet
  facet normal 0 0 -1
    outer loop
      vertex 49.87923287600279 -27.13040043413639 0
      vertex 51.625 -26.197268463671207 0
      vertex 72.82500000298023 -44.83042232692242 0
    endloop
  endfacet
  facet normal 0 0 -1
    outer loop
      vertex 48.076173827052116 -27.94735585898161 0
      vertex 49.87923287600279 -27.13040043413639 0
      vertex 72.82500000298023 -44.83042232692242 0
    endloop
  endfacet
  facet normal 0 0 -1
    outer loop
      vertex 48.076173827052116 -27.94735585898161 0
      vertex 72.82500000298023 -44.83042232692242 0
      vertex 72.81038714945316 -45.27679868042469 0
    endloop
  endfacet
  facet normal 0 0 -1
    outer loop
      vertex 48.076173827052116 -27.94735585898161 0
      vertex 72.81038714945316 -45.27679868042469 0
      vertex 72.76661118119955 -45.72126358747482 0
    endloop
  endfacet
  facet normal 0 0 -1
    outer loop
      vertex 48.076173827052116 -27.94735585898161 0
      vertex 72.76661118119955 -45.72126358747482 0
      vertex 72.69385953992605 -46.16191377490759 0
    endloop
  endfacet
  facet normal 0 0 -1
    outer loop
      vertex 48.076173827052116 -27.94735585898161 0
      vertex 72.69385953992605 -46.16191377490759 0
      vertex 72.59244376420975 -46.59686230868101 0
    endloop
  endfacet
  facet normal 0 0 -1
    outer loop
      vertex 48.076173827052116 -27.94735585898161 0
      vertex 72.59244376420975 -46.59686230868101 0
      vertex 72.46279813349247 -47.02424667775631 0
    endloop
  endfacet
  facet normal 0 0 -1
    outer loop
      vertex 48.076173827052116 -27.94735585898161 0
      vertex 72.46279813349247 -47.02424667775631 0
      vertex 72.30547781288624 -47.44223675131798 0
    endloop
  endfacet
  facet normal 0 0 -1
    outer loop
      vertex 48.076173827052116 -27.94735585898161 0
      vertex 72.30547781288624 -47.44223675131798 0
      vertex 72.12115646153688 -47.849042639136314 0
    endloop
  endfacet
  facet normal 0 0 -1
    outer loop
      vertex 48.076173827052116 -27.94735585898161 0
      vertex 72.12115646153688 -47.849042639136314 0
      vertex 71.91062337905169 -48.24292232841253 0
    endloop
  endfacet
  facet normal 0 0 -1
    outer loop
      vertex 48.076173827052116 -27.94735585898161 0
      vertex 71.91062337905169 -48.24292232841253 0
      vertex 71.67478010058403 -48.62218916416168 0
    endloop
  endfacet
  facet normal 0 0 -1
    outer loop
      vertex 48.076173827052116 -27.94735585898161 0
      vertex 71.67478010058403 -48.62218916416168 0
      vertex 71.41463654488325 -48.985219076275826 0
    endloop
  endfacet
  facet normal 0 0 -1
    outer loop
      vertex 48.076173827052116 -27.94735585898161 0
      vertex 71.41463654488325 -48.985219076275826 0
      vertex 71.1313066855073 -49.330457516014576 0
    endloop
  endfacet
  facet normal 0 0 -1
    outer loop
      vertex 48.076173827052116 -27.94735585898161 0
      vertex 71.1313066855073 -49.330457516014576 0
      vertex 70.82600378245115 -49.65642610937357 0
    endloop
  endfacet
  facet normal 0 0 -1
    outer loop
      vertex 48.076173827052116 -27.94735585898161 0
      vertex 70.82600378245115 -49.65642610937357 0
      vertex 70.50003518909216 -49.961729012429714 0
    endloop
  endfacet
  facet normal 0 0 -1
    outer loop
      vertex 48.076173827052116 -27.94735585898161 0
      vertex 70.50003518909216 -49.961729012429714 0
      vertex 70.15479674935341 -50.24505887180567 0
    endloop
  endfacet
  facet normal 0 0 -1
    outer loop
      vertex 48.076173827052116 -27.94735585898161 0
      vertex 70.15479674935341 -50.24505887180567 0
      vertex 69.79176683723927 -50.50520242750645 0
    endloop
  endfacet
  facet normal 0 0 -1
    outer loop
      vertex 48.076173827052116 -27.94735585898161 0
      vertex 69.79176683723927 -50.50520242750645 0
      vertex 69.41250000149012 -50.7410457059741 0
    endloop
  endfacet
  facet normal 0 0 -1
    outer loop
      vertex 48.076173827052116 -27.94735585898161 0
      vertex 69.41250000149012 -50.7410457059741 0
      vertex 69.0186203122139 -50.9515787884593 0
    endloop
  endfacet
  facet normal 0 0 -1
    outer loop
      vertex 48.076173827052116 -27.94735585898161 0
      vertex 69.0186203122139 -50.9515787884593 0
      vertex 68.61181442439556 -51.135900139808655 0
    endloop
  endfacet
  facet normal 0 0 -1
    outer loop
      vertex 48.076173827052116 -27.94735585898161 0
      vertex 68.61181442439556 -51.135900139808655 0
      vertex 68.19382435083389 -51.29322046041489 0
    endloop
  endfacet
  facet normal 0 0 -1
    outer loop
      vertex 48.076173827052116 -27.94735585898161 0
      vertex 68.19382435083389 -51.29322046041489 0
      vertex 67.7664399817586 -51.422866091132164 0
    endloop
  endfacet
  facet normal 0 0 -1
    outer loop
      vertex 48.076173827052116 -27.94735585898161 0
      vertex 67.7664399817586 -51.422866091132164 0
      vertex 67.33149144798517 -51.52428186684847 0
    endloop
  endfacet
  facet normal 0 0 -1
    outer loop
      vertex 48.076173827052116 -27.94735585898161 0
      vertex 67.33149144798517 -51.52428186684847 0
      vertex 66.8908412605524 -51.59703350812197 0
    endloop
  endfacet
  facet normal 0 0 -1
    outer loop
      vertex 48.076173827052116 -27.94735585898161 0
      vertex 66.8908412605524 -51.59703350812197 0
      vertex 66.44637635350227 -51.64080947637558 0
    endloop
  endfacet
  facet normal 0 0 -1
    outer loop
      vertex 48.076173827052116 -27.94735585898161 0
      vertex 66.44637635350227 -51.64080947637558 0
      vertex 66 -51.65542232990265 0
    endloop
  endfacet
  facet normal 0 0 -1
    outer loop
      vertex 46.22354382276535 -28.644636414945126 0
      vertex 48.076173827052116 -27.94735585898161 0
      vertex 66 -51.65542232990265 0
    endloop
  endfacet
  facet normal 0 0 -1
    outer loop
      vertex 40.5 -36.54999999701977 0
      vertex 46.22354382276535 -28.644636414945126 0
      vertex 66 -51.65542232990265 0
    endloop
  endfacet
  facet normal 0 0 -1
    outer loop
      vertex 40.495289631187916 -36.69388688355684 0
      vertex 40.5 -36.54999999701977 0
      vertex 66 -51.65542232990265 0
    endloop
  endfacet
  facet normal 0 0 -1
    outer loop
      vertex 40.48117869347334 -36.83715762197971 0
      vertex 40.495289631187916 -36.69388688355684 0
      vertex 66 -51.65542232990265 0
    endloop
  endfacet
  facet normal 0 0 -1
    outer loop
      vertex 40.45772761106491 -36.97919870913029 0
      vertex 40.48117869347334 -36.83715762197971 0
      vertex 66 -51.65542232990265 0
    endloop
  endfacet
  facet normal 0 0 -1
    outer loop
      vertex 40.42503681778908 -37.11940189450979 0
      vertex 40.45772761106491 -36.97919870913029 0
      vertex 66 -51.65542232990265 0
    endloop
  endfacet
  facet normal 0 0 -1
    outer loop
      vertex 40.38324628025293 -37.25716681778431 0
      vertex 40.42503681778908 -37.11940189450979 0
      vertex 66 -51.65542232990265 0
    endloop
  endfacet
  facet normal 0 0 -1
    outer loop
      vertex 40.332534968853 -37.391903549432755 0
      vertex 40.38324628025293 -37.25716681778431 0
      vertex 66 -51.65542232990265 0
    endloop
  endfacet
  facet normal 0 0 -1
    outer loop
      vertex 40.273120030760765 -37.5230351164937 0
      vertex 40.332534968853 -37.391903549432755 0
      vertex 66 -51.65542232990265 0
    endloop
  endfacet
  facet normal 0 0 -1
    outer loop
      vertex 40.20525588840246 -37.649999998509884 0
      vertex 40.273120030760765 -37.5230351164937 0
      vertex 66 -51.65542232990265 0
    endloop
  endfacet
  facet normal 0 0 -1
    outer loop
      vertex 40.12923314422369 -37.77225451171398 0
      vertex 40.20525588840246 -37.649999998509884 0
      vertex 66 -51.65542232990265 0
    endloop
  endfacet
  facet normal 0 0 -1
    outer loop
      vertex 40.04537734389305 -37.88927514106035 0
      vertex 40.12923314422369 -37.77225451171398 0
      vertex 66 -51.65542232990265 0
    endloop
  endfacet
  facet normal 0 0 -1
    outer loop
      vertex 39.954047575592995 -38.00056079030037 0
      vertex 40.04537734389305 -37.88927514106035 0
      vertex 66 -51.65542232990265 0
    endloop
  endfacet
  facet normal 0 0 -1
    outer loop
      vertex 39.85563491284847 -38.10563491284847 0
      vertex 39.954047575592995 -38.00056079030037 0
      vertex 66 -51.65542232990265 0
    endloop
  endfacet
  facet normal 0 0 -1
    outer loop
      vertex 39.75056079030037 -38.204047575592995 0
      vertex 39.85563491284847 -38.10563491284847 0
      vertex 66 -51.65542232990265 0
    endloop
  endfacet
  facet normal 0 0 -1
    outer loop
      vertex 39.63927514106035 -38.29537734389305 0
      vertex 39.75056079030037 -38.204047575592995 0
      vertex 66 -51.65542232990265 0
    endloop
  endfacet
  facet normal 0 0 -1
    outer loop
      vertex 39.52225451171398 -38.37923314422369 0
      vertex 39.63927514106035 -38.29537734389305 0
      vertex 66 -51.65542232990265 0
    endloop
  endfacet
  facet normal 0 0 -1
    outer loop
      vertex 39.399999998509884 -38.45525588840246 0
      vertex 39.52225451171398 -38.37923314422369 0
      vertex 66 -51.65542232990265 0
    endloop
  endfacet
  facet normal 0 0 -1
    outer loop
      vertex 39.2730351164937 -38.523120030760765 0
      vertex 39.399999998509884 -38.45525588840246 0
      vertex 66 -51.65542232990265 0
    endloop
  endfacet
  facet normal 0 0 -1
    outer loop
      vertex 39.141903549432755 -38.582534968853 0
      vertex 39.2730351164937 -38.523120030760765 0
      vertex 66 -51.65542232990265 0
    endloop
  endfacet
  facet normal 0 0 -1
    outer loop
      vertex 39.00716681778431 -38.63324628025293 0
      vertex 39.141903549432755 -38.582534968853 0
      vertex 66 -51.65542232990265 0
    endloop
  endfacet
  facet normal 0 0 -1
    outer loop
      vertex 38.86940189450979 -38.67503681778908 0
      vertex 39.00716681778431 -38.63324628025293 0
      vertex 66 -51.65542232990265 0
    endloop
  endfacet
  facet normal 0 0 -1
    outer loop
      vertex 38.72919870913029 -38.70772761106491 0
      vertex 38.86940189450979 -38.67503681778908 0
      vertex 66 -51.65542232990265 0
    endloop
  endfacet
  facet normal 0 0 -1
    outer loop
      vertex -18.084966771304607 -23.99893854558468 0
      vertex 18.084966771304607 -23.99893854558468 0
      vertex 19.69400045275688 -25.151955768465996 0
    endloop
  endfacet
  facet normal 0 0 -1
    outer loop
      vertex -19.69400045275688 -25.151955768465996 0
      vertex -18.084966771304607 -23.99893854558468 0
      vertex 19.69400045275688 -25.151955768465996 0
    endloop
  endfacet
  facet normal 0 0 -1
    outer loop
      vertex 18.084966771304607 23.99893854558468 0
      vertex -18.084966771304607 23.99893854558468 0
      vertex -19.69400045275688 25.151955768465996 0
    endloop
  endfacet
  facet normal 0 0 -1
    outer loop
      vertex 19.69400045275688 25.151955768465996 0
      vertex 18.084966771304607 23.99893854558468 0
      vertex -19.69400045275688 25.151955768465996 0
    endloop
  endfacet
  facet normal 0 0 -1
    outer loop
      vertex 38.58715762197971 -38.73117869347334 0
      vertex 38.72919870913029 -38.70772761106491 0
      vertex 66 -51.65542232990265 0
    endloop
  endfacet
  facet normal 0 0 -1
    outer loop
      vertex 66 51.65542232990265 0
      vertex 36.5 30.25 0
      vertex 34.521555341780186 30.185232430696487 0
    endloop
  endfacet
  facet normal 0 0 -1
    outer loop
      vertex -46.22354382276535 -28.644636414945126 0
      vertex -40.5 -36.54999999701977 0
      vertex -40.495289631187916 -36.69388688355684 0
    endloop
  endfacet
  facet normal 0 0 -1
    outer loop
      vertex 26.77645617723465 -28.644636414945126 0
      vertex 32.5 -36.54999999701977 0
      vertex 32.504710368812084 -36.69388688355684 0
    endloop
  endfacet
  facet normal 0 0 -1
    outer loop
      vertex -32.504710368812084 -36.69388688355684 0
      vertex -32.5 -36.54999999701977 0
      vertex -26.77645617723465 -28.644636414945126 0
    endloop
  endfacet
  facet normal 0 0 -1
    outer loop
      vertex -48.076173827052116 -27.94735585898161 0
      vertex -46.22354382276535 -28.644636414945126 0
      vertex -40.495289631187916 -36.69388688355684 0
    endloop
  endfacet
  facet normal 0 0 -1
    outer loop
      vertex -48.076173827052116 -27.94735585898161 0
      vertex -40.495289631187916 -36.69388688355684 0
      vertex -40.48117869347334 -36.83715762197971 0
    endloop
  endfacet
  facet normal 0 0 -1
    outer loop
      vertex 24.923826172947884 -27.94735585898161 0
      vertex 26.77645617723465 -28.644636414945126 0
      vertex 32.504710368812084 -36.69388688355684 0
    endloop
  endfacet
  facet normal 0 0 -1
    outer loop
      vertex 24.923826172947884 -27.94735585898161 0
      vertex 32.504710368812084 -36.69388688355684 0
      vertex 32.51882130652666 -36.83715762197971 0
    endloop
  endfacet
  facet normal 0 0 -1
    outer loop
      vertex -32.504710368812084 -36.69388688355684 0
      vertex -26.77645617723465 -28.644636414945126 0
      vertex -24.923826172947884 -27.94735585898161 0
    endloop
  endfacet
  facet normal 0 0 -1
    outer loop
      vertex -32.51882130652666 -36.83715762197971 0
      vertex -32.504710368812084 -36.69388688355684 0
      vertex -24.923826172947884 -27.94735585898161 0
    endloop
  endfacet
  facet normal 0 0 -1
    outer loop
      vertex -19.69400045275688 -25.151955768465996 0
      vertex 19.69400045275688 -25.151955768465996 0
      vertex 21.375 -26.197268463671207 0
    endloop
  endfacet
  facet normal 0 0 -1
    outer loop
      vertex -21.375 -26.197268463671207 0
      vertex -19.69400045275688 -25.151955768465996 0
      vertex 21.375 -26.197268463671207 0
    endloop
  endfacet
  facet normal 0 0 -1
    outer loop
      vertex 19.69400045275688 25.151955768465996 0
      vertex -19.69400045275688 25.151955768465996 0
      vertex -21.375 26.197268463671207 0
    endloop
  endfacet
  facet normal 0 0 -1
    outer loop
      vertex 21.375 26.197268463671207 0
      vertex 19.69400045275688 25.151955768465996 0
      vertex -21.375 26.197268463671207 0
    endloop
  endfacet
  facet normal 0 0 -1
    outer loop
      vertex 38.58715762197971 -38.73117869347334 0
      vertex 66 -51.65542232990265 0
      vertex -66 -51.65542232990265 0
    endloop
  endfacet
  facet normal 0 0 -1
    outer loop
      vertex 38.44388688355684 -38.745289631187916 0
      vertex 38.58715762197971 -38.73117869347334 0
      vertex -66 -51.65542232990265 0
    endloop
  endfacet
  facet normal 0 0 -1
    outer loop
      vertex 38.29999999701977 -38.75 0
      vertex 38.44388688355684 -38.745289631187916 0
      vertex -66 -51.65542232990265 0
    endloop
  endfacet
  facet normal 0 0 -1
    outer loop
      vertex -48.076173827052116 -27.94735585898161 0
      vertex -40.48117869347334 -36.83715762197971 0
      vertex -40.45772761106491 -36.97919870913029 0
    endloop
  endfacet
  facet normal 0 0 -1
    outer loop
      vertex 24.923826172947884 -27.94735585898161 0
      vertex 32.51882130652666 -36.83715762197971 0
      vertex 32.54227238893509 -36.97919870913029 0
    endloop
  endfacet
  facet normal 0 0 -1
    outer loop
      vertex -32.54227238893509 -36.97919870913029 0
      vertex -32.51882130652666 -36.83715762197971 0
      vertex -24.923826172947884 -27.94735585898161 0
    endloop
  endfacet
  facet normal 0 0 -1
    outer loop
      vertex 34.70000000298023 -38.75 0
      vertex 38.29999999701977 -38.75 0
      vertex -66 -51.65542232990265 0
    endloop
  endfacet
  facet normal 0 0 -1
    outer loop
      vertex 34.55611311644316 -38.745289631187916 0
      vertex 34.70000000298023 -38.75 0
      vertex -66 -51.65542232990265 0
    endloop
  endfacet
  facet normal 0 0 -1
    outer loop
      vertex 34.41284237802029 -38.73117869347334 0
      vertex 34.55611311644316 -38.745289631187916 0
      vertex -66 -51.65542232990265 0
    endloop
  endfacet
  facet normal 0 0 -1
    outer loop
      vertex 34.27080129086971 -38.70772761106491 0
      vertex 34.41284237802029 -38.73117869347334 0
      vertex -66 -51.65542232990265 0
    endloop
  endfacet
  facet normal 0 0 -1
    outer loop
      vertex 34.13059810549021 -38.67503681778908 0
      vertex 34.27080129086971 -38.70772761106491 0
      vertex -66 -51.65542232990265 0
    endloop
  endfacet
  facet normal 0 0 -1
    outer loop
      vertex 33.99283318221569 -38.63324628025293 0
      vertex 34.13059810549021 -38.67503681778908 0
      vertex -66 -51.65542232990265 0
    endloop
  endfacet
  facet normal 0 0 -1
    outer loop
      vertex 33.858096450567245 -38.582534968853 0
      vertex 33.99283318221569 -38.63324628025293 0
      vertex -66 -51.65542232990265 0
    endloop
  endfacet
  facet normal 0 0 -1
    outer loop
      vertex 33.7269648835063 -38.523120030760765 0
      vertex 33.858096450567245 -38.582534968853 0
      vertex -66 -51.65542232990265 0
    endloop
  endfacet
  facet normal 0 0 -1
    outer loop
      vertex 33.600000001490116 -38.45525588840246 0
      vertex 33.7269648835063 -38.523120030760765 0
      vertex -66 -51.65542232990265 0
    endloop
  endfacet
  facet normal 0 0 -1
    outer loop
      vertex 33.47774548828602 -38.37923314422369 0
      vertex 33.600000001490116 -38.45525588840246 0
      vertex -66 -51.65542232990265 0
    endloop
  endfacet
  facet normal 0 0 -1
    outer loop
      vertex 33.36072485893965 -38.29537734389305 0
      vertex 33.47774548828602 -38.37923314422369 0
      vertex -66 -51.65542232990265 0
    endloop
  endfacet
  facet normal 0 0 -1
    outer loop
      vertex 33.24943920969963 -38.204047575592995 0
      vertex 33.36072485893965 -38.29537734389305 0
      vertex -66 -51.65542232990265 0
    endloop
  endfacet
  facet normal 0 0 -1
    outer loop
      vertex 33.14436508715153 -38.10563491284847 0
      vertex 33.24943920969963 -38.204047575592995 0
      vertex -66 -51.65542232990265 0
    endloop
  endfacet
  facet normal 0 0 -1
    outer loop
      vertex 33.045952424407005 -38.00056079030037 0
      vertex 33.14436508715153 -38.10563491284847 0
      vertex -66 -51.65542232990265 0
    endloop
  endfacet
  facet normal 0 0 -1
    outer loop
      vertex 32.95462265610695 -37.88927514106035 0
      vertex 33.045952424407005 -38.00056079030037 0
      vertex -66 -51.65542232990265 0
    endloop
  endfacet
  facet normal 0 0 -1
    outer loop
      vertex 32.87076685577631 -37.77225451171398 0
      vertex 32.95462265610695 -37.88927514106035 0
      vertex -66 -51.65542232990265 0
    endloop
  endfacet
  facet normal 0 0 -1
    outer loop
      vertex 32.79474411159754 -37.649999998509884 0
      vertex 32.87076685577631 -37.77225451171398 0
      vertex -66 -51.65542232990265 0
    endloop
  endfacet
  facet normal 0 0 -1
    outer loop
      vertex 32.726879969239235 -37.5230351164937 0
      vertex 32.79474411159754 -37.649999998509884 0
      vertex -66 -51.65542232990265 0
    endloop
  endfacet
  facet normal 0 0 -1
    outer loop
      vertex 32.667465031147 -37.391903549432755 0
      vertex 32.726879969239235 -37.5230351164937 0
      vertex -66 -51.65542232990265 0
    endloop
  endfacet
  facet normal 0 0 -1
    outer loop
      vertex 32.61675371974707 -37.25716681778431 0
      vertex 32.667465031147 -37.391903549432755 0
      vertex -66 -51.65542232990265 0
    endloop
  endfacet
  facet normal 0 0 -1
    outer loop
      vertex 66 51.65542232990265 0
      vertex 34.521555341780186 30.185232430696487 0
      vertex 32.55158268660307 29.99120705574751 0
    endloop
  endfacet
  facet normal 0 0 -1
    outer loop
      vertex 32.57496318221092 -37.11940189450979 0
      vertex 32.61675371974707 -37.25716681778431 0
      vertex -66 -51.65542232990265 0
    endloop
  endfacet
  facet normal 0 0 -1
    outer loop
      vertex 32.54227238893509 -36.97919870913029 0
      vertex 32.57496318221092 -37.11940189450979 0
      vertex -66 -51.65542232990265 0
    endloop
  endfacet
  facet normal 0 0 -1
    outer loop
      vertex -21.375 -26.197268463671207 0
      vertex 21.375 -26.197268463671207 0
      vertex 23.12076712399721 -27.13040043413639 0
    endloop
  endfacet
  facet normal 0 0 -1
    outer loop
      vertex -23.12076712399721 -27.13040043413639 0
      vertex -21.375 -26.197268463671207 0
      vertex 23.12076712399721 -27.13040043413639 0
    endloop
  endfacet
  facet normal 0 0 -1
    outer loop
      vertex 21.375 26.197268463671207 0
      vertex -21.375 26.197268463671207 0
      vertex -23.12076712399721 27.13040043413639 0
    endloop
  endfacet
  facet normal 0 0 -1
    outer loop
      vertex 23.12076712399721 27.13040043413639 0
      vertex 21.375 26.197268463671207 0
      vertex -23.12076712399721 27.13040043413639 0
    endloop
  endfacet
  facet normal 0 0 -1
    outer loop
      vertex -48.076173827052116 -27.94735585898161 0
      vertex -40.45772761106491 -36.97919870913029 0
      vertex -40.42503681778908 -37.11940189450979 0
    endloop
  endfacet
  facet normal 0 0 -1
    outer loop
      vertex -32.57496318221092 -37.11940189450979 0
      vertex -32.54227238893509 -36.97919870913029 0
      vertex -24.923826172947884 -27.94735585898161 0
    endloop
  endfacet
  facet normal 0 0 -1
    outer loop
      vertex -49.87923287600279 -27.13040043413639 0
      vertex -48.076173827052116 -27.94735585898161 0
      vertex -40.42503681778908 -37.11940189450979 0
    endloop
  endfacet
  facet normal 0 0 -1
    outer loop
      vertex -49.87923287600279 -27.13040043413639 0
      vertex -40.42503681778908 -37.11940189450979 0
      vertex -40.38324628025293 -37.25716681778431 0
    endloop
  endfacet
  facet normal 0 0 -1
    outer loop
      vertex -32.57496318221092 -37.11940189450979 0
      vertex -24.923826172947884 -27.94735585898161 0
      vertex -23.12076712399721 -27.13040043413639 0
    endloop
  endfacet
  facet normal 0 0 -1
    outer loop
      vertex -32.57496318221092 -37.11940189450979 0
      vertex -23.12076712399721 -27.13040043413639 0
      vertex 23.12076712399721 -27.13040043413639 0
    endloop
  endfacet
  facet normal 0 0 -1
    outer loop
      vertex -32.61675371974707 -37.25716681778431 0
      vertex -32.57496318221092 -37.11940189450979 0
      vertex 23.12076712399721 -27.13040043413639 0
    endloop
  endfacet
  facet normal 0 0 -1
    outer loop
      vertex -32.667465031147 -37.391903549432755 0
      vertex -32.61675371974707 -37.25716681778431 0
      vertex 23.12076712399721 -27.13040043413639 0
    endloop
  endfacet
  facet normal 0 0 -1
    outer loop
      vertex -32.726879969239235 -37.5230351164937 0
      vertex -32.667465031147 -37.391903549432755 0
      vertex 23.12076712399721 -27.13040043413639 0
    endloop
  endfacet
  facet normal 0 0 -1
    outer loop
      vertex -32.79474411159754 -37.649999998509884 0
      vertex -32.726879969239235 -37.5230351164937 0
      vertex 23.12076712399721 -27.13040043413639 0
    endloop
  endfacet
  facet normal 0 0 -1
    outer loop
      vertex -32.87076685577631 -37.77225451171398 0
      vertex -32.79474411159754 -37.649999998509884 0
      vertex 23.12076712399721 -27.13040043413639 0
    endloop
  endfacet
  facet normal 0 0 -1
    outer loop
      vertex -32.95462265610695 -37.88927514106035 0
      vertex -32.87076685577631 -37.77225451171398 0
      vertex 23.12076712399721 -27.13040043413639 0
    endloop
  endfacet
  facet normal 0 0 -1
    outer loop
      vertex -33.045952424407005 -38.00056079030037 0
      vertex -32.95462265610695 -37.88927514106035 0
      vertex 23.12076712399721 -27.13040043413639 0
    endloop
  endfacet
  facet normal 0 0 -1
    outer loop
      vertex -33.14436508715153 -38.10563491284847 0
      vertex -33.045952424407005 -38.00056079030037 0
      vertex 23.12076712399721 -27.13040043413639 0
    endloop
  endfacet
  facet normal 0 0 -1
    outer loop
      vertex -33.14436508715153 -38.10563491284847 0
      vertex 23.12076712399721 -27.13040043413639 0
      vertex 24.923826172947884 -27.94735585898161 0
    endloop
  endfacet
  facet normal 0 0 -1
    outer loop
      vertex -33.14436508715153 -38.10563491284847 0
      vertex 24.923826172947884 -27.94735585898161 0
      vertex 32.54227238893509 -36.97919870913029 0
    endloop
  endfacet
  facet normal 0 0 -1
    outer loop
      vertex -33.24943920969963 -38.204047575592995 0
      vertex -33.14436508715153 -38.10563491284847 0
      vertex 32.54227238893509 -36.97919870913029 0
    endloop
  endfacet
  facet normal 0 0 -1
    outer loop
      vertex -33.36072485893965 -38.29537734389305 0
      vertex -33.24943920969963 -38.204047575592995 0
      vertex 32.54227238893509 -36.97919870913029 0
    endloop
  endfacet
  facet normal 0 0 -1
    outer loop
      vertex -33.47774548828602 -38.37923314422369 0
      vertex -33.36072485893965 -38.29537734389305 0
      vertex 32.54227238893509 -36.97919870913029 0
    endloop
  endfacet
  facet normal 0 0 -1
    outer loop
      vertex -33.600000001490116 -38.45525588840246 0
      vertex -33.47774548828602 -38.37923314422369 0
      vertex 32.54227238893509 -36.97919870913029 0
    endloop
  endfacet
  facet normal 0 0 -1
    outer loop
      vertex -33.7269648835063 -38.523120030760765 0
      vertex -33.600000001490116 -38.45525588840246 0
      vertex 32.54227238893509 -36.97919870913029 0
    endloop
  endfacet
  facet normal 0 0 -1
    outer loop
      vertex -66 51.65542232990265 0
      vertex 66 51.65542232990265 0
      vertex 32.55158268660307 29.99120705574751 0
    endloop
  endfacet
  facet normal 0 0 -1
    outer loop
      vertex 23.12076712399721 27.13040043413639 0
      vertex -23.12076712399721 27.13040043413639 0
      vertex -24.923826172947884 27.94735585898161 0
    endloop
  endfacet
  facet normal 0 0 -1
    outer loop
      vertex 24.923826172947884 27.94735585898161 0
      vertex 23.12076712399721 27.13040043413639 0
      vertex -24.923826172947884 27.94735585898161 0
    endloop
  endfacet
  facet normal 0 0 -1
    outer loop
      vertex -66 51.65542232990265 0
      vertex 32.55158268660307 29.99120705574751 0
      vertex 30.598517760634422 29.66875473409891 0
    endloop
  endfacet
  facet normal 0 0 -1
    outer loop
      vertex -66 51.65542232990265 0
      vertex 30.598517760634422 29.66875473409891 0
      vertex 28.670723885297775 29.21925624459982 0
    endloop
  endfacet
  facet normal 0 0 -1
    outer loop
      vertex -33.858096450567245 -38.582534968853 0
      vertex -33.7269648835063 -38.523120030760765 0
      vertex 32.54227238893509 -36.97919870913029 0
    endloop
  endfacet
  facet normal 0 0 -1
    outer loop
      vertex -33.858096450567245 -38.582534968853 0
      vertex 32.54227238893509 -36.97919870913029 0
      vertex -66 -51.65542232990265 0
    endloop
  endfacet
  facet normal 0 0 -1
    outer loop
      vertex -33.99283318221569 -38.63324628025293 0
      vertex -33.858096450567245 -38.582534968853 0
      vertex -66 -51.65542232990265 0
    endloop
  endfacet
  facet normal 0 0 -1
    outer loop
      vertex -34.13059810549021 -38.67503681778908 0
      vertex -33.99283318221569 -38.63324628025293 0
      vertex -66 -51.65542232990265 0
    endloop
  endfacet
  facet normal 0 0 -1
    outer loop
      vertex -34.27080129086971 -38.70772761106491 0
      vertex -34.13059810549021 -38.67503681778908 0
      vertex -66 -51.65542232990265 0
    endloop
  endfacet
  facet normal 0 0 -1
    outer loop
      vertex -34.41284237802029 -38.73117869347334 0
      vertex -34.27080129086971 -38.70772761106491 0
      vertex -66 -51.65542232990265 0
    endloop
  endfacet
  facet normal 0 0 -1
    outer loop
      vertex -34.55611311644316 -38.745289631187916 0
      vertex -34.41284237802029 -38.73117869347334 0
      vertex -66 -51.65542232990265 0
    endloop
  endfacet
  facet normal 0 0 -1
    outer loop
      vertex -34.70000000298023 -38.75 0
      vertex -34.55611311644316 -38.745289631187916 0
      vertex -66 -51.65542232990265 0
    endloop
  endfacet
  facet normal 0 0 -1
    outer loop
      vertex -38.29999999701977 -38.75 0
      vertex -34.70000000298023 -38.75 0
      vertex -66 -51.65542232990265 0
    endloop
  endfacet
  facet normal 0 0 -1
    outer loop
      vertex -38.44388688355684 -38.745289631187916 0
      vertex -38.29999999701977 -38.75 0
      vertex -66 -51.65542232990265 0
    endloop
  endfacet
  facet normal 0 0 -1
    outer loop
      vertex -38.58715762197971 -38.73117869347334 0
      vertex -38.44388688355684 -38.745289631187916 0
      vertex -66 -51.65542232990265 0
    endloop
  endfacet
  facet normal 0 0 -1
    outer loop
      vertex -38.72919870913029 -38.70772761106491 0
      vertex -38.58715762197971 -38.73117869347334 0
      vertex -66 -51.65542232990265 0
    endloop
  endfacet
  facet normal 0 0 -1
    outer loop
      vertex -38.86940189450979 -38.67503681778908 0
      vertex -38.72919870913029 -38.70772761106491 0
      vertex -66 -51.65542232990265 0
    endloop
  endfacet
  facet normal 0 0 -1
    outer loop
      vertex -39.00716681778431 -38.63324628025293 0
      vertex -38.86940189450979 -38.67503681778908 0
      vertex -66 -51.65542232990265 0
    endloop
  endfacet
  facet normal 0 0 -1
    outer loop
      vertex -39.141903549432755 -38.582534968853 0
      vertex -39.00716681778431 -38.63324628025293 0
      vertex -66 -51.65542232990265 0
    endloop
  endfacet
  facet normal 0 0 -1
    outer loop
      vertex -39.2730351164937 -38.523120030760765 0
      vertex -39.141903549432755 -38.582534968853 0
      vertex -66 -51.65542232990265 0
    endloop
  endfacet
  facet normal 0 0 -1
    outer loop
      vertex -39.399999998509884 -38.45525588840246 0
      vertex -39.2730351164937 -38.523120030760765 0
      vertex -66 -51.65542232990265 0
    endloop
  endfacet
  facet normal 0 0 -1
    outer loop
      vertex -39.52225451171398 -38.37923314422369 0
      vertex -39.399999998509884 -38.45525588840246 0
      vertex -66 -51.65542232990265 0
    endloop
  endfacet
  facet normal 0 0 -1
    outer loop
      vertex -39.63927514106035 -38.29537734389305 0
      vertex -39.52225451171398 -38.37923314422369 0
      vertex -66 -51.65542232990265 0
    endloop
  endfacet
  facet normal 0 0 -1
    outer loop
      vertex -39.75056079030037 -38.204047575592995 0
      vertex -39.63927514106035 -38.29537734389305 0
      vertex -66 -51.65542232990265 0
    endloop
  endfacet
  facet normal 0 0 -1
    outer loop
      vertex -39.85563491284847 -38.10563491284847 0
      vertex -39.75056079030037 -38.204047575592995 0
      vertex -66 -51.65542232990265 0
    endloop
  endfacet
  facet normal 0 0 -1
    outer loop
      vertex -39.954047575592995 -38.00056079030037 0
      vertex -39.85563491284847 -38.10563491284847 0
      vertex -66 -51.65542232990265 0
    endloop
  endfacet
  facet normal 0 0 -1
    outer loop
      vertex -40.04537734389305 -37.88927514106035 0
      vertex -39.954047575592995 -38.00056079030037 0
      vertex -66 -51.65542232990265 0
    endloop
  endfacet
  facet normal 0 0 -1
    outer loop
      vertex -40.12923314422369 -37.77225451171398 0
      vertex -40.04537734389305 -37.88927514106035 0
      vertex -66 -51.65542232990265 0
    endloop
  endfacet
  facet normal 0 0 -1
    outer loop
      vertex -40.20525588840246 -37.649999998509884 0
      vertex -40.12923314422369 -37.77225451171398 0
      vertex -66 -51.65542232990265 0
    endloop
  endfacet
  facet normal 0 0 -1
    outer loop
      vertex -40.273120030760765 -37.5230351164937 0
      vertex -40.20525588840246 -37.649999998509884 0
      vertex -66 -51.65542232990265 0
    endloop
  endfacet
  facet normal 0 0 -1
    outer loop
      vertex -40.332534968853 -37.391903549432755 0
      vertex -40.273120030760765 -37.5230351164937 0
      vertex -66 -51.65542232990265 0
    endloop
  endfacet
  facet normal 0 0 -1
    outer loop
      vertex -40.38324628025293 -37.25716681778431 0
      vertex -40.332534968853 -37.391903549432755 0
      vertex -66 -51.65542232990265 0
    endloop
  endfacet
  facet normal 0 0 -1
    outer loop
      vertex -49.87923287600279 -27.13040043413639 0
      vertex -40.38324628025293 -37.25716681778431 0
      vertex -66 -51.65542232990265 0
    endloop
  endfacet
  facet normal 0 0 -1
    outer loop
      vertex -51.625 -26.197268463671207 0
      vertex -49.87923287600279 -27.13040043413639 0
      vertex -66 -51.65542232990265 0
    endloop
  endfacet
  facet normal 0 0 -1
    outer loop
      vertex -53.30599954724312 -25.151955768465996 0
      vertex -51.625 -26.197268463671207 0
      vertex -66 -51.65542232990265 0
    endloop
  endfacet
  facet normal 0 0 -1
    outer loop
      vertex -54.91503322869539 -23.99893854558468 0
      vertex -53.30599954724312 -25.151955768465996 0
      vertex -66 -51.65542232990265 0
    endloop
  endfacet
  facet normal 0 0 -1
    outer loop
      vertex -56.44521090388298 -22.743154175579548 0
      vertex -54.91503322869539 -23.99893854558468 0
      vertex -66 -51.65542232990265 0
    endloop
  endfacet
  facet normal 0 0 -1
    outer loop
      vertex -56.44521090388298 -22.743154175579548 0
      vertex -66 -51.65542232990265 0
      vertex -66.44637635350227 -51.64080947637558 0
    endloop
  endfacet
  facet normal 0 0 -1
    outer loop
      vertex -56.44521090388298 -22.743154175579548 0
      vertex -66.44637635350227 -51.64080947637558 0
      vertex -66.8908412605524 -51.59703350812197 0
    endloop
  endfacet
  facet normal 0 0 -1
    outer loop
      vertex -56.44521090388298 -22.743154175579548 0
      vertex -66.8908412605524 -51.59703350812197 0
      vertex -67.33149144798517 -51.52428186684847 0
    endloop
  endfacet
  facet normal 0 0 -1
    outer loop
      vertex -56.44521090388298 -22.743154175579548 0
      vertex -67.33149144798517 -51.52428186684847 0
      vertex -67.7664399817586 -51.422866091132164 0
    endloop
  endfacet
  facet normal 0 0 -1
    outer loop
      vertex -56.44521090388298 -22.743154175579548 0
      vertex -67.7664399817586 -51.422866091132164 0
      vertex -68.19382435083389 -51.29322046041489 0
    endloop
  endfacet
  facet normal 0 0 -1
    outer loop
      vertex -56.44521090388298 -22.743154175579548 0
      vertex -68.19382435083389 -51.29322046041489 0
      vertex -68.61181442439556 -51.135900139808655 0
    endloop
  endfacet
  facet normal 0 0 -1
    outer loop
      vertex -56.44521090388298 -22.743154175579548 0
      vertex -68.61181442439556 -51.135900139808655 0
      vertex -69.0186203122139 -50.9515787884593 0
    endloop
  endfacet
  facet normal 0 0 -1
    outer loop
      vertex -56.44521090388298 -22.743154175579548 0
      vertex -69.0186203122139 -50.9515787884593 0
      vertex -69.41250000149012 -50.7410457059741 0
    endloop
  endfacet
  facet normal 0 0 -1
    outer loop
      vertex -56.44521090388298 -22.743154175579548 0
      vertex -69.41250000149012 -50.7410457059741 0
      vertex -69.79176683723927 -50.50520242750645 0
    endloop
  endfacet
  facet normal 0 0 -1
    outer loop
      vertex -56.44521090388298 -22.743154175579548 0
      vertex -69.79176683723927 -50.50520242750645 0
      vertex -70.15479674935341 -50.24505887180567 0
    endloop
  endfacet
  facet normal 0 0 -1
    outer loop
      vertex -56.44521090388298 -22.743154175579548 0
      vertex -70.15479674935341 -50.24505887180567 0
      vertex -70.50003518909216 -49.961729012429714 0
    endloop
  endfacet
  facet normal 0 0 -1
    outer loop
      vertex -56.44521090388298 -22.743154175579548 0
      vertex -70.50003518909216 -49.961729012429714 0
      vertex -70.82600378245115 -49.65642610937357 0
    endloop
  endfacet
  facet normal 0 0 -1
    outer loop
      vertex -56.44521090388298 -22.743154175579548 0
      vertex -70.82600378245115 -49.65642610937357 0
      vertex -71.1313066855073 -49.330457516014576 0
    endloop
  endfacet
  facet normal 0 0 -1
    outer loop
      vertex -56.44521090388298 -22.743154175579548 0
      vertex -71.1313066855073 -49.330457516014576 0
      vertex -71.41463654488325 -48.985219076275826 0
    endloop
  endfacet
  facet normal 0 0 -1
    outer loop
      vertex -56.44521090388298 -22.743154175579548 0
      vertex -71.41463654488325 -48.985219076275826 0
      vertex -71.67478010058403 -48.62218916416168 0
    endloop
  endfacet
  facet normal 0 0 -1
    outer loop
      vertex -56.44521090388298 -22.743154175579548 0
      vertex -71.67478010058403 -48.62218916416168 0
      vertex -71.91062337905169 -48.24292232841253 0
    endloop
  endfacet
  facet normal 0 0 -1
    outer loop
      vertex -56.44521090388298 -22.743154175579548 0
      vertex -71.91062337905169 -48.24292232841253 0
      vertex -72.12115646153688 -47.849042639136314 0
    endloop
  endfacet
  facet normal 0 0 -1
    outer loop
      vertex -56.44521090388298 -22.743154175579548 0
      vertex -72.12115646153688 -47.849042639136314 0
      vertex -72.30547781288624 -47.44223675131798 0
    endloop
  endfacet
  facet normal 0 0 -1
    outer loop
      vertex -56.44521090388298 -22.743154175579548 0
      vertex -72.30547781288624 -47.44223675131798 0
      vertex -72.46279813349247 -47.02424667775631 0
    endloop
  endfacet
  facet normal 0 0 -1
    outer loop
      vertex -56.44521090388298 -22.743154175579548 0
      vertex -72.46279813349247 -47.02424667775631 0
      vertex -72.59244376420975 -46.59686230868101 0
    endloop
  endfacet
  facet normal 0 0 -1
    outer loop
      vertex -56.44521090388298 -22.743154175579548 0
      vertex -72.59244376420975 -46.59686230868101 0
      vertex -72.69385953992605 -46.16191377490759 0
    endloop
  endfacet
  facet normal 0 0 -1
    outer loop
      vertex -56.44521090388298 -22.743154175579548 0
      vertex -72.69385953992605 -46.16191377490759 0
      vertex -72.76661118119955 -45.72126358747482 0
    endloop
  endfacet
  facet normal 0 0 -1
    outer loop
      vertex -56.44521090388298 -22.743154175579548 0
      vertex -72.76661118119955 -45.72126358747482 0
      vertex -72.81038714945316 -45.27679868042469 0
    endloop
  endfacet
  facet normal 0 0 -1
    outer loop
      vertex -56.44521090388298 -22.743154175579548 0
      vertex -72.81038714945316 -45.27679868042469 0
      vertex -72.82500000298023 -44.83042232692242 0
    endloop
  endfacet
  facet normal 0 0 -1
    outer loop
      vertex -57.889980129897594 -21.389980129897594 0
      vertex -56.44521090388298 -22.743154175579548 0
      vertex -72.82500000298023 -44.83042232692242 0
    endloop
  endfacet
  facet normal 0 0 -1
    outer loop
      vertex -59.24315417557955 -19.94521090388298 0
      vertex -57.889980129897594 -21.389980129897594 0
      vertex -72.82500000298023 -44.83042232692242 0
    endloop
  endfacet
  facet normal 0 0 -1
    outer loop
      vertex -60.49893854558468 -18.415033228695393 0
      vertex -59.24315417557955 -19.94521090388298 0
      vertex -72.82500000298023 -44.83042232692242 0
    endloop
  endfacet
  facet normal 0 0 -1
    outer loop
      vertex -61.651955768465996 -16.80599954724312 0
      vertex -60.49893854558468 -18.415033228695393 0
      vertex -72.82500000298023 -44.83042232692242 0
    endloop
  endfacet
  facet normal 0 0 -1
    outer loop
      vertex -62.69726846367121 -15.125 0
      vertex -61.651955768465996 -16.80599954724312 0
      vertex -72.82500000298023 -44.83042232692242 0
    endloop
  endfacet
  facet normal 0 0 -1
    outer loop
      vertex -63.63040043413639 -13.379232876002789 0
      vertex -62.69726846367121 -15.125 0
      vertex -72.82500000298023 -44.83042232692242 0
    endloop
  endfacet
  facet normal 0 0 -1
    outer loop
      vertex -64.44735585898161 -11.576173827052116 0
      vertex -63.63040043413639 -13.379232876002789 0
      vertex -72.82500000298023 -44.83042232692242 0
    endloop
  endfacet
  facet normal 0 0 -1
    outer loop
      vertex -65.14463641494513 -9.72354382276535 0
      vertex -64.44735585898161 -11.576173827052116 0
      vertex -72.82500000298023 -44.83042232692242 0
    endloop
  endfacet
  facet normal 0 0 -1
    outer loop
      vertex -65.71925624459982 -7.829276114702225 0
      vertex -65.14463641494513 -9.72354382276535 0
      vertex -72.82500000298023 -44.83042232692242 0
    endloop
  endfacet
  facet normal 0 0 -1
    outer loop
      vertex -66.16875473409891 -5.901482239365578 0
      vertex -65.71925624459982 -7.829276114702225 0
      vertex -72.82500000298023 -44.83042232692242 0
    endloop
  endfacet
  facet normal 0 0 -1
    outer loop
      vertex -66 51.65542232990265 0
      vertex 28.670723885297775 29.21925624459982 0
      vertex 26.77645617723465 28.644636414945126 0
    endloop
  endfacet
  facet normal 0 0 -1
    outer loop
      vertex -66 51.65542232990265 0
      vertex 26.77645617723465 28.644636414945126 0
      vertex 24.923826172947884 27.94735585898161 0
    endloop
  endfacet
  facet normal 0 0 -1
    outer loop
      vertex -66 51.65542232990265 0
      vertex 24.923826172947884 27.94735585898161 0
      vertex -24.923826172947884 27.94735585898161 0
    endloop
  endfacet
  facet normal 0 0 -1
    outer loop
      vertex -66 51.65542232990265 0
      vertex -24.923826172947884 27.94735585898161 0
      vertex -26.77645617723465 28.644636414945126 0
    endloop
  endfacet
  facet normal 0 0 -1
    outer loop
      vertex -66 51.65542232990265 0
      vertex -26.77645617723465 28.644636414945126 0
      vertex -28.670723885297775 29.21925624459982 0
    endloop
  endfacet
  facet normal 0 0 -1
    outer loop
      vertex -66 51.65542232990265 0
      vertex -28.670723885297775 29.21925624459982 0
      vertex -30.598517760634422 29.66875473409891 0
    endloop
  endfacet
  facet normal 0 0 -1
    outer loop
      vertex -66 51.65542232990265 0
      vertex -30.598517760634422 29.66875473409891 0
      vertex -32.55158268660307 29.99120705574751 0
    endloop
  endfacet
  facet normal 0 0 -1
    outer loop
      vertex -66 51.65542232990265 0
      vertex -32.55158268660307 29.99120705574751 0
      vertex -34.521555341780186 30.185232430696487 0
    endloop
  endfacet
  facet normal 0 0 -1
    outer loop
      vertex -66 51.65542232990265 0
      vertex -34.521555341780186 30.185232430696487 0
      vertex -36.5 30.25 0
    endloop
  endfacet
  facet normal 0 0 -1
    outer loop
      vertex -66 51.65542232990265 0
      vertex -36.5 30.25 0
      vertex -38.478444658219814 30.185232430696487 0
    endloop
  endfacet
  facet normal 0 0 -1
    outer loop
      vertex -66 51.65542232990265 0
      vertex -38.478444658219814 30.185232430696487 0
      vertex -40.44841731339693 29.99120705574751 0
    endloop
  endfacet
  facet normal 0 0 -1
    outer loop
      vertex -66 51.65542232990265 0
      vertex -40.44841731339693 29.99120705574751 0
      vertex -42.40148223936558 29.66875473409891 0
    endloop
  endfacet
  facet normal 0 0 -1
    outer loop
      vertex -66 51.65542232990265 0
      vertex -42.40148223936558 29.66875473409891 0
      vertex -44.329276114702225 29.21925624459982 0
    endloop
  endfacet
  facet normal 0 0 -1
    outer loop
      vertex -66 51.65542232990265 0
      vertex -44.329276114702225 29.21925624459982 0
      vertex -46.22354382276535 28.644636414945126 0
    endloop
  endfacet
  facet normal 0 0 -1
    outer loop
      vertex -66 51.65542232990265 0
      vertex -46.22354382276535 28.644636414945126 0
      vertex -48.076173827052116 27.94735585898161 0
    endloop
  endfacet
  facet normal 0 0 -1
    outer loop
      vertex -66 51.65542232990265 0
      vertex -48.076173827052116 27.94735585898161 0
      vertex -49.87923287600279 27.13040043413639 0
    endloop
  endfacet
  facet normal 0 0 -1
    outer loop
      vertex -66 51.65542232990265 0
      vertex -49.87923287600279 27.13040043413639 0
      vertex -51.625 26.197268463671207 0
    endloop
  endfacet
  facet normal 0 0 -1
    outer loop
      vertex -66 51.65542232990265 0
      vertex -51.625 26.197268463671207 0
      vertex -53.30599954724312 25.151955768465996 0
    endloop
  endfacet
  facet normal 0 0 -1
    outer loop
      vertex -66 51.65542232990265 0
      vertex -53.30599954724312 25.151955768465996 0
      vertex -54.91503322869539 23.99893854558468 0
    endloop
  endfacet
  facet normal 0 0 -1
    outer loop
      vertex -66 51.65542232990265 0
      vertex -54.91503322869539 23.99893854558468 0
      vertex -56.44521090388298 22.743154175579548 0
    endloop
  endfacet
  facet normal 0 0 -1
    outer loop
      vertex -66.44637635350227 51.64080947637558 0
      vertex -66 51.65542232990265 0
      vertex -56.44521090388298 22.743154175579548 0
    endloop
  endfacet
  facet normal 0 0 -1
    outer loop
      vertex -66.8908412605524 51.59703350812197 0
      vertex -66.44637635350227 51.64080947637558 0
      vertex -56.44521090388298 22.743154175579548 0
    endloop
  endfacet
  facet normal 0 0 -1
    outer loop
      vertex -67.33149144798517 51.52428186684847 0
      vertex -66.8908412605524 51.59703350812197 0
      vertex -56.44521090388298 22.743154175579548 0
    endloop
  endfacet
  facet normal 0 0 -1
    outer loop
      vertex -67.7664399817586 51.422866091132164 0
      vertex -67.33149144798517 51.52428186684847 0
      vertex -56.44521090388298 22.743154175579548 0
    endloop
  endfacet
  facet normal 0 0 -1
    outer loop
      vertex -68.19382435083389 51.29322046041489 0
      vertex -67.7664399817586 51.422866091132164 0
      vertex -56.44521090388298 22.743154175579548 0
    endloop
  endfacet
  facet normal 0 0 -1
    outer loop
      vertex -68.61181442439556 51.135900139808655 0
      vertex -68.19382435083389 51.29322046041489 0
      vertex -56.44521090388298 22.743154175579548 0
    endloop
  endfacet
  facet normal 0 0 -1
    outer loop
      vertex -69.0186203122139 50.9515787884593 0
      vertex -68.61181442439556 51.135900139808655 0
      vertex -56.44521090388298 22.743154175579548 0
    endloop
  endfacet
  facet normal 0 0 -1
    outer loop
      vertex -69.41250000149012 50.7410457059741 0
      vertex -69.0186203122139 50.9515787884593 0
      vertex -56.44521090388298 22.743154175579548 0
    endloop
  endfacet
  facet normal 0 0 -1
    outer loop
      vertex -69.79176683723927 50.50520242750645 0
      vertex -69.41250000149012 50.7410457059741 0
      vertex -56.44521090388298 22.743154175579548 0
    endloop
  endfacet
  facet normal 0 0 -1
    outer loop
      vertex -70.15479674935341 50.24505887180567 0
      vertex -69.79176683723927 50.50520242750645 0
      vertex -56.44521090388298 22.743154175579548 0
    endloop
  endfacet
  facet normal 0 0 -1
    outer loop
      vertex -70.50003518909216 49.961729012429714 0
      vertex -70.15479674935341 50.24505887180567 0
      vertex -56.44521090388298 22.743154175579548 0
    endloop
  endfacet
  facet normal 0 0 -1
    outer loop
      vertex -70.82600378245115 49.65642610937357 0
      vertex -70.50003518909216 49.961729012429714 0
      vertex -56.44521090388298 22.743154175579548 0
    endloop
  endfacet
  facet normal 0 0 -1
    outer loop
      vertex -71.1313066855073 49.330457516014576 0
      vertex -70.82600378245115 49.65642610937357 0
      vertex -56.44521090388298 22.743154175579548 0
    endloop
  endfacet
  facet normal 0 0 -1
    outer loop
      vertex -71.41463654488325 48.985219076275826 0
      vertex -71.1313066855073 49.330457516014576 0
      vertex -56.44521090388298 22.743154175579548 0
    endloop
  endfacet
  facet normal 0 0 -1
    outer loop
      vertex -71.67478010058403 48.62218916416168 0
      vertex -71.41463654488325 48.985219076275826 0
      vertex -56.44521090388298 22.743154175579548 0
    endloop
  endfacet
  facet normal 0 0 -1
    outer loop
      vertex -71.91062337905169 48.24292232841253 0
      vertex -71.67478010058403 48.62218916416168 0
      vertex -56.44521090388298 22.743154175579548 0
    endloop
  endfacet
  facet normal 0 0 -1
    outer loop
      vertex -72.12115646153688 47.849042639136314 0
      vertex -71.91062337905169 48.24292232841253 0
      vertex -56.44521090388298 22.743154175579548 0
    endloop
  endfacet
  facet normal 0 0 -1
    outer loop
      vertex -72.30547781288624 47.44223675131798 0
      vertex -72.12115646153688 47.849042639136314 0
      vertex -56.44521090388298 22.743154175579548 0
    endloop
  endfacet
  facet normal 0 0 -1
    outer loop
      vertex -72.46279813349247 47.02424667775631 0
      vertex -72.30547781288624 47.44223675131798 0
      vertex -56.44521090388298 22.743154175579548 0
    endloop
  endfacet
  facet normal 0 0 -1
    outer loop
      vertex -72.59244376420975 46.59686230868101 0
      vertex -72.46279813349247 47.02424667775631 0
      vertex -56.44521090388298 22.743154175579548 0
    endloop
  endfacet
  facet normal 0 0 -1
    outer loop
      vertex -72.69385953992605 46.16191377490759 0
      vertex -72.59244376420975 46.59686230868101 0
      vertex -56.44521090388298 22.743154175579548 0
    endloop
  endfacet
  facet normal 0 0 -1
    outer loop
      vertex -72.76661118119955 45.72126358747482 0
      vertex -72.69385953992605 46.16191377490759 0
      vertex -56.44521090388298 22.743154175579548 0
    endloop
  endfacet
  facet normal 0 0 -1
    outer loop
      vertex -72.81038714945316 45.27679868042469 0
      vertex -72.76661118119955 45.72126358747482 0
      vertex -56.44521090388298 22.743154175579548 0
    endloop
  endfacet
  facet normal 0 0 -1
    outer loop
      vertex -72.82500000298023 44.83042232692242 0
      vertex -72.81038714945316 45.27679868042469 0
      vertex -56.44521090388298 22.743154175579548 0
    endloop
  endfacet
  facet normal 0 0 -1
    outer loop
      vertex -72.82500000298023 44.83042232692242 0
      vertex -56.44521090388298 22.743154175579548 0
      vertex -57.889980129897594 21.389980129897594 0
    endloop
  endfacet
  facet normal 0 0 -1
    outer loop
      vertex -72.82500000298023 44.83042232692242 0
      vertex -57.889980129897594 21.389980129897594 0
      vertex -59.24315417557955 19.94521090388298 0
    endloop
  endfacet
  facet normal 0 0 -1
    outer loop
      vertex -72.82500000298023 44.83042232692242 0
      vertex -59.24315417557955 19.94521090388298 0
      vertex -60.49893854558468 18.415033228695393 0
    endloop
  endfacet
  facet normal 0 0 -1
    outer loop
      vertex -72.82500000298023 44.83042232692242 0
      vertex -60.49893854558468 18.415033228695393 0
      vertex -61.651955768465996 16.80599954724312 0
    endloop
  endfacet
  facet normal 0 0 -1
    outer loop
      vertex -72.82500000298023 44.83042232692242 0
      vertex -61.651955768465996 16.80599954724312 0
      vertex -62.69726846367121 15.125 0
    endloop
  endfacet
  facet normal 0 0 -1
    outer loop
      vertex -72.82500000298023 44.83042232692242 0
      vertex -62.69726846367121 15.125 0
      vertex -63.63040043413639 13.379232876002789 0
    endloop
  endfacet
  facet normal 0 0 -1
    outer loop
      vertex -72.82500000298023 44.83042232692242 0
      vertex -63.63040043413639 13.379232876002789 0
      vertex -64.44735585898161 11.576173827052116 0
    endloop
  endfacet
  facet normal 0 0 -1
    outer loop
      vertex -72.82500000298023 44.83042232692242 0
      vertex -64.44735585898161 11.576173827052116 0
      vertex -65.14463641494513 9.72354382276535 0
    endloop
  endfacet
  facet normal 0 0 -1
    outer loop
      vertex -72.82500000298023 44.83042232692242 0
      vertex -65.14463641494513 9.72354382276535 0
      vertex -65.71925624459982 7.829276114702225 0
    endloop
  endfacet
  facet normal 0 0 -1
    outer loop
      vertex -72.82500000298023 44.83042232692242 0
      vertex -65.71925624459982 7.829276114702225 0
      vertex -66.16875473409891 5.901482239365578 0
    endloop
  endfacet
  facet normal 0 0 -1
    outer loop
      vertex -66.49120705574751 -3.9484173133969307 0
      vertex -66.16875473409891 -5.901482239365578 0
      vertex -72.82500000298023 -44.83042232692242 0
    endloop
  endfacet
  facet normal 0 0 -1
    outer loop
      vertex -66.49120705574751 -3.9484173133969307 0
      vertex -72.82500000298023 -44.83042232692242 0
      vertex -72.82500000298023 44.83042232692242 0
    endloop
  endfacet
  facet normal 0 0 -1
    outer loop
      vertex -66.68523243069649 -1.9784446582198143 0
      vertex -66.49120705574751 -3.9484173133969307 0
      vertex -72.82500000298023 44.83042232692242 0
    endloop
  endfacet
  facet normal 0 0 -1
    outer loop
      vertex -66.75 0 0
      vertex -66.68523243069649 -1.9784446582198143 0
      vertex -72.82500000298023 44.83042232692242 0
    endloop
  endfacet
  facet normal 0 0 -1
    outer loop
      vertex -66.68523243069649 1.9784446582198143 0
      vertex -66.75 0 0
      vertex -72.82500000298023 44.83042232692242 0
    endloop
  endfacet
  facet normal 0 0 -1
    outer loop
      vertex -66.49120705574751 3.9484173133969307 0
      vertex -66.68523243069649 1.9784446582198143 0
      vertex -72.82500000298023 44.83042232692242 0
    endloop
  endfacet
  facet normal 0 0 -1
    outer loop
      vertex -66.49120705574751 3.9484173133969307 0
      vertex -72.82500000298023 44.83042232692242 0
      vertex -66.16875473409891 5.901482239365578 0
    endloop
  endfacet
endsolid OpenSCAD_Model
