solid OpenSCAD_Model
  facet normal 0.09801714009652725 -0.9951847266951487 0
    outer loop
      vertex 62.7889461517334 -50.12094034254551 0
      vertex 62.14585590362549 -50.18427920341492 4.35
      vertex 62.14585590362549 -50.18427920341492 0
    endloop
  endfacet
  facet normal 0.09801714009652725 -0.9951847266951487 0
    outer loop
      vertex 62.7889461517334 -50.12094034254551 0
      vertex 62.7889461517334 -50.12094034254551 4.35
      vertex 62.14585590362549 -50.18427920341492 4.35
    endloop
  endfacet
  facet normal 0.16289548265975157 -0.9866433305551944 0
    outer loop
      vertex 63.42651692777872 -50.015676975250244 0
      vertex 62.7889461517334 -50.12094034254551 4.35
      vertex 62.7889461517334 -50.12094034254551 0
    endloop
  endfacet
  facet normal 0.16289548265975157 -0.9866433305551944 0
    outer loop
      vertex 63.42651692777872 -50.015676975250244 0
      vertex 63.42651692777872 -50.015676975250244 4.35
      vertex 62.7889461517334 -50.12094034254551 4.35
    endloop
  endfacet
  facet normal 0.22707625741569243 -0.9738769805874262 0
    outer loop
      vertex 64.05583807080984 -49.868939869105816 0
      vertex 63.42651692777872 -50.015676975250244 4.35
      vertex 63.42651692777872 -50.015676975250244 0
    endloop
  endfacet
  facet normal 0.22707625741569243 -0.9738769805874262 0
    outer loop
      vertex 64.05583807080984 -49.868939869105816 0
      vertex 64.05583807080984 -49.868939869105816 4.35
      vertex 63.42651692777872 -50.015676975250244 4.35
    endloop
  endfacet
  facet normal 0.2902846797446543 -0.9569403349768174 0
    outer loop
      vertex 64.67421472072601 -49.681357361376286 0
      vertex 64.05583807080984 -49.868939869105816 4.35
      vertex 64.05583807080984 -49.868939869105816 0
    endloop
  endfacet
  facet normal 0.2902846797446543 -0.9569403349768174 0
    outer loop
      vertex 64.67421472072601 -49.681357361376286 0
      vertex 64.67421472072601 -49.681357361376286 4.35
      vertex 64.05583807080984 -49.868939869105816 4.35
    endloop
  endfacet
  facet normal 0.35225004015527206 -0.9359059296802266 0
    outer loop
      vertex 65.2789988964796 -49.45373272150755 0
      vertex 64.67421472072601 -49.681357361376286 4.35
      vertex 64.67421472072601 -49.681357361376286 0
    endloop
  endfacet
  facet normal 0.35225004015527206 -0.9359059296802266 0
    outer loop
      vertex 65.2789988964796 -49.45373272150755 0
      vertex 65.2789988964796 -49.45373272150755 4.35
      vertex 64.67421472072601 -49.681357361376286 4.35
    endloop
  endfacet
  facet normal 0.4127070371582099 -0.9108638215892054 0
    outer loop
      vertex 65.86760081350803 -49.18704065680504 0
      vertex 65.2789988964796 -49.45373272150755 4.35
      vertex 65.2789988964796 -49.45373272150755 0
    endloop
  endfacet
  facet normal 0.4127070371582099 -0.9108638215892054 0
    outer loop
      vertex 65.86760081350803 -49.18704065680504 0
      vertex 65.86760081350803 -49.18704065680504 4.35
      vertex 65.2789988964796 -49.45373272150755 4.35
    endloop
  endfacet
  facet normal 0.4713967314609033 -0.8819212672160577 0
    outer loop
      vertex 66.4375 -48.88242319971323 0
      vertex 65.86760081350803 -49.18704065680504 4.35
      vertex 65.86760081350803 -49.18704065680504 0
    endloop
  endfacet
  facet normal 0.4713967314609033 -0.8819212672160577 0
    outer loop
      vertex 66.4375 -48.88242319971323 0
      vertex 66.4375 -48.88242319971323 4.35
      vertex 65.86760081350803 -49.18704065680504 4.35
    endloop
  endfacet
  facet normal 0.5280678590272471 -0.8492021763175006 0
    outer loop
      vertex 66.9862560480833 -48.54118475317955 0
      vertex 66.4375 -48.88242319971323 4.35
      vertex 66.4375 -48.88242319971323 0
    endloop
  endfacet
  facet normal 0.5280678590272471 -0.8492021763175006 0
    outer loop
      vertex 66.9862560480833 -48.54118475317955 0
      vertex 66.9862560480833 -48.54118475317955 4.35
      vertex 66.4375 -48.88242319971323 4.35
    endloop
  endfacet
  facet normal 0.5824776917436123 -0.8128466882635578 0
    outer loop
      vertex 67.5115191116929 -48.16478656977415 0
      vertex 66.9862560480833 -48.54118475317955 4.35
      vertex 66.9862560480833 -48.54118475317955 0
    endloop
  endfacet
  facet normal 0.5824776917436123 -0.8128466882635578 0
    outer loop
      vertex 67.5115191116929 -48.16478656977415 0
      vertex 67.5115191116929 -48.16478656977415 4.35
      vertex 66.9862560480833 -48.54118475317955 4.35
    endloop
  endfacet
  facet normal 0.6343932813735533 -0.7730104556525066 0
    outer loop
      vertex 68.01103992760181 -47.754840433597565 0
      vertex 67.5115191116929 -48.16478656977415 4.35
      vertex 67.5115191116929 -48.16478656977415 0
    endloop
  endfacet
  facet normal 0.6343932813735533 -0.7730104556525066 0
    outer loop
      vertex 68.01103992760181 -47.754840433597565 0
      vertex 68.01103992760181 -47.754840433597565 4.35
      vertex 67.5115191116929 -48.16478656977415 4.35
    endloop
  endfacet
  facet normal 0.6835923054908097 -0.7298640694497568 0
    outer loop
      vertex 68.48267946392298 -47.313101798295975 0
      vertex 68.01103992760181 -47.754840433597565 4.35
      vertex 68.01103992760181 -47.754840433597565 0
    endloop
  endfacet
  facet normal 0.6835923054908097 -0.7298640694497568 0
    outer loop
      vertex 68.48267946392298 -47.313101798295975 0
      vertex 68.48267946392298 -47.313101798295975 4.35
      vertex 68.01103992760181 -47.754840433597565 4.35
    endloop
  endfacet
  facet normal 0.7298640694497568 -0.6835923054908097 0
    outer loop
      vertex 68.92441809922457 -46.84146226197481 0
      vertex 68.48267946392298 -47.313101798295975 4.35
      vertex 68.48267946392298 -47.313101798295975 0
    endloop
  endfacet
  facet normal 0.7298640694497568 -0.6835923054908097 0
    outer loop
      vertex 68.92441809922457 -46.84146226197481 0
      vertex 68.92441809922457 -46.84146226197481 4.35
      vertex 68.48267946392298 -47.313101798295975 4.35
    endloop
  endfacet
  facet normal 0.7730104556525066 -0.6343932813735533 0
    outer loop
      vertex 69.33436423540115 -46.3419414460659 0
      vertex 68.92441809922457 -46.84146226197481 4.35
      vertex 68.92441809922457 -46.84146226197481 0
    endloop
  endfacet
  facet normal 0.7730104556525066 -0.6343932813735533 0
    outer loop
      vertex 69.33436423540115 -46.3419414460659 0
      vertex 69.33436423540115 -46.3419414460659 4.35
      vertex 68.92441809922457 -46.84146226197481 4.35
    endloop
  endfacet
  facet normal 0.8128466882635578 -0.5824776917436123 0
    outer loop
      vertex 69.71076241880655 -45.8166783824563 0
      vertex 69.33436423540115 -46.3419414460659 4.35
      vertex 69.33436423540115 -46.3419414460659 0
    endloop
  endfacet
  facet normal 0.8128466882635578 -0.5824776917436123 0
    outer loop
      vertex 69.71076241880655 -45.8166783824563 0
      vertex 69.71076241880655 -45.8166783824563 4.35
      vertex 69.33436423540115 -46.3419414460659 4.35
    endloop
  endfacet
  facet normal 0.8492021763175006 -0.5280678590272471 0
    outer loop
      vertex 70.05200086534023 -45.267922334373 0
      vertex 69.71076241880655 -45.8166783824563 4.35
      vertex 69.71076241880655 -45.8166783824563 0
    endloop
  endfacet
  facet normal 0.8492021763175006 -0.5280678590272471 0
    outer loop
      vertex 70.05200086534023 -45.267922334373 0
      vertex 70.05200086534023 -45.267922334373 4.35
      vertex 69.71076241880655 -45.8166783824563 4.35
    endloop
  endfacet
  facet normal 0.8819212672160577 -0.4713967314609033 0
    outer loop
      vertex 70.35661832243204 -44.69802314788103 0
      vertex 70.05200086534023 -45.267922334373 4.35
      vertex 70.05200086534023 -45.267922334373 0
    endloop
  endfacet
  facet normal 0.8819212672160577 -0.4713967314609033 0
    outer loop
      vertex 70.35661832243204 -44.69802314788103 0
      vertex 70.35661832243204 -44.69802314788103 4.35
      vertex 70.05200086534023 -45.267922334373 4.35
    endloop
  endfacet
  facet normal 0.9108638215892054 -0.4127070371582099 0
    outer loop
      vertex 70.62331038713455 -44.109421230852604 0
      vertex 70.35661832243204 -44.69802314788103 4.35
      vertex 70.35661832243204 -44.69802314788103 0
    endloop
  endfacet
  facet normal 0.9108638215892054 -0.4127070371582099 0
    outer loop
      vertex 70.62331038713455 -44.109421230852604 0
      vertex 70.62331038713455 -44.109421230852604 4.35
      vertex 70.35661832243204 -44.69802314788103 4.35
    endloop
  endfacet
  facet normal 0.9359059296802266 -0.35225004015527206 0
    outer loop
      vertex 70.85093502700329 -43.50463705509901 0
      vertex 70.62331038713455 -44.109421230852604 4.35
      vertex 70.62331038713455 -44.109421230852604 0
    endloop
  endfacet
  facet normal 0.9359059296802266 -0.35225004015527206 0
    outer loop
      vertex 70.85093502700329 -43.50463705509901 0
      vertex 70.85093502700329 -43.50463705509901 4.35
      vertex 70.62331038713455 -44.109421230852604 4.35
    endloop
  endfacet
  facet normal 0.9569403349768174 -0.2902846797446543 0
    outer loop
      vertex 71.03851753473282 -42.88626040518284 0
      vertex 70.85093502700329 -43.50463705509901 4.35
      vertex 70.85093502700329 -43.50463705509901 0
    endloop
  endfacet
  facet normal 0.9569403349768174 -0.2902846797446543 0
    outer loop
      vertex 71.03851753473282 -42.88626040518284 0
      vertex 71.03851753473282 -42.88626040518284 4.35
      vertex 70.85093502700329 -43.50463705509901 4.35
    endloop
  endfacet
  facet normal 0.9738769805874262 -0.22707625741569243 0
    outer loop
      vertex 71.18525464087725 -42.25693926215172 0
      vertex 71.03851753473282 -42.88626040518284 4.35
      vertex 71.03851753473282 -42.88626040518284 0
    endloop
  endfacet
  facet normal 0.9738769805874262 -0.22707625741569243 0
    outer loop
      vertex 71.18525464087725 -42.25693926215172 0
      vertex 71.18525464087725 -42.25693926215172 4.35
      vertex 71.03851753473282 -42.88626040518284 4.35
    endloop
  endfacet
  facet normal 0.9866433305551944 -0.16289548265975157 0
    outer loop
      vertex 71.29051800817251 -41.619368486106396 0
      vertex 71.18525464087725 -42.25693926215172 4.35
      vertex 71.18525464087725 -42.25693926215172 0
    endloop
  endfacet
  facet normal 0.9866433305551944 -0.16289548265975157 0
    outer loop
      vertex 71.29051800817251 -41.619368486106396 0
      vertex 71.29051800817251 -41.619368486106396 4.35
      vertex 71.18525464087725 -42.25693926215172 4.35
    endloop
  endfacet
  facet normal 0.9951847266951487 -0.09801714009652725 0
    outer loop
      vertex 71.35385686904192 -40.976278237998486 0
      vertex 71.29051800817251 -41.619368486106396 4.35
      vertex 71.29051800817251 -41.619368486106396 0
    endloop
  endfacet
  facet normal 0.9951847266951487 -0.09801714009652725 0
    outer loop
      vertex 71.35385686904192 -40.976278237998486 0
      vertex 71.35385686904192 -40.976278237998486 4.35
      vertex 71.29051800817251 -41.619368486106396 4.35
    endloop
  endfacet
  facet normal 0.9994645875847544 -0.032719079510840625 0
    outer loop
      vertex 71.375 -40.330422334373 0
      vertex 71.35385686904192 -40.976278237998486 4.35
      vertex 71.35385686904192 -40.976278237998486 0
    endloop
  endfacet
  facet normal 0.9994645875847544 -0.032719079510840625 0
    outer loop
      vertex 71.375 -40.330422334373 0
      vertex 71.375 -40.330422334373 4.35
      vertex 71.35385686904192 -40.976278237998486 4.35
    endloop
  endfacet
  facet normal 1 0 0
    outer loop
      vertex 71.375 40.330422334373 0
      vertex 71.375 -40.330422334373 4.35
      vertex 71.375 -40.330422334373 0
    endloop
  endfacet
  facet normal 1 0 0
    outer loop
      vertex 71.375 40.330422334373 0
      vertex 71.375 40.330422334373 4.35
      vertex 71.375 -40.330422334373 4.35
    endloop
  endfacet
  facet normal 0.9994645875847544 0.032719079510840625 0
    outer loop
      vertex 71.35385686904192 40.976278237998486 0
      vertex 71.375 40.330422334373 4.35
      vertex 71.375 40.330422334373 0
    endloop
  endfacet
  facet normal 0.9994645875847544 0.032719079510840625 0
    outer loop
      vertex 71.35385686904192 40.976278237998486 0
      vertex 71.35385686904192 40.976278237998486 4.35
      vertex 71.375 40.330422334373 4.35
    endloop
  endfacet
  facet normal 0.9951847266951487 0.09801714009652725 0
    outer loop
      vertex 71.29051800817251 41.619368486106396 0
      vertex 71.35385686904192 40.976278237998486 4.35
      vertex 71.35385686904192 40.976278237998486 0
    endloop
  endfacet
  facet normal 0.9951847266951487 0.09801714009652725 0
    outer loop
      vertex 71.29051800817251 41.619368486106396 0
      vertex 71.29051800817251 41.619368486106396 4.35
      vertex 71.35385686904192 40.976278237998486 4.35
    endloop
  endfacet
  facet normal 0.9866433305551944 0.16289548265975157 0
    outer loop
      vertex 71.18525464087725 42.25693926215172 0
      vertex 71.29051800817251 41.619368486106396 4.35
      vertex 71.29051800817251 41.619368486106396 0
    endloop
  endfacet
  facet normal 0.9866433305551944 0.16289548265975157 0
    outer loop
      vertex 71.18525464087725 42.25693926215172 0
      vertex 71.18525464087725 42.25693926215172 4.35
      vertex 71.29051800817251 41.619368486106396 4.35
    endloop
  endfacet
  facet normal 0.9738769805874262 0.22707625741569243 0
    outer loop
      vertex 71.03851753473282 42.88626040518284 0
      vertex 71.18525464087725 42.25693926215172 4.35
      vertex 71.18525464087725 42.25693926215172 0
    endloop
  endfacet
  facet normal 0.9738769805874262 0.22707625741569243 0
    outer loop
      vertex 71.03851753473282 42.88626040518284 0
      vertex 71.03851753473282 42.88626040518284 4.35
      vertex 71.18525464087725 42.25693926215172 4.35
    endloop
  endfacet
  facet normal 0.9569403349768174 0.2902846797446543 0
    outer loop
      vertex 70.85093502700329 43.50463705509901 0
      vertex 71.03851753473282 42.88626040518284 4.35
      vertex 71.03851753473282 42.88626040518284 0
    endloop
  endfacet
  facet normal 0.9569403349768174 0.2902846797446543 0
    outer loop
      vertex 70.85093502700329 43.50463705509901 0
      vertex 70.85093502700329 43.50463705509901 4.35
      vertex 71.03851753473282 42.88626040518284 4.35
    endloop
  endfacet
  facet normal 0.9359059296802266 0.35225004015527206 0
    outer loop
      vertex 70.62331038713455 44.109421230852604 0
      vertex 70.85093502700329 43.50463705509901 4.35
      vertex 70.85093502700329 43.50463705509901 0
    endloop
  endfacet
  facet normal 0.9359059296802266 0.35225004015527206 0
    outer loop
      vertex 70.62331038713455 44.109421230852604 0
      vertex 70.62331038713455 44.109421230852604 4.35
      vertex 70.85093502700329 43.50463705509901 4.35
    endloop
  endfacet
  facet normal 0.9108638215892054 0.4127070371582099 0
    outer loop
      vertex 70.35661832243204 44.69802314788103 0
      vertex 70.62331038713455 44.109421230852604 4.35
      vertex 70.62331038713455 44.109421230852604 0
    endloop
  endfacet
  facet normal 0.9108638215892054 0.4127070371582099 0
    outer loop
      vertex 70.35661832243204 44.69802314788103 0
      vertex 70.35661832243204 44.69802314788103 4.35
      vertex 70.62331038713455 44.109421230852604 4.35
    endloop
  endfacet
  facet normal 0.8819212672160577 0.4713967314609033 0
    outer loop
      vertex 70.05200086534023 45.267922334373 0
      vertex 70.35661832243204 44.69802314788103 4.35
      vertex 70.35661832243204 44.69802314788103 0
    endloop
  endfacet
  facet normal 0.8819212672160577 0.4713967314609033 0
    outer loop
      vertex 70.05200086534023 45.267922334373 0
      vertex 70.05200086534023 45.267922334373 4.35
      vertex 70.35661832243204 44.69802314788103 4.35
    endloop
  endfacet
  facet normal 0.8492021763175006 0.5280678590272471 0
    outer loop
      vertex 69.71076241880655 45.8166783824563 0
      vertex 70.05200086534023 45.267922334373 4.35
      vertex 70.05200086534023 45.267922334373 0
    endloop
  endfacet
  facet normal 0.8492021763175006 0.5280678590272471 0
    outer loop
      vertex 69.71076241880655 45.8166783824563 0
      vertex 69.71076241880655 45.8166783824563 4.35
      vertex 70.05200086534023 45.267922334373 4.35
    endloop
  endfacet
  facet normal 0.8128466882635578 0.5824776917436123 0
    outer loop
      vertex 69.33436423540115 46.3419414460659 0
      vertex 69.71076241880655 45.8166783824563 4.35
      vertex 69.71076241880655 45.8166783824563 0
    endloop
  endfacet
  facet normal 0.8128466882635578 0.5824776917436123 0
    outer loop
      vertex 69.33436423540115 46.3419414460659 0
      vertex 69.33436423540115 46.3419414460659 4.35
      vertex 69.71076241880655 45.8166783824563 4.35
    endloop
  endfacet
  facet normal 0.7730104556525066 0.6343932813735533 0
    outer loop
      vertex 68.92441809922457 46.84146226197481 0
      vertex 69.33436423540115 46.3419414460659 4.35
      vertex 69.33436423540115 46.3419414460659 0
    endloop
  endfacet
  facet normal 0.7730104556525066 0.6343932813735533 0
    outer loop
      vertex 68.92441809922457 46.84146226197481 0
      vertex 68.92441809922457 46.84146226197481 4.35
      vertex 69.33436423540115 46.3419414460659 4.35
    endloop
  endfacet
  facet normal 0.7298640694497568 0.6835923054908097 0
    outer loop
      vertex 68.48267946392298 47.313101798295975 0
      vertex 68.92441809922457 46.84146226197481 4.35
      vertex 68.92441809922457 46.84146226197481 0
    endloop
  endfacet
  facet normal 0.7298640694497568 0.6835923054908097 0
    outer loop
      vertex 68.48267946392298 47.313101798295975 0
      vertex 68.48267946392298 47.313101798295975 4.35
      vertex 68.92441809922457 46.84146226197481 4.35
    endloop
  endfacet
  facet normal 0.6835923054908097 0.7298640694497568 0
    outer loop
      vertex 68.01103992760181 47.754840433597565 0
      vertex 68.48267946392298 47.313101798295975 4.35
      vertex 68.48267946392298 47.313101798295975 0
    endloop
  endfacet
  facet normal 0.6835923054908097 0.7298640694497568 0
    outer loop
      vertex 68.01103992760181 47.754840433597565 0
      vertex 68.01103992760181 47.754840433597565 4.35
      vertex 68.48267946392298 47.313101798295975 4.35
    endloop
  endfacet
  facet normal 0.6343932813735533 0.7730104556525066 0
    outer loop
      vertex 67.5115191116929 48.16478656977415 0
      vertex 68.01103992760181 47.754840433597565 4.35
      vertex 68.01103992760181 47.754840433597565 0
    endloop
  endfacet
  facet normal 0.6343932813735533 0.7730104556525066 0
    outer loop
      vertex 67.5115191116929 48.16478656977415 0
      vertex 67.5115191116929 48.16478656977415 4.35
      vertex 68.01103992760181 47.754840433597565 4.35
    endloop
  endfacet
  facet normal 0.5824776917436123 0.8128466882635578 0
    outer loop
      vertex 66.9862560480833 48.54118475317955 0
      vertex 67.5115191116929 48.16478656977415 4.35
      vertex 67.5115191116929 48.16478656977415 0
    endloop
  endfacet
  facet normal 0.5824776917436123 0.8128466882635578 0
    outer loop
      vertex 66.9862560480833 48.54118475317955 0
      vertex 66.9862560480833 48.54118475317955 4.35
      vertex 67.5115191116929 48.16478656977415 4.35
    endloop
  endfacet
  facet normal 0.5280678590272471 0.8492021763175006 0
    outer loop
      vertex 66.4375 48.88242319971323 0
      vertex 66.9862560480833 48.54118475317955 4.35
      vertex 66.9862560480833 48.54118475317955 0
    endloop
  endfacet
  facet normal 0.5280678590272471 0.8492021763175006 0
    outer loop
      vertex 66.4375 48.88242319971323 0
      vertex 66.4375 48.88242319971323 4.35
      vertex 66.9862560480833 48.54118475317955 4.35
    endloop
  endfacet
  facet normal 0.4713967314609033 0.8819212672160577 0
    outer loop
      vertex 65.86760081350803 49.18704065680504 0
      vertex 66.4375 48.88242319971323 4.35
      vertex 66.4375 48.88242319971323 0
    endloop
  endfacet
  facet normal 0.4713967314609033 0.8819212672160577 0
    outer loop
      vertex 65.86760081350803 49.18704065680504 0
      vertex 65.86760081350803 49.18704065680504 4.35
      vertex 66.4375 48.88242319971323 4.35
    endloop
  endfacet
  facet normal 0.4127070371582099 0.9108638215892054 0
    outer loop
      vertex 65.2789988964796 49.45373272150755 0
      vertex 65.86760081350803 49.18704065680504 4.35
      vertex 65.86760081350803 49.18704065680504 0
    endloop
  endfacet
  facet normal 0.4127070371582099 0.9108638215892054 0
    outer loop
      vertex 65.2789988964796 49.45373272150755 0
      vertex 65.2789988964796 49.45373272150755 4.35
      vertex 65.86760081350803 49.18704065680504 4.35
    endloop
  endfacet
  facet normal 0.35225004015527206 0.9359059296802266 0
    outer loop
      vertex 64.67421472072601 49.681357361376286 0
      vertex 65.2789988964796 49.45373272150755 4.35
      vertex 65.2789988964796 49.45373272150755 0
    endloop
  endfacet
  facet normal 0.35225004015527206 0.9359059296802266 0
    outer loop
      vertex 64.67421472072601 49.681357361376286 0
      vertex 64.67421472072601 49.681357361376286 4.35
      vertex 65.2789988964796 49.45373272150755 4.35
    endloop
  endfacet
  facet normal 0.2902846797446543 0.9569403349768174 0
    outer loop
      vertex 64.05583807080984 49.868939869105816 0
      vertex 64.67421472072601 49.681357361376286 4.35
      vertex 64.67421472072601 49.681357361376286 0
    endloop
  endfacet
  facet normal 0.2902846797446543 0.9569403349768174 0
    outer loop
      vertex 64.05583807080984 49.868939869105816 0
      vertex 64.05583807080984 49.868939869105816 4.35
      vertex 64.67421472072601 49.681357361376286 4.35
    endloop
  endfacet
  facet normal 0.22707625741569243 0.9738769805874262 0
    outer loop
      vertex 63.42651692777872 50.015676975250244 0
      vertex 64.05583807080984 49.868939869105816 4.35
      vertex 64.05583807080984 49.868939869105816 0
    endloop
  endfacet
  facet normal 0.22707625741569243 0.9738769805874262 0
    outer loop
      vertex 63.42651692777872 50.015676975250244 0
      vertex 63.42651692777872 50.015676975250244 4.35
      vertex 64.05583807080984 49.868939869105816 4.35
    endloop
  endfacet
  facet normal 0.16289548265975157 0.9866433305551944 0
    outer loop
      vertex 62.7889461517334 50.12094034254551 0
      vertex 63.42651692777872 50.015676975250244 4.35
      vertex 63.42651692777872 50.015676975250244 0
    endloop
  endfacet
  facet normal 0.16289548265975157 0.9866433305551944 0
    outer loop
      vertex 62.7889461517334 50.12094034254551 0
      vertex 62.7889461517334 50.12094034254551 4.35
      vertex 63.42651692777872 50.015676975250244 4.35
    endloop
  endfacet
  facet normal 0.09801714009652725 0.9951847266951487 0
    outer loop
      vertex 62.14585590362549 50.18427920341492 0
      vertex 62.7889461517334 50.12094034254551 4.35
      vertex 62.7889461517334 50.12094034254551 0
    endloop
  endfacet
  facet normal 0.09801714009652725 0.9951847266951487 0
    outer loop
      vertex 62.14585590362549 50.18427920341492 0
      vertex 62.14585590362549 50.18427920341492 4.35
      vertex 62.7889461517334 50.12094034254551 4.35
    endloop
  endfacet
  facet normal 0.032719079510840625 0.9994645875847544 0
    outer loop
      vertex 61.5 50.205422334373 0
      vertex 62.14585590362549 50.18427920341492 4.35
      vertex 62.14585590362549 50.18427920341492 0
    endloop
  endfacet
  facet normal 0.032719079510840625 0.9994645875847544 0
    outer loop
      vertex 61.5 50.205422334373 0
      vertex 61.5 50.205422334373 4.35
      vertex 62.14585590362549 50.18427920341492 4.35
    endloop
  endfacet
  facet normal 0 1 0
    outer loop
      vertex -61.5 50.205422334373 0
      vertex 61.5 50.205422334373 4.35
      vertex 61.5 50.205422334373 0
    endloop
  endfacet
  facet normal 0 1 0
    outer loop
      vertex -61.5 50.205422334373 0
      vertex -61.5 50.205422334373 4.35
      vertex 61.5 50.205422334373 4.35
    endloop
  endfacet
  facet normal -0.032719079510840625 0.9994645875847544 0
    outer loop
      vertex -62.14585590362549 50.18427920341492 0
      vertex -61.5 50.205422334373 4.35
      vertex -61.5 50.205422334373 0
    endloop
  endfacet
  facet normal -0.032719079510840625 0.9994645875847544 0
    outer loop
      vertex -62.14585590362549 50.18427920341492 0
      vertex -62.14585590362549 50.18427920341492 4.35
      vertex -61.5 50.205422334373 4.35
    endloop
  endfacet
  facet normal -0.09801714009652725 0.9951847266951487 0
    outer loop
      vertex -62.7889461517334 50.12094034254551 0
      vertex -62.14585590362549 50.18427920341492 4.35
      vertex -62.14585590362549 50.18427920341492 0
    endloop
  endfacet
  facet normal -0.09801714009652725 0.9951847266951487 0
    outer loop
      vertex -62.7889461517334 50.12094034254551 0
      vertex -62.7889461517334 50.12094034254551 4.35
      vertex -62.14585590362549 50.18427920341492 4.35
    endloop
  endfacet
  facet normal -0.16289548265975157 0.9866433305551944 0
    outer loop
      vertex -63.42651692777872 50.015676975250244 0
      vertex -62.7889461517334 50.12094034254551 4.35
      vertex -62.7889461517334 50.12094034254551 0
    endloop
  endfacet
  facet normal -0.16289548265975157 0.9866433305551944 0
    outer loop
      vertex -63.42651692777872 50.015676975250244 0
      vertex -63.42651692777872 50.015676975250244 4.35
      vertex -62.7889461517334 50.12094034254551 4.35
    endloop
  endfacet
  facet normal -0.22707625741569243 0.9738769805874262 0
    outer loop
      vertex -64.05583807080984 49.868939869105816 0
      vertex -63.42651692777872 50.015676975250244 4.35
      vertex -63.42651692777872 50.015676975250244 0
    endloop
  endfacet
  facet normal -0.22707625741569243 0.9738769805874262 0
    outer loop
      vertex -64.05583807080984 49.868939869105816 0
      vertex -64.05583807080984 49.868939869105816 4.35
      vertex -63.42651692777872 50.015676975250244 4.35
    endloop
  endfacet
  facet normal -0.2902846797446543 0.9569403349768174 0
    outer loop
      vertex -64.67421472072601 49.681357361376286 0
      vertex -64.05583807080984 49.868939869105816 4.35
      vertex -64.05583807080984 49.868939869105816 0
    endloop
  endfacet
  facet normal -0.2902846797446543 0.9569403349768174 0
    outer loop
      vertex -64.67421472072601 49.681357361376286 0
      vertex -64.67421472072601 49.681357361376286 4.35
      vertex -64.05583807080984 49.868939869105816 4.35
    endloop
  endfacet
  facet normal -0.35225004015527206 0.9359059296802266 0
    outer loop
      vertex -65.2789988964796 49.45373272150755 0
      vertex -64.67421472072601 49.681357361376286 4.35
      vertex -64.67421472072601 49.681357361376286 0
    endloop
  endfacet
  facet normal -0.35225004015527206 0.9359059296802266 0
    outer loop
      vertex -65.2789988964796 49.45373272150755 0
      vertex -65.2789988964796 49.45373272150755 4.35
      vertex -64.67421472072601 49.681357361376286 4.35
    endloop
  endfacet
  facet normal -0.4127070371582099 0.9108638215892054 0
    outer loop
      vertex -65.86760081350803 49.18704065680504 0
      vertex -65.2789988964796 49.45373272150755 4.35
      vertex -65.2789988964796 49.45373272150755 0
    endloop
  endfacet
  facet normal -0.4127070371582099 0.9108638215892054 0
    outer loop
      vertex -65.86760081350803 49.18704065680504 0
      vertex -65.86760081350803 49.18704065680504 4.35
      vertex -65.2789988964796 49.45373272150755 4.35
    endloop
  endfacet
  facet normal -0.4713967314609033 0.8819212672160577 0
    outer loop
      vertex -66.4375 48.88242319971323 0
      vertex -65.86760081350803 49.18704065680504 4.35
      vertex -65.86760081350803 49.18704065680504 0
    endloop
  endfacet
  facet normal -0.4713967314609033 0.8819212672160577 0
    outer loop
      vertex -66.4375 48.88242319971323 0
      vertex -66.4375 48.88242319971323 4.35
      vertex -65.86760081350803 49.18704065680504 4.35
    endloop
  endfacet
  facet normal -0.5280678590272471 0.8492021763175006 0
    outer loop
      vertex -66.9862560480833 48.54118475317955 0
      vertex -66.4375 48.88242319971323 4.35
      vertex -66.4375 48.88242319971323 0
    endloop
  endfacet
  facet normal -0.5280678590272471 0.8492021763175006 0
    outer loop
      vertex -66.9862560480833 48.54118475317955 0
      vertex -66.9862560480833 48.54118475317955 4.35
      vertex -66.4375 48.88242319971323 4.35
    endloop
  endfacet
  facet normal -0.5824776917436123 0.8128466882635578 0
    outer loop
      vertex -67.5115191116929 48.16478656977415 0
      vertex -66.9862560480833 48.54118475317955 4.35
      vertex -66.9862560480833 48.54118475317955 0
    endloop
  endfacet
  facet normal -0.5824776917436123 0.8128466882635578 0
    outer loop
      vertex -67.5115191116929 48.16478656977415 0
      vertex -67.5115191116929 48.16478656977415 4.35
      vertex -66.9862560480833 48.54118475317955 4.35
    endloop
  endfacet
  facet normal -0.6343932813735533 0.7730104556525066 0
    outer loop
      vertex -68.01103992760181 47.754840433597565 0
      vertex -67.5115191116929 48.16478656977415 4.35
      vertex -67.5115191116929 48.16478656977415 0
    endloop
  endfacet
  facet normal -0.6343932813735533 0.7730104556525066 0
    outer loop
      vertex -68.01103992760181 47.754840433597565 0
      vertex -68.01103992760181 47.754840433597565 4.35
      vertex -67.5115191116929 48.16478656977415 4.35
    endloop
  endfacet
  facet normal -0.6835923054908097 0.7298640694497568 0
    outer loop
      vertex -68.48267946392298 47.313101798295975 0
      vertex -68.01103992760181 47.754840433597565 4.35
      vertex -68.01103992760181 47.754840433597565 0
    endloop
  endfacet
  facet normal -0.6835923054908097 0.7298640694497568 0
    outer loop
      vertex -68.48267946392298 47.313101798295975 0
      vertex -68.48267946392298 47.313101798295975 4.35
      vertex -68.01103992760181 47.754840433597565 4.35
    endloop
  endfacet
  facet normal -0.7298640694497568 0.6835923054908097 0
    outer loop
      vertex -68.92441809922457 46.84146226197481 0
      vertex -68.48267946392298 47.313101798295975 4.35
      vertex -68.48267946392298 47.313101798295975 0
    endloop
  endfacet
  facet normal -0.7298640694497568 0.6835923054908097 0
    outer loop
      vertex -68.92441809922457 46.84146226197481 0
      vertex -68.92441809922457 46.84146226197481 4.35
      vertex -68.48267946392298 47.313101798295975 4.35
    endloop
  endfacet
  facet normal -0.7730104556525066 0.6343932813735533 0
    outer loop
      vertex -69.33436423540115 46.3419414460659 0
      vertex -68.92441809922457 46.84146226197481 4.35
      vertex -68.92441809922457 46.84146226197481 0
    endloop
  endfacet
  facet normal -0.7730104556525066 0.6343932813735533 0
    outer loop
      vertex -69.33436423540115 46.3419414460659 0
      vertex -69.33436423540115 46.3419414460659 4.35
      vertex -68.92441809922457 46.84146226197481 4.35
    endloop
  endfacet
  facet normal -0.8128466882635578 0.5824776917436123 0
    outer loop
      vertex -69.71076241880655 45.8166783824563 0
      vertex -69.33436423540115 46.3419414460659 4.35
      vertex -69.33436423540115 46.3419414460659 0
    endloop
  endfacet
  facet normal -0.8128466882635578 0.5824776917436123 0
    outer loop
      vertex -69.71076241880655 45.8166783824563 0
      vertex -69.71076241880655 45.8166783824563 4.35
      vertex -69.33436423540115 46.3419414460659 4.35
    endloop
  endfacet
  facet normal -0.8492021763175006 0.5280678590272471 0
    outer loop
      vertex -70.05200086534023 45.267922334373 0
      vertex -69.71076241880655 45.8166783824563 4.35
      vertex -69.71076241880655 45.8166783824563 0
    endloop
  endfacet
  facet normal -0.8492021763175006 0.5280678590272471 0
    outer loop
      vertex -70.05200086534023 45.267922334373 0
      vertex -70.05200086534023 45.267922334373 4.35
      vertex -69.71076241880655 45.8166783824563 4.35
    endloop
  endfacet
  facet normal -0.8819212672160577 0.4713967314609033 0
    outer loop
      vertex -70.35661832243204 44.69802314788103 0
      vertex -70.05200086534023 45.267922334373 4.35
      vertex -70.05200086534023 45.267922334373 0
    endloop
  endfacet
  facet normal -0.8819212672160577 0.4713967314609033 0
    outer loop
      vertex -70.35661832243204 44.69802314788103 0
      vertex -70.35661832243204 44.69802314788103 4.35
      vertex -70.05200086534023 45.267922334373 4.35
    endloop
  endfacet
  facet normal -0.9108638215892054 0.4127070371582099 0
    outer loop
      vertex -70.62331038713455 44.109421230852604 0
      vertex -70.35661832243204 44.69802314788103 4.35
      vertex -70.35661832243204 44.69802314788103 0
    endloop
  endfacet
  facet normal -0.9108638215892054 0.4127070371582099 0
    outer loop
      vertex -70.62331038713455 44.109421230852604 0
      vertex -70.62331038713455 44.109421230852604 4.35
      vertex -70.35661832243204 44.69802314788103 4.35
    endloop
  endfacet
  facet normal -0.9359059296802266 0.35225004015527206 0
    outer loop
      vertex -70.85093502700329 43.50463705509901 0
      vertex -70.62331038713455 44.109421230852604 4.35
      vertex -70.62331038713455 44.109421230852604 0
    endloop
  endfacet
  facet normal -0.9359059296802266 0.35225004015527206 0
    outer loop
      vertex -70.85093502700329 43.50463705509901 0
      vertex -70.85093502700329 43.50463705509901 4.35
      vertex -70.62331038713455 44.109421230852604 4.35
    endloop
  endfacet
  facet normal -0.9569403349768174 0.2902846797446543 0
    outer loop
      vertex -71.03851753473282 42.88626040518284 0
      vertex -70.85093502700329 43.50463705509901 4.35
      vertex -70.85093502700329 43.50463705509901 0
    endloop
  endfacet
  facet normal -0.9569403349768174 0.2902846797446543 0
    outer loop
      vertex -71.03851753473282 42.88626040518284 0
      vertex -71.03851753473282 42.88626040518284 4.35
      vertex -70.85093502700329 43.50463705509901 4.35
    endloop
  endfacet
  facet normal -0.9738769805874262 0.22707625741569243 0
    outer loop
      vertex -71.18525464087725 42.25693926215172 0
      vertex -71.03851753473282 42.88626040518284 4.35
      vertex -71.03851753473282 42.88626040518284 0
    endloop
  endfacet
  facet normal -0.9738769805874262 0.22707625741569243 0
    outer loop
      vertex -71.18525464087725 42.25693926215172 0
      vertex -71.18525464087725 42.25693926215172 4.35
      vertex -71.03851753473282 42.88626040518284 4.35
    endloop
  endfacet
  facet normal -0.9866433305551944 0.16289548265975157 0
    outer loop
      vertex -71.29051800817251 41.619368486106396 0
      vertex -71.18525464087725 42.25693926215172 4.35
      vertex -71.18525464087725 42.25693926215172 0
    endloop
  endfacet
  facet normal -0.9866433305551944 0.16289548265975157 0
    outer loop
      vertex -71.29051800817251 41.619368486106396 0
      vertex -71.29051800817251 41.619368486106396 4.35
      vertex -71.18525464087725 42.25693926215172 4.35
    endloop
  endfacet
  facet normal -0.9951847266951487 0.09801714009652725 0
    outer loop
      vertex -71.35385686904192 40.976278237998486 0
      vertex -71.29051800817251 41.619368486106396 4.35
      vertex -71.29051800817251 41.619368486106396 0
    endloop
  endfacet
  facet normal -0.9951847266951487 0.09801714009652725 0
    outer loop
      vertex -71.35385686904192 40.976278237998486 0
      vertex -71.35385686904192 40.976278237998486 4.35
      vertex -71.29051800817251 41.619368486106396 4.35
    endloop
  endfacet
  facet normal -0.9994645875847544 0.032719079510840625 0
    outer loop
      vertex -71.375 40.330422334373 0
      vertex -71.35385686904192 40.976278237998486 4.35
      vertex -71.35385686904192 40.976278237998486 0
    endloop
  endfacet
  facet normal -0.9994645875847544 0.032719079510840625 0
    outer loop
      vertex -71.375 40.330422334373 0
      vertex -71.375 40.330422334373 4.35
      vertex -71.35385686904192 40.976278237998486 4.35
    endloop
  endfacet
  facet normal -1 0 0
    outer loop
      vertex -71.375 -40.330422334373 0
      vertex -71.375 40.330422334373 4.35
      vertex -71.375 40.330422334373 0
    endloop
  endfacet
  facet normal -1 0 0
    outer loop
      vertex -71.375 -40.330422334373 0
      vertex -71.375 -40.330422334373 4.35
      vertex -71.375 40.330422334373 4.35
    endloop
  endfacet
  facet normal -0.9994645875847544 -0.032719079510840625 0
    outer loop
      vertex -71.35385686904192 -40.976278237998486 0
      vertex -71.375 -40.330422334373 4.35
      vertex -71.375 -40.330422334373 0
    endloop
  endfacet
  facet normal -0.9994645875847544 -0.032719079510840625 0
    outer loop
      vertex -71.35385686904192 -40.976278237998486 0
      vertex -71.35385686904192 -40.976278237998486 4.35
      vertex -71.375 -40.330422334373 4.35
    endloop
  endfacet
  facet normal -0.9951847266951487 -0.09801714009652725 0
    outer loop
      vertex -71.29051800817251 -41.619368486106396 0
      vertex -71.35385686904192 -40.976278237998486 4.35
      vertex -71.35385686904192 -40.976278237998486 0
    endloop
  endfacet
  facet normal -0.9951847266951487 -0.09801714009652725 0
    outer loop
      vertex -71.29051800817251 -41.619368486106396 0
      vertex -71.29051800817251 -41.619368486106396 4.35
      vertex -71.35385686904192 -40.976278237998486 4.35
    endloop
  endfacet
  facet normal -0.9866433305551944 -0.16289548265975157 0
    outer loop
      vertex -71.18525464087725 -42.25693926215172 0
      vertex -71.29051800817251 -41.619368486106396 4.35
      vertex -71.29051800817251 -41.619368486106396 0
    endloop
  endfacet
  facet normal -0.9866433305551944 -0.16289548265975157 0
    outer loop
      vertex -71.18525464087725 -42.25693926215172 0
      vertex -71.18525464087725 -42.25693926215172 4.35
      vertex -71.29051800817251 -41.619368486106396 4.35
    endloop
  endfacet
  facet normal -0.9738769805874262 -0.22707625741569243 0
    outer loop
      vertex -71.03851753473282 -42.88626040518284 0
      vertex -71.18525464087725 -42.25693926215172 4.35
      vertex -71.18525464087725 -42.25693926215172 0
    endloop
  endfacet
  facet normal -0.9738769805874262 -0.22707625741569243 0
    outer loop
      vertex -71.03851753473282 -42.88626040518284 0
      vertex -71.03851753473282 -42.88626040518284 4.35
      vertex -71.18525464087725 -42.25693926215172 4.35
    endloop
  endfacet
  facet normal -0.9569403349768174 -0.2902846797446543 0
    outer loop
      vertex -70.85093502700329 -43.50463705509901 0
      vertex -71.03851753473282 -42.88626040518284 4.35
      vertex -71.03851753473282 -42.88626040518284 0
    endloop
  endfacet
  facet normal -0.9569403349768174 -0.2902846797446543 0
    outer loop
      vertex -70.85093502700329 -43.50463705509901 0
      vertex -70.85093502700329 -43.50463705509901 4.35
      vertex -71.03851753473282 -42.88626040518284 4.35
    endloop
  endfacet
  facet normal -0.9359059296802266 -0.35225004015527206 0
    outer loop
      vertex -70.62331038713455 -44.109421230852604 0
      vertex -70.85093502700329 -43.50463705509901 4.35
      vertex -70.85093502700329 -43.50463705509901 0
    endloop
  endfacet
  facet normal -0.9359059296802266 -0.35225004015527206 0
    outer loop
      vertex -70.62331038713455 -44.109421230852604 0
      vertex -70.62331038713455 -44.109421230852604 4.35
      vertex -70.85093502700329 -43.50463705509901 4.35
    endloop
  endfacet
  facet normal -0.9108638215892054 -0.4127070371582099 0
    outer loop
      vertex -70.35661832243204 -44.69802314788103 0
      vertex -70.62331038713455 -44.109421230852604 4.35
      vertex -70.62331038713455 -44.109421230852604 0
    endloop
  endfacet
  facet normal -0.9108638215892054 -0.4127070371582099 0
    outer loop
      vertex -70.35661832243204 -44.69802314788103 0
      vertex -70.35661832243204 -44.69802314788103 4.35
      vertex -70.62331038713455 -44.109421230852604 4.35
    endloop
  endfacet
  facet normal -0.8819212672160577 -0.4713967314609033 0
    outer loop
      vertex -70.05200086534023 -45.267922334373 0
      vertex -70.35661832243204 -44.69802314788103 4.35
      vertex -70.35661832243204 -44.69802314788103 0
    endloop
  endfacet
  facet normal -0.8819212672160577 -0.4713967314609033 0
    outer loop
      vertex -70.05200086534023 -45.267922334373 0
      vertex -70.05200086534023 -45.267922334373 4.35
      vertex -70.35661832243204 -44.69802314788103 4.35
    endloop
  endfacet
  facet normal -0.8492021763175006 -0.5280678590272471 0
    outer loop
      vertex -69.71076241880655 -45.8166783824563 0
      vertex -70.05200086534023 -45.267922334373 4.35
      vertex -70.05200086534023 -45.267922334373 0
    endloop
  endfacet
  facet normal -0.8492021763175006 -0.5280678590272471 0
    outer loop
      vertex -69.71076241880655 -45.8166783824563 0
      vertex -69.71076241880655 -45.8166783824563 4.35
      vertex -70.05200086534023 -45.267922334373 4.35
    endloop
  endfacet
  facet normal -0.8128466882635578 -0.5824776917436123 0
    outer loop
      vertex -69.33436423540115 -46.3419414460659 0
      vertex -69.71076241880655 -45.8166783824563 4.35
      vertex -69.71076241880655 -45.8166783824563 0
    endloop
  endfacet
  facet normal -0.8128466882635578 -0.5824776917436123 0
    outer loop
      vertex -69.33436423540115 -46.3419414460659 0
      vertex -69.33436423540115 -46.3419414460659 4.35
      vertex -69.71076241880655 -45.8166783824563 4.35
    endloop
  endfacet
  facet normal -0.7730104556525066 -0.6343932813735533 0
    outer loop
      vertex -68.92441809922457 -46.84146226197481 0
      vertex -69.33436423540115 -46.3419414460659 4.35
      vertex -69.33436423540115 -46.3419414460659 0
    endloop
  endfacet
  facet normal -0.7730104556525066 -0.6343932813735533 0
    outer loop
      vertex -68.92441809922457 -46.84146226197481 0
      vertex -68.92441809922457 -46.84146226197481 4.35
      vertex -69.33436423540115 -46.3419414460659 4.35
    endloop
  endfacet
  facet normal -0.7298640694497568 -0.6835923054908097 0
    outer loop
      vertex -68.48267946392298 -47.313101798295975 0
      vertex -68.92441809922457 -46.84146226197481 4.35
      vertex -68.92441809922457 -46.84146226197481 0
    endloop
  endfacet
  facet normal -0.7298640694497568 -0.6835923054908097 0
    outer loop
      vertex -68.48267946392298 -47.313101798295975 0
      vertex -68.48267946392298 -47.313101798295975 4.35
      vertex -68.92441809922457 -46.84146226197481 4.35
    endloop
  endfacet
  facet normal -0.6835923054908097 -0.7298640694497568 0
    outer loop
      vertex -68.01103992760181 -47.754840433597565 0
      vertex -68.48267946392298 -47.313101798295975 4.35
      vertex -68.48267946392298 -47.313101798295975 0
    endloop
  endfacet
  facet normal -0.6835923054908097 -0.7298640694497568 0
    outer loop
      vertex -68.01103992760181 -47.754840433597565 0
      vertex -68.01103992760181 -47.754840433597565 4.35
      vertex -68.48267946392298 -47.313101798295975 4.35
    endloop
  endfacet
  facet normal -0.6343932813735533 -0.7730104556525066 0
    outer loop
      vertex -67.5115191116929 -48.16478656977415 0
      vertex -68.01103992760181 -47.754840433597565 4.35
      vertex -68.01103992760181 -47.754840433597565 0
    endloop
  endfacet
  facet normal -0.6343932813735533 -0.7730104556525066 0
    outer loop
      vertex -67.5115191116929 -48.16478656977415 0
      vertex -67.5115191116929 -48.16478656977415 4.35
      vertex -68.01103992760181 -47.754840433597565 4.35
    endloop
  endfacet
  facet normal -0.5824776917436123 -0.8128466882635578 0
    outer loop
      vertex -66.9862560480833 -48.54118475317955 0
      vertex -67.5115191116929 -48.16478656977415 4.35
      vertex -67.5115191116929 -48.16478656977415 0
    endloop
  endfacet
  facet normal -0.5824776917436123 -0.8128466882635578 0
    outer loop
      vertex -66.9862560480833 -48.54118475317955 0
      vertex -66.9862560480833 -48.54118475317955 4.35
      vertex -67.5115191116929 -48.16478656977415 4.35
    endloop
  endfacet
  facet normal -0.5280678590272471 -0.8492021763175006 0
    outer loop
      vertex -66.4375 -48.88242319971323 0
      vertex -66.9862560480833 -48.54118475317955 4.35
      vertex -66.9862560480833 -48.54118475317955 0
    endloop
  endfacet
  facet normal -0.5280678590272471 -0.8492021763175006 0
    outer loop
      vertex -66.4375 -48.88242319971323 0
      vertex -66.4375 -48.88242319971323 4.35
      vertex -66.9862560480833 -48.54118475317955 4.35
    endloop
  endfacet
  facet normal -0.4713967314609033 -0.8819212672160577 0
    outer loop
      vertex -65.86760081350803 -49.18704065680504 0
      vertex -66.4375 -48.88242319971323 4.35
      vertex -66.4375 -48.88242319971323 0
    endloop
  endfacet
  facet normal -0.4713967314609033 -0.8819212672160577 0
    outer loop
      vertex -65.86760081350803 -49.18704065680504 0
      vertex -65.86760081350803 -49.18704065680504 4.35
      vertex -66.4375 -48.88242319971323 4.35
    endloop
  endfacet
  facet normal -0.4127070371582099 -0.9108638215892054 0
    outer loop
      vertex -65.2789988964796 -49.45373272150755 0
      vertex -65.86760081350803 -49.18704065680504 4.35
      vertex -65.86760081350803 -49.18704065680504 0
    endloop
  endfacet
  facet normal -0.4127070371582099 -0.9108638215892054 0
    outer loop
      vertex -65.2789988964796 -49.45373272150755 0
      vertex -65.2789988964796 -49.45373272150755 4.35
      vertex -65.86760081350803 -49.18704065680504 4.35
    endloop
  endfacet
  facet normal -0.35225004015527206 -0.9359059296802266 0
    outer loop
      vertex -64.67421472072601 -49.681357361376286 0
      vertex -65.2789988964796 -49.45373272150755 4.35
      vertex -65.2789988964796 -49.45373272150755 0
    endloop
  endfacet
  facet normal -0.35225004015527206 -0.9359059296802266 0
    outer loop
      vertex -64.67421472072601 -49.681357361376286 0
      vertex -64.67421472072601 -49.681357361376286 4.35
      vertex -65.2789988964796 -49.45373272150755 4.35
    endloop
  endfacet
  facet normal -0.2902846797446543 -0.9569403349768174 0
    outer loop
      vertex -64.05583807080984 -49.868939869105816 0
      vertex -64.67421472072601 -49.681357361376286 4.35
      vertex -64.67421472072601 -49.681357361376286 0
    endloop
  endfacet
  facet normal -0.2902846797446543 -0.9569403349768174 0
    outer loop
      vertex -64.05583807080984 -49.868939869105816 0
      vertex -64.05583807080984 -49.868939869105816 4.35
      vertex -64.67421472072601 -49.681357361376286 4.35
    endloop
  endfacet
  facet normal -0.22707625741569243 -0.9738769805874262 0
    outer loop
      vertex -63.42651692777872 -50.015676975250244 0
      vertex -64.05583807080984 -49.868939869105816 4.35
      vertex -64.05583807080984 -49.868939869105816 0
    endloop
  endfacet
  facet normal -0.22707625741569243 -0.9738769805874262 0
    outer loop
      vertex -63.42651692777872 -50.015676975250244 0
      vertex -63.42651692777872 -50.015676975250244 4.35
      vertex -64.05583807080984 -49.868939869105816 4.35
    endloop
  endfacet
  facet normal -0.16289548265975157 -0.9866433305551944 0
    outer loop
      vertex -62.7889461517334 -50.12094034254551 0
      vertex -63.42651692777872 -50.015676975250244 4.35
      vertex -63.42651692777872 -50.015676975250244 0
    endloop
  endfacet
  facet normal -0.16289548265975157 -0.9866433305551944 0
    outer loop
      vertex -62.7889461517334 -50.12094034254551 0
      vertex -62.7889461517334 -50.12094034254551 4.35
      vertex -63.42651692777872 -50.015676975250244 4.35
    endloop
  endfacet
  facet normal -0.09801714009652725 -0.9951847266951487 0
    outer loop
      vertex -62.14585590362549 -50.18427920341492 0
      vertex -62.7889461517334 -50.12094034254551 4.35
      vertex -62.7889461517334 -50.12094034254551 0
    endloop
  endfacet
  facet normal -0.09801714009652725 -0.9951847266951487 0
    outer loop
      vertex -62.14585590362549 -50.18427920341492 0
      vertex -62.14585590362549 -50.18427920341492 4.35
      vertex -62.7889461517334 -50.12094034254551 4.35
    endloop
  endfacet
  facet normal -0.032719079510840625 -0.9994645875847544 0
    outer loop
      vertex -61.5 -50.205422334373 0
      vertex -62.14585590362549 -50.18427920341492 4.35
      vertex -62.14585590362549 -50.18427920341492 0
    endloop
  endfacet
  facet normal -0.032719079510840625 -0.9994645875847544 0
    outer loop
      vertex -61.5 -50.205422334373 0
      vertex -61.5 -50.205422334373 4.35
      vertex -62.14585590362549 -50.18427920341492 4.35
    endloop
  endfacet
  facet normal 0 -1 0
    outer loop
      vertex 61.5 -50.205422334373 0
      vertex -61.5 -50.205422334373 4.35
      vertex -61.5 -50.205422334373 0
    endloop
  endfacet
  facet normal 0 -1 0
    outer loop
      vertex 61.5 -50.205422334373 0
      vertex 61.5 -50.205422334373 4.35
      vertex -61.5 -50.205422334373 4.35
    endloop
  endfacet
  facet normal 0.032719079510840625 -0.9994645875847544 0
    outer loop
      vertex 62.14585590362549 -50.18427920341492 0
      vertex 61.5 -50.205422334373 4.35
      vertex 61.5 -50.205422334373 0
    endloop
  endfacet
  facet normal 0.032719079510840625 -0.9994645875847544 0
    outer loop
      vertex 62.14585590362549 -50.18427920341492 0
      vertex 62.14585590362549 -50.18427920341492 4.35
      vertex 61.5 -50.205422334373 4.35
    endloop
  endfacet
  facet normal 0.032719081877998255 0.9994645875072616 0
    outer loop
      vertex -38.44388688355684 -38.495289631187916 0
      vertex -38.44388688355684 -38.495289631187916 4.35
      vertex -38.29999999701977 -38.5 0
    endloop
  endfacet
  facet normal 0.032719081877998255 0.9994645875072616 0
    outer loop
      vertex -38.29999999701977 -38.5 4.35
      vertex -38.29999999701977 -38.5 0
      vertex -38.44388688355684 -38.495289631187916 4.35
    endloop
  endfacet
  facet normal 0.09801715152442476 0.995184725569599 0
    outer loop
      vertex -38.58715762197971 -38.48117869347334 0
      vertex -38.58715762197971 -38.48117869347334 4.35
      vertex -38.44388688355684 -38.495289631187916 0
    endloop
  endfacet
  facet normal 0.09801715152442476 0.995184725569599 0
    outer loop
      vertex -38.44388688355684 -38.495289631187916 4.35
      vertex -38.44388688355684 -38.495289631187916 0
      vertex -38.58715762197971 -38.48117869347334 4.35
    endloop
  endfacet
  facet normal 0.16289550050373786 0.9866433276091399 0
    outer loop
      vertex -38.72919870913029 -38.45772761106491 0
      vertex -38.72919870913029 -38.45772761106491 4.35
      vertex -38.58715762197971 -38.48117869347334 0
    endloop
  endfacet
  facet normal 0.16289550050373786 0.9866433276091399 0
    outer loop
      vertex -38.58715762197971 -38.48117869347334 4.35
      vertex -38.58715762197971 -38.48117869347334 0
      vertex -38.72919870913029 -38.45772761106491 4.35
    endloop
  endfacet
  facet normal 0.22707623329767604 0.9738769862109585 0
    outer loop
      vertex -38.86940189450979 -38.42503681778908 0
      vertex -38.86940189450979 -38.42503681778908 4.35
      vertex -38.72919870913029 -38.45772761106491 0
    endloop
  endfacet
  facet normal 0.22707623329767604 0.9738769862109585 0
    outer loop
      vertex -38.72919870913029 -38.45772761106491 4.35
      vertex -38.72919870913029 -38.45772761106491 0
      vertex -38.86940189450979 -38.42503681778908 4.35
    endloop
  endfacet
  facet normal 0.2902847086987408 0.9569403261936907 0
    outer loop
      vertex -39.00716681778431 -38.38324628025293 0
      vertex -39.00716681778431 -38.38324628025293 4.35
      vertex -38.86940189450979 -38.42503681778908 0
    endloop
  endfacet
  facet normal 0.2902847086987408 0.9569403261936907 0
    outer loop
      vertex -38.86940189450979 -38.42503681778908 4.35
      vertex -38.86940189450979 -38.42503681778908 0
      vertex -39.00716681778431 -38.38324628025293 4.35
    endloop
  endfacet
  facet normal 0.352250026552026 0.9359059348001255 0
    outer loop
      vertex -39.141903549432755 -38.332534968853 0
      vertex -39.141903549432755 -38.332534968853 4.35
      vertex -39.00716681778431 -38.38324628025293 0
    endloop
  endfacet
  facet normal 0.352250026552026 0.9359059348001255 0
    outer loop
      vertex -39.00716681778431 -38.38324628025293 4.35
      vertex -39.00716681778431 -38.38324628025293 0
      vertex -39.141903549432755 -38.332534968853 4.35
    endloop
  endfacet
  facet normal 0.4127070184968952 0.9108638300445371 0
    outer loop
      vertex -39.2730351164937 -38.273120030760765 0
      vertex -39.2730351164937 -38.273120030760765 4.35
      vertex -39.141903549432755 -38.332534968853 0
    endloop
  endfacet
  facet normal 0.4127070184968952 0.9108638300445371 0
    outer loop
      vertex -39.141903549432755 -38.332534968853 4.35
      vertex -39.141903549432755 -38.332534968853 0
      vertex -39.2730351164937 -38.273120030760765 4.35
    endloop
  endfacet
  facet normal 0.4713967316717486 0.8819212671033585 0
    outer loop
      vertex -39.399999998509884 -38.20525588840246 0
      vertex -39.399999998509884 -38.20525588840246 4.35
      vertex -39.2730351164937 -38.273120030760765 0
    endloop
  endfacet
  facet normal 0.4713967316717486 0.8819212671033585 0
    outer loop
      vertex -39.2730351164937 -38.273120030760765 4.35
      vertex -39.2730351164937 -38.273120030760765 0
      vertex -39.399999998509884 -38.20525588840246 4.35
    endloop
  endfacet
  facet normal 0.5280678635228664 0.8492021735219449 0
    outer loop
      vertex -39.52225451171398 -38.12923314422369 0
      vertex -39.52225451171398 -38.12923314422369 4.35
      vertex -39.399999998509884 -38.20525588840246 0
    endloop
  endfacet
  facet normal 0.5280678635228664 0.8492021735219449 0
    outer loop
      vertex -39.399999998509884 -38.20525588840246 4.35
      vertex -39.399999998509884 -38.20525588840246 0
      vertex -39.52225451171398 -38.12923314422369 4.35
    endloop
  endfacet
  facet normal 0.5824777116316723 0.8128466740119754 0
    outer loop
      vertex -39.63927514106035 -38.04537734389305 0
      vertex -39.63927514106035 -38.04537734389305 4.35
      vertex -39.52225451171398 -38.12923314422369 0
    endloop
  endfacet
  facet normal 0.5824777116316723 0.8128466740119754 0
    outer loop
      vertex -39.52225451171398 -38.12923314422369 4.35
      vertex -39.52225451171398 -38.12923314422369 0
      vertex -39.63927514106035 -38.04537734389305 4.35
    endloop
  endfacet
  facet normal 0.6343932685786593 0.7730104661530045 0
    outer loop
      vertex -39.75056079030037 -37.954047575592995 0
      vertex -39.75056079030037 -37.954047575592995 4.35
      vertex -39.63927514106035 -38.04537734389305 0
    endloop
  endfacet
  facet normal 0.6343932685786593 0.7730104661530045 0
    outer loop
      vertex -39.63927514106035 -38.04537734389305 4.35
      vertex -39.63927514106035 -38.04537734389305 0
      vertex -39.75056079030037 -37.954047575592995 4.35
    endloop
  endfacet
  facet normal 0.6835923300083221 0.7298640464865995 0
    outer loop
      vertex -39.85563491284847 -37.85563491284847 0
      vertex -39.85563491284847 -37.85563491284847 4.35
      vertex -39.75056079030037 -37.954047575592995 0
    endloop
  endfacet
  facet normal 0.6835923300083221 0.7298640464865995 0
    outer loop
      vertex -39.75056079030037 -37.954047575592995 4.35
      vertex -39.75056079030037 -37.954047575592995 0
      vertex -39.85563491284847 -37.85563491284847 4.35
    endloop
  endfacet
  facet normal 0.7298640464865995 0.6835923300083221 0
    outer loop
      vertex -39.954047575592995 -37.75056079030037 0
      vertex -39.954047575592995 -37.75056079030037 4.35
      vertex -39.85563491284847 -37.85563491284847 0
    endloop
  endfacet
  facet normal 0.7298640464865995 0.6835923300083221 0
    outer loop
      vertex -39.85563491284847 -37.85563491284847 4.35
      vertex -39.85563491284847 -37.85563491284847 0
      vertex -39.954047575592995 -37.75056079030037 4.35
    endloop
  endfacet
  facet normal 0.7730104661530045 0.6343932685786593 0
    outer loop
      vertex -40.04537734389305 -37.63927514106035 0
      vertex -40.04537734389305 -37.63927514106035 4.35
      vertex -39.954047575592995 -37.75056079030037 0
    endloop
  endfacet
  facet normal 0.7730104661530045 0.6343932685786593 0
    outer loop
      vertex -39.954047575592995 -37.75056079030037 4.35
      vertex -39.954047575592995 -37.75056079030037 0
      vertex -40.04537734389305 -37.63927514106035 4.35
    endloop
  endfacet
  facet normal 0.8128466740119754 0.5824777116316723 0
    outer loop
      vertex -40.12923314422369 -37.52225451171398 0
      vertex -40.12923314422369 -37.52225451171398 4.35
      vertex -40.04537734389305 -37.63927514106035 0
    endloop
  endfacet
  facet normal 0.8128466740119754 0.5824777116316723 0
    outer loop
      vertex -40.04537734389305 -37.63927514106035 4.35
      vertex -40.04537734389305 -37.63927514106035 0
      vertex -40.12923314422369 -37.52225451171398 4.35
    endloop
  endfacet
  facet normal 0.8492021735219449 0.5280678635228664 0
    outer loop
      vertex -40.20525588840246 -37.399999998509884 0
      vertex -40.20525588840246 -37.399999998509884 4.35
      vertex -40.12923314422369 -37.52225451171398 0
    endloop
  endfacet
  facet normal 0.8492021735219449 0.5280678635228664 0
    outer loop
      vertex -40.12923314422369 -37.52225451171398 4.35
      vertex -40.12923314422369 -37.52225451171398 0
      vertex -40.20525588840246 -37.399999998509884 4.35
    endloop
  endfacet
  facet normal 0.8819212671033585 0.4713967316717486 0
    outer loop
      vertex -40.273120030760765 -37.2730351164937 0
      vertex -40.273120030760765 -37.2730351164937 4.35
      vertex -40.20525588840246 -37.399999998509884 0
    endloop
  endfacet
  facet normal 0.8819212671033585 0.4713967316717486 0
    outer loop
      vertex -40.20525588840246 -37.399999998509884 4.35
      vertex -40.20525588840246 -37.399999998509884 0
      vertex -40.273120030760765 -37.2730351164937 4.35
    endloop
  endfacet
  facet normal 0.9108638300445371 0.4127070184968952 0
    outer loop
      vertex -40.332534968853 -37.141903549432755 0
      vertex -40.332534968853 -37.141903549432755 4.35
      vertex -40.273120030760765 -37.2730351164937 0
    endloop
  endfacet
  facet normal 0.9108638300445371 0.4127070184968952 0
    outer loop
      vertex -40.273120030760765 -37.2730351164937 4.35
      vertex -40.273120030760765 -37.2730351164937 0
      vertex -40.332534968853 -37.141903549432755 4.35
    endloop
  endfacet
  facet normal 0.9359059348001255 0.352250026552026 0
    outer loop
      vertex -40.38324628025293 -37.00716681778431 0
      vertex -40.38324628025293 -37.00716681778431 4.35
      vertex -40.332534968853 -37.141903549432755 0
    endloop
  endfacet
  facet normal 0.9359059348001255 0.352250026552026 0
    outer loop
      vertex -40.332534968853 -37.141903549432755 4.35
      vertex -40.332534968853 -37.141903549432755 0
      vertex -40.38324628025293 -37.00716681778431 4.35
    endloop
  endfacet
  facet normal 0.9569403261936907 0.2902847086987408 0
    outer loop
      vertex -40.42503681778908 -36.86940189450979 0
      vertex -40.42503681778908 -36.86940189450979 4.35
      vertex -40.38324628025293 -37.00716681778431 0
    endloop
  endfacet
  facet normal 0.9569403261936907 0.2902847086987408 0
    outer loop
      vertex -40.38324628025293 -37.00716681778431 4.35
      vertex -40.38324628025293 -37.00716681778431 0
      vertex -40.42503681778908 -36.86940189450979 4.35
    endloop
  endfacet
  facet normal 0.9738769862109585 0.22707623329767604 0
    outer loop
      vertex -40.45772761106491 -36.72919870913029 0
      vertex -40.45772761106491 -36.72919870913029 4.35
      vertex -40.42503681778908 -36.86940189450979 0
    endloop
  endfacet
  facet normal 0.9738769862109585 0.22707623329767604 0
    outer loop
      vertex -40.42503681778908 -36.86940189450979 4.35
      vertex -40.42503681778908 -36.86940189450979 0
      vertex -40.45772761106491 -36.72919870913029 4.35
    endloop
  endfacet
  facet normal 0.9866433276091399 0.16289550050373786 0
    outer loop
      vertex -40.48117869347334 -36.58715762197971 0
      vertex -40.48117869347334 -36.58715762197971 4.35
      vertex -40.45772761106491 -36.72919870913029 0
    endloop
  endfacet
  facet normal 0.9866433276091399 0.16289550050373786 0
    outer loop
      vertex -40.45772761106491 -36.72919870913029 4.35
      vertex -40.45772761106491 -36.72919870913029 0
      vertex -40.48117869347334 -36.58715762197971 4.35
    endloop
  endfacet
  facet normal 0.995184725569599 0.09801715152442476 0
    outer loop
      vertex -40.495289631187916 -36.44388688355684 0
      vertex -40.495289631187916 -36.44388688355684 4.35
      vertex -40.48117869347334 -36.58715762197971 0
    endloop
  endfacet
  facet normal 0.995184725569599 0.09801715152442476 0
    outer loop
      vertex -40.48117869347334 -36.58715762197971 4.35
      vertex -40.48117869347334 -36.58715762197971 0
      vertex -40.495289631187916 -36.44388688355684 4.35
    endloop
  endfacet
  facet normal 0.9994645875072616 0.032719081877998255 0
    outer loop
      vertex -40.5 -36.29999999701977 0
      vertex -40.5 -36.29999999701977 4.35
      vertex -40.495289631187916 -36.44388688355684 0
    endloop
  endfacet
  facet normal 0.9994645875072616 0.032719081877998255 0
    outer loop
      vertex -40.495289631187916 -36.44388688355684 4.35
      vertex -40.495289631187916 -36.44388688355684 0
      vertex -40.5 -36.29999999701977 4.35
    endloop
  endfacet
  facet normal 1 0 0
    outer loop
      vertex -40.5 -30.700000002980232 0
      vertex -40.5 -30.700000002980232 4.35
      vertex -40.5 -36.29999999701977 0
    endloop
  endfacet
  facet normal 1 0 0
    outer loop
      vertex -40.5 -36.29999999701977 4.35
      vertex -40.5 -36.29999999701977 0
      vertex -40.5 -30.700000002980232 4.35
    endloop
  endfacet
  facet normal 0.9994645875072616 -0.032719081877998255 0
    outer loop
      vertex -40.495289631187916 -30.556113116443157 0
      vertex -40.495289631187916 -30.556113116443157 4.35
      vertex -40.5 -30.700000002980232 0
    endloop
  endfacet
  facet normal 0.9994645875072616 -0.032719081877998255 0
    outer loop
      vertex -40.5 -30.700000002980232 4.35
      vertex -40.5 -30.700000002980232 0
      vertex -40.495289631187916 -30.556113116443157 4.35
    endloop
  endfacet
  facet normal 0.995184725569599 -0.09801715152442476 0
    outer loop
      vertex -40.48117869347334 -30.412842378020287 0
      vertex -40.48117869347334 -30.412842378020287 4.35
      vertex -40.495289631187916 -30.556113116443157 0
    endloop
  endfacet
  facet normal 0.995184725569599 -0.09801715152442476 0
    outer loop
      vertex -40.495289631187916 -30.556113116443157 4.35
      vertex -40.495289631187916 -30.556113116443157 0
      vertex -40.48117869347334 -30.412842378020287 4.35
    endloop
  endfacet
  facet normal 0.9866433276091399 -0.16289550050373786 0
    outer loop
      vertex -40.45772761106491 -30.270801290869713 0
      vertex -40.45772761106491 -30.270801290869713 4.35
      vertex -40.48117869347334 -30.412842378020287 0
    endloop
  endfacet
  facet normal 0.9866433276091399 -0.16289550050373786 0
    outer loop
      vertex -40.48117869347334 -30.412842378020287 4.35
      vertex -40.48117869347334 -30.412842378020287 0
      vertex -40.45772761106491 -30.270801290869713 4.35
    endloop
  endfacet
  facet normal 0.9738769862109585 -0.22707623329767604 0
    outer loop
      vertex -40.42503681778908 -30.130598105490208 0
      vertex -40.42503681778908 -30.130598105490208 4.35
      vertex -40.45772761106491 -30.270801290869713 0
    endloop
  endfacet
  facet normal 0.9738769862109585 -0.22707623329767604 0
    outer loop
      vertex -40.45772761106491 -30.270801290869713 4.35
      vertex -40.45772761106491 -30.270801290869713 0
      vertex -40.42503681778908 -30.130598105490208 4.35
    endloop
  endfacet
  facet normal 0.9569403261936907 -0.2902847086987408 0
    outer loop
      vertex -40.38324628025293 -29.99283318221569 0
      vertex -40.38324628025293 -29.99283318221569 4.35
      vertex -40.42503681778908 -30.130598105490208 0
    endloop
  endfacet
  facet normal 0.9569403261936907 -0.2902847086987408 0
    outer loop
      vertex -40.42503681778908 -30.130598105490208 4.35
      vertex -40.42503681778908 -30.130598105490208 0
      vertex -40.38324628025293 -29.99283318221569 4.35
    endloop
  endfacet
  facet normal 0.9359059348001255 -0.352250026552026 0
    outer loop
      vertex -40.332534968853 -29.858096450567245 0
      vertex -40.332534968853 -29.858096450567245 4.35
      vertex -40.38324628025293 -29.99283318221569 0
    endloop
  endfacet
  facet normal 0.9359059348001255 -0.352250026552026 0
    outer loop
      vertex -40.38324628025293 -29.99283318221569 4.35
      vertex -40.38324628025293 -29.99283318221569 0
      vertex -40.332534968853 -29.858096450567245 4.35
    endloop
  endfacet
  facet normal 0.9108638327645997 -0.41270701249358904 0
    outer loop
      vertex -40.28631968051195 -29.75609713047743 0
      vertex -40.28631968051195 -29.75609713047743 4.35
      vertex -40.332534968853 -29.858096450567245 0
    endloop
  endfacet
  facet normal 0.9108638327645997 -0.41270701249358904 0
    outer loop
      vertex -40.332534968853 -29.858096450567245 4.35
      vertex -40.332534968853 -29.858096450567245 0
      vertex -40.28631968051195 -29.75609713047743 4.35
    endloop
  endfacet
  facet normal 0.09801708059094283 0.9951847325559354 0
    outer loop
      vertex -40.415785767138004 -29.743345841765404 0
      vertex -40.415785767138004 -29.743345841765404 4.35
      vertex -40.28631968051195 -29.75609713047743 0
    endloop
  endfacet
  facet normal 0.09801708059094283 0.9951847325559354 0
    outer loop
      vertex -40.28631968051195 -29.75609713047743 4.35
      vertex -40.28631968051195 -29.75609713047743 0
      vertex -40.415785767138004 -29.743345841765404 4.35
    endloop
  endfacet
  facet normal 0.1628954729438304 0.9866433321592996 0
    outer loop
      vertex -42.35270965844393 -29.42355841398239 0
      vertex -42.35270965844393 -29.42355841398239 4.35
      vertex -40.415785767138004 -29.743345841765404 0
    endloop
  endfacet
  facet normal 0.1628954729438304 0.9866433321592996 0
    outer loop
      vertex -40.415785767138004 -29.743345841765404 4.35
      vertex -40.415785767138004 -29.743345841765404 0
      vertex -42.35270965844393 -29.42355841398239 4.35
    endloop
  endfacet
  facet normal 0.22707626230731257 0.9738769794468604 0
    outer loop
      vertex -44.264571353793144 -28.977774791419506 0
      vertex -44.264571353793144 -28.977774791419506 4.35
      vertex -42.35270965844393 -29.42355841398239 0
    endloop
  endfacet
  facet normal 0.22707626230731257 0.9738769794468604 0
    outer loop
      vertex -42.35270965844393 -29.42355841398239 4.35
      vertex -42.35270965844393 -29.42355841398239 0
      vertex -44.264571353793144 -28.977774791419506 4.35
    endloop
  endfacet
  facet normal 0.29028467713969897 0.956940335767022 0
    outer loop
      vertex -46.14318396151066 -28.407903887331486 0
      vertex -46.14318396151066 -28.407903887331486 4.35
      vertex -44.264571353793144 -28.977774791419506 0
    endloop
  endfacet
  facet normal 0.29028467713969897 0.956940335767022 0
    outer loop
      vertex -44.264571353793144 -28.977774791419506 4.35
      vertex -44.264571353793144 -28.977774791419506 0
      vertex -46.14318396151066 -28.407903887331486 4.35
    endloop
  endfacet
  facet normal 0.35225004944279825 0.9359059261846493 0
    outer loop
      vertex -47.98050297051668 -27.71638597548008 0
      vertex -47.98050297051668 -27.71638597548008 4.35
      vertex -46.14318396151066 -28.407903887331486 0
    endloop
  endfacet
  facet normal 0.35225004944279825 0.9359059261846493 0
    outer loop
      vertex -46.14318396151066 -28.407903887331486 4.35
      vertex -46.14318396151066 -28.407903887331486 0
      vertex -47.98050297051668 -27.71638597548008 4.35
    endloop
  endfacet
  facet normal 0.412707029924782 0.9108638248666291 0
    outer loop
      vertex -49.768660709261894 -26.90618224442005 0
      vertex -49.768660709261894 -26.90618224442005 4.35
      vertex -47.98050297051668 -27.71638597548008 0
    endloop
  endfacet
  facet normal 0.412707029924782 0.9108638248666291 0
    outer loop
      vertex -47.98050297051668 -27.71638597548008 4.35
      vertex -47.98050297051668 -27.71638597548008 0
      vertex -49.768660709261894 -26.90618224442005 4.35
    endloop
  endfacet
  facet normal 0.4713967355583311 0.8819212650259368 0
    outer loop
      vertex -51.5 -25.980762116611004 0
      vertex -51.5 -25.980762116611004 4.35
      vertex -49.768660709261894 -26.90618224442005 0
    endloop
  endfacet
  facet normal 0.4713967355583311 0.8819212650259368 0
    outer loop
      vertex -49.768660709261894 -26.90618224442005 4.35
      vertex -49.768660709261894 -26.90618224442005 0
      vertex -51.5 -25.980762116611004 4.35
    endloop
  endfacet
  facet normal 0.5280678509213731 0.8492021813580571 0
    outer loop
      vertex -53.16710699349642 -24.944088369607925 0
      vertex -53.16710699349642 -24.944088369607925 4.35
      vertex -51.5 -25.980762116611004 0
    endloop
  endfacet
  facet normal 0.5280678509213731 0.8492021813580571 0
    outer loop
      vertex -51.5 -25.980762116611004 4.35
      vertex -51.5 -25.980762116611004 0
      vertex -53.16710699349642 -24.944088369607925 4.35
    endloop
  endfacet
  facet normal 0.5824776976430034 0.8128466840361138 0
    outer loop
      vertex -54.76284287124872 -23.800600208342075 0
      vertex -54.76284287124872 -23.800600208342075 4.35
      vertex -53.16710699349642 -24.944088369607925 0
    endloop
  endfacet
  facet normal 0.5824776976430034 0.8128466840361138 0
    outer loop
      vertex -53.16710699349642 -24.944088369607925 4.35
      vertex -53.16710699349642 -24.944088369607925 0
      vertex -54.76284287124872 -23.800600208342075 4.35
    endloop
  endfacet
  facet normal 0.6343932853150274 0.7730104524178223 0
    outer loop
      vertex -56.28037445247173 -22.555194221436977 0
      vertex -56.28037445247173 -22.555194221436977 4.35
      vertex -54.76284287124872 -23.800600208342075 0
    endloop
  endfacet
  facet normal 0.6343932853150274 0.7730104524178223 0
    outer loop
      vertex -54.76284287124872 -23.800600208342075 4.35
      vertex -54.76284287124872 -23.800600208342075 0
      vertex -56.28037445247173 -22.555194221436977 4.35
    endloop
  endfacet
  facet normal 0.6835923000256636 0.7298640745684248 0
    outer loop
      vertex -57.71320343762636 -21.213203437626362 0
      vertex -57.71320343762636 -21.213203437626362 4.35
      vertex -56.28037445247173 -22.555194221436977 0
    endloop
  endfacet
  facet normal 0.6835923000256636 0.7298640745684248 0
    outer loop
      vertex -56.28037445247173 -22.555194221436977 4.35
      vertex -56.28037445247173 -22.555194221436977 0
      vertex -57.71320343762636 -21.213203437626362 4.35
    endloop
  endfacet
  facet normal 0.7298640745684248 0.6835923000256636 0
    outer loop
      vertex -59.05519422143698 -19.780374452471733 0
      vertex -59.05519422143698 -19.780374452471733 4.35
      vertex -57.71320343762636 -21.213203437626362 0
    endloop
  endfacet
  facet normal 0.7298640745684248 0.6835923000256636 0
    outer loop
      vertex -57.71320343762636 -21.213203437626362 4.35
      vertex -57.71320343762636 -21.213203437626362 0
      vertex -59.05519422143698 -19.780374452471733 4.35
    endloop
  endfacet
  facet normal 0.7730104524178223 0.6343932853150274 0
    outer loop
      vertex -60.300600208342075 -18.262842871248722 0
      vertex -60.300600208342075 -18.262842871248722 4.35
      vertex -59.05519422143698 -19.780374452471733 0
    endloop
  endfacet
  facet normal 0.7730104524178223 0.6343932853150274 0
    outer loop
      vertex -59.05519422143698 -19.780374452471733 4.35
      vertex -59.05519422143698 -19.780374452471733 0
      vertex -60.300600208342075 -18.262842871248722 4.35
    endloop
  endfacet
  facet normal 0.8128466840361138 0.5824776976430034 0
    outer loop
      vertex -61.444088369607925 -16.667106993496418 0
      vertex -61.444088369607925 -16.667106993496418 4.35
      vertex -60.300600208342075 -18.262842871248722 0
    endloop
  endfacet
  facet normal 0.8128466840361138 0.5824776976430034 0
    outer loop
      vertex -60.300600208342075 -18.262842871248722 4.35
      vertex -60.300600208342075 -18.262842871248722 0
      vertex -61.444088369607925 -16.667106993496418 4.35
    endloop
  endfacet
  facet normal 0.8492021813580571 0.5280678509213731 0
    outer loop
      vertex -62.480762116611004 -15 0
      vertex -62.480762116611004 -15 4.35
      vertex -61.444088369607925 -16.667106993496418 0
    endloop
  endfacet
  facet normal 0.8492021813580571 0.5280678509213731 0
    outer loop
      vertex -61.444088369607925 -16.667106993496418 4.35
      vertex -61.444088369607925 -16.667106993496418 0
      vertex -62.480762116611004 -15 4.35
    endloop
  endfacet
  facet normal 0.8819212650259368 0.4713967355583311 0
    outer loop
      vertex -63.40618224442005 -13.268660709261894 0
      vertex -63.40618224442005 -13.268660709261894 4.35
      vertex -62.480762116611004 -15 0
    endloop
  endfacet
  facet normal 0.8819212650259368 0.4713967355583311 0
    outer loop
      vertex -62.480762116611004 -15 4.35
      vertex -62.480762116611004 -15 0
      vertex -63.40618224442005 -13.268660709261894 4.35
    endloop
  endfacet
  facet normal 0.9108638248666291 0.412707029924782 0
    outer loop
      vertex -64.21638597548008 -11.480502970516682 0
      vertex -64.21638597548008 -11.480502970516682 4.35
      vertex -63.40618224442005 -13.268660709261894 0
    endloop
  endfacet
  facet normal 0.9108638248666291 0.412707029924782 0
    outer loop
      vertex -63.40618224442005 -13.268660709261894 4.35
      vertex -63.40618224442005 -13.268660709261894 0
      vertex -64.21638597548008 -11.480502970516682 4.35
    endloop
  endfacet
  facet normal 0.9359059261846493 0.35225004944279825 0
    outer loop
      vertex -64.90790388733149 -9.643183961510658 0
      vertex -64.90790388733149 -9.643183961510658 4.35
      vertex -64.21638597548008 -11.480502970516682 0
    endloop
  endfacet
  facet normal 0.9359059261846493 0.35225004944279825 0
    outer loop
      vertex -64.21638597548008 -11.480502970516682 4.35
      vertex -64.21638597548008 -11.480502970516682 0
      vertex -64.90790388733149 -9.643183961510658 4.35
    endloop
  endfacet
  facet normal 0.956940335767022 0.29028467713969897 0
    outer loop
      vertex -65.4777747914195 -7.764571353793144 0
      vertex -65.4777747914195 -7.764571353793144 4.35
      vertex -64.90790388733149 -9.643183961510658 0
    endloop
  endfacet
  facet normal 0.956940335767022 0.29028467713969897 0
    outer loop
      vertex -64.90790388733149 -9.643183961510658 4.35
      vertex -64.90790388733149 -9.643183961510658 0
      vertex -65.4777747914195 -7.764571353793144 4.35
    endloop
  endfacet
  facet normal 0.9738769794468604 0.22707626230731257 0
    outer loop
      vertex -65.92355841398239 -5.852709658443928 0
      vertex -65.92355841398239 -5.852709658443928 4.35
      vertex -65.4777747914195 -7.764571353793144 0
    endloop
  endfacet
  facet normal 0.9738769794468604 0.22707626230731257 0
    outer loop
      vertex -65.4777747914195 -7.764571353793144 4.35
      vertex -65.4777747914195 -7.764571353793144 0
      vertex -65.92355841398239 -5.852709658443928 4.35
    endloop
  endfacet
  facet normal 0.9866433321592996 0.1628954729438304 0
    outer loop
      vertex -66.2433458417654 -3.9157857671380043 0
      vertex -66.2433458417654 -3.9157857671380043 4.35
      vertex -65.92355841398239 -5.852709658443928 0
    endloop
  endfacet
  facet normal 0.9866433321592996 0.1628954729438304 0
    outer loop
      vertex -65.92355841398239 -5.852709658443928 4.35
      vertex -65.92355841398239 -5.852709658443928 0
      vertex -66.2433458417654 -3.9157857671380043 4.35
    endloop
  endfacet
  facet normal 0.9951847268043855 0.0980171389874271 0
    outer loop
      vertex -66.43576769530773 -1.9620938748121262 0
      vertex -66.43576769530773 -1.9620938748121262 4.35
      vertex -66.2433458417654 -3.9157857671380043 0
    endloop
  endfacet
  facet normal 0.9951847268043855 0.0980171389874271 0
    outer loop
      vertex -66.2433458417654 -3.9157857671380043 4.35
      vertex -66.2433458417654 -3.9157857671380043 0
      vertex -66.43576769530773 -1.9620938748121262 4.35
    endloop
  endfacet
  facet normal 0.9994645874444017 0.032719083798173614 0
    outer loop
      vertex -66.5 0 0
      vertex -66.5 0 4.35
      vertex -66.43576769530773 -1.9620938748121262 0
    endloop
  endfacet
  facet normal 0.9994645874444017 0.032719083798173614 0
    outer loop
      vertex -66.43576769530773 -1.9620938748121262 4.35
      vertex -66.43576769530773 -1.9620938748121262 0
      vertex -66.5 0 4.35
    endloop
  endfacet
  facet normal 0.9994645874444017 -0.032719083798173614 0
    outer loop
      vertex -66.43576769530773 1.9620938748121262 0
      vertex -66.43576769530773 1.9620938748121262 4.35
      vertex -66.5 0 0
    endloop
  endfacet
  facet normal 0.9994645874444017 -0.032719083798173614 0
    outer loop
      vertex -66.5 0 4.35
      vertex -66.5 0 0
      vertex -66.43576769530773 1.9620938748121262 4.35
    endloop
  endfacet
  facet normal 0.9951847268043855 -0.0980171389874271 0
    outer loop
      vertex -66.2433458417654 3.9157857671380043 0
      vertex -66.2433458417654 3.9157857671380043 4.35
      vertex -66.43576769530773 1.9620938748121262 0
    endloop
  endfacet
  facet normal 0.9951847268043855 -0.0980171389874271 0
    outer loop
      vertex -66.43576769530773 1.9620938748121262 4.35
      vertex -66.43576769530773 1.9620938748121262 0
      vertex -66.2433458417654 3.9157857671380043 4.35
    endloop
  endfacet
  facet normal 0.9866433321592996 -0.1628954729438304 0
    outer loop
      vertex -65.92355841398239 5.852709658443928 0
      vertex -65.92355841398239 5.852709658443928 4.35
      vertex -66.2433458417654 3.9157857671380043 0
    endloop
  endfacet
  facet normal 0.9866433321592996 -0.1628954729438304 0
    outer loop
      vertex -66.2433458417654 3.9157857671380043 4.35
      vertex -66.2433458417654 3.9157857671380043 0
      vertex -65.92355841398239 5.852709658443928 4.35
    endloop
  endfacet
  facet normal 0.9738769794468604 -0.22707626230731257 0
    outer loop
      vertex -65.4777747914195 7.764571353793144 0
      vertex -65.4777747914195 7.764571353793144 4.35
      vertex -65.92355841398239 5.852709658443928 0
    endloop
  endfacet
  facet normal 0.9738769794468604 -0.22707626230731257 0
    outer loop
      vertex -65.92355841398239 5.852709658443928 4.35
      vertex -65.92355841398239 5.852709658443928 0
      vertex -65.4777747914195 7.764571353793144 4.35
    endloop
  endfacet
  facet normal 0.956940335767022 -0.29028467713969897 0
    outer loop
      vertex -64.90790388733149 9.643183961510658 0
      vertex -64.90790388733149 9.643183961510658 4.35
      vertex -65.4777747914195 7.764571353793144 0
    endloop
  endfacet
  facet normal 0.956940335767022 -0.29028467713969897 0
    outer loop
      vertex -65.4777747914195 7.764571353793144 4.35
      vertex -65.4777747914195 7.764571353793144 0
      vertex -64.90790388733149 9.643183961510658 4.35
    endloop
  endfacet
  facet normal 0.9359059261846493 -0.35225004944279825 0
    outer loop
      vertex -64.21638597548008 11.480502970516682 0
      vertex -64.21638597548008 11.480502970516682 4.35
      vertex -64.90790388733149 9.643183961510658 0
    endloop
  endfacet
  facet normal 0.9359059261846493 -0.35225004944279825 0
    outer loop
      vertex -64.90790388733149 9.643183961510658 4.35
      vertex -64.90790388733149 9.643183961510658 0
      vertex -64.21638597548008 11.480502970516682 4.35
    endloop
  endfacet
  facet normal 0.9108638248666291 -0.412707029924782 0
    outer loop
      vertex -63.40618224442005 13.268660709261894 0
      vertex -63.40618224442005 13.268660709261894 4.35
      vertex -64.21638597548008 11.480502970516682 0
    endloop
  endfacet
  facet normal 0.9108638248666291 -0.412707029924782 0
    outer loop
      vertex -64.21638597548008 11.480502970516682 4.35
      vertex -64.21638597548008 11.480502970516682 0
      vertex -63.40618224442005 13.268660709261894 4.35
    endloop
  endfacet
  facet normal 0.8819212650259368 -0.4713967355583311 0
    outer loop
      vertex -62.480762116611004 15 0
      vertex -62.480762116611004 15 4.35
      vertex -63.40618224442005 13.268660709261894 0
    endloop
  endfacet
  facet normal 0.8819212650259368 -0.4713967355583311 0
    outer loop
      vertex -63.40618224442005 13.268660709261894 4.35
      vertex -63.40618224442005 13.268660709261894 0
      vertex -62.480762116611004 15 4.35
    endloop
  endfacet
  facet normal 0.8492021813580571 -0.5280678509213731 0
    outer loop
      vertex -61.444088369607925 16.667106993496418 0
      vertex -61.444088369607925 16.667106993496418 4.35
      vertex -62.480762116611004 15 0
    endloop
  endfacet
  facet normal 0.8492021813580571 -0.5280678509213731 0
    outer loop
      vertex -62.480762116611004 15 4.35
      vertex -62.480762116611004 15 0
      vertex -61.444088369607925 16.667106993496418 4.35
    endloop
  endfacet
  facet normal 0.8128466840361138 -0.5824776976430034 0
    outer loop
      vertex -60.300600208342075 18.262842871248722 0
      vertex -60.300600208342075 18.262842871248722 4.35
      vertex -61.444088369607925 16.667106993496418 0
    endloop
  endfacet
  facet normal 0.8128466840361138 -0.5824776976430034 0
    outer loop
      vertex -61.444088369607925 16.667106993496418 4.35
      vertex -61.444088369607925 16.667106993496418 0
      vertex -60.300600208342075 18.262842871248722 4.35
    endloop
  endfacet
  facet normal 0.7730104524178223 -0.6343932853150274 0
    outer loop
      vertex -59.05519422143698 19.780374452471733 0
      vertex -59.05519422143698 19.780374452471733 4.35
      vertex -60.300600208342075 18.262842871248722 0
    endloop
  endfacet
  facet normal 0.7730104524178223 -0.6343932853150274 0
    outer loop
      vertex -60.300600208342075 18.262842871248722 4.35
      vertex -60.300600208342075 18.262842871248722 0
      vertex -59.05519422143698 19.780374452471733 4.35
    endloop
  endfacet
  facet normal 0.7298640745684248 -0.6835923000256636 0
    outer loop
      vertex -57.71320343762636 21.213203437626362 0
      vertex -57.71320343762636 21.213203437626362 4.35
      vertex -59.05519422143698 19.780374452471733 0
    endloop
  endfacet
  facet normal 0.7298640745684248 -0.6835923000256636 0
    outer loop
      vertex -59.05519422143698 19.780374452471733 4.35
      vertex -59.05519422143698 19.780374452471733 0
      vertex -57.71320343762636 21.213203437626362 4.35
    endloop
  endfacet
  facet normal 0.6835923000256636 -0.7298640745684248 0
    outer loop
      vertex -56.28037445247173 22.555194221436977 0
      vertex -56.28037445247173 22.555194221436977 4.35
      vertex -57.71320343762636 21.213203437626362 0
    endloop
  endfacet
  facet normal 0.6835923000256636 -0.7298640745684248 0
    outer loop
      vertex -57.71320343762636 21.213203437626362 4.35
      vertex -57.71320343762636 21.213203437626362 0
      vertex -56.28037445247173 22.555194221436977 4.35
    endloop
  endfacet
  facet normal 0.6343932853150274 -0.7730104524178223 0
    outer loop
      vertex -54.76284287124872 23.800600208342075 0
      vertex -54.76284287124872 23.800600208342075 4.35
      vertex -56.28037445247173 22.555194221436977 0
    endloop
  endfacet
  facet normal 0.6343932853150274 -0.7730104524178223 0
    outer loop
      vertex -56.28037445247173 22.555194221436977 4.35
      vertex -56.28037445247173 22.555194221436977 0
      vertex -54.76284287124872 23.800600208342075 4.35
    endloop
  endfacet
  facet normal 0.5824776976430034 -0.8128466840361138 0
    outer loop
      vertex -53.16710699349642 24.944088369607925 0
      vertex -53.16710699349642 24.944088369607925 4.35
      vertex -54.76284287124872 23.800600208342075 0
    endloop
  endfacet
  facet normal 0.5824776976430034 -0.8128466840361138 0
    outer loop
      vertex -54.76284287124872 23.800600208342075 4.35
      vertex -54.76284287124872 23.800600208342075 0
      vertex -53.16710699349642 24.944088369607925 4.35
    endloop
  endfacet
  facet normal 0.5280678509213731 -0.8492021813580571 0
    outer loop
      vertex -51.5 25.980762116611004 0
      vertex -51.5 25.980762116611004 4.35
      vertex -53.16710699349642 24.944088369607925 0
    endloop
  endfacet
  facet normal 0.5280678509213731 -0.8492021813580571 0
    outer loop
      vertex -53.16710699349642 24.944088369607925 4.35
      vertex -53.16710699349642 24.944088369607925 0
      vertex -51.5 25.980762116611004 4.35
    endloop
  endfacet
  facet normal 0.4713967355583311 -0.8819212650259368 0
    outer loop
      vertex -49.768660709261894 26.90618224442005 0
      vertex -49.768660709261894 26.90618224442005 4.35
      vertex -51.5 25.980762116611004 0
    endloop
  endfacet
  facet normal 0.4713967355583311 -0.8819212650259368 0
    outer loop
      vertex -51.5 25.980762116611004 4.35
      vertex -51.5 25.980762116611004 0
      vertex -49.768660709261894 26.90618224442005 4.35
    endloop
  endfacet
  facet normal 0.412707029924782 -0.9108638248666291 0
    outer loop
      vertex -47.98050297051668 27.71638597548008 0
      vertex -47.98050297051668 27.71638597548008 4.35
      vertex -49.768660709261894 26.90618224442005 0
    endloop
  endfacet
  facet normal 0.412707029924782 -0.9108638248666291 0
    outer loop
      vertex -49.768660709261894 26.90618224442005 4.35
      vertex -49.768660709261894 26.90618224442005 0
      vertex -47.98050297051668 27.71638597548008 4.35
    endloop
  endfacet
  facet normal 0.35225004944279825 -0.9359059261846493 0
    outer loop
      vertex -46.14318396151066 28.407903887331486 0
      vertex -46.14318396151066 28.407903887331486 4.35
      vertex -47.98050297051668 27.71638597548008 0
    endloop
  endfacet
  facet normal 0.35225004944279825 -0.9359059261846493 0
    outer loop
      vertex -47.98050297051668 27.71638597548008 4.35
      vertex -47.98050297051668 27.71638597548008 0
      vertex -46.14318396151066 28.407903887331486 4.35
    endloop
  endfacet
  facet normal 0.29028467713969897 -0.956940335767022 0
    outer loop
      vertex -44.264571353793144 28.977774791419506 0
      vertex -44.264571353793144 28.977774791419506 4.35
      vertex -46.14318396151066 28.407903887331486 0
    endloop
  endfacet
  facet normal 0.29028467713969897 -0.956940335767022 0
    outer loop
      vertex -46.14318396151066 28.407903887331486 4.35
      vertex -46.14318396151066 28.407903887331486 0
      vertex -44.264571353793144 28.977774791419506 4.35
    endloop
  endfacet
  facet normal 0.22707626230731257 -0.9738769794468604 0
    outer loop
      vertex -42.35270965844393 29.42355841398239 0
      vertex -42.35270965844393 29.42355841398239 4.35
      vertex -44.264571353793144 28.977774791419506 0
    endloop
  endfacet
  facet normal 0.22707626230731257 -0.9738769794468604 0
    outer loop
      vertex -44.264571353793144 28.977774791419506 4.35
      vertex -44.264571353793144 28.977774791419506 0
      vertex -42.35270965844393 29.42355841398239 4.35
    endloop
  endfacet
  facet normal 0.1628954729438304 -0.9866433321592996 0
    outer loop
      vertex -40.415785767138004 29.743345841765404 0
      vertex -40.415785767138004 29.743345841765404 4.35
      vertex -42.35270965844393 29.42355841398239 0
    endloop
  endfacet
  facet normal 0.1628954729438304 -0.9866433321592996 0
    outer loop
      vertex -42.35270965844393 29.42355841398239 4.35
      vertex -42.35270965844393 29.42355841398239 0
      vertex -40.415785767138004 29.743345841765404 4.35
    endloop
  endfacet
  facet normal 0.0980171389874271 -0.9951847268043855 0
    outer loop
      vertex -38.462093874812126 29.93576769530773 0
      vertex -38.462093874812126 29.93576769530773 4.35
      vertex -40.415785767138004 29.743345841765404 0
    endloop
  endfacet
  facet normal 0.0980171389874271 -0.9951847268043855 0
    outer loop
      vertex -40.415785767138004 29.743345841765404 4.35
      vertex -40.415785767138004 29.743345841765404 0
      vertex -38.462093874812126 29.93576769530773 4.35
    endloop
  endfacet
  facet normal 0.032719083798173614 -0.9994645874444017 0
    outer loop
      vertex -36.5 30 0
      vertex -36.5 30 4.35
      vertex -38.462093874812126 29.93576769530773 0
    endloop
  endfacet
  facet normal 0.032719083798173614 -0.9994645874444017 0
    outer loop
      vertex -38.462093874812126 29.93576769530773 4.35
      vertex -38.462093874812126 29.93576769530773 0
      vertex -36.5 30 4.35
    endloop
  endfacet
  facet normal -0.032719083798173614 -0.9994645874444017 0
    outer loop
      vertex -34.537906125187874 29.93576769530773 0
      vertex -34.537906125187874 29.93576769530773 4.35
      vertex -36.5 30 0
    endloop
  endfacet
  facet normal -0.032719083798173614 -0.9994645874444017 0
    outer loop
      vertex -36.5 30 4.35
      vertex -36.5 30 0
      vertex -34.537906125187874 29.93576769530773 4.35
    endloop
  endfacet
  facet normal -0.0980171389874271 -0.9951847268043855 0
    outer loop
      vertex -32.584214232861996 29.743345841765404 0
      vertex -32.584214232861996 29.743345841765404 4.35
      vertex -34.537906125187874 29.93576769530773 0
    endloop
  endfacet
  facet normal -0.0980171389874271 -0.9951847268043855 0
    outer loop
      vertex -34.537906125187874 29.93576769530773 4.35
      vertex -34.537906125187874 29.93576769530773 0
      vertex -32.584214232861996 29.743345841765404 4.35
    endloop
  endfacet
  facet normal -0.1628954729438304 -0.9866433321592996 0
    outer loop
      vertex -30.647290341556072 29.42355841398239 0
      vertex -30.647290341556072 29.42355841398239 4.35
      vertex -32.584214232861996 29.743345841765404 0
    endloop
  endfacet
  facet normal -0.1628954729438304 -0.9866433321592996 0
    outer loop
      vertex -32.584214232861996 29.743345841765404 4.35
      vertex -32.584214232861996 29.743345841765404 0
      vertex -30.647290341556072 29.42355841398239 4.35
    endloop
  endfacet
  facet normal -0.22707626230731257 -0.9738769794468604 0
    outer loop
      vertex -28.735428646206856 28.977774791419506 0
      vertex -28.735428646206856 28.977774791419506 4.35
      vertex -30.647290341556072 29.42355841398239 0
    endloop
  endfacet
  facet normal -0.22707626230731257 -0.9738769794468604 0
    outer loop
      vertex -30.647290341556072 29.42355841398239 4.35
      vertex -30.647290341556072 29.42355841398239 0
      vertex -28.735428646206856 28.977774791419506 4.35
    endloop
  endfacet
  facet normal -0.29028467713969897 -0.956940335767022 0
    outer loop
      vertex -26.85681603848934 28.407903887331486 0
      vertex -26.85681603848934 28.407903887331486 4.35
      vertex -28.735428646206856 28.977774791419506 0
    endloop
  endfacet
  facet normal -0.29028467713969897 -0.956940335767022 0
    outer loop
      vertex -28.735428646206856 28.977774791419506 4.35
      vertex -28.735428646206856 28.977774791419506 0
      vertex -26.85681603848934 28.407903887331486 4.35
    endloop
  endfacet
  facet normal -0.35225004944279825 -0.9359059261846493 0
    outer loop
      vertex -25.01949702948332 27.71638597548008 0
      vertex -25.01949702948332 27.71638597548008 4.35
      vertex -26.85681603848934 28.407903887331486 0
    endloop
  endfacet
  facet normal -0.35225004944279825 -0.9359059261846493 0
    outer loop
      vertex -26.85681603848934 28.407903887331486 4.35
      vertex -26.85681603848934 28.407903887331486 0
      vertex -25.01949702948332 27.71638597548008 4.35
    endloop
  endfacet
  facet normal -0.412707029924782 -0.9108638248666291 0
    outer loop
      vertex -23.231339290738106 26.90618224442005 0
      vertex -23.231339290738106 26.90618224442005 4.35
      vertex -25.01949702948332 27.71638597548008 0
    endloop
  endfacet
  facet normal -0.412707029924782 -0.9108638248666291 0
    outer loop
      vertex -25.01949702948332 27.71638597548008 4.35
      vertex -25.01949702948332 27.71638597548008 0
      vertex -23.231339290738106 26.90618224442005 4.35
    endloop
  endfacet
  facet normal -0.4713967355583311 -0.8819212650259368 0
    outer loop
      vertex -21.5 25.980762116611004 0
      vertex -21.5 25.980762116611004 4.35
      vertex -23.231339290738106 26.90618224442005 0
    endloop
  endfacet
  facet normal -0.4713967355583311 -0.8819212650259368 0
    outer loop
      vertex -23.231339290738106 26.90618224442005 4.35
      vertex -23.231339290738106 26.90618224442005 0
      vertex -21.5 25.980762116611004 4.35
    endloop
  endfacet
  facet normal -0.5280678509213731 -0.8492021813580571 0
    outer loop
      vertex -19.832893006503582 24.944088369607925 0
      vertex -19.832893006503582 24.944088369607925 4.35
      vertex -21.5 25.980762116611004 0
    endloop
  endfacet
  facet normal -0.5280678509213731 -0.8492021813580571 0
    outer loop
      vertex -21.5 25.980762116611004 4.35
      vertex -21.5 25.980762116611004 0
      vertex -19.832893006503582 24.944088369607925 4.35
    endloop
  endfacet
  facet normal -0.5824776976430034 -0.8128466840361138 0
    outer loop
      vertex -18.237157128751278 23.800600208342075 0
      vertex -18.237157128751278 23.800600208342075 4.35
      vertex -19.832893006503582 24.944088369607925 0
    endloop
  endfacet
  facet normal -0.5824776976430034 -0.8128466840361138 0
    outer loop
      vertex -19.832893006503582 24.944088369607925 4.35
      vertex -19.832893006503582 24.944088369607925 0
      vertex -18.237157128751278 23.800600208342075 4.35
    endloop
  endfacet
  facet normal -0.6343932853150274 -0.7730104524178223 0
    outer loop
      vertex -16.719625547528267 22.555194221436977 0
      vertex -16.719625547528267 22.555194221436977 4.35
      vertex -18.237157128751278 23.800600208342075 0
    endloop
  endfacet
  facet normal -0.6343932853150274 -0.7730104524178223 0
    outer loop
      vertex -18.237157128751278 23.800600208342075 4.35
      vertex -18.237157128751278 23.800600208342075 0
      vertex -16.719625547528267 22.555194221436977 4.35
    endloop
  endfacet
  facet normal -0.6835923000256636 -0.7298640745684248 0
    outer loop
      vertex -15.286796562373638 21.213203437626362 0
      vertex -15.286796562373638 21.213203437626362 4.35
      vertex -16.719625547528267 22.555194221436977 0
    endloop
  endfacet
  facet normal -0.6835923000256636 -0.7298640745684248 0
    outer loop
      vertex -16.719625547528267 22.555194221436977 4.35
      vertex -16.719625547528267 22.555194221436977 0
      vertex -15.286796562373638 21.213203437626362 4.35
    endloop
  endfacet
  facet normal -0.7298640745684248 -0.6835923000256636 0
    outer loop
      vertex -13.944805778563023 19.780374452471733 0
      vertex -13.944805778563023 19.780374452471733 4.35
      vertex -15.286796562373638 21.213203437626362 0
    endloop
  endfacet
  facet normal -0.7298640745684248 -0.6835923000256636 0
    outer loop
      vertex -15.286796562373638 21.213203437626362 4.35
      vertex -15.286796562373638 21.213203437626362 0
      vertex -13.944805778563023 19.780374452471733 4.35
    endloop
  endfacet
  facet normal -0.7730104524178223 -0.6343932853150274 0
    outer loop
      vertex -12.699399791657925 18.262842871248722 0
      vertex -12.699399791657925 18.262842871248722 4.35
      vertex -13.944805778563023 19.780374452471733 0
    endloop
  endfacet
  facet normal -0.7730104524178223 -0.6343932853150274 0
    outer loop
      vertex -13.944805778563023 19.780374452471733 4.35
      vertex -13.944805778563023 19.780374452471733 0
      vertex -12.699399791657925 18.262842871248722 4.35
    endloop
  endfacet
  facet normal -0.8128466840361138 -0.5824776976430034 0
    outer loop
      vertex -11.555911630392075 16.667106993496418 0
      vertex -11.555911630392075 16.667106993496418 4.35
      vertex -12.699399791657925 18.262842871248722 0
    endloop
  endfacet
  facet normal -0.8128466840361138 -0.5824776976430034 0
    outer loop
      vertex -12.699399791657925 18.262842871248722 4.35
      vertex -12.699399791657925 18.262842871248722 0
      vertex -11.555911630392075 16.667106993496418 4.35
    endloop
  endfacet
  facet normal -0.8492021813580571 -0.5280678509213731 0
    outer loop
      vertex -10.519237883388996 15 0
      vertex -10.519237883388996 15 4.35
      vertex -11.555911630392075 16.667106993496418 0
    endloop
  endfacet
  facet normal -0.8492021813580571 -0.5280678509213731 0
    outer loop
      vertex -11.555911630392075 16.667106993496418 4.35
      vertex -11.555911630392075 16.667106993496418 0
      vertex -10.519237883388996 15 4.35
    endloop
  endfacet
  facet normal -0.8819212650259368 -0.4713967355583311 0
    outer loop
      vertex -9.593817755579948 13.268660709261894 0
      vertex -9.593817755579948 13.268660709261894 4.35
      vertex -10.519237883388996 15 0
    endloop
  endfacet
  facet normal -0.8819212650259368 -0.4713967355583311 0
    outer loop
      vertex -10.519237883388996 15 4.35
      vertex -10.519237883388996 15 0
      vertex -9.593817755579948 13.268660709261894 4.35
    endloop
  endfacet
  facet normal -0.9108638248666291 -0.412707029924782 0
    outer loop
      vertex -8.78361402451992 11.480502970516682 0
      vertex -8.78361402451992 11.480502970516682 4.35
      vertex -9.593817755579948 13.268660709261894 0
    endloop
  endfacet
  facet normal -0.9108638248666291 -0.412707029924782 0
    outer loop
      vertex -9.593817755579948 13.268660709261894 4.35
      vertex -9.593817755579948 13.268660709261894 0
      vertex -8.78361402451992 11.480502970516682 4.35
    endloop
  endfacet
  facet normal -0.9359059261846493 -0.35225004944279825 0
    outer loop
      vertex -8.092096112668514 9.643183961510658 0
      vertex -8.092096112668514 9.643183961510658 4.35
      vertex -8.78361402451992 11.480502970516682 0
    endloop
  endfacet
  facet normal -0.9359059261846493 -0.35225004944279825 0
    outer loop
      vertex -8.78361402451992 11.480502970516682 4.35
      vertex -8.78361402451992 11.480502970516682 0
      vertex -8.092096112668514 9.643183961510658 4.35
    endloop
  endfacet
  facet normal -0.956940335767022 -0.29028467713969897 0
    outer loop
      vertex -7.522225208580494 7.764571353793144 0
      vertex -7.522225208580494 7.764571353793144 4.35
      vertex -8.092096112668514 9.643183961510658 0
    endloop
  endfacet
  facet normal -0.956940335767022 -0.29028467713969897 0
    outer loop
      vertex -8.092096112668514 9.643183961510658 4.35
      vertex -8.092096112668514 9.643183961510658 0
      vertex -7.522225208580494 7.764571353793144 4.35
    endloop
  endfacet
  facet normal -0.9738769794468604 -0.22707626230731257 0
    outer loop
      vertex -7.076441586017609 5.852709658443928 0
      vertex -7.076441586017609 5.852709658443928 4.35
      vertex -7.522225208580494 7.764571353793144 0
    endloop
  endfacet
  facet normal -0.9738769794468604 -0.22707626230731257 0
    outer loop
      vertex -7.522225208580494 7.764571353793144 4.35
      vertex -7.522225208580494 7.764571353793144 0
      vertex -7.076441586017609 5.852709658443928 4.35
    endloop
  endfacet
  facet normal -0.9866433321592996 -0.1628954729438304 0
    outer loop
      vertex -6.756654158234596 3.9157857671380043 0
      vertex -6.756654158234596 3.9157857671380043 4.35
      vertex -7.076441586017609 5.852709658443928 0
    endloop
  endfacet
  facet normal -0.9866433321592996 -0.1628954729438304 0
    outer loop
      vertex -7.076441586017609 5.852709658443928 4.35
      vertex -7.076441586017609 5.852709658443928 0
      vertex -6.756654158234596 3.9157857671380043 4.35
    endloop
  endfacet
  facet normal -0.9951847268043855 -0.0980171389874271 0
    outer loop
      vertex -6.564232304692268 1.9620938748121262 0
      vertex -6.564232304692268 1.9620938748121262 4.35
      vertex -6.756654158234596 3.9157857671380043 0
    endloop
  endfacet
  facet normal -0.9951847268043855 -0.0980171389874271 0
    outer loop
      vertex -6.756654158234596 3.9157857671380043 4.35
      vertex -6.756654158234596 3.9157857671380043 0
      vertex -6.564232304692268 1.9620938748121262 4.35
    endloop
  endfacet
  facet normal -0.9994645874444017 -0.032719083798173614 0
    outer loop
      vertex -6.5 0 0
      vertex -6.5 0 4.35
      vertex -6.564232304692268 1.9620938748121262 0
    endloop
  endfacet
  facet normal -0.9994645874444017 -0.032719083798173614 0
    outer loop
      vertex -6.564232304692268 1.9620938748121262 4.35
      vertex -6.564232304692268 1.9620938748121262 0
      vertex -6.5 0 4.35
    endloop
  endfacet
  facet normal -0.9994645874444017 0.032719083798173614 0
    outer loop
      vertex -6.564232304692268 -1.9620938748121262 0
      vertex -6.564232304692268 -1.9620938748121262 4.35
      vertex -6.5 0 0
    endloop
  endfacet
  facet normal -0.9994645874444017 0.032719083798173614 0
    outer loop
      vertex -6.5 0 4.35
      vertex -6.5 0 0
      vertex -6.564232304692268 -1.9620938748121262 4.35
    endloop
  endfacet
  facet normal -0.9951847268043855 0.0980171389874271 0
    outer loop
      vertex -6.756654158234596 -3.9157857671380043 0
      vertex -6.756654158234596 -3.9157857671380043 4.35
      vertex -6.564232304692268 -1.9620938748121262 0
    endloop
  endfacet
  facet normal -0.9951847268043855 0.0980171389874271 0
    outer loop
      vertex -6.564232304692268 -1.9620938748121262 4.35
      vertex -6.564232304692268 -1.9620938748121262 0
      vertex -6.756654158234596 -3.9157857671380043 4.35
    endloop
  endfacet
  facet normal -0.9866433321592996 0.1628954729438304 0
    outer loop
      vertex -7.076441586017609 -5.852709658443928 0
      vertex -7.076441586017609 -5.852709658443928 4.35
      vertex -6.756654158234596 -3.9157857671380043 0
    endloop
  endfacet
  facet normal -0.9866433321592996 0.1628954729438304 0
    outer loop
      vertex -6.756654158234596 -3.9157857671380043 4.35
      vertex -6.756654158234596 -3.9157857671380043 0
      vertex -7.076441586017609 -5.852709658443928 4.35
    endloop
  endfacet
  facet normal -0.9738769794468604 0.22707626230731257 0
    outer loop
      vertex -7.522225208580494 -7.764571353793144 0
      vertex -7.522225208580494 -7.764571353793144 4.35
      vertex -7.076441586017609 -5.852709658443928 0
    endloop
  endfacet
  facet normal -0.9738769794468604 0.22707626230731257 0
    outer loop
      vertex -7.076441586017609 -5.852709658443928 4.35
      vertex -7.076441586017609 -5.852709658443928 0
      vertex -7.522225208580494 -7.764571353793144 4.35
    endloop
  endfacet
  facet normal -0.956940335767022 0.29028467713969897 0
    outer loop
      vertex -8.092096112668514 -9.643183961510658 0
      vertex -8.092096112668514 -9.643183961510658 4.35
      vertex -7.522225208580494 -7.764571353793144 0
    endloop
  endfacet
  facet normal -0.956940335767022 0.29028467713969897 0
    outer loop
      vertex -7.522225208580494 -7.764571353793144 4.35
      vertex -7.522225208580494 -7.764571353793144 0
      vertex -8.092096112668514 -9.643183961510658 4.35
    endloop
  endfacet
  facet normal -0.9359059261846493 0.35225004944279825 0
    outer loop
      vertex -8.78361402451992 -11.480502970516682 0
      vertex -8.78361402451992 -11.480502970516682 4.35
      vertex -8.092096112668514 -9.643183961510658 0
    endloop
  endfacet
  facet normal -0.9359059261846493 0.35225004944279825 0
    outer loop
      vertex -8.092096112668514 -9.643183961510658 4.35
      vertex -8.092096112668514 -9.643183961510658 0
      vertex -8.78361402451992 -11.480502970516682 4.35
    endloop
  endfacet
  facet normal -0.9108638248666291 0.412707029924782 0
    outer loop
      vertex -9.593817755579948 -13.268660709261894 0
      vertex -9.593817755579948 -13.268660709261894 4.35
      vertex -8.78361402451992 -11.480502970516682 0
    endloop
  endfacet
  facet normal -0.9108638248666291 0.412707029924782 0
    outer loop
      vertex -8.78361402451992 -11.480502970516682 4.35
      vertex -8.78361402451992 -11.480502970516682 0
      vertex -9.593817755579948 -13.268660709261894 4.35
    endloop
  endfacet
  facet normal -0.8819212650259368 0.4713967355583311 0
    outer loop
      vertex -10.519237883388996 -15 0
      vertex -10.519237883388996 -15 4.35
      vertex -9.593817755579948 -13.268660709261894 0
    endloop
  endfacet
  facet normal -0.8819212650259368 0.4713967355583311 0
    outer loop
      vertex -9.593817755579948 -13.268660709261894 4.35
      vertex -9.593817755579948 -13.268660709261894 0
      vertex -10.519237883388996 -15 4.35
    endloop
  endfacet
  facet normal -0.8492021813580571 0.5280678509213731 0
    outer loop
      vertex -11.555911630392075 -16.667106993496418 0
      vertex -11.555911630392075 -16.667106993496418 4.35
      vertex -10.519237883388996 -15 0
    endloop
  endfacet
  facet normal -0.8492021813580571 0.5280678509213731 0
    outer loop
      vertex -10.519237883388996 -15 4.35
      vertex -10.519237883388996 -15 0
      vertex -11.555911630392075 -16.667106993496418 4.35
    endloop
  endfacet
  facet normal -0.8128466840361138 0.5824776976430034 0
    outer loop
      vertex -12.699399791657925 -18.262842871248722 0
      vertex -12.699399791657925 -18.262842871248722 4.35
      vertex -11.555911630392075 -16.667106993496418 0
    endloop
  endfacet
  facet normal -0.8128466840361138 0.5824776976430034 0
    outer loop
      vertex -11.555911630392075 -16.667106993496418 4.35
      vertex -11.555911630392075 -16.667106993496418 0
      vertex -12.699399791657925 -18.262842871248722 4.35
    endloop
  endfacet
  facet normal -0.7730104524178223 0.6343932853150274 0
    outer loop
      vertex -13.944805778563023 -19.780374452471733 0
      vertex -13.944805778563023 -19.780374452471733 4.35
      vertex -12.699399791657925 -18.262842871248722 0
    endloop
  endfacet
  facet normal -0.7730104524178223 0.6343932853150274 0
    outer loop
      vertex -12.699399791657925 -18.262842871248722 4.35
      vertex -12.699399791657925 -18.262842871248722 0
      vertex -13.944805778563023 -19.780374452471733 4.35
    endloop
  endfacet
  facet normal -0.7298640745684248 0.6835923000256636 0
    outer loop
      vertex -15.286796562373638 -21.213203437626362 0
      vertex -15.286796562373638 -21.213203437626362 4.35
      vertex -13.944805778563023 -19.780374452471733 0
    endloop
  endfacet
  facet normal -0.7298640745684248 0.6835923000256636 0
    outer loop
      vertex -13.944805778563023 -19.780374452471733 4.35
      vertex -13.944805778563023 -19.780374452471733 0
      vertex -15.286796562373638 -21.213203437626362 4.35
    endloop
  endfacet
  facet normal -0.6835923000256636 0.7298640745684248 0
    outer loop
      vertex -16.719625547528267 -22.555194221436977 0
      vertex -16.719625547528267 -22.555194221436977 4.35
      vertex -15.286796562373638 -21.213203437626362 0
    endloop
  endfacet
  facet normal -0.6835923000256636 0.7298640745684248 0
    outer loop
      vertex -15.286796562373638 -21.213203437626362 4.35
      vertex -15.286796562373638 -21.213203437626362 0
      vertex -16.719625547528267 -22.555194221436977 4.35
    endloop
  endfacet
  facet normal -0.6343932853150274 0.7730104524178223 0
    outer loop
      vertex -18.237157128751278 -23.800600208342075 0
      vertex -18.237157128751278 -23.800600208342075 4.35
      vertex -16.719625547528267 -22.555194221436977 0
    endloop
  endfacet
  facet normal -0.6343932853150274 0.7730104524178223 0
    outer loop
      vertex -16.719625547528267 -22.555194221436977 4.35
      vertex -16.719625547528267 -22.555194221436977 0
      vertex -18.237157128751278 -23.800600208342075 4.35
    endloop
  endfacet
  facet normal -0.5824776976430034 0.8128466840361138 0
    outer loop
      vertex -19.832893006503582 -24.944088369607925 0
      vertex -19.832893006503582 -24.944088369607925 4.35
      vertex -18.237157128751278 -23.800600208342075 0
    endloop
  endfacet
  facet normal -0.5824776976430034 0.8128466840361138 0
    outer loop
      vertex -18.237157128751278 -23.800600208342075 4.35
      vertex -18.237157128751278 -23.800600208342075 0
      vertex -19.832893006503582 -24.944088369607925 4.35
    endloop
  endfacet
  facet normal -0.5280678509213731 0.8492021813580571 0
    outer loop
      vertex -21.5 -25.980762116611004 0
      vertex -21.5 -25.980762116611004 4.35
      vertex -19.832893006503582 -24.944088369607925 0
    endloop
  endfacet
  facet normal -0.5280678509213731 0.8492021813580571 0
    outer loop
      vertex -19.832893006503582 -24.944088369607925 4.35
      vertex -19.832893006503582 -24.944088369607925 0
      vertex -21.5 -25.980762116611004 4.35
    endloop
  endfacet
  facet normal -0.4713967355583311 0.8819212650259368 0
    outer loop
      vertex -23.231339290738106 -26.90618224442005 0
      vertex -23.231339290738106 -26.90618224442005 4.35
      vertex -21.5 -25.980762116611004 0
    endloop
  endfacet
  facet normal -0.4713967355583311 0.8819212650259368 0
    outer loop
      vertex -21.5 -25.980762116611004 4.35
      vertex -21.5 -25.980762116611004 0
      vertex -23.231339290738106 -26.90618224442005 4.35
    endloop
  endfacet
  facet normal -0.412707029924782 0.9108638248666291 0
    outer loop
      vertex -25.01949702948332 -27.71638597548008 0
      vertex -25.01949702948332 -27.71638597548008 4.35
      vertex -23.231339290738106 -26.90618224442005 0
    endloop
  endfacet
  facet normal -0.412707029924782 0.9108638248666291 0
    outer loop
      vertex -23.231339290738106 -26.90618224442005 4.35
      vertex -23.231339290738106 -26.90618224442005 0
      vertex -25.01949702948332 -27.71638597548008 4.35
    endloop
  endfacet
  facet normal -0.35225004944279825 0.9359059261846493 0
    outer loop
      vertex -26.85681603848934 -28.407903887331486 0
      vertex -26.85681603848934 -28.407903887331486 4.35
      vertex -25.01949702948332 -27.71638597548008 0
    endloop
  endfacet
  facet normal -0.35225004944279825 0.9359059261846493 0
    outer loop
      vertex -25.01949702948332 -27.71638597548008 4.35
      vertex -25.01949702948332 -27.71638597548008 0
      vertex -26.85681603848934 -28.407903887331486 4.35
    endloop
  endfacet
  facet normal -0.29028467713969897 0.956940335767022 0
    outer loop
      vertex -28.735428646206856 -28.977774791419506 0
      vertex -28.735428646206856 -28.977774791419506 4.35
      vertex -26.85681603848934 -28.407903887331486 0
    endloop
  endfacet
  facet normal -0.29028467713969897 0.956940335767022 0
    outer loop
      vertex -26.85681603848934 -28.407903887331486 4.35
      vertex -26.85681603848934 -28.407903887331486 0
      vertex -28.735428646206856 -28.977774791419506 4.35
    endloop
  endfacet
  facet normal -0.22707626230731257 0.9738769794468604 0
    outer loop
      vertex -30.647290341556072 -29.42355841398239 0
      vertex -30.647290341556072 -29.42355841398239 4.35
      vertex -28.735428646206856 -28.977774791419506 0
    endloop
  endfacet
  facet normal -0.22707626230731257 0.9738769794468604 0
    outer loop
      vertex -28.735428646206856 -28.977774791419506 4.35
      vertex -28.735428646206856 -28.977774791419506 0
      vertex -30.647290341556072 -29.42355841398239 4.35
    endloop
  endfacet
  facet normal -0.1628954729438304 0.9866433321592996 0
    outer loop
      vertex -32.584214232861996 -29.743345841765404 0
      vertex -32.584214232861996 -29.743345841765404 4.35
      vertex -30.647290341556072 -29.42355841398239 0
    endloop
  endfacet
  facet normal -0.1628954729438304 0.9866433321592996 0
    outer loop
      vertex -30.647290341556072 -29.42355841398239 4.35
      vertex -30.647290341556072 -29.42355841398239 0
      vertex -32.584214232861996 -29.743345841765404 4.35
    endloop
  endfacet
  facet normal -0.09801708617748772 0.9951847320057091 0
    outer loop
      vertex -32.71368031203747 -29.75609713047743 0
      vertex -32.71368031203747 -29.75609713047743 4.35
      vertex -32.584214232861996 -29.743345841765404 0
    endloop
  endfacet
  facet normal -0.09801708617748772 0.9951847320057091 0
    outer loop
      vertex -32.584214232861996 -29.743345841765404 4.35
      vertex -32.584214232861996 -29.743345841765404 0
      vertex -32.71368031203747 -29.75609713047743 4.35
    endloop
  endfacet
  facet normal -0.9108638577762062 -0.41270695729178986 0
    outer loop
      vertex -32.667465031147 -29.858096450567245 0
      vertex -32.667465031147 -29.858096450567245 4.35
      vertex -32.71368031203747 -29.75609713047743 0
    endloop
  endfacet
  facet normal -0.9108638577762062 -0.41270695729178986 0
    outer loop
      vertex -32.71368031203747 -29.75609713047743 4.35
      vertex -32.71368031203747 -29.75609713047743 0
      vertex -32.667465031147 -29.858096450567245 4.35
    endloop
  endfacet
  facet normal -0.9359059348001255 -0.352250026552026 0
    outer loop
      vertex -32.61675371974707 -29.99283318221569 0
      vertex -32.61675371974707 -29.99283318221569 4.35
      vertex -32.667465031147 -29.858096450567245 0
    endloop
  endfacet
  facet normal -0.9359059348001255 -0.352250026552026 0
    outer loop
      vertex -32.667465031147 -29.858096450567245 4.35
      vertex -32.667465031147 -29.858096450567245 0
      vertex -32.61675371974707 -29.99283318221569 4.35
    endloop
  endfacet
  facet normal -0.9569403261936907 -0.2902847086987408 0
    outer loop
      vertex -32.57496318221092 -30.130598105490208 0
      vertex -32.57496318221092 -30.130598105490208 4.35
      vertex -32.61675371974707 -29.99283318221569 0
    endloop
  endfacet
  facet normal -0.9569403261936907 -0.2902847086987408 0
    outer loop
      vertex -32.61675371974707 -29.99283318221569 4.35
      vertex -32.61675371974707 -29.99283318221569 0
      vertex -32.57496318221092 -30.130598105490208 4.35
    endloop
  endfacet
  facet normal -0.9738769862109585 -0.22707623329767604 0
    outer loop
      vertex -32.54227238893509 -30.270801290869713 0
      vertex -32.54227238893509 -30.270801290869713 4.35
      vertex -32.57496318221092 -30.130598105490208 0
    endloop
  endfacet
  facet normal -0.9738769862109585 -0.22707623329767604 0
    outer loop
      vertex -32.57496318221092 -30.130598105490208 4.35
      vertex -32.57496318221092 -30.130598105490208 0
      vertex -32.54227238893509 -30.270801290869713 4.35
    endloop
  endfacet
  facet normal -0.9866433276091399 -0.16289550050373786 0
    outer loop
      vertex -32.51882130652666 -30.412842378020287 0
      vertex -32.51882130652666 -30.412842378020287 4.35
      vertex -32.54227238893509 -30.270801290869713 0
    endloop
  endfacet
  facet normal -0.9866433276091399 -0.16289550050373786 0
    outer loop
      vertex -32.54227238893509 -30.270801290869713 4.35
      vertex -32.54227238893509 -30.270801290869713 0
      vertex -32.51882130652666 -30.412842378020287 4.35
    endloop
  endfacet
  facet normal -0.995184725569599 -0.09801715152442476 0
    outer loop
      vertex -32.504710368812084 -30.556113116443157 0
      vertex -32.504710368812084 -30.556113116443157 4.35
      vertex -32.51882130652666 -30.412842378020287 0
    endloop
  endfacet
  facet normal -0.995184725569599 -0.09801715152442476 0
    outer loop
      vertex -32.51882130652666 -30.412842378020287 4.35
      vertex -32.51882130652666 -30.412842378020287 0
      vertex -32.504710368812084 -30.556113116443157 4.35
    endloop
  endfacet
  facet normal -0.9994645875072616 -0.032719081877998255 0
    outer loop
      vertex -32.5 -30.700000002980232 0
      vertex -32.5 -30.700000002980232 4.35
      vertex -32.504710368812084 -30.556113116443157 0
    endloop
  endfacet
  facet normal -0.9994645875072616 -0.032719081877998255 0
    outer loop
      vertex -32.504710368812084 -30.556113116443157 4.35
      vertex -32.504710368812084 -30.556113116443157 0
      vertex -32.5 -30.700000002980232 4.35
    endloop
  endfacet
  facet normal -1 0 0
    outer loop
      vertex -32.5 -36.29999999701977 0
      vertex -32.5 -36.29999999701977 4.35
      vertex -32.5 -30.700000002980232 0
    endloop
  endfacet
  facet normal -1 0 0
    outer loop
      vertex -32.5 -30.700000002980232 4.35
      vertex -32.5 -30.700000002980232 0
      vertex -32.5 -36.29999999701977 4.35
    endloop
  endfacet
  facet normal -0.9994645875072616 0.032719081877998255 0
    outer loop
      vertex -32.504710368812084 -36.44388688355684 0
      vertex -32.504710368812084 -36.44388688355684 4.35
      vertex -32.5 -36.29999999701977 0
    endloop
  endfacet
  facet normal -0.9994645875072616 0.032719081877998255 0
    outer loop
      vertex -32.5 -36.29999999701977 4.35
      vertex -32.5 -36.29999999701977 0
      vertex -32.504710368812084 -36.44388688355684 4.35
    endloop
  endfacet
  facet normal -0.995184725569599 0.09801715152442476 0
    outer loop
      vertex -32.51882130652666 -36.58715762197971 0
      vertex -32.51882130652666 -36.58715762197971 4.35
      vertex -32.504710368812084 -36.44388688355684 0
    endloop
  endfacet
  facet normal -0.995184725569599 0.09801715152442476 0
    outer loop
      vertex -32.504710368812084 -36.44388688355684 4.35
      vertex -32.504710368812084 -36.44388688355684 0
      vertex -32.51882130652666 -36.58715762197971 4.35
    endloop
  endfacet
  facet normal -0.9866433276091399 0.16289550050373786 0
    outer loop
      vertex -32.54227238893509 -36.72919870913029 0
      vertex -32.54227238893509 -36.72919870913029 4.35
      vertex -32.51882130652666 -36.58715762197971 0
    endloop
  endfacet
  facet normal -0.9866433276091399 0.16289550050373786 0
    outer loop
      vertex -32.51882130652666 -36.58715762197971 4.35
      vertex -32.51882130652666 -36.58715762197971 0
      vertex -32.54227238893509 -36.72919870913029 4.35
    endloop
  endfacet
  facet normal -0.9738769862109585 0.22707623329767604 0
    outer loop
      vertex -32.57496318221092 -36.86940189450979 0
      vertex -32.57496318221092 -36.86940189450979 4.35
      vertex -32.54227238893509 -36.72919870913029 0
    endloop
  endfacet
  facet normal -0.9738769862109585 0.22707623329767604 0
    outer loop
      vertex -32.54227238893509 -36.72919870913029 4.35
      vertex -32.54227238893509 -36.72919870913029 0
      vertex -32.57496318221092 -36.86940189450979 4.35
    endloop
  endfacet
  facet normal -0.9569403261936907 0.2902847086987408 0
    outer loop
      vertex -32.61675371974707 -37.00716681778431 0
      vertex -32.61675371974707 -37.00716681778431 4.35
      vertex -32.57496318221092 -36.86940189450979 0
    endloop
  endfacet
  facet normal -0.9569403261936907 0.2902847086987408 0
    outer loop
      vertex -32.57496318221092 -36.86940189450979 4.35
      vertex -32.57496318221092 -36.86940189450979 0
      vertex -32.61675371974707 -37.00716681778431 4.35
    endloop
  endfacet
  facet normal -0.9359059348001255 0.352250026552026 0
    outer loop
      vertex -32.667465031147 -37.141903549432755 0
      vertex -32.667465031147 -37.141903549432755 4.35
      vertex -32.61675371974707 -37.00716681778431 0
    endloop
  endfacet
  facet normal -0.9359059348001255 0.352250026552026 0
    outer loop
      vertex -32.61675371974707 -37.00716681778431 4.35
      vertex -32.61675371974707 -37.00716681778431 0
      vertex -32.667465031147 -37.141903549432755 4.35
    endloop
  endfacet
  facet normal -0.9108638300445371 0.4127070184968952 0
    outer loop
      vertex -32.726879969239235 -37.2730351164937 0
      vertex -32.726879969239235 -37.2730351164937 4.35
      vertex -32.667465031147 -37.141903549432755 0
    endloop
  endfacet
  facet normal -0.9108638300445371 0.4127070184968952 0
    outer loop
      vertex -32.667465031147 -37.141903549432755 4.35
      vertex -32.667465031147 -37.141903549432755 0
      vertex -32.726879969239235 -37.2730351164937 4.35
    endloop
  endfacet
  facet normal -0.8819212671033585 0.4713967316717486 0
    outer loop
      vertex -32.79474411159754 -37.399999998509884 0
      vertex -32.79474411159754 -37.399999998509884 4.35
      vertex -32.726879969239235 -37.2730351164937 0
    endloop
  endfacet
  facet normal -0.8819212671033585 0.4713967316717486 0
    outer loop
      vertex -32.726879969239235 -37.2730351164937 4.35
      vertex -32.726879969239235 -37.2730351164937 0
      vertex -32.79474411159754 -37.399999998509884 4.35
    endloop
  endfacet
  facet normal -0.8492021735219449 0.5280678635228664 0
    outer loop
      vertex -32.87076685577631 -37.52225451171398 0
      vertex -32.87076685577631 -37.52225451171398 4.35
      vertex -32.79474411159754 -37.399999998509884 0
    endloop
  endfacet
  facet normal -0.8492021735219449 0.5280678635228664 0
    outer loop
      vertex -32.79474411159754 -37.399999998509884 4.35
      vertex -32.79474411159754 -37.399999998509884 0
      vertex -32.87076685577631 -37.52225451171398 4.35
    endloop
  endfacet
  facet normal -0.8128466740119754 0.5824777116316723 0
    outer loop
      vertex -32.95462265610695 -37.63927514106035 0
      vertex -32.95462265610695 -37.63927514106035 4.35
      vertex -32.87076685577631 -37.52225451171398 0
    endloop
  endfacet
  facet normal -0.8128466740119754 0.5824777116316723 0
    outer loop
      vertex -32.87076685577631 -37.52225451171398 4.35
      vertex -32.87076685577631 -37.52225451171398 0
      vertex -32.95462265610695 -37.63927514106035 4.35
    endloop
  endfacet
  facet normal -0.7730104661530045 0.6343932685786593 0
    outer loop
      vertex -33.045952424407005 -37.75056079030037 0
      vertex -33.045952424407005 -37.75056079030037 4.35
      vertex -32.95462265610695 -37.63927514106035 0
    endloop
  endfacet
  facet normal -0.7730104661530045 0.6343932685786593 0
    outer loop
      vertex -32.95462265610695 -37.63927514106035 4.35
      vertex -32.95462265610695 -37.63927514106035 0
      vertex -33.045952424407005 -37.75056079030037 4.35
    endloop
  endfacet
  facet normal -0.7298640464865995 0.6835923300083221 0
    outer loop
      vertex -33.14436508715153 -37.85563491284847 0
      vertex -33.14436508715153 -37.85563491284847 4.35
      vertex -33.045952424407005 -37.75056079030037 0
    endloop
  endfacet
  facet normal -0.7298640464865995 0.6835923300083221 0
    outer loop
      vertex -33.045952424407005 -37.75056079030037 4.35
      vertex -33.045952424407005 -37.75056079030037 0
      vertex -33.14436508715153 -37.85563491284847 4.35
    endloop
  endfacet
  facet normal -0.6835923300083221 0.7298640464865995 0
    outer loop
      vertex -33.24943920969963 -37.954047575592995 0
      vertex -33.24943920969963 -37.954047575592995 4.35
      vertex -33.14436508715153 -37.85563491284847 0
    endloop
  endfacet
  facet normal -0.6835923300083221 0.7298640464865995 0
    outer loop
      vertex -33.14436508715153 -37.85563491284847 4.35
      vertex -33.14436508715153 -37.85563491284847 0
      vertex -33.24943920969963 -37.954047575592995 4.35
    endloop
  endfacet
  facet normal -0.6343932685786593 0.7730104661530045 0
    outer loop
      vertex -33.36072485893965 -38.04537734389305 0
      vertex -33.36072485893965 -38.04537734389305 4.35
      vertex -33.24943920969963 -37.954047575592995 0
    endloop
  endfacet
  facet normal -0.6343932685786593 0.7730104661530045 0
    outer loop
      vertex -33.24943920969963 -37.954047575592995 4.35
      vertex -33.24943920969963 -37.954047575592995 0
      vertex -33.36072485893965 -38.04537734389305 4.35
    endloop
  endfacet
  facet normal -0.5824777116316723 0.8128466740119754 0
    outer loop
      vertex -33.47774548828602 -38.12923314422369 0
      vertex -33.47774548828602 -38.12923314422369 4.35
      vertex -33.36072485893965 -38.04537734389305 0
    endloop
  endfacet
  facet normal -0.5824777116316723 0.8128466740119754 0
    outer loop
      vertex -33.36072485893965 -38.04537734389305 4.35
      vertex -33.36072485893965 -38.04537734389305 0
      vertex -33.47774548828602 -38.12923314422369 4.35
    endloop
  endfacet
  facet normal -0.5280678635228664 0.8492021735219449 0
    outer loop
      vertex -33.600000001490116 -38.20525588840246 0
      vertex -33.600000001490116 -38.20525588840246 4.35
      vertex -33.47774548828602 -38.12923314422369 0
    endloop
  endfacet
  facet normal -0.5280678635228664 0.8492021735219449 0
    outer loop
      vertex -33.47774548828602 -38.12923314422369 4.35
      vertex -33.47774548828602 -38.12923314422369 0
      vertex -33.600000001490116 -38.20525588840246 4.35
    endloop
  endfacet
  facet normal -0.4713967316717486 0.8819212671033585 0
    outer loop
      vertex -33.7269648835063 -38.273120030760765 0
      vertex -33.7269648835063 -38.273120030760765 4.35
      vertex -33.600000001490116 -38.20525588840246 0
    endloop
  endfacet
  facet normal -0.4713967316717486 0.8819212671033585 0
    outer loop
      vertex -33.600000001490116 -38.20525588840246 4.35
      vertex -33.600000001490116 -38.20525588840246 0
      vertex -33.7269648835063 -38.273120030760765 4.35
    endloop
  endfacet
  facet normal -0.4127070184968952 0.9108638300445371 0
    outer loop
      vertex -33.858096450567245 -38.332534968853 0
      vertex -33.858096450567245 -38.332534968853 4.35
      vertex -33.7269648835063 -38.273120030760765 0
    endloop
  endfacet
  facet normal -0.4127070184968952 0.9108638300445371 0
    outer loop
      vertex -33.7269648835063 -38.273120030760765 4.35
      vertex -33.7269648835063 -38.273120030760765 0
      vertex -33.858096450567245 -38.332534968853 4.35
    endloop
  endfacet
  facet normal -0.352250026552026 0.9359059348001255 0
    outer loop
      vertex -33.99283318221569 -38.38324628025293 0
      vertex -33.99283318221569 -38.38324628025293 4.35
      vertex -33.858096450567245 -38.332534968853 0
    endloop
  endfacet
  facet normal -0.352250026552026 0.9359059348001255 0
    outer loop
      vertex -33.858096450567245 -38.332534968853 4.35
      vertex -33.858096450567245 -38.332534968853 0
      vertex -33.99283318221569 -38.38324628025293 4.35
    endloop
  endfacet
  facet normal -0.2902847086987408 0.9569403261936907 0
    outer loop
      vertex -34.13059810549021 -38.42503681778908 0
      vertex -34.13059810549021 -38.42503681778908 4.35
      vertex -33.99283318221569 -38.38324628025293 0
    endloop
  endfacet
  facet normal -0.2902847086987408 0.9569403261936907 0
    outer loop
      vertex -33.99283318221569 -38.38324628025293 4.35
      vertex -33.99283318221569 -38.38324628025293 0
      vertex -34.13059810549021 -38.42503681778908 4.35
    endloop
  endfacet
  facet normal -0.22707623329767604 0.9738769862109585 0
    outer loop
      vertex -34.27080129086971 -38.45772761106491 0
      vertex -34.27080129086971 -38.45772761106491 4.35
      vertex -34.13059810549021 -38.42503681778908 0
    endloop
  endfacet
  facet normal -0.22707623329767604 0.9738769862109585 0
    outer loop
      vertex -34.13059810549021 -38.42503681778908 4.35
      vertex -34.13059810549021 -38.42503681778908 0
      vertex -34.27080129086971 -38.45772761106491 4.35
    endloop
  endfacet
  facet normal -0.16289550050373786 0.9866433276091399 0
    outer loop
      vertex -34.41284237802029 -38.48117869347334 0
      vertex -34.41284237802029 -38.48117869347334 4.35
      vertex -34.27080129086971 -38.45772761106491 0
    endloop
  endfacet
  facet normal -0.16289550050373786 0.9866433276091399 0
    outer loop
      vertex -34.27080129086971 -38.45772761106491 4.35
      vertex -34.27080129086971 -38.45772761106491 0
      vertex -34.41284237802029 -38.48117869347334 4.35
    endloop
  endfacet
  facet normal -0.09801715152442476 0.995184725569599 0
    outer loop
      vertex -34.55611311644316 -38.495289631187916 0
      vertex -34.55611311644316 -38.495289631187916 4.35
      vertex -34.41284237802029 -38.48117869347334 0
    endloop
  endfacet
  facet normal -0.09801715152442476 0.995184725569599 0
    outer loop
      vertex -34.41284237802029 -38.48117869347334 4.35
      vertex -34.41284237802029 -38.48117869347334 0
      vertex -34.55611311644316 -38.495289631187916 4.35
    endloop
  endfacet
  facet normal -0.032719081877998255 0.9994645875072616 0
    outer loop
      vertex -34.70000000298023 -38.5 0
      vertex -34.70000000298023 -38.5 4.35
      vertex -34.55611311644316 -38.495289631187916 0
    endloop
  endfacet
  facet normal -0.032719081877998255 0.9994645875072616 0
    outer loop
      vertex -34.55611311644316 -38.495289631187916 4.35
      vertex -34.55611311644316 -38.495289631187916 0
      vertex -34.70000000298023 -38.5 4.35
    endloop
  endfacet
  facet normal 0 1 0
    outer loop
      vertex -38.29999999701977 -38.5 0
      vertex -38.29999999701977 -38.5 4.35
      vertex -34.70000000298023 -38.5 0
    endloop
  endfacet
  facet normal 0 1 0
    outer loop
      vertex -34.70000000298023 -38.5 4.35
      vertex -34.70000000298023 -38.5 0
      vertex -38.29999999701977 -38.5 4.35
    endloop
  endfacet
  facet normal 0.032719081877998255 0.9994645875072616 0
    outer loop
      vertex 34.55611311644316 -38.495289631187916 0
      vertex 34.55611311644316 -38.495289631187916 4.35
      vertex 34.70000000298023 -38.5 0
    endloop
  endfacet
  facet normal 0.032719081877998255 0.9994645875072616 0
    outer loop
      vertex 34.70000000298023 -38.5 4.35
      vertex 34.70000000298023 -38.5 0
      vertex 34.55611311644316 -38.495289631187916 4.35
    endloop
  endfacet
  facet normal 0.09801715152442476 0.995184725569599 0
    outer loop
      vertex 34.41284237802029 -38.48117869347334 0
      vertex 34.41284237802029 -38.48117869347334 4.35
      vertex 34.55611311644316 -38.495289631187916 0
    endloop
  endfacet
  facet normal 0.09801715152442476 0.995184725569599 0
    outer loop
      vertex 34.55611311644316 -38.495289631187916 4.35
      vertex 34.55611311644316 -38.495289631187916 0
      vertex 34.41284237802029 -38.48117869347334 4.35
    endloop
  endfacet
  facet normal 0.16289550050373786 0.9866433276091399 0
    outer loop
      vertex 34.27080129086971 -38.45772761106491 0
      vertex 34.27080129086971 -38.45772761106491 4.35
      vertex 34.41284237802029 -38.48117869347334 0
    endloop
  endfacet
  facet normal 0.16289550050373786 0.9866433276091399 0
    outer loop
      vertex 34.41284237802029 -38.48117869347334 4.35
      vertex 34.41284237802029 -38.48117869347334 0
      vertex 34.27080129086971 -38.45772761106491 4.35
    endloop
  endfacet
  facet normal 0.22707623329767604 0.9738769862109585 0
    outer loop
      vertex 34.13059810549021 -38.42503681778908 0
      vertex 34.13059810549021 -38.42503681778908 4.35
      vertex 34.27080129086971 -38.45772761106491 0
    endloop
  endfacet
  facet normal 0.22707623329767604 0.9738769862109585 0
    outer loop
      vertex 34.27080129086971 -38.45772761106491 4.35
      vertex 34.27080129086971 -38.45772761106491 0
      vertex 34.13059810549021 -38.42503681778908 4.35
    endloop
  endfacet
  facet normal 0.2902847086987408 0.9569403261936907 0
    outer loop
      vertex 33.99283318221569 -38.38324628025293 0
      vertex 33.99283318221569 -38.38324628025293 4.35
      vertex 34.13059810549021 -38.42503681778908 0
    endloop
  endfacet
  facet normal 0.2902847086987408 0.9569403261936907 0
    outer loop
      vertex 34.13059810549021 -38.42503681778908 4.35
      vertex 34.13059810549021 -38.42503681778908 0
      vertex 33.99283318221569 -38.38324628025293 4.35
    endloop
  endfacet
  facet normal 0.352250026552026 0.9359059348001255 0
    outer loop
      vertex 33.858096450567245 -38.332534968853 0
      vertex 33.858096450567245 -38.332534968853 4.35
      vertex 33.99283318221569 -38.38324628025293 0
    endloop
  endfacet
  facet normal 0.352250026552026 0.9359059348001255 0
    outer loop
      vertex 33.99283318221569 -38.38324628025293 4.35
      vertex 33.99283318221569 -38.38324628025293 0
      vertex 33.858096450567245 -38.332534968853 4.35
    endloop
  endfacet
  facet normal 0.4127070184968952 0.9108638300445371 0
    outer loop
      vertex 33.7269648835063 -38.273120030760765 0
      vertex 33.7269648835063 -38.273120030760765 4.35
      vertex 33.858096450567245 -38.332534968853 0
    endloop
  endfacet
  facet normal 0.4127070184968952 0.9108638300445371 0
    outer loop
      vertex 33.858096450567245 -38.332534968853 4.35
      vertex 33.858096450567245 -38.332534968853 0
      vertex 33.7269648835063 -38.273120030760765 4.35
    endloop
  endfacet
  facet normal 0.4713967316717486 0.8819212671033585 0
    outer loop
      vertex 33.600000001490116 -38.20525588840246 0
      vertex 33.600000001490116 -38.20525588840246 4.35
      vertex 33.7269648835063 -38.273120030760765 0
    endloop
  endfacet
  facet normal 0.4713967316717486 0.8819212671033585 0
    outer loop
      vertex 33.7269648835063 -38.273120030760765 4.35
      vertex 33.7269648835063 -38.273120030760765 0
      vertex 33.600000001490116 -38.20525588840246 4.35
    endloop
  endfacet
  facet normal 0.5280678635228664 0.8492021735219449 0
    outer loop
      vertex 33.47774548828602 -38.12923314422369 0
      vertex 33.47774548828602 -38.12923314422369 4.35
      vertex 33.600000001490116 -38.20525588840246 0
    endloop
  endfacet
  facet normal 0.5280678635228664 0.8492021735219449 0
    outer loop
      vertex 33.600000001490116 -38.20525588840246 4.35
      vertex 33.600000001490116 -38.20525588840246 0
      vertex 33.47774548828602 -38.12923314422369 4.35
    endloop
  endfacet
  facet normal 0.5824777116316723 0.8128466740119754 0
    outer loop
      vertex 33.36072485893965 -38.04537734389305 0
      vertex 33.36072485893965 -38.04537734389305 4.35
      vertex 33.47774548828602 -38.12923314422369 0
    endloop
  endfacet
  facet normal 0.5824777116316723 0.8128466740119754 0
    outer loop
      vertex 33.47774548828602 -38.12923314422369 4.35
      vertex 33.47774548828602 -38.12923314422369 0
      vertex 33.36072485893965 -38.04537734389305 4.35
    endloop
  endfacet
  facet normal 0.6343932685786593 0.7730104661530045 0
    outer loop
      vertex 33.24943920969963 -37.954047575592995 0
      vertex 33.24943920969963 -37.954047575592995 4.35
      vertex 33.36072485893965 -38.04537734389305 0
    endloop
  endfacet
  facet normal 0.6343932685786593 0.7730104661530045 0
    outer loop
      vertex 33.36072485893965 -38.04537734389305 4.35
      vertex 33.36072485893965 -38.04537734389305 0
      vertex 33.24943920969963 -37.954047575592995 4.35
    endloop
  endfacet
  facet normal 0.6835923300083221 0.7298640464865995 0
    outer loop
      vertex 33.14436508715153 -37.85563491284847 0
      vertex 33.14436508715153 -37.85563491284847 4.35
      vertex 33.24943920969963 -37.954047575592995 0
    endloop
  endfacet
  facet normal 0.6835923300083221 0.7298640464865995 0
    outer loop
      vertex 33.24943920969963 -37.954047575592995 4.35
      vertex 33.24943920969963 -37.954047575592995 0
      vertex 33.14436508715153 -37.85563491284847 4.35
    endloop
  endfacet
  facet normal 0.7298640464865995 0.6835923300083221 0
    outer loop
      vertex 33.045952424407005 -37.75056079030037 0
      vertex 33.045952424407005 -37.75056079030037 4.35
      vertex 33.14436508715153 -37.85563491284847 0
    endloop
  endfacet
  facet normal 0.7298640464865995 0.6835923300083221 0
    outer loop
      vertex 33.14436508715153 -37.85563491284847 4.35
      vertex 33.14436508715153 -37.85563491284847 0
      vertex 33.045952424407005 -37.75056079030037 4.35
    endloop
  endfacet
  facet normal 0.7730104661530045 0.6343932685786593 0
    outer loop
      vertex 32.95462265610695 -37.63927514106035 0
      vertex 32.95462265610695 -37.63927514106035 4.35
      vertex 33.045952424407005 -37.75056079030037 0
    endloop
  endfacet
  facet normal 0.7730104661530045 0.6343932685786593 0
    outer loop
      vertex 33.045952424407005 -37.75056079030037 4.35
      vertex 33.045952424407005 -37.75056079030037 0
      vertex 32.95462265610695 -37.63927514106035 4.35
    endloop
  endfacet
  facet normal 0.8128466740119754 0.5824777116316723 0
    outer loop
      vertex 32.87076685577631 -37.52225451171398 0
      vertex 32.87076685577631 -37.52225451171398 4.35
      vertex 32.95462265610695 -37.63927514106035 0
    endloop
  endfacet
  facet normal 0.8128466740119754 0.5824777116316723 0
    outer loop
      vertex 32.95462265610695 -37.63927514106035 4.35
      vertex 32.95462265610695 -37.63927514106035 0
      vertex 32.87076685577631 -37.52225451171398 4.35
    endloop
  endfacet
  facet normal 0.8492021735219449 0.5280678635228664 0
    outer loop
      vertex 32.79474411159754 -37.399999998509884 0
      vertex 32.79474411159754 -37.399999998509884 4.35
      vertex 32.87076685577631 -37.52225451171398 0
    endloop
  endfacet
  facet normal 0.8492021735219449 0.5280678635228664 0
    outer loop
      vertex 32.87076685577631 -37.52225451171398 4.35
      vertex 32.87076685577631 -37.52225451171398 0
      vertex 32.79474411159754 -37.399999998509884 4.35
    endloop
  endfacet
  facet normal 0.8819212671033585 0.4713967316717486 0
    outer loop
      vertex 32.726879969239235 -37.2730351164937 0
      vertex 32.726879969239235 -37.2730351164937 4.35
      vertex 32.79474411159754 -37.399999998509884 0
    endloop
  endfacet
  facet normal 0.8819212671033585 0.4713967316717486 0
    outer loop
      vertex 32.79474411159754 -37.399999998509884 4.35
      vertex 32.79474411159754 -37.399999998509884 0
      vertex 32.726879969239235 -37.2730351164937 4.35
    endloop
  endfacet
  facet normal 0.9108638300445371 0.4127070184968952 0
    outer loop
      vertex 32.667465031147 -37.141903549432755 0
      vertex 32.667465031147 -37.141903549432755 4.35
      vertex 32.726879969239235 -37.2730351164937 0
    endloop
  endfacet
  facet normal 0.9108638300445371 0.4127070184968952 0
    outer loop
      vertex 32.726879969239235 -37.2730351164937 4.35
      vertex 32.726879969239235 -37.2730351164937 0
      vertex 32.667465031147 -37.141903549432755 4.35
    endloop
  endfacet
  facet normal 0.9359059348001255 0.352250026552026 0
    outer loop
      vertex 32.61675371974707 -37.00716681778431 0
      vertex 32.61675371974707 -37.00716681778431 4.35
      vertex 32.667465031147 -37.141903549432755 0
    endloop
  endfacet
  facet normal 0.9359059348001255 0.352250026552026 0
    outer loop
      vertex 32.667465031147 -37.141903549432755 4.35
      vertex 32.667465031147 -37.141903549432755 0
      vertex 32.61675371974707 -37.00716681778431 4.35
    endloop
  endfacet
  facet normal 0.9569403261936907 0.2902847086987408 0
    outer loop
      vertex 32.57496318221092 -36.86940189450979 0
      vertex 32.57496318221092 -36.86940189450979 4.35
      vertex 32.61675371974707 -37.00716681778431 0
    endloop
  endfacet
  facet normal 0.9569403261936907 0.2902847086987408 0
    outer loop
      vertex 32.61675371974707 -37.00716681778431 4.35
      vertex 32.61675371974707 -37.00716681778431 0
      vertex 32.57496318221092 -36.86940189450979 4.35
    endloop
  endfacet
  facet normal 0.9738769862109585 0.22707623329767604 0
    outer loop
      vertex 32.54227238893509 -36.72919870913029 0
      vertex 32.54227238893509 -36.72919870913029 4.35
      vertex 32.57496318221092 -36.86940189450979 0
    endloop
  endfacet
  facet normal 0.9738769862109585 0.22707623329767604 0
    outer loop
      vertex 32.57496318221092 -36.86940189450979 4.35
      vertex 32.57496318221092 -36.86940189450979 0
      vertex 32.54227238893509 -36.72919870913029 4.35
    endloop
  endfacet
  facet normal 0.9866433276091399 0.16289550050373786 0
    outer loop
      vertex 32.51882130652666 -36.58715762197971 0
      vertex 32.51882130652666 -36.58715762197971 4.35
      vertex 32.54227238893509 -36.72919870913029 0
    endloop
  endfacet
  facet normal 0.9866433276091399 0.16289550050373786 0
    outer loop
      vertex 32.54227238893509 -36.72919870913029 4.35
      vertex 32.54227238893509 -36.72919870913029 0
      vertex 32.51882130652666 -36.58715762197971 4.35
    endloop
  endfacet
  facet normal 0.995184725569599 0.09801715152442476 0
    outer loop
      vertex 32.504710368812084 -36.44388688355684 0
      vertex 32.504710368812084 -36.44388688355684 4.35
      vertex 32.51882130652666 -36.58715762197971 0
    endloop
  endfacet
  facet normal 0.995184725569599 0.09801715152442476 0
    outer loop
      vertex 32.51882130652666 -36.58715762197971 4.35
      vertex 32.51882130652666 -36.58715762197971 0
      vertex 32.504710368812084 -36.44388688355684 4.35
    endloop
  endfacet
  facet normal 0.9994645875072616 0.032719081877998255 0
    outer loop
      vertex 32.5 -36.29999999701977 0
      vertex 32.5 -36.29999999701977 4.35
      vertex 32.504710368812084 -36.44388688355684 0
    endloop
  endfacet
  facet normal 0.9994645875072616 0.032719081877998255 0
    outer loop
      vertex 32.504710368812084 -36.44388688355684 4.35
      vertex 32.504710368812084 -36.44388688355684 0
      vertex 32.5 -36.29999999701977 4.35
    endloop
  endfacet
  facet normal 1 0 0
    outer loop
      vertex 32.5 -30.700000002980232 0
      vertex 32.5 -30.700000002980232 4.35
      vertex 32.5 -36.29999999701977 0
    endloop
  endfacet
  facet normal 1 0 0
    outer loop
      vertex 32.5 -36.29999999701977 4.35
      vertex 32.5 -36.29999999701977 0
      vertex 32.5 -30.700000002980232 4.35
    endloop
  endfacet
  facet normal 0.9994645875072616 -0.032719081877998255 0
    outer loop
      vertex 32.504710368812084 -30.556113116443157 0
      vertex 32.504710368812084 -30.556113116443157 4.35
      vertex 32.5 -30.700000002980232 0
    endloop
  endfacet
  facet normal 0.9994645875072616 -0.032719081877998255 0
    outer loop
      vertex 32.5 -30.700000002980232 4.35
      vertex 32.5 -30.700000002980232 0
      vertex 32.504710368812084 -30.556113116443157 4.35
    endloop
  endfacet
  facet normal 0.995184725569599 -0.09801715152442476 0
    outer loop
      vertex 32.51882130652666 -30.412842378020287 0
      vertex 32.51882130652666 -30.412842378020287 4.35
      vertex 32.504710368812084 -30.556113116443157 0
    endloop
  endfacet
  facet normal 0.995184725569599 -0.09801715152442476 0
    outer loop
      vertex 32.504710368812084 -30.556113116443157 4.35
      vertex 32.504710368812084 -30.556113116443157 0
      vertex 32.51882130652666 -30.412842378020287 4.35
    endloop
  endfacet
  facet normal 0.9866433276091399 -0.16289550050373786 0
    outer loop
      vertex 32.54227238893509 -30.270801290869713 0
      vertex 32.54227238893509 -30.270801290869713 4.35
      vertex 32.51882130652666 -30.412842378020287 0
    endloop
  endfacet
  facet normal 0.9866433276091399 -0.16289550050373786 0
    outer loop
      vertex 32.51882130652666 -30.412842378020287 4.35
      vertex 32.51882130652666 -30.412842378020287 0
      vertex 32.54227238893509 -30.270801290869713 4.35
    endloop
  endfacet
  facet normal 0.9738769862109585 -0.22707623329767604 0
    outer loop
      vertex 32.57496318221092 -30.130598105490208 0
      vertex 32.57496318221092 -30.130598105490208 4.35
      vertex 32.54227238893509 -30.270801290869713 0
    endloop
  endfacet
  facet normal 0.9738769862109585 -0.22707623329767604 0
    outer loop
      vertex 32.54227238893509 -30.270801290869713 4.35
      vertex 32.54227238893509 -30.270801290869713 0
      vertex 32.57496318221092 -30.130598105490208 4.35
    endloop
  endfacet
  facet normal 0.9569403261936907 -0.2902847086987408 0
    outer loop
      vertex 32.61675371974707 -29.99283318221569 0
      vertex 32.61675371974707 -29.99283318221569 4.35
      vertex 32.57496318221092 -30.130598105490208 0
    endloop
  endfacet
  facet normal 0.9569403261936907 -0.2902847086987408 0
    outer loop
      vertex 32.57496318221092 -30.130598105490208 4.35
      vertex 32.57496318221092 -30.130598105490208 0
      vertex 32.61675371974707 -29.99283318221569 4.35
    endloop
  endfacet
  facet normal 0.9359059348001255 -0.352250026552026 0
    outer loop
      vertex 32.667465031147 -29.858096450567245 0
      vertex 32.667465031147 -29.858096450567245 4.35
      vertex 32.61675371974707 -29.99283318221569 0
    endloop
  endfacet
  facet normal 0.9359059348001255 -0.352250026552026 0
    outer loop
      vertex 32.61675371974707 -29.99283318221569 4.35
      vertex 32.61675371974707 -29.99283318221569 0
      vertex 32.667465031147 -29.858096450567245 4.35
    endloop
  endfacet
  facet normal 0.9108638577762062 -0.41270695729178986 0
    outer loop
      vertex 32.71368031203747 -29.75609713047743 0
      vertex 32.71368031203747 -29.75609713047743 4.35
      vertex 32.667465031147 -29.858096450567245 0
    endloop
  endfacet
  facet normal 0.9108638577762062 -0.41270695729178986 0
    outer loop
      vertex 32.667465031147 -29.858096450567245 4.35
      vertex 32.667465031147 -29.858096450567245 0
      vertex 32.71368031203747 -29.75609713047743 4.35
    endloop
  endfacet
  facet normal 0.09801708617748772 0.9951847320057091 0
    outer loop
      vertex 32.584214232861996 -29.743345841765404 0
      vertex 32.584214232861996 -29.743345841765404 4.35
      vertex 32.71368031203747 -29.75609713047743 0
    endloop
  endfacet
  facet normal 0.09801708617748772 0.9951847320057091 0
    outer loop
      vertex 32.71368031203747 -29.75609713047743 4.35
      vertex 32.71368031203747 -29.75609713047743 0
      vertex 32.584214232861996 -29.743345841765404 4.35
    endloop
  endfacet
  facet normal 0.1628954729438304 0.9866433321592996 0
    outer loop
      vertex 30.647290341556072 -29.42355841398239 0
      vertex 30.647290341556072 -29.42355841398239 4.35
      vertex 32.584214232861996 -29.743345841765404 0
    endloop
  endfacet
  facet normal 0.1628954729438304 0.9866433321592996 0
    outer loop
      vertex 32.584214232861996 -29.743345841765404 4.35
      vertex 32.584214232861996 -29.743345841765404 0
      vertex 30.647290341556072 -29.42355841398239 4.35
    endloop
  endfacet
  facet normal 0.22707626230731257 0.9738769794468604 0
    outer loop
      vertex 28.735428646206856 -28.977774791419506 0
      vertex 28.735428646206856 -28.977774791419506 4.35
      vertex 30.647290341556072 -29.42355841398239 0
    endloop
  endfacet
  facet normal 0.22707626230731257 0.9738769794468604 0
    outer loop
      vertex 30.647290341556072 -29.42355841398239 4.35
      vertex 30.647290341556072 -29.42355841398239 0
      vertex 28.735428646206856 -28.977774791419506 4.35
    endloop
  endfacet
  facet normal 0.29028467713969897 0.956940335767022 0
    outer loop
      vertex 26.85681603848934 -28.407903887331486 0
      vertex 26.85681603848934 -28.407903887331486 4.35
      vertex 28.735428646206856 -28.977774791419506 0
    endloop
  endfacet
  facet normal 0.29028467713969897 0.956940335767022 0
    outer loop
      vertex 28.735428646206856 -28.977774791419506 4.35
      vertex 28.735428646206856 -28.977774791419506 0
      vertex 26.85681603848934 -28.407903887331486 4.35
    endloop
  endfacet
  facet normal 0.35225004944279825 0.9359059261846493 0
    outer loop
      vertex 25.01949702948332 -27.71638597548008 0
      vertex 25.01949702948332 -27.71638597548008 4.35
      vertex 26.85681603848934 -28.407903887331486 0
    endloop
  endfacet
  facet normal 0.35225004944279825 0.9359059261846493 0
    outer loop
      vertex 26.85681603848934 -28.407903887331486 4.35
      vertex 26.85681603848934 -28.407903887331486 0
      vertex 25.01949702948332 -27.71638597548008 4.35
    endloop
  endfacet
  facet normal 0.412707029924782 0.9108638248666291 0
    outer loop
      vertex 23.231339290738106 -26.90618224442005 0
      vertex 23.231339290738106 -26.90618224442005 4.35
      vertex 25.01949702948332 -27.71638597548008 0
    endloop
  endfacet
  facet normal 0.412707029924782 0.9108638248666291 0
    outer loop
      vertex 25.01949702948332 -27.71638597548008 4.35
      vertex 25.01949702948332 -27.71638597548008 0
      vertex 23.231339290738106 -26.90618224442005 4.35
    endloop
  endfacet
  facet normal 0.4713967355583311 0.8819212650259368 0
    outer loop
      vertex 21.5 -25.980762116611004 0
      vertex 21.5 -25.980762116611004 4.35
      vertex 23.231339290738106 -26.90618224442005 0
    endloop
  endfacet
  facet normal 0.4713967355583311 0.8819212650259368 0
    outer loop
      vertex 23.231339290738106 -26.90618224442005 4.35
      vertex 23.231339290738106 -26.90618224442005 0
      vertex 21.5 -25.980762116611004 4.35
    endloop
  endfacet
  facet normal 0.5280678509213731 0.8492021813580571 0
    outer loop
      vertex 19.832893006503582 -24.944088369607925 0
      vertex 19.832893006503582 -24.944088369607925 4.35
      vertex 21.5 -25.980762116611004 0
    endloop
  endfacet
  facet normal 0.5280678509213731 0.8492021813580571 0
    outer loop
      vertex 21.5 -25.980762116611004 4.35
      vertex 21.5 -25.980762116611004 0
      vertex 19.832893006503582 -24.944088369607925 4.35
    endloop
  endfacet
  facet normal 0.5824776976430034 0.8128466840361138 0
    outer loop
      vertex 18.237157128751278 -23.800600208342075 0
      vertex 18.237157128751278 -23.800600208342075 4.35
      vertex 19.832893006503582 -24.944088369607925 0
    endloop
  endfacet
  facet normal 0.5824776976430034 0.8128466840361138 0
    outer loop
      vertex 19.832893006503582 -24.944088369607925 4.35
      vertex 19.832893006503582 -24.944088369607925 0
      vertex 18.237157128751278 -23.800600208342075 4.35
    endloop
  endfacet
  facet normal 0.6343932853150274 0.7730104524178223 0
    outer loop
      vertex 16.719625547528267 -22.555194221436977 0
      vertex 16.719625547528267 -22.555194221436977 4.35
      vertex 18.237157128751278 -23.800600208342075 0
    endloop
  endfacet
  facet normal 0.6343932853150274 0.7730104524178223 0
    outer loop
      vertex 18.237157128751278 -23.800600208342075 4.35
      vertex 18.237157128751278 -23.800600208342075 0
      vertex 16.719625547528267 -22.555194221436977 4.35
    endloop
  endfacet
  facet normal 0.6835923000256636 0.7298640745684248 0
    outer loop
      vertex 15.286796562373638 -21.213203437626362 0
      vertex 15.286796562373638 -21.213203437626362 4.35
      vertex 16.719625547528267 -22.555194221436977 0
    endloop
  endfacet
  facet normal 0.6835923000256636 0.7298640745684248 0
    outer loop
      vertex 16.719625547528267 -22.555194221436977 4.35
      vertex 16.719625547528267 -22.555194221436977 0
      vertex 15.286796562373638 -21.213203437626362 4.35
    endloop
  endfacet
  facet normal 0.7298640745684248 0.6835923000256636 0
    outer loop
      vertex 13.944805778563023 -19.780374452471733 0
      vertex 13.944805778563023 -19.780374452471733 4.35
      vertex 15.286796562373638 -21.213203437626362 0
    endloop
  endfacet
  facet normal 0.7298640745684248 0.6835923000256636 0
    outer loop
      vertex 15.286796562373638 -21.213203437626362 4.35
      vertex 15.286796562373638 -21.213203437626362 0
      vertex 13.944805778563023 -19.780374452471733 4.35
    endloop
  endfacet
  facet normal 0.7730104524178223 0.6343932853150274 0
    outer loop
      vertex 12.699399791657925 -18.262842871248722 0
      vertex 12.699399791657925 -18.262842871248722 4.35
      vertex 13.944805778563023 -19.780374452471733 0
    endloop
  endfacet
  facet normal 0.7730104524178223 0.6343932853150274 0
    outer loop
      vertex 13.944805778563023 -19.780374452471733 4.35
      vertex 13.944805778563023 -19.780374452471733 0
      vertex 12.699399791657925 -18.262842871248722 4.35
    endloop
  endfacet
  facet normal 0.8128466840361138 0.5824776976430034 0
    outer loop
      vertex 11.555911630392075 -16.667106993496418 0
      vertex 11.555911630392075 -16.667106993496418 4.35
      vertex 12.699399791657925 -18.262842871248722 0
    endloop
  endfacet
  facet normal 0.8128466840361138 0.5824776976430034 0
    outer loop
      vertex 12.699399791657925 -18.262842871248722 4.35
      vertex 12.699399791657925 -18.262842871248722 0
      vertex 11.555911630392075 -16.667106993496418 4.35
    endloop
  endfacet
  facet normal 0.8492021813580571 0.5280678509213731 0
    outer loop
      vertex 10.519237883388996 -15 0
      vertex 10.519237883388996 -15 4.35
      vertex 11.555911630392075 -16.667106993496418 0
    endloop
  endfacet
  facet normal 0.8492021813580571 0.5280678509213731 0
    outer loop
      vertex 11.555911630392075 -16.667106993496418 4.35
      vertex 11.555911630392075 -16.667106993496418 0
      vertex 10.519237883388996 -15 4.35
    endloop
  endfacet
  facet normal 0.8819212650259368 0.4713967355583311 0
    outer loop
      vertex 9.593817755579948 -13.268660709261894 0
      vertex 9.593817755579948 -13.268660709261894 4.35
      vertex 10.519237883388996 -15 0
    endloop
  endfacet
  facet normal 0.8819212650259368 0.4713967355583311 0
    outer loop
      vertex 10.519237883388996 -15 4.35
      vertex 10.519237883388996 -15 0
      vertex 9.593817755579948 -13.268660709261894 4.35
    endloop
  endfacet
  facet normal 0.9108638248666291 0.412707029924782 0
    outer loop
      vertex 8.78361402451992 -11.480502970516682 0
      vertex 8.78361402451992 -11.480502970516682 4.35
      vertex 9.593817755579948 -13.268660709261894 0
    endloop
  endfacet
  facet normal 0.9108638248666291 0.412707029924782 0
    outer loop
      vertex 9.593817755579948 -13.268660709261894 4.35
      vertex 9.593817755579948 -13.268660709261894 0
      vertex 8.78361402451992 -11.480502970516682 4.35
    endloop
  endfacet
  facet normal 0.9359059261846493 0.35225004944279825 0
    outer loop
      vertex 8.092096112668514 -9.643183961510658 0
      vertex 8.092096112668514 -9.643183961510658 4.35
      vertex 8.78361402451992 -11.480502970516682 0
    endloop
  endfacet
  facet normal 0.9359059261846493 0.35225004944279825 0
    outer loop
      vertex 8.78361402451992 -11.480502970516682 4.35
      vertex 8.78361402451992 -11.480502970516682 0
      vertex 8.092096112668514 -9.643183961510658 4.35
    endloop
  endfacet
  facet normal 0.956940335767022 0.29028467713969897 0
    outer loop
      vertex 7.522225208580494 -7.764571353793144 0
      vertex 7.522225208580494 -7.764571353793144 4.35
      vertex 8.092096112668514 -9.643183961510658 0
    endloop
  endfacet
  facet normal 0.956940335767022 0.29028467713969897 0
    outer loop
      vertex 8.092096112668514 -9.643183961510658 4.35
      vertex 8.092096112668514 -9.643183961510658 0
      vertex 7.522225208580494 -7.764571353793144 4.35
    endloop
  endfacet
  facet normal 0.9738769794468604 0.22707626230731257 0
    outer loop
      vertex 7.076441586017609 -5.852709658443928 0
      vertex 7.076441586017609 -5.852709658443928 4.35
      vertex 7.522225208580494 -7.764571353793144 0
    endloop
  endfacet
  facet normal 0.9738769794468604 0.22707626230731257 0
    outer loop
      vertex 7.522225208580494 -7.764571353793144 4.35
      vertex 7.522225208580494 -7.764571353793144 0
      vertex 7.076441586017609 -5.852709658443928 4.35
    endloop
  endfacet
  facet normal 0.9866433321592996 0.1628954729438304 0
    outer loop
      vertex 6.756654158234596 -3.9157857671380043 0
      vertex 6.756654158234596 -3.9157857671380043 4.35
      vertex 7.076441586017609 -5.852709658443928 0
    endloop
  endfacet
  facet normal 0.9866433321592996 0.1628954729438304 0
    outer loop
      vertex 7.076441586017609 -5.852709658443928 4.35
      vertex 7.076441586017609 -5.852709658443928 0
      vertex 6.756654158234596 -3.9157857671380043 4.35
    endloop
  endfacet
  facet normal 0.9951847268043855 0.0980171389874271 0
    outer loop
      vertex 6.564232304692268 -1.9620938748121262 0
      vertex 6.564232304692268 -1.9620938748121262 4.35
      vertex 6.756654158234596 -3.9157857671380043 0
    endloop
  endfacet
  facet normal 0.9951847268043855 0.0980171389874271 0
    outer loop
      vertex 6.756654158234596 -3.9157857671380043 4.35
      vertex 6.756654158234596 -3.9157857671380043 0
      vertex 6.564232304692268 -1.9620938748121262 4.35
    endloop
  endfacet
  facet normal 0.9994645874444017 0.032719083798173614 0
    outer loop
      vertex 6.5 0 0
      vertex 6.5 0 4.35
      vertex 6.564232304692268 -1.9620938748121262 0
    endloop
  endfacet
  facet normal 0.9994645874444017 0.032719083798173614 0
    outer loop
      vertex 6.564232304692268 -1.9620938748121262 4.35
      vertex 6.564232304692268 -1.9620938748121262 0
      vertex 6.5 0 4.35
    endloop
  endfacet
  facet normal 0.9994645874444017 -0.032719083798173614 0
    outer loop
      vertex 6.564232304692268 1.9620938748121262 0
      vertex 6.564232304692268 1.9620938748121262 4.35
      vertex 6.5 0 0
    endloop
  endfacet
  facet normal 0.9994645874444017 -0.032719083798173614 0
    outer loop
      vertex 6.5 0 4.35
      vertex 6.5 0 0
      vertex 6.564232304692268 1.9620938748121262 4.35
    endloop
  endfacet
  facet normal 0.9951847268043855 -0.0980171389874271 0
    outer loop
      vertex 6.756654158234596 3.9157857671380043 0
      vertex 6.756654158234596 3.9157857671380043 4.35
      vertex 6.564232304692268 1.9620938748121262 0
    endloop
  endfacet
  facet normal 0.9951847268043855 -0.0980171389874271 0
    outer loop
      vertex 6.564232304692268 1.9620938748121262 4.35
      vertex 6.564232304692268 1.9620938748121262 0
      vertex 6.756654158234596 3.9157857671380043 4.35
    endloop
  endfacet
  facet normal 0.9866433321592996 -0.1628954729438304 0
    outer loop
      vertex 7.076441586017609 5.852709658443928 0
      vertex 7.076441586017609 5.852709658443928 4.35
      vertex 6.756654158234596 3.9157857671380043 0
    endloop
  endfacet
  facet normal 0.9866433321592996 -0.1628954729438304 0
    outer loop
      vertex 6.756654158234596 3.9157857671380043 4.35
      vertex 6.756654158234596 3.9157857671380043 0
      vertex 7.076441586017609 5.852709658443928 4.35
    endloop
  endfacet
  facet normal 0.9738769794468604 -0.22707626230731257 0
    outer loop
      vertex 7.522225208580494 7.764571353793144 0
      vertex 7.522225208580494 7.764571353793144 4.35
      vertex 7.076441586017609 5.852709658443928 0
    endloop
  endfacet
  facet normal 0.9738769794468604 -0.22707626230731257 0
    outer loop
      vertex 7.076441586017609 5.852709658443928 4.35
      vertex 7.076441586017609 5.852709658443928 0
      vertex 7.522225208580494 7.764571353793144 4.35
    endloop
  endfacet
  facet normal 0.956940335767022 -0.29028467713969897 0
    outer loop
      vertex 8.092096112668514 9.643183961510658 0
      vertex 8.092096112668514 9.643183961510658 4.35
      vertex 7.522225208580494 7.764571353793144 0
    endloop
  endfacet
  facet normal 0.956940335767022 -0.29028467713969897 0
    outer loop
      vertex 7.522225208580494 7.764571353793144 4.35
      vertex 7.522225208580494 7.764571353793144 0
      vertex 8.092096112668514 9.643183961510658 4.35
    endloop
  endfacet
  facet normal 0.9359059261846493 -0.35225004944279825 0
    outer loop
      vertex 8.78361402451992 11.480502970516682 0
      vertex 8.78361402451992 11.480502970516682 4.35
      vertex 8.092096112668514 9.643183961510658 0
    endloop
  endfacet
  facet normal 0.9359059261846493 -0.35225004944279825 0
    outer loop
      vertex 8.092096112668514 9.643183961510658 4.35
      vertex 8.092096112668514 9.643183961510658 0
      vertex 8.78361402451992 11.480502970516682 4.35
    endloop
  endfacet
  facet normal 0.9108638248666291 -0.412707029924782 0
    outer loop
      vertex 9.593817755579948 13.268660709261894 0
      vertex 9.593817755579948 13.268660709261894 4.35
      vertex 8.78361402451992 11.480502970516682 0
    endloop
  endfacet
  facet normal 0.9108638248666291 -0.412707029924782 0
    outer loop
      vertex 8.78361402451992 11.480502970516682 4.35
      vertex 8.78361402451992 11.480502970516682 0
      vertex 9.593817755579948 13.268660709261894 4.35
    endloop
  endfacet
  facet normal 0.8819212650259368 -0.4713967355583311 0
    outer loop
      vertex 10.519237883388996 15 0
      vertex 10.519237883388996 15 4.35
      vertex 9.593817755579948 13.268660709261894 0
    endloop
  endfacet
  facet normal 0.8819212650259368 -0.4713967355583311 0
    outer loop
      vertex 9.593817755579948 13.268660709261894 4.35
      vertex 9.593817755579948 13.268660709261894 0
      vertex 10.519237883388996 15 4.35
    endloop
  endfacet
  facet normal 0.8492021813580571 -0.5280678509213731 0
    outer loop
      vertex 11.555911630392075 16.667106993496418 0
      vertex 11.555911630392075 16.667106993496418 4.35
      vertex 10.519237883388996 15 0
    endloop
  endfacet
  facet normal 0.8492021813580571 -0.5280678509213731 0
    outer loop
      vertex 10.519237883388996 15 4.35
      vertex 10.519237883388996 15 0
      vertex 11.555911630392075 16.667106993496418 4.35
    endloop
  endfacet
  facet normal 0.8128466840361138 -0.5824776976430034 0
    outer loop
      vertex 12.699399791657925 18.262842871248722 0
      vertex 12.699399791657925 18.262842871248722 4.35
      vertex 11.555911630392075 16.667106993496418 0
    endloop
  endfacet
  facet normal 0.8128466840361138 -0.5824776976430034 0
    outer loop
      vertex 11.555911630392075 16.667106993496418 4.35
      vertex 11.555911630392075 16.667106993496418 0
      vertex 12.699399791657925 18.262842871248722 4.35
    endloop
  endfacet
  facet normal 0.7730104524178223 -0.6343932853150274 0
    outer loop
      vertex 13.944805778563023 19.780374452471733 0
      vertex 13.944805778563023 19.780374452471733 4.35
      vertex 12.699399791657925 18.262842871248722 0
    endloop
  endfacet
  facet normal 0.7730104524178223 -0.6343932853150274 0
    outer loop
      vertex 12.699399791657925 18.262842871248722 4.35
      vertex 12.699399791657925 18.262842871248722 0
      vertex 13.944805778563023 19.780374452471733 4.35
    endloop
  endfacet
  facet normal 0.7298640745684248 -0.6835923000256636 0
    outer loop
      vertex 15.286796562373638 21.213203437626362 0
      vertex 15.286796562373638 21.213203437626362 4.35
      vertex 13.944805778563023 19.780374452471733 0
    endloop
  endfacet
  facet normal 0.7298640745684248 -0.6835923000256636 0
    outer loop
      vertex 13.944805778563023 19.780374452471733 4.35
      vertex 13.944805778563023 19.780374452471733 0
      vertex 15.286796562373638 21.213203437626362 4.35
    endloop
  endfacet
  facet normal 0.6835923000256636 -0.7298640745684248 0
    outer loop
      vertex 16.719625547528267 22.555194221436977 0
      vertex 16.719625547528267 22.555194221436977 4.35
      vertex 15.286796562373638 21.213203437626362 0
    endloop
  endfacet
  facet normal 0.6835923000256636 -0.7298640745684248 0
    outer loop
      vertex 15.286796562373638 21.213203437626362 4.35
      vertex 15.286796562373638 21.213203437626362 0
      vertex 16.719625547528267 22.555194221436977 4.35
    endloop
  endfacet
  facet normal 0.6343932853150274 -0.7730104524178223 0
    outer loop
      vertex 18.237157128751278 23.800600208342075 0
      vertex 18.237157128751278 23.800600208342075 4.35
      vertex 16.719625547528267 22.555194221436977 0
    endloop
  endfacet
  facet normal 0.6343932853150274 -0.7730104524178223 0
    outer loop
      vertex 16.719625547528267 22.555194221436977 4.35
      vertex 16.719625547528267 22.555194221436977 0
      vertex 18.237157128751278 23.800600208342075 4.35
    endloop
  endfacet
  facet normal 0.5824776976430034 -0.8128466840361138 0
    outer loop
      vertex 19.832893006503582 24.944088369607925 0
      vertex 19.832893006503582 24.944088369607925 4.35
      vertex 18.237157128751278 23.800600208342075 0
    endloop
  endfacet
  facet normal 0.5824776976430034 -0.8128466840361138 0
    outer loop
      vertex 18.237157128751278 23.800600208342075 4.35
      vertex 18.237157128751278 23.800600208342075 0
      vertex 19.832893006503582 24.944088369607925 4.35
    endloop
  endfacet
  facet normal 0.5280678509213731 -0.8492021813580571 0
    outer loop
      vertex 21.5 25.980762116611004 0
      vertex 21.5 25.980762116611004 4.35
      vertex 19.832893006503582 24.944088369607925 0
    endloop
  endfacet
  facet normal 0.5280678509213731 -0.8492021813580571 0
    outer loop
      vertex 19.832893006503582 24.944088369607925 4.35
      vertex 19.832893006503582 24.944088369607925 0
      vertex 21.5 25.980762116611004 4.35
    endloop
  endfacet
  facet normal 0.4713967355583311 -0.8819212650259368 0
    outer loop
      vertex 23.231339290738106 26.90618224442005 0
      vertex 23.231339290738106 26.90618224442005 4.35
      vertex 21.5 25.980762116611004 0
    endloop
  endfacet
  facet normal 0.4713967355583311 -0.8819212650259368 0
    outer loop
      vertex 21.5 25.980762116611004 4.35
      vertex 21.5 25.980762116611004 0
      vertex 23.231339290738106 26.90618224442005 4.35
    endloop
  endfacet
  facet normal 0.412707029924782 -0.9108638248666291 0
    outer loop
      vertex 25.01949702948332 27.71638597548008 0
      vertex 25.01949702948332 27.71638597548008 4.35
      vertex 23.231339290738106 26.90618224442005 0
    endloop
  endfacet
  facet normal 0.412707029924782 -0.9108638248666291 0
    outer loop
      vertex 23.231339290738106 26.90618224442005 4.35
      vertex 23.231339290738106 26.90618224442005 0
      vertex 25.01949702948332 27.71638597548008 4.35
    endloop
  endfacet
  facet normal 0.35225004944279825 -0.9359059261846493 0
    outer loop
      vertex 26.85681603848934 28.407903887331486 0
      vertex 26.85681603848934 28.407903887331486 4.35
      vertex 25.01949702948332 27.71638597548008 0
    endloop
  endfacet
  facet normal 0.35225004944279825 -0.9359059261846493 0
    outer loop
      vertex 25.01949702948332 27.71638597548008 4.35
      vertex 25.01949702948332 27.71638597548008 0
      vertex 26.85681603848934 28.407903887331486 4.35
    endloop
  endfacet
  facet normal 0.29028467713969897 -0.956940335767022 0
    outer loop
      vertex 28.735428646206856 28.977774791419506 0
      vertex 28.735428646206856 28.977774791419506 4.35
      vertex 26.85681603848934 28.407903887331486 0
    endloop
  endfacet
  facet normal 0.29028467713969897 -0.956940335767022 0
    outer loop
      vertex 26.85681603848934 28.407903887331486 4.35
      vertex 26.85681603848934 28.407903887331486 0
      vertex 28.735428646206856 28.977774791419506 4.35
    endloop
  endfacet
  facet normal 0.22707626230731257 -0.9738769794468604 0
    outer loop
      vertex 30.647290341556072 29.42355841398239 0
      vertex 30.647290341556072 29.42355841398239 4.35
      vertex 28.735428646206856 28.977774791419506 0
    endloop
  endfacet
  facet normal 0.22707626230731257 -0.9738769794468604 0
    outer loop
      vertex 28.735428646206856 28.977774791419506 4.35
      vertex 28.735428646206856 28.977774791419506 0
      vertex 30.647290341556072 29.42355841398239 4.35
    endloop
  endfacet
  facet normal 0.1628954729438304 -0.9866433321592996 0
    outer loop
      vertex 32.584214232861996 29.743345841765404 0
      vertex 32.584214232861996 29.743345841765404 4.35
      vertex 30.647290341556072 29.42355841398239 0
    endloop
  endfacet
  facet normal 0.1628954729438304 -0.9866433321592996 0
    outer loop
      vertex 30.647290341556072 29.42355841398239 4.35
      vertex 30.647290341556072 29.42355841398239 0
      vertex 32.584214232861996 29.743345841765404 4.35
    endloop
  endfacet
  facet normal 0.0980171389874271 -0.9951847268043855 0
    outer loop
      vertex 34.537906125187874 29.93576769530773 0
      vertex 34.537906125187874 29.93576769530773 4.35
      vertex 32.584214232861996 29.743345841765404 0
    endloop
  endfacet
  facet normal 0.0980171389874271 -0.9951847268043855 0
    outer loop
      vertex 32.584214232861996 29.743345841765404 4.35
      vertex 32.584214232861996 29.743345841765404 0
      vertex 34.537906125187874 29.93576769530773 4.35
    endloop
  endfacet
  facet normal 0.032719083798173614 -0.9994645874444017 0
    outer loop
      vertex 36.5 30 0
      vertex 36.5 30 4.35
      vertex 34.537906125187874 29.93576769530773 0
    endloop
  endfacet
  facet normal 0.032719083798173614 -0.9994645874444017 0
    outer loop
      vertex 34.537906125187874 29.93576769530773 4.35
      vertex 34.537906125187874 29.93576769530773 0
      vertex 36.5 30 4.35
    endloop
  endfacet
  facet normal -0.032719083798173614 -0.9994645874444017 0
    outer loop
      vertex 38.462093874812126 29.93576769530773 0
      vertex 38.462093874812126 29.93576769530773 4.35
      vertex 36.5 30 0
    endloop
  endfacet
  facet normal -0.032719083798173614 -0.9994645874444017 0
    outer loop
      vertex 36.5 30 4.35
      vertex 36.5 30 0
      vertex 38.462093874812126 29.93576769530773 4.35
    endloop
  endfacet
  facet normal -0.0980171389874271 -0.9951847268043855 0
    outer loop
      vertex 40.415785767138004 29.743345841765404 0
      vertex 40.415785767138004 29.743345841765404 4.35
      vertex 38.462093874812126 29.93576769530773 0
    endloop
  endfacet
  facet normal -0.0980171389874271 -0.9951847268043855 0
    outer loop
      vertex 38.462093874812126 29.93576769530773 4.35
      vertex 38.462093874812126 29.93576769530773 0
      vertex 40.415785767138004 29.743345841765404 4.35
    endloop
  endfacet
  facet normal -0.1628954729438304 -0.9866433321592996 0
    outer loop
      vertex 42.35270965844393 29.42355841398239 0
      vertex 42.35270965844393 29.42355841398239 4.35
      vertex 40.415785767138004 29.743345841765404 0
    endloop
  endfacet
  facet normal -0.1628954729438304 -0.9866433321592996 0
    outer loop
      vertex 40.415785767138004 29.743345841765404 4.35
      vertex 40.415785767138004 29.743345841765404 0
      vertex 42.35270965844393 29.42355841398239 4.35
    endloop
  endfacet
  facet normal -0.22707626230731257 -0.9738769794468604 0
    outer loop
      vertex 44.264571353793144 28.977774791419506 0
      vertex 44.264571353793144 28.977774791419506 4.35
      vertex 42.35270965844393 29.42355841398239 0
    endloop
  endfacet
  facet normal -0.22707626230731257 -0.9738769794468604 0
    outer loop
      vertex 42.35270965844393 29.42355841398239 4.35
      vertex 42.35270965844393 29.42355841398239 0
      vertex 44.264571353793144 28.977774791419506 4.35
    endloop
  endfacet
  facet normal -0.29028467713969897 -0.956940335767022 0
    outer loop
      vertex 46.14318396151066 28.407903887331486 0
      vertex 46.14318396151066 28.407903887331486 4.35
      vertex 44.264571353793144 28.977774791419506 0
    endloop
  endfacet
  facet normal -0.29028467713969897 -0.956940335767022 0
    outer loop
      vertex 44.264571353793144 28.977774791419506 4.35
      vertex 44.264571353793144 28.977774791419506 0
      vertex 46.14318396151066 28.407903887331486 4.35
    endloop
  endfacet
  facet normal -0.35225004944279825 -0.9359059261846493 0
    outer loop
      vertex 47.98050297051668 27.71638597548008 0
      vertex 47.98050297051668 27.71638597548008 4.35
      vertex 46.14318396151066 28.407903887331486 0
    endloop
  endfacet
  facet normal -0.35225004944279825 -0.9359059261846493 0
    outer loop
      vertex 46.14318396151066 28.407903887331486 4.35
      vertex 46.14318396151066 28.407903887331486 0
      vertex 47.98050297051668 27.71638597548008 4.35
    endloop
  endfacet
  facet normal -0.412707029924782 -0.9108638248666291 0
    outer loop
      vertex 49.768660709261894 26.90618224442005 0
      vertex 49.768660709261894 26.90618224442005 4.35
      vertex 47.98050297051668 27.71638597548008 0
    endloop
  endfacet
  facet normal -0.412707029924782 -0.9108638248666291 0
    outer loop
      vertex 47.98050297051668 27.71638597548008 4.35
      vertex 47.98050297051668 27.71638597548008 0
      vertex 49.768660709261894 26.90618224442005 4.35
    endloop
  endfacet
  facet normal -0.4713967355583311 -0.8819212650259368 0
    outer loop
      vertex 51.5 25.980762116611004 0
      vertex 51.5 25.980762116611004 4.35
      vertex 49.768660709261894 26.90618224442005 0
    endloop
  endfacet
  facet normal -0.4713967355583311 -0.8819212650259368 0
    outer loop
      vertex 49.768660709261894 26.90618224442005 4.35
      vertex 49.768660709261894 26.90618224442005 0
      vertex 51.5 25.980762116611004 4.35
    endloop
  endfacet
  facet normal -0.5280678509213731 -0.8492021813580571 0
    outer loop
      vertex 53.16710699349642 24.944088369607925 0
      vertex 53.16710699349642 24.944088369607925 4.35
      vertex 51.5 25.980762116611004 0
    endloop
  endfacet
  facet normal -0.5280678509213731 -0.8492021813580571 0
    outer loop
      vertex 51.5 25.980762116611004 4.35
      vertex 51.5 25.980762116611004 0
      vertex 53.16710699349642 24.944088369607925 4.35
    endloop
  endfacet
  facet normal -0.5824776976430034 -0.8128466840361138 0
    outer loop
      vertex 54.76284287124872 23.800600208342075 0
      vertex 54.76284287124872 23.800600208342075 4.35
      vertex 53.16710699349642 24.944088369607925 0
    endloop
  endfacet
  facet normal -0.5824776976430034 -0.8128466840361138 0
    outer loop
      vertex 53.16710699349642 24.944088369607925 4.35
      vertex 53.16710699349642 24.944088369607925 0
      vertex 54.76284287124872 23.800600208342075 4.35
    endloop
  endfacet
  facet normal -0.6343932853150274 -0.7730104524178223 0
    outer loop
      vertex 56.28037445247173 22.555194221436977 0
      vertex 56.28037445247173 22.555194221436977 4.35
      vertex 54.76284287124872 23.800600208342075 0
    endloop
  endfacet
  facet normal -0.6343932853150274 -0.7730104524178223 0
    outer loop
      vertex 54.76284287124872 23.800600208342075 4.35
      vertex 54.76284287124872 23.800600208342075 0
      vertex 56.28037445247173 22.555194221436977 4.35
    endloop
  endfacet
  facet normal -0.6835923000256636 -0.7298640745684248 0
    outer loop
      vertex 57.71320343762636 21.213203437626362 0
      vertex 57.71320343762636 21.213203437626362 4.35
      vertex 56.28037445247173 22.555194221436977 0
    endloop
  endfacet
  facet normal -0.6835923000256636 -0.7298640745684248 0
    outer loop
      vertex 56.28037445247173 22.555194221436977 4.35
      vertex 56.28037445247173 22.555194221436977 0
      vertex 57.71320343762636 21.213203437626362 4.35
    endloop
  endfacet
  facet normal -0.7298640745684248 -0.6835923000256636 0
    outer loop
      vertex 59.05519422143698 19.780374452471733 0
      vertex 59.05519422143698 19.780374452471733 4.35
      vertex 57.71320343762636 21.213203437626362 0
    endloop
  endfacet
  facet normal -0.7298640745684248 -0.6835923000256636 0
    outer loop
      vertex 57.71320343762636 21.213203437626362 4.35
      vertex 57.71320343762636 21.213203437626362 0
      vertex 59.05519422143698 19.780374452471733 4.35
    endloop
  endfacet
  facet normal -0.7730104524178223 -0.6343932853150274 0
    outer loop
      vertex 60.300600208342075 18.262842871248722 0
      vertex 60.300600208342075 18.262842871248722 4.35
      vertex 59.05519422143698 19.780374452471733 0
    endloop
  endfacet
  facet normal -0.7730104524178223 -0.6343932853150274 0
    outer loop
      vertex 59.05519422143698 19.780374452471733 4.35
      vertex 59.05519422143698 19.780374452471733 0
      vertex 60.300600208342075 18.262842871248722 4.35
    endloop
  endfacet
  facet normal -0.8128466840361138 -0.5824776976430034 0
    outer loop
      vertex 61.444088369607925 16.667106993496418 0
      vertex 61.444088369607925 16.667106993496418 4.35
      vertex 60.300600208342075 18.262842871248722 0
    endloop
  endfacet
  facet normal -0.8128466840361138 -0.5824776976430034 0
    outer loop
      vertex 60.300600208342075 18.262842871248722 4.35
      vertex 60.300600208342075 18.262842871248722 0
      vertex 61.444088369607925 16.667106993496418 4.35
    endloop
  endfacet
  facet normal -0.8492021813580571 -0.5280678509213731 0
    outer loop
      vertex 62.480762116611004 15 0
      vertex 62.480762116611004 15 4.35
      vertex 61.444088369607925 16.667106993496418 0
    endloop
  endfacet
  facet normal -0.8492021813580571 -0.5280678509213731 0
    outer loop
      vertex 61.444088369607925 16.667106993496418 4.35
      vertex 61.444088369607925 16.667106993496418 0
      vertex 62.480762116611004 15 4.35
    endloop
  endfacet
  facet normal -0.8819212650259368 -0.4713967355583311 0
    outer loop
      vertex 63.40618224442005 13.268660709261894 0
      vertex 63.40618224442005 13.268660709261894 4.35
      vertex 62.480762116611004 15 0
    endloop
  endfacet
  facet normal -0.8819212650259368 -0.4713967355583311 0
    outer loop
      vertex 62.480762116611004 15 4.35
      vertex 62.480762116611004 15 0
      vertex 63.40618224442005 13.268660709261894 4.35
    endloop
  endfacet
  facet normal -0.9108638248666291 -0.412707029924782 0
    outer loop
      vertex 64.21638597548008 11.480502970516682 0
      vertex 64.21638597548008 11.480502970516682 4.35
      vertex 63.40618224442005 13.268660709261894 0
    endloop
  endfacet
  facet normal -0.9108638248666291 -0.412707029924782 0
    outer loop
      vertex 63.40618224442005 13.268660709261894 4.35
      vertex 63.40618224442005 13.268660709261894 0
      vertex 64.21638597548008 11.480502970516682 4.35
    endloop
  endfacet
  facet normal -0.9359059261846493 -0.35225004944279825 0
    outer loop
      vertex 64.90790388733149 9.643183961510658 0
      vertex 64.90790388733149 9.643183961510658 4.35
      vertex 64.21638597548008 11.480502970516682 0
    endloop
  endfacet
  facet normal -0.9359059261846493 -0.35225004944279825 0
    outer loop
      vertex 64.21638597548008 11.480502970516682 4.35
      vertex 64.21638597548008 11.480502970516682 0
      vertex 64.90790388733149 9.643183961510658 4.35
    endloop
  endfacet
  facet normal -0.956940335767022 -0.29028467713969897 0
    outer loop
      vertex 65.4777747914195 7.764571353793144 0
      vertex 65.4777747914195 7.764571353793144 4.35
      vertex 64.90790388733149 9.643183961510658 0
    endloop
  endfacet
  facet normal -0.956940335767022 -0.29028467713969897 0
    outer loop
      vertex 64.90790388733149 9.643183961510658 4.35
      vertex 64.90790388733149 9.643183961510658 0
      vertex 65.4777747914195 7.764571353793144 4.35
    endloop
  endfacet
  facet normal -0.9738769794468604 -0.22707626230731257 0
    outer loop
      vertex 65.92355841398239 5.852709658443928 0
      vertex 65.92355841398239 5.852709658443928 4.35
      vertex 65.4777747914195 7.764571353793144 0
    endloop
  endfacet
  facet normal -0.9738769794468604 -0.22707626230731257 0
    outer loop
      vertex 65.4777747914195 7.764571353793144 4.35
      vertex 65.4777747914195 7.764571353793144 0
      vertex 65.92355841398239 5.852709658443928 4.35
    endloop
  endfacet
  facet normal -0.9866433321592996 -0.1628954729438304 0
    outer loop
      vertex 66.2433458417654 3.9157857671380043 0
      vertex 66.2433458417654 3.9157857671380043 4.35
      vertex 65.92355841398239 5.852709658443928 0
    endloop
  endfacet
  facet normal -0.9866433321592996 -0.1628954729438304 0
    outer loop
      vertex 65.92355841398239 5.852709658443928 4.35
      vertex 65.92355841398239 5.852709658443928 0
      vertex 66.2433458417654 3.9157857671380043 4.35
    endloop
  endfacet
  facet normal -0.9951847268043855 -0.0980171389874271 0
    outer loop
      vertex 66.43576769530773 1.9620938748121262 0
      vertex 66.43576769530773 1.9620938748121262 4.35
      vertex 66.2433458417654 3.9157857671380043 0
    endloop
  endfacet
  facet normal -0.9951847268043855 -0.0980171389874271 0
    outer loop
      vertex 66.2433458417654 3.9157857671380043 4.35
      vertex 66.2433458417654 3.9157857671380043 0
      vertex 66.43576769530773 1.9620938748121262 4.35
    endloop
  endfacet
  facet normal -0.9994645874444017 -0.032719083798173614 0
    outer loop
      vertex 66.5 0 0
      vertex 66.5 0 4.35
      vertex 66.43576769530773 1.9620938748121262 0
    endloop
  endfacet
  facet normal -0.9994645874444017 -0.032719083798173614 0
    outer loop
      vertex 66.43576769530773 1.9620938748121262 4.35
      vertex 66.43576769530773 1.9620938748121262 0
      vertex 66.5 0 4.35
    endloop
  endfacet
  facet normal -0.9994645874444017 0.032719083798173614 0
    outer loop
      vertex 66.43576769530773 -1.9620938748121262 0
      vertex 66.43576769530773 -1.9620938748121262 4.35
      vertex 66.5 0 0
    endloop
  endfacet
  facet normal -0.9994645874444017 0.032719083798173614 0
    outer loop
      vertex 66.5 0 4.35
      vertex 66.5 0 0
      vertex 66.43576769530773 -1.9620938748121262 4.35
    endloop
  endfacet
  facet normal -0.9951847268043855 0.0980171389874271 0
    outer loop
      vertex 66.2433458417654 -3.9157857671380043 0
      vertex 66.2433458417654 -3.9157857671380043 4.35
      vertex 66.43576769530773 -1.9620938748121262 0
    endloop
  endfacet
  facet normal -0.9951847268043855 0.0980171389874271 0
    outer loop
      vertex 66.43576769530773 -1.9620938748121262 4.35
      vertex 66.43576769530773 -1.9620938748121262 0
      vertex 66.2433458417654 -3.9157857671380043 4.35
    endloop
  endfacet
  facet normal -0.9866433321592996 0.1628954729438304 0
    outer loop
      vertex 65.92355841398239 -5.852709658443928 0
      vertex 65.92355841398239 -5.852709658443928 4.35
      vertex 66.2433458417654 -3.9157857671380043 0
    endloop
  endfacet
  facet normal -0.9866433321592996 0.1628954729438304 0
    outer loop
      vertex 66.2433458417654 -3.9157857671380043 4.35
      vertex 66.2433458417654 -3.9157857671380043 0
      vertex 65.92355841398239 -5.852709658443928 4.35
    endloop
  endfacet
  facet normal -0.9738769794468604 0.22707626230731257 0
    outer loop
      vertex 65.4777747914195 -7.764571353793144 0
      vertex 65.4777747914195 -7.764571353793144 4.35
      vertex 65.92355841398239 -5.852709658443928 0
    endloop
  endfacet
  facet normal -0.9738769794468604 0.22707626230731257 0
    outer loop
      vertex 65.92355841398239 -5.852709658443928 4.35
      vertex 65.92355841398239 -5.852709658443928 0
      vertex 65.4777747914195 -7.764571353793144 4.35
    endloop
  endfacet
  facet normal -0.956940335767022 0.29028467713969897 0
    outer loop
      vertex 64.90790388733149 -9.643183961510658 0
      vertex 64.90790388733149 -9.643183961510658 4.35
      vertex 65.4777747914195 -7.764571353793144 0
    endloop
  endfacet
  facet normal -0.956940335767022 0.29028467713969897 0
    outer loop
      vertex 65.4777747914195 -7.764571353793144 4.35
      vertex 65.4777747914195 -7.764571353793144 0
      vertex 64.90790388733149 -9.643183961510658 4.35
    endloop
  endfacet
  facet normal -0.9359059261846493 0.35225004944279825 0
    outer loop
      vertex 64.21638597548008 -11.480502970516682 0
      vertex 64.21638597548008 -11.480502970516682 4.35
      vertex 64.90790388733149 -9.643183961510658 0
    endloop
  endfacet
  facet normal -0.9359059261846493 0.35225004944279825 0
    outer loop
      vertex 64.90790388733149 -9.643183961510658 4.35
      vertex 64.90790388733149 -9.643183961510658 0
      vertex 64.21638597548008 -11.480502970516682 4.35
    endloop
  endfacet
  facet normal -0.9108638248666291 0.412707029924782 0
    outer loop
      vertex 63.40618224442005 -13.268660709261894 0
      vertex 63.40618224442005 -13.268660709261894 4.35
      vertex 64.21638597548008 -11.480502970516682 0
    endloop
  endfacet
  facet normal -0.9108638248666291 0.412707029924782 0
    outer loop
      vertex 64.21638597548008 -11.480502970516682 4.35
      vertex 64.21638597548008 -11.480502970516682 0
      vertex 63.40618224442005 -13.268660709261894 4.35
    endloop
  endfacet
  facet normal -0.8819212650259368 0.4713967355583311 0
    outer loop
      vertex 62.480762116611004 -15 0
      vertex 62.480762116611004 -15 4.35
      vertex 63.40618224442005 -13.268660709261894 0
    endloop
  endfacet
  facet normal -0.8819212650259368 0.4713967355583311 0
    outer loop
      vertex 63.40618224442005 -13.268660709261894 4.35
      vertex 63.40618224442005 -13.268660709261894 0
      vertex 62.480762116611004 -15 4.35
    endloop
  endfacet
  facet normal -0.8492021813580571 0.5280678509213731 0
    outer loop
      vertex 61.444088369607925 -16.667106993496418 0
      vertex 61.444088369607925 -16.667106993496418 4.35
      vertex 62.480762116611004 -15 0
    endloop
  endfacet
  facet normal -0.8492021813580571 0.5280678509213731 0
    outer loop
      vertex 62.480762116611004 -15 4.35
      vertex 62.480762116611004 -15 0
      vertex 61.444088369607925 -16.667106993496418 4.35
    endloop
  endfacet
  facet normal -0.8128466840361138 0.5824776976430034 0
    outer loop
      vertex 60.300600208342075 -18.262842871248722 0
      vertex 60.300600208342075 -18.262842871248722 4.35
      vertex 61.444088369607925 -16.667106993496418 0
    endloop
  endfacet
  facet normal -0.8128466840361138 0.5824776976430034 0
    outer loop
      vertex 61.444088369607925 -16.667106993496418 4.35
      vertex 61.444088369607925 -16.667106993496418 0
      vertex 60.300600208342075 -18.262842871248722 4.35
    endloop
  endfacet
  facet normal -0.7730104524178223 0.6343932853150274 0
    outer loop
      vertex 59.05519422143698 -19.780374452471733 0
      vertex 59.05519422143698 -19.780374452471733 4.35
      vertex 60.300600208342075 -18.262842871248722 0
    endloop
  endfacet
  facet normal -0.7730104524178223 0.6343932853150274 0
    outer loop
      vertex 60.300600208342075 -18.262842871248722 4.35
      vertex 60.300600208342075 -18.262842871248722 0
      vertex 59.05519422143698 -19.780374452471733 4.35
    endloop
  endfacet
  facet normal -0.7298640745684248 0.6835923000256636 0
    outer loop
      vertex 57.71320343762636 -21.213203437626362 0
      vertex 57.71320343762636 -21.213203437626362 4.35
      vertex 59.05519422143698 -19.780374452471733 0
    endloop
  endfacet
  facet normal -0.7298640745684248 0.6835923000256636 0
    outer loop
      vertex 59.05519422143698 -19.780374452471733 4.35
      vertex 59.05519422143698 -19.780374452471733 0
      vertex 57.71320343762636 -21.213203437626362 4.35
    endloop
  endfacet
  facet normal -0.6835923000256636 0.7298640745684248 0
    outer loop
      vertex 56.28037445247173 -22.555194221436977 0
      vertex 56.28037445247173 -22.555194221436977 4.35
      vertex 57.71320343762636 -21.213203437626362 0
    endloop
  endfacet
  facet normal -0.6835923000256636 0.7298640745684248 0
    outer loop
      vertex 57.71320343762636 -21.213203437626362 4.35
      vertex 57.71320343762636 -21.213203437626362 0
      vertex 56.28037445247173 -22.555194221436977 4.35
    endloop
  endfacet
  facet normal -0.6343932853150274 0.7730104524178223 0
    outer loop
      vertex 54.76284287124872 -23.800600208342075 0
      vertex 54.76284287124872 -23.800600208342075 4.35
      vertex 56.28037445247173 -22.555194221436977 0
    endloop
  endfacet
  facet normal -0.6343932853150274 0.7730104524178223 0
    outer loop
      vertex 56.28037445247173 -22.555194221436977 4.35
      vertex 56.28037445247173 -22.555194221436977 0
      vertex 54.76284287124872 -23.800600208342075 4.35
    endloop
  endfacet
  facet normal -0.5824776976430034 0.8128466840361138 0
    outer loop
      vertex 53.16710699349642 -24.944088369607925 0
      vertex 53.16710699349642 -24.944088369607925 4.35
      vertex 54.76284287124872 -23.800600208342075 0
    endloop
  endfacet
  facet normal -0.5824776976430034 0.8128466840361138 0
    outer loop
      vertex 54.76284287124872 -23.800600208342075 4.35
      vertex 54.76284287124872 -23.800600208342075 0
      vertex 53.16710699349642 -24.944088369607925 4.35
    endloop
  endfacet
  facet normal -0.5280678509213731 0.8492021813580571 0
    outer loop
      vertex 51.5 -25.980762116611004 0
      vertex 51.5 -25.980762116611004 4.35
      vertex 53.16710699349642 -24.944088369607925 0
    endloop
  endfacet
  facet normal -0.5280678509213731 0.8492021813580571 0
    outer loop
      vertex 53.16710699349642 -24.944088369607925 4.35
      vertex 53.16710699349642 -24.944088369607925 0
      vertex 51.5 -25.980762116611004 4.35
    endloop
  endfacet
  facet normal -0.4713967355583311 0.8819212650259368 0
    outer loop
      vertex 49.768660709261894 -26.90618224442005 0
      vertex 49.768660709261894 -26.90618224442005 4.35
      vertex 51.5 -25.980762116611004 0
    endloop
  endfacet
  facet normal -0.4713967355583311 0.8819212650259368 0
    outer loop
      vertex 51.5 -25.980762116611004 4.35
      vertex 51.5 -25.980762116611004 0
      vertex 49.768660709261894 -26.90618224442005 4.35
    endloop
  endfacet
  facet normal -0.412707029924782 0.9108638248666291 0
    outer loop
      vertex 47.98050297051668 -27.71638597548008 0
      vertex 47.98050297051668 -27.71638597548008 4.35
      vertex 49.768660709261894 -26.90618224442005 0
    endloop
  endfacet
  facet normal -0.412707029924782 0.9108638248666291 0
    outer loop
      vertex 49.768660709261894 -26.90618224442005 4.35
      vertex 49.768660709261894 -26.90618224442005 0
      vertex 47.98050297051668 -27.71638597548008 4.35
    endloop
  endfacet
  facet normal -0.35225004944279825 0.9359059261846493 0
    outer loop
      vertex 46.14318396151066 -28.407903887331486 0
      vertex 46.14318396151066 -28.407903887331486 4.35
      vertex 47.98050297051668 -27.71638597548008 0
    endloop
  endfacet
  facet normal -0.35225004944279825 0.9359059261846493 0
    outer loop
      vertex 47.98050297051668 -27.71638597548008 4.35
      vertex 47.98050297051668 -27.71638597548008 0
      vertex 46.14318396151066 -28.407903887331486 4.35
    endloop
  endfacet
  facet normal -0.29028467713969897 0.956940335767022 0
    outer loop
      vertex 44.264571353793144 -28.977774791419506 0
      vertex 44.264571353793144 -28.977774791419506 4.35
      vertex 46.14318396151066 -28.407903887331486 0
    endloop
  endfacet
  facet normal -0.29028467713969897 0.956940335767022 0
    outer loop
      vertex 46.14318396151066 -28.407903887331486 4.35
      vertex 46.14318396151066 -28.407903887331486 0
      vertex 44.264571353793144 -28.977774791419506 4.35
    endloop
  endfacet
  facet normal -0.22707626230731257 0.9738769794468604 0
    outer loop
      vertex 42.35270965844393 -29.42355841398239 0
      vertex 42.35270965844393 -29.42355841398239 4.35
      vertex 44.264571353793144 -28.977774791419506 0
    endloop
  endfacet
  facet normal -0.22707626230731257 0.9738769794468604 0
    outer loop
      vertex 44.264571353793144 -28.977774791419506 4.35
      vertex 44.264571353793144 -28.977774791419506 0
      vertex 42.35270965844393 -29.42355841398239 4.35
    endloop
  endfacet
  facet normal -0.1628954729438304 0.9866433321592996 0
    outer loop
      vertex 40.415785767138004 -29.743345841765404 0
      vertex 40.415785767138004 -29.743345841765404 4.35
      vertex 42.35270965844393 -29.42355841398239 0
    endloop
  endfacet
  facet normal -0.1628954729438304 0.9866433321592996 0
    outer loop
      vertex 42.35270965844393 -29.42355841398239 4.35
      vertex 42.35270965844393 -29.42355841398239 0
      vertex 40.415785767138004 -29.743345841765404 4.35
    endloop
  endfacet
  facet normal -0.09801708059094283 0.9951847325559354 0
    outer loop
      vertex 40.28631968051195 -29.75609713047743 0
      vertex 40.28631968051195 -29.75609713047743 4.35
      vertex 40.415785767138004 -29.743345841765404 0
    endloop
  endfacet
  facet normal -0.09801708059094283 0.9951847325559354 0
    outer loop
      vertex 40.415785767138004 -29.743345841765404 4.35
      vertex 40.415785767138004 -29.743345841765404 0
      vertex 40.28631968051195 -29.75609713047743 4.35
    endloop
  endfacet
  facet normal -0.9108638327645997 -0.41270701249358904 0
    outer loop
      vertex 40.332534968853 -29.858096450567245 0
      vertex 40.332534968853 -29.858096450567245 4.35
      vertex 40.28631968051195 -29.75609713047743 0
    endloop
  endfacet
  facet normal -0.9108638327645997 -0.41270701249358904 0
    outer loop
      vertex 40.28631968051195 -29.75609713047743 4.35
      vertex 40.28631968051195 -29.75609713047743 0
      vertex 40.332534968853 -29.858096450567245 4.35
    endloop
  endfacet
  facet normal -0.9359059348001255 -0.352250026552026 0
    outer loop
      vertex 40.38324628025293 -29.99283318221569 0
      vertex 40.38324628025293 -29.99283318221569 4.35
      vertex 40.332534968853 -29.858096450567245 0
    endloop
  endfacet
  facet normal -0.9359059348001255 -0.352250026552026 0
    outer loop
      vertex 40.332534968853 -29.858096450567245 4.35
      vertex 40.332534968853 -29.858096450567245 0
      vertex 40.38324628025293 -29.99283318221569 4.35
    endloop
  endfacet
  facet normal -0.9569403261936907 -0.2902847086987408 0
    outer loop
      vertex 40.42503681778908 -30.130598105490208 0
      vertex 40.42503681778908 -30.130598105490208 4.35
      vertex 40.38324628025293 -29.99283318221569 0
    endloop
  endfacet
  facet normal -0.9569403261936907 -0.2902847086987408 0
    outer loop
      vertex 40.38324628025293 -29.99283318221569 4.35
      vertex 40.38324628025293 -29.99283318221569 0
      vertex 40.42503681778908 -30.130598105490208 4.35
    endloop
  endfacet
  facet normal -0.9738769862109585 -0.22707623329767604 0
    outer loop
      vertex 40.45772761106491 -30.270801290869713 0
      vertex 40.45772761106491 -30.270801290869713 4.35
      vertex 40.42503681778908 -30.130598105490208 0
    endloop
  endfacet
  facet normal -0.9738769862109585 -0.22707623329767604 0
    outer loop
      vertex 40.42503681778908 -30.130598105490208 4.35
      vertex 40.42503681778908 -30.130598105490208 0
      vertex 40.45772761106491 -30.270801290869713 4.35
    endloop
  endfacet
  facet normal -0.9866433276091399 -0.16289550050373786 0
    outer loop
      vertex 40.48117869347334 -30.412842378020287 0
      vertex 40.48117869347334 -30.412842378020287 4.35
      vertex 40.45772761106491 -30.270801290869713 0
    endloop
  endfacet
  facet normal -0.9866433276091399 -0.16289550050373786 0
    outer loop
      vertex 40.45772761106491 -30.270801290869713 4.35
      vertex 40.45772761106491 -30.270801290869713 0
      vertex 40.48117869347334 -30.412842378020287 4.35
    endloop
  endfacet
  facet normal -0.995184725569599 -0.09801715152442476 0
    outer loop
      vertex 40.495289631187916 -30.556113116443157 0
      vertex 40.495289631187916 -30.556113116443157 4.35
      vertex 40.48117869347334 -30.412842378020287 0
    endloop
  endfacet
  facet normal -0.995184725569599 -0.09801715152442476 0
    outer loop
      vertex 40.48117869347334 -30.412842378020287 4.35
      vertex 40.48117869347334 -30.412842378020287 0
      vertex 40.495289631187916 -30.556113116443157 4.35
    endloop
  endfacet
  facet normal -0.9994645875072616 -0.032719081877998255 0
    outer loop
      vertex 40.5 -30.700000002980232 0
      vertex 40.5 -30.700000002980232 4.35
      vertex 40.495289631187916 -30.556113116443157 0
    endloop
  endfacet
  facet normal -0.9994645875072616 -0.032719081877998255 0
    outer loop
      vertex 40.495289631187916 -30.556113116443157 4.35
      vertex 40.495289631187916 -30.556113116443157 0
      vertex 40.5 -30.700000002980232 4.35
    endloop
  endfacet
  facet normal -1 0 0
    outer loop
      vertex 40.5 -36.29999999701977 0
      vertex 40.5 -36.29999999701977 4.35
      vertex 40.5 -30.700000002980232 0
    endloop
  endfacet
  facet normal -1 0 0
    outer loop
      vertex 40.5 -30.700000002980232 4.35
      vertex 40.5 -30.700000002980232 0
      vertex 40.5 -36.29999999701977 4.35
    endloop
  endfacet
  facet normal -0.9994645875072616 0.032719081877998255 0
    outer loop
      vertex 40.495289631187916 -36.44388688355684 0
      vertex 40.495289631187916 -36.44388688355684 4.35
      vertex 40.5 -36.29999999701977 0
    endloop
  endfacet
  facet normal -0.9994645875072616 0.032719081877998255 0
    outer loop
      vertex 40.5 -36.29999999701977 4.35
      vertex 40.5 -36.29999999701977 0
      vertex 40.495289631187916 -36.44388688355684 4.35
    endloop
  endfacet
  facet normal -0.995184725569599 0.09801715152442476 0
    outer loop
      vertex 40.48117869347334 -36.58715762197971 0
      vertex 40.48117869347334 -36.58715762197971 4.35
      vertex 40.495289631187916 -36.44388688355684 0
    endloop
  endfacet
  facet normal -0.995184725569599 0.09801715152442476 0
    outer loop
      vertex 40.495289631187916 -36.44388688355684 4.35
      vertex 40.495289631187916 -36.44388688355684 0
      vertex 40.48117869347334 -36.58715762197971 4.35
    endloop
  endfacet
  facet normal -0.9866433276091399 0.16289550050373786 0
    outer loop
      vertex 40.45772761106491 -36.72919870913029 0
      vertex 40.45772761106491 -36.72919870913029 4.35
      vertex 40.48117869347334 -36.58715762197971 0
    endloop
  endfacet
  facet normal -0.9866433276091399 0.16289550050373786 0
    outer loop
      vertex 40.48117869347334 -36.58715762197971 4.35
      vertex 40.48117869347334 -36.58715762197971 0
      vertex 40.45772761106491 -36.72919870913029 4.35
    endloop
  endfacet
  facet normal -0.9738769862109585 0.22707623329767604 0
    outer loop
      vertex 40.42503681778908 -36.86940189450979 0
      vertex 40.42503681778908 -36.86940189450979 4.35
      vertex 40.45772761106491 -36.72919870913029 0
    endloop
  endfacet
  facet normal -0.9738769862109585 0.22707623329767604 0
    outer loop
      vertex 40.45772761106491 -36.72919870913029 4.35
      vertex 40.45772761106491 -36.72919870913029 0
      vertex 40.42503681778908 -36.86940189450979 4.35
    endloop
  endfacet
  facet normal -0.9569403261936907 0.2902847086987408 0
    outer loop
      vertex 40.38324628025293 -37.00716681778431 0
      vertex 40.38324628025293 -37.00716681778431 4.35
      vertex 40.42503681778908 -36.86940189450979 0
    endloop
  endfacet
  facet normal -0.9569403261936907 0.2902847086987408 0
    outer loop
      vertex 40.42503681778908 -36.86940189450979 4.35
      vertex 40.42503681778908 -36.86940189450979 0
      vertex 40.38324628025293 -37.00716681778431 4.35
    endloop
  endfacet
  facet normal -0.9359059348001255 0.352250026552026 0
    outer loop
      vertex 40.332534968853 -37.141903549432755 0
      vertex 40.332534968853 -37.141903549432755 4.35
      vertex 40.38324628025293 -37.00716681778431 0
    endloop
  endfacet
  facet normal -0.9359059348001255 0.352250026552026 0
    outer loop
      vertex 40.38324628025293 -37.00716681778431 4.35
      vertex 40.38324628025293 -37.00716681778431 0
      vertex 40.332534968853 -37.141903549432755 4.35
    endloop
  endfacet
  facet normal -0.9108638300445371 0.4127070184968952 0
    outer loop
      vertex 40.273120030760765 -37.2730351164937 0
      vertex 40.273120030760765 -37.2730351164937 4.35
      vertex 40.332534968853 -37.141903549432755 0
    endloop
  endfacet
  facet normal -0.9108638300445371 0.4127070184968952 0
    outer loop
      vertex 40.332534968853 -37.141903549432755 4.35
      vertex 40.332534968853 -37.141903549432755 0
      vertex 40.273120030760765 -37.2730351164937 4.35
    endloop
  endfacet
  facet normal -0.8819212671033585 0.4713967316717486 0
    outer loop
      vertex 40.20525588840246 -37.399999998509884 0
      vertex 40.20525588840246 -37.399999998509884 4.35
      vertex 40.273120030760765 -37.2730351164937 0
    endloop
  endfacet
  facet normal -0.8819212671033585 0.4713967316717486 0
    outer loop
      vertex 40.273120030760765 -37.2730351164937 4.35
      vertex 40.273120030760765 -37.2730351164937 0
      vertex 40.20525588840246 -37.399999998509884 4.35
    endloop
  endfacet
  facet normal -0.8492021735219449 0.5280678635228664 0
    outer loop
      vertex 40.12923314422369 -37.52225451171398 0
      vertex 40.12923314422369 -37.52225451171398 4.35
      vertex 40.20525588840246 -37.399999998509884 0
    endloop
  endfacet
  facet normal -0.8492021735219449 0.5280678635228664 0
    outer loop
      vertex 40.20525588840246 -37.399999998509884 4.35
      vertex 40.20525588840246 -37.399999998509884 0
      vertex 40.12923314422369 -37.52225451171398 4.35
    endloop
  endfacet
  facet normal -0.8128466740119754 0.5824777116316723 0
    outer loop
      vertex 40.04537734389305 -37.63927514106035 0
      vertex 40.04537734389305 -37.63927514106035 4.35
      vertex 40.12923314422369 -37.52225451171398 0
    endloop
  endfacet
  facet normal -0.8128466740119754 0.5824777116316723 0
    outer loop
      vertex 40.12923314422369 -37.52225451171398 4.35
      vertex 40.12923314422369 -37.52225451171398 0
      vertex 40.04537734389305 -37.63927514106035 4.35
    endloop
  endfacet
  facet normal -0.7730104661530045 0.6343932685786593 0
    outer loop
      vertex 39.954047575592995 -37.75056079030037 0
      vertex 39.954047575592995 -37.75056079030037 4.35
      vertex 40.04537734389305 -37.63927514106035 0
    endloop
  endfacet
  facet normal -0.7730104661530045 0.6343932685786593 0
    outer loop
      vertex 40.04537734389305 -37.63927514106035 4.35
      vertex 40.04537734389305 -37.63927514106035 0
      vertex 39.954047575592995 -37.75056079030037 4.35
    endloop
  endfacet
  facet normal -0.7298640464865995 0.6835923300083221 0
    outer loop
      vertex 39.85563491284847 -37.85563491284847 0
      vertex 39.85563491284847 -37.85563491284847 4.35
      vertex 39.954047575592995 -37.75056079030037 0
    endloop
  endfacet
  facet normal -0.7298640464865995 0.6835923300083221 0
    outer loop
      vertex 39.954047575592995 -37.75056079030037 4.35
      vertex 39.954047575592995 -37.75056079030037 0
      vertex 39.85563491284847 -37.85563491284847 4.35
    endloop
  endfacet
  facet normal -0.6835923300083221 0.7298640464865995 0
    outer loop
      vertex 39.75056079030037 -37.954047575592995 0
      vertex 39.75056079030037 -37.954047575592995 4.35
      vertex 39.85563491284847 -37.85563491284847 0
    endloop
  endfacet
  facet normal -0.6835923300083221 0.7298640464865995 0
    outer loop
      vertex 39.85563491284847 -37.85563491284847 4.35
      vertex 39.85563491284847 -37.85563491284847 0
      vertex 39.75056079030037 -37.954047575592995 4.35
    endloop
  endfacet
  facet normal -0.6343932685786593 0.7730104661530045 0
    outer loop
      vertex 39.63927514106035 -38.04537734389305 0
      vertex 39.63927514106035 -38.04537734389305 4.35
      vertex 39.75056079030037 -37.954047575592995 0
    endloop
  endfacet
  facet normal -0.6343932685786593 0.7730104661530045 0
    outer loop
      vertex 39.75056079030037 -37.954047575592995 4.35
      vertex 39.75056079030037 -37.954047575592995 0
      vertex 39.63927514106035 -38.04537734389305 4.35
    endloop
  endfacet
  facet normal -0.5824777116316723 0.8128466740119754 0
    outer loop
      vertex 39.52225451171398 -38.12923314422369 0
      vertex 39.52225451171398 -38.12923314422369 4.35
      vertex 39.63927514106035 -38.04537734389305 0
    endloop
  endfacet
  facet normal -0.5824777116316723 0.8128466740119754 0
    outer loop
      vertex 39.63927514106035 -38.04537734389305 4.35
      vertex 39.63927514106035 -38.04537734389305 0
      vertex 39.52225451171398 -38.12923314422369 4.35
    endloop
  endfacet
  facet normal -0.5280678635228664 0.8492021735219449 0
    outer loop
      vertex 39.399999998509884 -38.20525588840246 0
      vertex 39.399999998509884 -38.20525588840246 4.35
      vertex 39.52225451171398 -38.12923314422369 0
    endloop
  endfacet
  facet normal -0.5280678635228664 0.8492021735219449 0
    outer loop
      vertex 39.52225451171398 -38.12923314422369 4.35
      vertex 39.52225451171398 -38.12923314422369 0
      vertex 39.399999998509884 -38.20525588840246 4.35
    endloop
  endfacet
  facet normal -0.4713967316717486 0.8819212671033585 0
    outer loop
      vertex 39.2730351164937 -38.273120030760765 0
      vertex 39.2730351164937 -38.273120030760765 4.35
      vertex 39.399999998509884 -38.20525588840246 0
    endloop
  endfacet
  facet normal -0.4713967316717486 0.8819212671033585 0
    outer loop
      vertex 39.399999998509884 -38.20525588840246 4.35
      vertex 39.399999998509884 -38.20525588840246 0
      vertex 39.2730351164937 -38.273120030760765 4.35
    endloop
  endfacet
  facet normal -0.4127070184968952 0.9108638300445371 0
    outer loop
      vertex 39.141903549432755 -38.332534968853 0
      vertex 39.141903549432755 -38.332534968853 4.35
      vertex 39.2730351164937 -38.273120030760765 0
    endloop
  endfacet
  facet normal -0.4127070184968952 0.9108638300445371 0
    outer loop
      vertex 39.2730351164937 -38.273120030760765 4.35
      vertex 39.2730351164937 -38.273120030760765 0
      vertex 39.141903549432755 -38.332534968853 4.35
    endloop
  endfacet
  facet normal -0.352250026552026 0.9359059348001255 0
    outer loop
      vertex 39.00716681778431 -38.38324628025293 0
      vertex 39.00716681778431 -38.38324628025293 4.35
      vertex 39.141903549432755 -38.332534968853 0
    endloop
  endfacet
  facet normal -0.352250026552026 0.9359059348001255 0
    outer loop
      vertex 39.141903549432755 -38.332534968853 4.35
      vertex 39.141903549432755 -38.332534968853 0
      vertex 39.00716681778431 -38.38324628025293 4.35
    endloop
  endfacet
  facet normal -0.2902847086987408 0.9569403261936907 0
    outer loop
      vertex 38.86940189450979 -38.42503681778908 0
      vertex 38.86940189450979 -38.42503681778908 4.35
      vertex 39.00716681778431 -38.38324628025293 0
    endloop
  endfacet
  facet normal -0.2902847086987408 0.9569403261936907 0
    outer loop
      vertex 39.00716681778431 -38.38324628025293 4.35
      vertex 39.00716681778431 -38.38324628025293 0
      vertex 38.86940189450979 -38.42503681778908 4.35
    endloop
  endfacet
  facet normal -0.22707623329767604 0.9738769862109585 0
    outer loop
      vertex 38.72919870913029 -38.45772761106491 0
      vertex 38.72919870913029 -38.45772761106491 4.35
      vertex 38.86940189450979 -38.42503681778908 0
    endloop
  endfacet
  facet normal -0.22707623329767604 0.9738769862109585 0
    outer loop
      vertex 38.86940189450979 -38.42503681778908 4.35
      vertex 38.86940189450979 -38.42503681778908 0
      vertex 38.72919870913029 -38.45772761106491 4.35
    endloop
  endfacet
  facet normal -0.16289550050373786 0.9866433276091399 0
    outer loop
      vertex 38.58715762197971 -38.48117869347334 0
      vertex 38.58715762197971 -38.48117869347334 4.35
      vertex 38.72919870913029 -38.45772761106491 0
    endloop
  endfacet
  facet normal -0.16289550050373786 0.9866433276091399 0
    outer loop
      vertex 38.72919870913029 -38.45772761106491 4.35
      vertex 38.72919870913029 -38.45772761106491 0
      vertex 38.58715762197971 -38.48117869347334 4.35
    endloop
  endfacet
  facet normal -0.09801715152442476 0.995184725569599 0
    outer loop
      vertex 38.44388688355684 -38.495289631187916 0
      vertex 38.44388688355684 -38.495289631187916 4.35
      vertex 38.58715762197971 -38.48117869347334 0
    endloop
  endfacet
  facet normal -0.09801715152442476 0.995184725569599 0
    outer loop
      vertex 38.58715762197971 -38.48117869347334 4.35
      vertex 38.58715762197971 -38.48117869347334 0
      vertex 38.44388688355684 -38.495289631187916 4.35
    endloop
  endfacet
  facet normal -0.032719081877998255 0.9994645875072616 0
    outer loop
      vertex 38.29999999701977 -38.5 0
      vertex 38.29999999701977 -38.5 4.35
      vertex 38.44388688355684 -38.495289631187916 0
    endloop
  endfacet
  facet normal -0.032719081877998255 0.9994645875072616 0
    outer loop
      vertex 38.44388688355684 -38.495289631187916 4.35
      vertex 38.44388688355684 -38.495289631187916 0
      vertex 38.29999999701977 -38.5 4.35
    endloop
  endfacet
  facet normal 0 1 0
    outer loop
      vertex 34.70000000298023 -38.5 0
      vertex 34.70000000298023 -38.5 4.35
      vertex 38.29999999701977 -38.5 0
    endloop
  endfacet
  facet normal 0 1 0
    outer loop
      vertex 38.29999999701977 -38.5 4.35
      vertex 38.29999999701977 -38.5 0
      vertex 34.70000000298023 -38.5 4.35
    endloop
  endfacet
  facet normal 0 0 1
    outer loop
      vertex 40.415785767138004 -29.743345841765404 4.35
      vertex 40.28631968051195 -29.75609713047743 4.35
      vertex 40.332534968853 -29.858096450567245 4.35
    endloop
  endfacet
  facet normal 0 0 1
    outer loop
      vertex -40.332534968853 -29.858096450567245 4.35
      vertex -40.28631968051195 -29.75609713047743 4.35
      vertex -40.415785767138004 -29.743345841765404 4.35
    endloop
  endfacet
  facet normal 0 0 1
    outer loop
      vertex 32.667465031147 -29.858096450567245 4.35
      vertex 32.71368031203747 -29.75609713047743 4.35
      vertex 32.584214232861996 -29.743345841765404 4.35
    endloop
  endfacet
  facet normal 0 0 1
    outer loop
      vertex -32.584214232861996 -29.743345841765404 4.35
      vertex -32.71368031203747 -29.75609713047743 4.35
      vertex -32.667465031147 -29.858096450567245 4.35
    endloop
  endfacet
  facet normal 0 0 1
    outer loop
      vertex 6.564232304692268 -1.9620938748121262 4.35
      vertex 6.5 0 4.35
      vertex -6.5 0 4.35
    endloop
  endfacet
  facet normal 0 0 1
    outer loop
      vertex 6.564232304692268 -1.9620938748121262 4.35
      vertex -6.5 0 4.35
      vertex -6.564232304692268 -1.9620938748121262 4.35
    endloop
  endfacet
  facet normal 0 0 1
    outer loop
      vertex -6.564232304692268 1.9620938748121262 4.35
      vertex -6.5 0 4.35
      vertex 6.5 0 4.35
    endloop
  endfacet
  facet normal 0 0 1
    outer loop
      vertex -6.564232304692268 1.9620938748121262 4.35
      vertex 6.5 0 4.35
      vertex 6.564232304692268 1.9620938748121262 4.35
    endloop
  endfacet
  facet normal 0 0 1
    outer loop
      vertex 6.756654158234596 -3.9157857671380043 4.35
      vertex 6.564232304692268 -1.9620938748121262 4.35
      vertex -6.564232304692268 -1.9620938748121262 4.35
    endloop
  endfacet
  facet normal 0 0 1
    outer loop
      vertex 6.756654158234596 -3.9157857671380043 4.35
      vertex -6.564232304692268 -1.9620938748121262 4.35
      vertex -6.756654158234596 -3.9157857671380043 4.35
    endloop
  endfacet
  facet normal 0 0 1
    outer loop
      vertex -6.756654158234596 3.9157857671380043 4.35
      vertex -6.564232304692268 1.9620938748121262 4.35
      vertex 6.564232304692268 1.9620938748121262 4.35
    endloop
  endfacet
  facet normal 0 0 1
    outer loop
      vertex -6.756654158234596 3.9157857671380043 4.35
      vertex 6.564232304692268 1.9620938748121262 4.35
      vertex 6.756654158234596 3.9157857671380043 4.35
    endloop
  endfacet
  facet normal 0 0 1
    outer loop
      vertex 7.076441586017609 -5.852709658443928 4.35
      vertex 6.756654158234596 -3.9157857671380043 4.35
      vertex -6.756654158234596 -3.9157857671380043 4.35
    endloop
  endfacet
  facet normal 0 0 1
    outer loop
      vertex 7.076441586017609 -5.852709658443928 4.35
      vertex -6.756654158234596 -3.9157857671380043 4.35
      vertex -7.076441586017609 -5.852709658443928 4.35
    endloop
  endfacet
  facet normal 0 0 1
    outer loop
      vertex -7.076441586017609 5.852709658443928 4.35
      vertex -6.756654158234596 3.9157857671380043 4.35
      vertex 6.756654158234596 3.9157857671380043 4.35
    endloop
  endfacet
  facet normal 0 0 1
    outer loop
      vertex -7.076441586017609 5.852709658443928 4.35
      vertex 6.756654158234596 3.9157857671380043 4.35
      vertex 7.076441586017609 5.852709658443928 4.35
    endloop
  endfacet
  facet normal 0 0 1
    outer loop
      vertex 7.522225208580494 -7.764571353793144 4.35
      vertex 7.076441586017609 -5.852709658443928 4.35
      vertex -7.076441586017609 -5.852709658443928 4.35
    endloop
  endfacet
  facet normal 0 0 1
    outer loop
      vertex 7.522225208580494 -7.764571353793144 4.35
      vertex -7.076441586017609 -5.852709658443928 4.35
      vertex -7.522225208580494 -7.764571353793144 4.35
    endloop
  endfacet
  facet normal 0 0 1
    outer loop
      vertex -7.522225208580494 7.764571353793144 4.35
      vertex -7.076441586017609 5.852709658443928 4.35
      vertex 7.076441586017609 5.852709658443928 4.35
    endloop
  endfacet
  facet normal 0 0 1
    outer loop
      vertex -7.522225208580494 7.764571353793144 4.35
      vertex 7.076441586017609 5.852709658443928 4.35
      vertex 7.522225208580494 7.764571353793144 4.35
    endloop
  endfacet
  facet normal 0 0 1
    outer loop
      vertex 8.092096112668514 -9.643183961510658 4.35
      vertex 7.522225208580494 -7.764571353793144 4.35
      vertex -7.522225208580494 -7.764571353793144 4.35
    endloop
  endfacet
  facet normal 0 0 1
    outer loop
      vertex 8.092096112668514 -9.643183961510658 4.35
      vertex -7.522225208580494 -7.764571353793144 4.35
      vertex -8.092096112668514 -9.643183961510658 4.35
    endloop
  endfacet
  facet normal 0 0 1
    outer loop
      vertex -8.092096112668514 9.643183961510658 4.35
      vertex -7.522225208580494 7.764571353793144 4.35
      vertex 7.522225208580494 7.764571353793144 4.35
    endloop
  endfacet
  facet normal 0 0 1
    outer loop
      vertex -8.092096112668514 9.643183961510658 4.35
      vertex 7.522225208580494 7.764571353793144 4.35
      vertex 8.092096112668514 9.643183961510658 4.35
    endloop
  endfacet
  facet normal 0 0 1
    outer loop
      vertex 8.78361402451992 -11.480502970516682 4.35
      vertex 8.092096112668514 -9.643183961510658 4.35
      vertex -8.092096112668514 -9.643183961510658 4.35
    endloop
  endfacet
  facet normal 0 0 1
    outer loop
      vertex 8.78361402451992 -11.480502970516682 4.35
      vertex -8.092096112668514 -9.643183961510658 4.35
      vertex -8.78361402451992 -11.480502970516682 4.35
    endloop
  endfacet
  facet normal 0 0 1
    outer loop
      vertex -8.78361402451992 11.480502970516682 4.35
      vertex -8.092096112668514 9.643183961510658 4.35
      vertex 8.092096112668514 9.643183961510658 4.35
    endloop
  endfacet
  facet normal 0 0 1
    outer loop
      vertex -8.78361402451992 11.480502970516682 4.35
      vertex 8.092096112668514 9.643183961510658 4.35
      vertex 8.78361402451992 11.480502970516682 4.35
    endloop
  endfacet
  facet normal 0 0 1
    outer loop
      vertex 9.593817755579948 -13.268660709261894 4.35
      vertex 8.78361402451992 -11.480502970516682 4.35
      vertex -8.78361402451992 -11.480502970516682 4.35
    endloop
  endfacet
  facet normal 0 0 1
    outer loop
      vertex 9.593817755579948 -13.268660709261894 4.35
      vertex -8.78361402451992 -11.480502970516682 4.35
      vertex -9.593817755579948 -13.268660709261894 4.35
    endloop
  endfacet
  facet normal 0 0 1
    outer loop
      vertex -9.593817755579948 13.268660709261894 4.35
      vertex -8.78361402451992 11.480502970516682 4.35
      vertex 8.78361402451992 11.480502970516682 4.35
    endloop
  endfacet
  facet normal 0 0 1
    outer loop
      vertex -9.593817755579948 13.268660709261894 4.35
      vertex 8.78361402451992 11.480502970516682 4.35
      vertex 9.593817755579948 13.268660709261894 4.35
    endloop
  endfacet
  facet normal 0 0 1
    outer loop
      vertex 10.519237883388996 -15 4.35
      vertex 9.593817755579948 -13.268660709261894 4.35
      vertex -9.593817755579948 -13.268660709261894 4.35
    endloop
  endfacet
  facet normal 0 0 1
    outer loop
      vertex 10.519237883388996 -15 4.35
      vertex -9.593817755579948 -13.268660709261894 4.35
      vertex -10.519237883388996 -15 4.35
    endloop
  endfacet
  facet normal 0 0 1
    outer loop
      vertex -10.519237883388996 15 4.35
      vertex -9.593817755579948 13.268660709261894 4.35
      vertex 9.593817755579948 13.268660709261894 4.35
    endloop
  endfacet
  facet normal 0 0 1
    outer loop
      vertex -10.519237883388996 15 4.35
      vertex 9.593817755579948 13.268660709261894 4.35
      vertex 10.519237883388996 15 4.35
    endloop
  endfacet
  facet normal 0 0 1
    outer loop
      vertex 11.555911630392075 -16.667106993496418 4.35
      vertex 10.519237883388996 -15 4.35
      vertex -10.519237883388996 -15 4.35
    endloop
  endfacet
  facet normal 0 0 1
    outer loop
      vertex 11.555911630392075 -16.667106993496418 4.35
      vertex -10.519237883388996 -15 4.35
      vertex -11.555911630392075 -16.667106993496418 4.35
    endloop
  endfacet
  facet normal 0 0 1
    outer loop
      vertex -11.555911630392075 16.667106993496418 4.35
      vertex -10.519237883388996 15 4.35
      vertex 10.519237883388996 15 4.35
    endloop
  endfacet
  facet normal 0 0 1
    outer loop
      vertex -11.555911630392075 16.667106993496418 4.35
      vertex 10.519237883388996 15 4.35
      vertex 11.555911630392075 16.667106993496418 4.35
    endloop
  endfacet
  facet normal 0 0 1
    outer loop
      vertex 40.415785767138004 -29.743345841765404 4.35
      vertex 40.332534968853 -29.858096450567245 4.35
      vertex 40.38324628025293 -29.99283318221569 4.35
    endloop
  endfacet
  facet normal 0 0 1
    outer loop
      vertex 42.35270965844393 -29.42355841398239 4.35
      vertex 40.415785767138004 -29.743345841765404 4.35
      vertex 40.38324628025293 -29.99283318221569 4.35
    endloop
  endfacet
  facet normal 0 0 1
    outer loop
      vertex 42.35270965844393 -29.42355841398239 4.35
      vertex 40.38324628025293 -29.99283318221569 4.35
      vertex 40.42503681778908 -30.130598105490208 4.35
    endloop
  endfacet
  facet normal 0 0 1
    outer loop
      vertex 42.35270965844393 -29.42355841398239 4.35
      vertex 40.42503681778908 -30.130598105490208 4.35
      vertex 40.45772761106491 -30.270801290869713 4.35
    endloop
  endfacet
  facet normal 0 0 1
    outer loop
      vertex 42.35270965844393 -29.42355841398239 4.35
      vertex 40.45772761106491 -30.270801290869713 4.35
      vertex 40.48117869347334 -30.412842378020287 4.35
    endloop
  endfacet
  facet normal 0 0 1
    outer loop
      vertex 42.35270965844393 -29.42355841398239 4.35
      vertex 40.48117869347334 -30.412842378020287 4.35
      vertex 40.495289631187916 -30.556113116443157 4.35
    endloop
  endfacet
  facet normal 0 0 1
    outer loop
      vertex 42.35270965844393 -29.42355841398239 4.35
      vertex 40.495289631187916 -30.556113116443157 4.35
      vertex 40.5 -30.700000002980232 4.35
    endloop
  endfacet
  facet normal 0 0 1
    outer loop
      vertex -40.38324628025293 -29.99283318221569 4.35
      vertex -40.332534968853 -29.858096450567245 4.35
      vertex -40.415785767138004 -29.743345841765404 4.35
    endloop
  endfacet
  facet normal 0 0 1
    outer loop
      vertex -40.38324628025293 -29.99283318221569 4.35
      vertex -40.415785767138004 -29.743345841765404 4.35
      vertex -42.35270965844393 -29.42355841398239 4.35
    endloop
  endfacet
  facet normal 0 0 1
    outer loop
      vertex -40.42503681778908 -30.130598105490208 4.35
      vertex -40.38324628025293 -29.99283318221569 4.35
      vertex -42.35270965844393 -29.42355841398239 4.35
    endloop
  endfacet
  facet normal 0 0 1
    outer loop
      vertex -40.45772761106491 -30.270801290869713 4.35
      vertex -40.42503681778908 -30.130598105490208 4.35
      vertex -42.35270965844393 -29.42355841398239 4.35
    endloop
  endfacet
  facet normal 0 0 1
    outer loop
      vertex -40.48117869347334 -30.412842378020287 4.35
      vertex -40.45772761106491 -30.270801290869713 4.35
      vertex -42.35270965844393 -29.42355841398239 4.35
    endloop
  endfacet
  facet normal 0 0 1
    outer loop
      vertex -40.495289631187916 -30.556113116443157 4.35
      vertex -40.48117869347334 -30.412842378020287 4.35
      vertex -42.35270965844393 -29.42355841398239 4.35
    endloop
  endfacet
  facet normal 0 0 1
    outer loop
      vertex -40.5 -30.700000002980232 4.35
      vertex -40.495289631187916 -30.556113116443157 4.35
      vertex -42.35270965844393 -29.42355841398239 4.35
    endloop
  endfacet
  facet normal 0 0 1
    outer loop
      vertex 32.61675371974707 -29.99283318221569 4.35
      vertex 32.667465031147 -29.858096450567245 4.35
      vertex 32.584214232861996 -29.743345841765404 4.35
    endloop
  endfacet
  facet normal 0 0 1
    outer loop
      vertex 32.61675371974707 -29.99283318221569 4.35
      vertex 32.584214232861996 -29.743345841765404 4.35
      vertex 30.647290341556072 -29.42355841398239 4.35
    endloop
  endfacet
  facet normal 0 0 1
    outer loop
      vertex 32.57496318221092 -30.130598105490208 4.35
      vertex 32.61675371974707 -29.99283318221569 4.35
      vertex 30.647290341556072 -29.42355841398239 4.35
    endloop
  endfacet
  facet normal 0 0 1
    outer loop
      vertex 32.54227238893509 -30.270801290869713 4.35
      vertex 32.57496318221092 -30.130598105490208 4.35
      vertex 30.647290341556072 -29.42355841398239 4.35
    endloop
  endfacet
  facet normal 0 0 1
    outer loop
      vertex 32.51882130652666 -30.412842378020287 4.35
      vertex 32.54227238893509 -30.270801290869713 4.35
      vertex 30.647290341556072 -29.42355841398239 4.35
    endloop
  endfacet
  facet normal 0 0 1
    outer loop
      vertex 32.504710368812084 -30.556113116443157 4.35
      vertex 32.51882130652666 -30.412842378020287 4.35
      vertex 30.647290341556072 -29.42355841398239 4.35
    endloop
  endfacet
  facet normal 0 0 1
    outer loop
      vertex 32.5 -30.700000002980232 4.35
      vertex 32.504710368812084 -30.556113116443157 4.35
      vertex 30.647290341556072 -29.42355841398239 4.35
    endloop
  endfacet
  facet normal 0 0 1
    outer loop
      vertex -32.584214232861996 -29.743345841765404 4.35
      vertex -32.667465031147 -29.858096450567245 4.35
      vertex -32.61675371974707 -29.99283318221569 4.35
    endloop
  endfacet
  facet normal 0 0 1
    outer loop
      vertex -30.647290341556072 -29.42355841398239 4.35
      vertex -32.584214232861996 -29.743345841765404 4.35
      vertex -32.61675371974707 -29.99283318221569 4.35
    endloop
  endfacet
  facet normal 0 0 1
    outer loop
      vertex -30.647290341556072 -29.42355841398239 4.35
      vertex -32.61675371974707 -29.99283318221569 4.35
      vertex -32.57496318221092 -30.130598105490208 4.35
    endloop
  endfacet
  facet normal 0 0 1
    outer loop
      vertex -30.647290341556072 -29.42355841398239 4.35
      vertex -32.57496318221092 -30.130598105490208 4.35
      vertex -32.54227238893509 -30.270801290869713 4.35
    endloop
  endfacet
  facet normal 0 0 1
    outer loop
      vertex -30.647290341556072 -29.42355841398239 4.35
      vertex -32.54227238893509 -30.270801290869713 4.35
      vertex -32.51882130652666 -30.412842378020287 4.35
    endloop
  endfacet
  facet normal 0 0 1
    outer loop
      vertex -30.647290341556072 -29.42355841398239 4.35
      vertex -32.51882130652666 -30.412842378020287 4.35
      vertex -32.504710368812084 -30.556113116443157 4.35
    endloop
  endfacet
  facet normal 0 0 1
    outer loop
      vertex -30.647290341556072 -29.42355841398239 4.35
      vertex -32.504710368812084 -30.556113116443157 4.35
      vertex -32.5 -30.700000002980232 4.35
    endloop
  endfacet
  facet normal 0 0 1
    outer loop
      vertex 42.35270965844393 -29.42355841398239 4.35
      vertex 40.5 -30.700000002980232 4.35
      vertex 40.5 -36.29999999701977 4.35
    endloop
  endfacet
  facet normal 0 0 1
    outer loop
      vertex 44.264571353793144 -28.977774791419506 4.35
      vertex 42.35270965844393 -29.42355841398239 4.35
      vertex 40.5 -36.29999999701977 4.35
    endloop
  endfacet
  facet normal 0 0 1
    outer loop
      vertex -40.5 -36.29999999701977 4.35
      vertex -40.5 -30.700000002980232 4.35
      vertex -42.35270965844393 -29.42355841398239 4.35
    endloop
  endfacet
  facet normal 0 0 1
    outer loop
      vertex -40.5 -36.29999999701977 4.35
      vertex -42.35270965844393 -29.42355841398239 4.35
      vertex -44.264571353793144 -28.977774791419506 4.35
    endloop
  endfacet
  facet normal 0 0 1
    outer loop
      vertex 32.5 -36.29999999701977 4.35
      vertex 32.5 -30.700000002980232 4.35
      vertex 30.647290341556072 -29.42355841398239 4.35
    endloop
  endfacet
  facet normal 0 0 1
    outer loop
      vertex 32.5 -36.29999999701977 4.35
      vertex 30.647290341556072 -29.42355841398239 4.35
      vertex 28.735428646206856 -28.977774791419506 4.35
    endloop
  endfacet
  facet normal 0 0 1
    outer loop
      vertex -30.647290341556072 -29.42355841398239 4.35
      vertex -32.5 -30.700000002980232 4.35
      vertex -32.5 -36.29999999701977 4.35
    endloop
  endfacet
  facet normal 0 0 1
    outer loop
      vertex -28.735428646206856 -28.977774791419506 4.35
      vertex -30.647290341556072 -29.42355841398239 4.35
      vertex -32.5 -36.29999999701977 4.35
    endloop
  endfacet
  facet normal 0 0 1
    outer loop
      vertex 12.699399791657925 -18.262842871248722 4.35
      vertex 11.555911630392075 -16.667106993496418 4.35
      vertex -11.555911630392075 -16.667106993496418 4.35
    endloop
  endfacet
  facet normal 0 0 1
    outer loop
      vertex 12.699399791657925 -18.262842871248722 4.35
      vertex -11.555911630392075 -16.667106993496418 4.35
      vertex -12.699399791657925 -18.262842871248722 4.35
    endloop
  endfacet
  facet normal 0 0 1
    outer loop
      vertex -12.699399791657925 18.262842871248722 4.35
      vertex -11.555911630392075 16.667106993496418 4.35
      vertex 11.555911630392075 16.667106993496418 4.35
    endloop
  endfacet
  facet normal 0 0 1
    outer loop
      vertex -12.699399791657925 18.262842871248722 4.35
      vertex 11.555911630392075 16.667106993496418 4.35
      vertex 12.699399791657925 18.262842871248722 4.35
    endloop
  endfacet
  facet normal 0 0 1
    outer loop
      vertex 13.944805778563023 -19.780374452471733 4.35
      vertex 12.699399791657925 -18.262842871248722 4.35
      vertex -12.699399791657925 -18.262842871248722 4.35
    endloop
  endfacet
  facet normal 0 0 1
    outer loop
      vertex 13.944805778563023 -19.780374452471733 4.35
      vertex -12.699399791657925 -18.262842871248722 4.35
      vertex -13.944805778563023 -19.780374452471733 4.35
    endloop
  endfacet
  facet normal 0 0 1
    outer loop
      vertex -13.944805778563023 19.780374452471733 4.35
      vertex -12.699399791657925 18.262842871248722 4.35
      vertex 12.699399791657925 18.262842871248722 4.35
    endloop
  endfacet
  facet normal 0 0 1
    outer loop
      vertex -13.944805778563023 19.780374452471733 4.35
      vertex 12.699399791657925 18.262842871248722 4.35
      vertex 13.944805778563023 19.780374452471733 4.35
    endloop
  endfacet
  facet normal 0 0 1
    outer loop
      vertex 15.286796562373638 -21.213203437626362 4.35
      vertex 13.944805778563023 -19.780374452471733 4.35
      vertex -13.944805778563023 -19.780374452471733 4.35
    endloop
  endfacet
  facet normal 0 0 1
    outer loop
      vertex 15.286796562373638 -21.213203437626362 4.35
      vertex -13.944805778563023 -19.780374452471733 4.35
      vertex -15.286796562373638 -21.213203437626362 4.35
    endloop
  endfacet
  facet normal 0 0 1
    outer loop
      vertex -15.286796562373638 21.213203437626362 4.35
      vertex -13.944805778563023 19.780374452471733 4.35
      vertex 13.944805778563023 19.780374452471733 4.35
    endloop
  endfacet
  facet normal 0 0 1
    outer loop
      vertex -15.286796562373638 21.213203437626362 4.35
      vertex 13.944805778563023 19.780374452471733 4.35
      vertex 15.286796562373638 21.213203437626362 4.35
    endloop
  endfacet
  facet normal 0 0 1
    outer loop
      vertex 46.14318396151066 -28.407903887331486 4.35
      vertex 44.264571353793144 -28.977774791419506 4.35
      vertex 40.5 -36.29999999701977 4.35
    endloop
  endfacet
  facet normal 0 0 1
    outer loop
      vertex -40.5 -36.29999999701977 4.35
      vertex -44.264571353793144 -28.977774791419506 4.35
      vertex -46.14318396151066 -28.407903887331486 4.35
    endloop
  endfacet
  facet normal 0 0 1
    outer loop
      vertex 32.5 -36.29999999701977 4.35
      vertex 28.735428646206856 -28.977774791419506 4.35
      vertex 26.85681603848934 -28.407903887331486 4.35
    endloop
  endfacet
  facet normal 0 0 1
    outer loop
      vertex -26.85681603848934 -28.407903887331486 4.35
      vertex -28.735428646206856 -28.977774791419506 4.35
      vertex -32.5 -36.29999999701977 4.35
    endloop
  endfacet
  facet normal 0 0 1
    outer loop
      vertex 16.719625547528267 -22.555194221436977 4.35
      vertex 15.286796562373638 -21.213203437626362 4.35
      vertex -15.286796562373638 -21.213203437626362 4.35
    endloop
  endfacet
  facet normal 0 0 1
    outer loop
      vertex 16.719625547528267 -22.555194221436977 4.35
      vertex -15.286796562373638 -21.213203437626362 4.35
      vertex -16.719625547528267 -22.555194221436977 4.35
    endloop
  endfacet
  facet normal 0 0 1
    outer loop
      vertex -16.719625547528267 22.555194221436977 4.35
      vertex -15.286796562373638 21.213203437626362 4.35
      vertex 15.286796562373638 21.213203437626362 4.35
    endloop
  endfacet
  facet normal 0 0 1
    outer loop
      vertex -16.719625547528267 22.555194221436977 4.35
      vertex 15.286796562373638 21.213203437626362 4.35
      vertex 16.719625547528267 22.555194221436977 4.35
    endloop
  endfacet
  facet normal 0 0 1
    outer loop
      vertex 18.237157128751278 -23.800600208342075 4.35
      vertex 16.719625547528267 -22.555194221436977 4.35
      vertex -16.719625547528267 -22.555194221436977 4.35
    endloop
  endfacet
  facet normal 0 0 1
    outer loop
      vertex 18.237157128751278 -23.800600208342075 4.35
      vertex -16.719625547528267 -22.555194221436977 4.35
      vertex -18.237157128751278 -23.800600208342075 4.35
    endloop
  endfacet
  facet normal 0 0 1
    outer loop
      vertex -18.237157128751278 23.800600208342075 4.35
      vertex -16.719625547528267 22.555194221436977 4.35
      vertex 16.719625547528267 22.555194221436977 4.35
    endloop
  endfacet
  facet normal 0 0 1
    outer loop
      vertex -18.237157128751278 23.800600208342075 4.35
      vertex 16.719625547528267 22.555194221436977 4.35
      vertex 18.237157128751278 23.800600208342075 4.35
    endloop
  endfacet
  facet normal 0 0 1
    outer loop
      vertex 66.43576769530773 1.9620938748121262 4.35
      vertex 66.5 0 4.35
      vertex 71.375 40.330422334373 4.35
    endloop
  endfacet
  facet normal 0 0 1
    outer loop
      vertex 66.2433458417654 3.9157857671380043 4.35
      vertex 66.43576769530773 1.9620938748121262 4.35
      vertex 71.375 40.330422334373 4.35
    endloop
  endfacet
  facet normal 0 0 1
    outer loop
      vertex 65.92355841398239 5.852709658443928 4.35
      vertex 66.2433458417654 3.9157857671380043 4.35
      vertex 71.375 40.330422334373 4.35
    endloop
  endfacet
  facet normal 0 0 1
    outer loop
      vertex 65.4777747914195 7.764571353793144 4.35
      vertex 65.92355841398239 5.852709658443928 4.35
      vertex 71.375 40.330422334373 4.35
    endloop
  endfacet
  facet normal 0 0 1
    outer loop
      vertex 64.90790388733149 9.643183961510658 4.35
      vertex 65.4777747914195 7.764571353793144 4.35
      vertex 71.375 40.330422334373 4.35
    endloop
  endfacet
  facet normal 0 0 1
    outer loop
      vertex 64.21638597548008 11.480502970516682 4.35
      vertex 64.90790388733149 9.643183961510658 4.35
      vertex 71.375 40.330422334373 4.35
    endloop
  endfacet
  facet normal 0 0 1
    outer loop
      vertex 63.40618224442005 13.268660709261894 4.35
      vertex 64.21638597548008 11.480502970516682 4.35
      vertex 71.375 40.330422334373 4.35
    endloop
  endfacet
  facet normal 0 0 1
    outer loop
      vertex 62.480762116611004 15 4.35
      vertex 63.40618224442005 13.268660709261894 4.35
      vertex 71.375 40.330422334373 4.35
    endloop
  endfacet
  facet normal 0 0 1
    outer loop
      vertex 61.444088369607925 16.667106993496418 4.35
      vertex 62.480762116611004 15 4.35
      vertex 71.375 40.330422334373 4.35
    endloop
  endfacet
  facet normal 0 0 1
    outer loop
      vertex 60.300600208342075 18.262842871248722 4.35
      vertex 61.444088369607925 16.667106993496418 4.35
      vertex 71.375 40.330422334373 4.35
    endloop
  endfacet
  facet normal 0 0 1
    outer loop
      vertex 59.05519422143698 19.780374452471733 4.35
      vertex 60.300600208342075 18.262842871248722 4.35
      vertex 71.375 40.330422334373 4.35
    endloop
  endfacet
  facet normal 0 0 1
    outer loop
      vertex 57.71320343762636 21.213203437626362 4.35
      vertex 59.05519422143698 19.780374452471733 4.35
      vertex 71.375 40.330422334373 4.35
    endloop
  endfacet
  facet normal 0 0 1
    outer loop
      vertex 56.28037445247173 22.555194221436977 4.35
      vertex 57.71320343762636 21.213203437626362 4.35
      vertex 71.375 40.330422334373 4.35
    endloop
  endfacet
  facet normal 0 0 1
    outer loop
      vertex 54.76284287124872 23.800600208342075 4.35
      vertex 56.28037445247173 22.555194221436977 4.35
      vertex 71.375 40.330422334373 4.35
    endloop
  endfacet
  facet normal 0 0 1
    outer loop
      vertex 53.16710699349642 24.944088369607925 4.35
      vertex 54.76284287124872 23.800600208342075 4.35
      vertex 71.375 40.330422334373 4.35
    endloop
  endfacet
  facet normal 0 0 1
    outer loop
      vertex 51.5 25.980762116611004 4.35
      vertex 53.16710699349642 24.944088369607925 4.35
      vertex 71.375 40.330422334373 4.35
    endloop
  endfacet
  facet normal 0 0 1
    outer loop
      vertex 49.768660709261894 26.90618224442005 4.35
      vertex 51.5 25.980762116611004 4.35
      vertex 71.375 40.330422334373 4.35
    endloop
  endfacet
  facet normal 0 0 1
    outer loop
      vertex 49.768660709261894 26.90618224442005 4.35
      vertex 71.375 40.330422334373 4.35
      vertex 71.35385686904192 40.976278237998486 4.35
    endloop
  endfacet
  facet normal 0 0 1
    outer loop
      vertex 49.768660709261894 26.90618224442005 4.35
      vertex 71.35385686904192 40.976278237998486 4.35
      vertex 71.29051800817251 41.619368486106396 4.35
    endloop
  endfacet
  facet normal 0 0 1
    outer loop
      vertex 49.768660709261894 26.90618224442005 4.35
      vertex 71.29051800817251 41.619368486106396 4.35
      vertex 71.18525464087725 42.25693926215172 4.35
    endloop
  endfacet
  facet normal 0 0 1
    outer loop
      vertex 49.768660709261894 26.90618224442005 4.35
      vertex 71.18525464087725 42.25693926215172 4.35
      vertex 71.03851753473282 42.88626040518284 4.35
    endloop
  endfacet
  facet normal 0 0 1
    outer loop
      vertex 49.768660709261894 26.90618224442005 4.35
      vertex 71.03851753473282 42.88626040518284 4.35
      vertex 70.85093502700329 43.50463705509901 4.35
    endloop
  endfacet
  facet normal 0 0 1
    outer loop
      vertex 49.768660709261894 26.90618224442005 4.35
      vertex 70.85093502700329 43.50463705509901 4.35
      vertex 70.62331038713455 44.109421230852604 4.35
    endloop
  endfacet
  facet normal 0 0 1
    outer loop
      vertex 49.768660709261894 26.90618224442005 4.35
      vertex 70.62331038713455 44.109421230852604 4.35
      vertex 70.35661832243204 44.69802314788103 4.35
    endloop
  endfacet
  facet normal 0 0 1
    outer loop
      vertex 49.768660709261894 26.90618224442005 4.35
      vertex 70.35661832243204 44.69802314788103 4.35
      vertex 70.05200086534023 45.267922334373 4.35
    endloop
  endfacet
  facet normal 0 0 1
    outer loop
      vertex 49.768660709261894 26.90618224442005 4.35
      vertex 70.05200086534023 45.267922334373 4.35
      vertex 69.71076241880655 45.8166783824563 4.35
    endloop
  endfacet
  facet normal 0 0 1
    outer loop
      vertex 49.768660709261894 26.90618224442005 4.35
      vertex 69.71076241880655 45.8166783824563 4.35
      vertex 69.33436423540115 46.3419414460659 4.35
    endloop
  endfacet
  facet normal 0 0 1
    outer loop
      vertex 49.768660709261894 26.90618224442005 4.35
      vertex 69.33436423540115 46.3419414460659 4.35
      vertex 68.92441809922457 46.84146226197481 4.35
    endloop
  endfacet
  facet normal 0 0 1
    outer loop
      vertex 49.768660709261894 26.90618224442005 4.35
      vertex 68.92441809922457 46.84146226197481 4.35
      vertex 68.48267946392298 47.313101798295975 4.35
    endloop
  endfacet
  facet normal 0 0 1
    outer loop
      vertex 49.768660709261894 26.90618224442005 4.35
      vertex 68.48267946392298 47.313101798295975 4.35
      vertex 68.01103992760181 47.754840433597565 4.35
    endloop
  endfacet
  facet normal 0 0 1
    outer loop
      vertex 49.768660709261894 26.90618224442005 4.35
      vertex 68.01103992760181 47.754840433597565 4.35
      vertex 67.5115191116929 48.16478656977415 4.35
    endloop
  endfacet
  facet normal 0 0 1
    outer loop
      vertex 49.768660709261894 26.90618224442005 4.35
      vertex 67.5115191116929 48.16478656977415 4.35
      vertex 66.9862560480833 48.54118475317955 4.35
    endloop
  endfacet
  facet normal 0 0 1
    outer loop
      vertex 49.768660709261894 26.90618224442005 4.35
      vertex 66.9862560480833 48.54118475317955 4.35
      vertex 66.4375 48.88242319971323 4.35
    endloop
  endfacet
  facet normal 0 0 1
    outer loop
      vertex 49.768660709261894 26.90618224442005 4.35
      vertex 66.4375 48.88242319971323 4.35
      vertex 65.86760081350803 49.18704065680504 4.35
    endloop
  endfacet
  facet normal 0 0 1
    outer loop
      vertex 49.768660709261894 26.90618224442005 4.35
      vertex 65.86760081350803 49.18704065680504 4.35
      vertex 65.2789988964796 49.45373272150755 4.35
    endloop
  endfacet
  facet normal 0 0 1
    outer loop
      vertex 49.768660709261894 26.90618224442005 4.35
      vertex 65.2789988964796 49.45373272150755 4.35
      vertex 64.67421472072601 49.681357361376286 4.35
    endloop
  endfacet
  facet normal 0 0 1
    outer loop
      vertex 49.768660709261894 26.90618224442005 4.35
      vertex 64.67421472072601 49.681357361376286 4.35
      vertex 64.05583807080984 49.868939869105816 4.35
    endloop
  endfacet
  facet normal 0 0 1
    outer loop
      vertex 49.768660709261894 26.90618224442005 4.35
      vertex 64.05583807080984 49.868939869105816 4.35
      vertex 63.42651692777872 50.015676975250244 4.35
    endloop
  endfacet
  facet normal 0 0 1
    outer loop
      vertex 49.768660709261894 26.90618224442005 4.35
      vertex 63.42651692777872 50.015676975250244 4.35
      vertex 62.7889461517334 50.12094034254551 4.35
    endloop
  endfacet
  facet normal 0 0 1
    outer loop
      vertex 49.768660709261894 26.90618224442005 4.35
      vertex 62.7889461517334 50.12094034254551 4.35
      vertex 62.14585590362549 50.18427920341492 4.35
    endloop
  endfacet
  facet normal 0 0 1
    outer loop
      vertex 49.768660709261894 26.90618224442005 4.35
      vertex 62.14585590362549 50.18427920341492 4.35
      vertex 61.5 50.205422334373 4.35
    endloop
  endfacet
  facet normal 0 0 1
    outer loop
      vertex 47.98050297051668 27.71638597548008 4.35
      vertex 49.768660709261894 26.90618224442005 4.35
      vertex 61.5 50.205422334373 4.35
    endloop
  endfacet
  facet normal 0 0 1
    outer loop
      vertex 46.14318396151066 28.407903887331486 4.35
      vertex 47.98050297051668 27.71638597548008 4.35
      vertex 61.5 50.205422334373 4.35
    endloop
  endfacet
  facet normal 0 0 1
    outer loop
      vertex 44.264571353793144 28.977774791419506 4.35
      vertex 46.14318396151066 28.407903887331486 4.35
      vertex 61.5 50.205422334373 4.35
    endloop
  endfacet
  facet normal 0 0 1
    outer loop
      vertex 42.35270965844393 29.42355841398239 4.35
      vertex 44.264571353793144 28.977774791419506 4.35
      vertex 61.5 50.205422334373 4.35
    endloop
  endfacet
  facet normal 0 0 1
    outer loop
      vertex 40.415785767138004 29.743345841765404 4.35
      vertex 42.35270965844393 29.42355841398239 4.35
      vertex 61.5 50.205422334373 4.35
    endloop
  endfacet
  facet normal 0 0 1
    outer loop
      vertex 38.462093874812126 29.93576769530773 4.35
      vertex 40.415785767138004 29.743345841765404 4.35
      vertex 61.5 50.205422334373 4.35
    endloop
  endfacet
  facet normal 0 0 1
    outer loop
      vertex 36.5 30 4.35
      vertex 38.462093874812126 29.93576769530773 4.35
      vertex 61.5 50.205422334373 4.35
    endloop
  endfacet
  facet normal 0 0 1
    outer loop
      vertex 34.537906125187874 29.93576769530773 4.35
      vertex 36.5 30 4.35
      vertex 61.5 50.205422334373 4.35
    endloop
  endfacet
  facet normal 0 0 1
    outer loop
      vertex 19.832893006503582 -24.944088369607925 4.35
      vertex 18.237157128751278 -23.800600208342075 4.35
      vertex -18.237157128751278 -23.800600208342075 4.35
    endloop
  endfacet
  facet normal 0 0 1
    outer loop
      vertex 19.832893006503582 -24.944088369607925 4.35
      vertex -18.237157128751278 -23.800600208342075 4.35
      vertex -19.832893006503582 -24.944088369607925 4.35
    endloop
  endfacet
  facet normal 0 0 1
    outer loop
      vertex -19.832893006503582 24.944088369607925 4.35
      vertex -18.237157128751278 23.800600208342075 4.35
      vertex 18.237157128751278 23.800600208342075 4.35
    endloop
  endfacet
  facet normal 0 0 1
    outer loop
      vertex -19.832893006503582 24.944088369607925 4.35
      vertex 18.237157128751278 23.800600208342075 4.35
      vertex 19.832893006503582 24.944088369607925 4.35
    endloop
  endfacet
  facet normal 0 0 1
    outer loop
      vertex 47.98050297051668 -27.71638597548008 4.35
      vertex 46.14318396151066 -28.407903887331486 4.35
      vertex 40.5 -36.29999999701977 4.35
    endloop
  endfacet
  facet normal 0 0 1
    outer loop
      vertex 47.98050297051668 -27.71638597548008 4.35
      vertex 40.5 -36.29999999701977 4.35
      vertex 40.495289631187916 -36.44388688355684 4.35
    endloop
  endfacet
  facet normal 0 0 1
    outer loop
      vertex 47.98050297051668 -27.71638597548008 4.35
      vertex 40.495289631187916 -36.44388688355684 4.35
      vertex 40.48117869347334 -36.58715762197971 4.35
    endloop
  endfacet
  facet normal 0 0 1
    outer loop
      vertex -40.5 -36.29999999701977 4.35
      vertex -46.14318396151066 -28.407903887331486 4.35
      vertex -47.98050297051668 -27.71638597548008 4.35
    endloop
  endfacet
  facet normal 0 0 1
    outer loop
      vertex -40.495289631187916 -36.44388688355684 4.35
      vertex -40.5 -36.29999999701977 4.35
      vertex -47.98050297051668 -27.71638597548008 4.35
    endloop
  endfacet
  facet normal 0 0 1
    outer loop
      vertex -40.48117869347334 -36.58715762197971 4.35
      vertex -40.495289631187916 -36.44388688355684 4.35
      vertex -47.98050297051668 -27.71638597548008 4.35
    endloop
  endfacet
  facet normal 0 0 1
    outer loop
      vertex 32.5 -36.29999999701977 4.35
      vertex 26.85681603848934 -28.407903887331486 4.35
      vertex 25.01949702948332 -27.71638597548008 4.35
    endloop
  endfacet
  facet normal 0 0 1
    outer loop
      vertex 32.504710368812084 -36.44388688355684 4.35
      vertex 32.5 -36.29999999701977 4.35
      vertex 25.01949702948332 -27.71638597548008 4.35
    endloop
  endfacet
  facet normal 0 0 1
    outer loop
      vertex 32.51882130652666 -36.58715762197971 4.35
      vertex 32.504710368812084 -36.44388688355684 4.35
      vertex 25.01949702948332 -27.71638597548008 4.35
    endloop
  endfacet
  facet normal 0 0 1
    outer loop
      vertex -25.01949702948332 -27.71638597548008 4.35
      vertex -26.85681603848934 -28.407903887331486 4.35
      vertex -32.5 -36.29999999701977 4.35
    endloop
  endfacet
  facet normal 0 0 1
    outer loop
      vertex -25.01949702948332 -27.71638597548008 4.35
      vertex -32.5 -36.29999999701977 4.35
      vertex -32.504710368812084 -36.44388688355684 4.35
    endloop
  endfacet
  facet normal 0 0 1
    outer loop
      vertex -25.01949702948332 -27.71638597548008 4.35
      vertex -32.504710368812084 -36.44388688355684 4.35
      vertex -32.51882130652666 -36.58715762197971 4.35
    endloop
  endfacet
  facet normal 0 0 1
    outer loop
      vertex 71.375 -40.330422334373 4.35
      vertex 71.375 40.330422334373 4.35
      vertex 66.5 0 4.35
    endloop
  endfacet
  facet normal 0 0 1
    outer loop
      vertex 71.375 -40.330422334373 4.35
      vertex 66.5 0 4.35
      vertex 66.43576769530773 -1.9620938748121262 4.35
    endloop
  endfacet
  facet normal 0 0 1
    outer loop
      vertex 71.375 -40.330422334373 4.35
      vertex 66.43576769530773 -1.9620938748121262 4.35
      vertex 66.2433458417654 -3.9157857671380043 4.35
    endloop
  endfacet
  facet normal 0 0 1
    outer loop
      vertex 71.375 -40.330422334373 4.35
      vertex 66.2433458417654 -3.9157857671380043 4.35
      vertex 65.92355841398239 -5.852709658443928 4.35
    endloop
  endfacet
  facet normal 0 0 1
    outer loop
      vertex 71.375 -40.330422334373 4.35
      vertex 65.92355841398239 -5.852709658443928 4.35
      vertex 65.4777747914195 -7.764571353793144 4.35
    endloop
  endfacet
  facet normal 0 0 1
    outer loop
      vertex 71.375 -40.330422334373 4.35
      vertex 65.4777747914195 -7.764571353793144 4.35
      vertex 64.90790388733149 -9.643183961510658 4.35
    endloop
  endfacet
  facet normal 0 0 1
    outer loop
      vertex 71.375 -40.330422334373 4.35
      vertex 64.90790388733149 -9.643183961510658 4.35
      vertex 64.21638597548008 -11.480502970516682 4.35
    endloop
  endfacet
  facet normal 0 0 1
    outer loop
      vertex 71.375 -40.330422334373 4.35
      vertex 64.21638597548008 -11.480502970516682 4.35
      vertex 63.40618224442005 -13.268660709261894 4.35
    endloop
  endfacet
  facet normal 0 0 1
    outer loop
      vertex 71.375 -40.330422334373 4.35
      vertex 63.40618224442005 -13.268660709261894 4.35
      vertex 62.480762116611004 -15 4.35
    endloop
  endfacet
  facet normal 0 0 1
    outer loop
      vertex 71.375 -40.330422334373 4.35
      vertex 62.480762116611004 -15 4.35
      vertex 61.444088369607925 -16.667106993496418 4.35
    endloop
  endfacet
  facet normal 0 0 1
    outer loop
      vertex 71.375 -40.330422334373 4.35
      vertex 61.444088369607925 -16.667106993496418 4.35
      vertex 60.300600208342075 -18.262842871248722 4.35
    endloop
  endfacet
  facet normal 0 0 1
    outer loop
      vertex 71.375 -40.330422334373 4.35
      vertex 60.300600208342075 -18.262842871248722 4.35
      vertex 59.05519422143698 -19.780374452471733 4.35
    endloop
  endfacet
  facet normal 0 0 1
    outer loop
      vertex 71.375 -40.330422334373 4.35
      vertex 59.05519422143698 -19.780374452471733 4.35
      vertex 57.71320343762636 -21.213203437626362 4.35
    endloop
  endfacet
  facet normal 0 0 1
    outer loop
      vertex 71.375 -40.330422334373 4.35
      vertex 57.71320343762636 -21.213203437626362 4.35
      vertex 56.28037445247173 -22.555194221436977 4.35
    endloop
  endfacet
  facet normal 0 0 1
    outer loop
      vertex 71.375 -40.330422334373 4.35
      vertex 56.28037445247173 -22.555194221436977 4.35
      vertex 54.76284287124872 -23.800600208342075 4.35
    endloop
  endfacet
  facet normal 0 0 1
    outer loop
      vertex 71.375 -40.330422334373 4.35
      vertex 54.76284287124872 -23.800600208342075 4.35
      vertex 53.16710699349642 -24.944088369607925 4.35
    endloop
  endfacet
  facet normal 0 0 1
    outer loop
      vertex 71.375 -40.330422334373 4.35
      vertex 53.16710699349642 -24.944088369607925 4.35
      vertex 51.5 -25.980762116611004 4.35
    endloop
  endfacet
  facet normal 0 0 1
    outer loop
      vertex 71.375 -40.330422334373 4.35
      vertex 51.5 -25.980762116611004 4.35
      vertex 49.768660709261894 -26.90618224442005 4.35
    endloop
  endfacet
  facet normal 0 0 1
    outer loop
      vertex 71.35385686904192 -40.976278237998486 4.35
      vertex 71.375 -40.330422334373 4.35
      vertex 49.768660709261894 -26.90618224442005 4.35
    endloop
  endfacet
  facet normal 0 0 1
    outer loop
      vertex 71.29051800817251 -41.619368486106396 4.35
      vertex 71.35385686904192 -40.976278237998486 4.35
      vertex 49.768660709261894 -26.90618224442005 4.35
    endloop
  endfacet
  facet normal 0 0 1
    outer loop
      vertex 71.18525464087725 -42.25693926215172 4.35
      vertex 71.29051800817251 -41.619368486106396 4.35
      vertex 49.768660709261894 -26.90618224442005 4.35
    endloop
  endfacet
  facet normal 0 0 1
    outer loop
      vertex 71.03851753473282 -42.88626040518284 4.35
      vertex 71.18525464087725 -42.25693926215172 4.35
      vertex 49.768660709261894 -26.90618224442005 4.35
    endloop
  endfacet
  facet normal 0 0 1
    outer loop
      vertex 70.85093502700329 -43.50463705509901 4.35
      vertex 71.03851753473282 -42.88626040518284 4.35
      vertex 49.768660709261894 -26.90618224442005 4.35
    endloop
  endfacet
  facet normal 0 0 1
    outer loop
      vertex 70.62331038713455 -44.109421230852604 4.35
      vertex 70.85093502700329 -43.50463705509901 4.35
      vertex 49.768660709261894 -26.90618224442005 4.35
    endloop
  endfacet
  facet normal 0 0 1
    outer loop
      vertex 70.35661832243204 -44.69802314788103 4.35
      vertex 70.62331038713455 -44.109421230852604 4.35
      vertex 49.768660709261894 -26.90618224442005 4.35
    endloop
  endfacet
  facet normal 0 0 1
    outer loop
      vertex 70.05200086534023 -45.267922334373 4.35
      vertex 70.35661832243204 -44.69802314788103 4.35
      vertex 49.768660709261894 -26.90618224442005 4.35
    endloop
  endfacet
  facet normal 0 0 1
    outer loop
      vertex 69.71076241880655 -45.8166783824563 4.35
      vertex 70.05200086534023 -45.267922334373 4.35
      vertex 49.768660709261894 -26.90618224442005 4.35
    endloop
  endfacet
  facet normal 0 0 1
    outer loop
      vertex 69.33436423540115 -46.3419414460659 4.35
      vertex 69.71076241880655 -45.8166783824563 4.35
      vertex 49.768660709261894 -26.90618224442005 4.35
    endloop
  endfacet
  facet normal 0 0 1
    outer loop
      vertex 68.92441809922457 -46.84146226197481 4.35
      vertex 69.33436423540115 -46.3419414460659 4.35
      vertex 49.768660709261894 -26.90618224442005 4.35
    endloop
  endfacet
  facet normal 0 0 1
    outer loop
      vertex 68.48267946392298 -47.313101798295975 4.35
      vertex 68.92441809922457 -46.84146226197481 4.35
      vertex 49.768660709261894 -26.90618224442005 4.35
    endloop
  endfacet
  facet normal 0 0 1
    outer loop
      vertex 68.01103992760181 -47.754840433597565 4.35
      vertex 68.48267946392298 -47.313101798295975 4.35
      vertex 49.768660709261894 -26.90618224442005 4.35
    endloop
  endfacet
  facet normal 0 0 1
    outer loop
      vertex 67.5115191116929 -48.16478656977415 4.35
      vertex 68.01103992760181 -47.754840433597565 4.35
      vertex 49.768660709261894 -26.90618224442005 4.35
    endloop
  endfacet
  facet normal 0 0 1
    outer loop
      vertex 66.9862560480833 -48.54118475317955 4.35
      vertex 67.5115191116929 -48.16478656977415 4.35
      vertex 49.768660709261894 -26.90618224442005 4.35
    endloop
  endfacet
  facet normal 0 0 1
    outer loop
      vertex 66.4375 -48.88242319971323 4.35
      vertex 66.9862560480833 -48.54118475317955 4.35
      vertex 49.768660709261894 -26.90618224442005 4.35
    endloop
  endfacet
  facet normal 0 0 1
    outer loop
      vertex 65.86760081350803 -49.18704065680504 4.35
      vertex 66.4375 -48.88242319971323 4.35
      vertex 49.768660709261894 -26.90618224442005 4.35
    endloop
  endfacet
  facet normal 0 0 1
    outer loop
      vertex 65.2789988964796 -49.45373272150755 4.35
      vertex 65.86760081350803 -49.18704065680504 4.35
      vertex 49.768660709261894 -26.90618224442005 4.35
    endloop
  endfacet
  facet normal 0 0 1
    outer loop
      vertex 64.67421472072601 -49.681357361376286 4.35
      vertex 65.2789988964796 -49.45373272150755 4.35
      vertex 49.768660709261894 -26.90618224442005 4.35
    endloop
  endfacet
  facet normal 0 0 1
    outer loop
      vertex 64.05583807080984 -49.868939869105816 4.35
      vertex 64.67421472072601 -49.681357361376286 4.35
      vertex 49.768660709261894 -26.90618224442005 4.35
    endloop
  endfacet
  facet normal 0 0 1
    outer loop
      vertex 63.42651692777872 -50.015676975250244 4.35
      vertex 64.05583807080984 -49.868939869105816 4.35
      vertex 49.768660709261894 -26.90618224442005 4.35
    endloop
  endfacet
  facet normal 0 0 1
    outer loop
      vertex 62.7889461517334 -50.12094034254551 4.35
      vertex 63.42651692777872 -50.015676975250244 4.35
      vertex 49.768660709261894 -26.90618224442005 4.35
    endloop
  endfacet
  facet normal 0 0 1
    outer loop
      vertex 62.14585590362549 -50.18427920341492 4.35
      vertex 62.7889461517334 -50.12094034254551 4.35
      vertex 49.768660709261894 -26.90618224442005 4.35
    endloop
  endfacet
  facet normal 0 0 1
    outer loop
      vertex 61.5 -50.205422334373 4.35
      vertex 62.14585590362549 -50.18427920341492 4.35
      vertex 49.768660709261894 -26.90618224442005 4.35
    endloop
  endfacet
  facet normal 0 0 1
    outer loop
      vertex 61.5 -50.205422334373 4.35
      vertex 49.768660709261894 -26.90618224442005 4.35
      vertex 47.98050297051668 -27.71638597548008 4.35
    endloop
  endfacet
  facet normal 0 0 1
    outer loop
      vertex 61.5 -50.205422334373 4.35
      vertex 47.98050297051668 -27.71638597548008 4.35
      vertex 40.48117869347334 -36.58715762197971 4.35
    endloop
  endfacet
  facet normal 0 0 1
    outer loop
      vertex 61.5 -50.205422334373 4.35
      vertex 40.48117869347334 -36.58715762197971 4.35
      vertex 40.45772761106491 -36.72919870913029 4.35
    endloop
  endfacet
  facet normal 0 0 1
    outer loop
      vertex 61.5 -50.205422334373 4.35
      vertex 40.45772761106491 -36.72919870913029 4.35
      vertex 40.42503681778908 -36.86940189450979 4.35
    endloop
  endfacet
  facet normal 0 0 1
    outer loop
      vertex 61.5 -50.205422334373 4.35
      vertex 40.42503681778908 -36.86940189450979 4.35
      vertex 40.38324628025293 -37.00716681778431 4.35
    endloop
  endfacet
  facet normal 0 0 1
    outer loop
      vertex 61.5 -50.205422334373 4.35
      vertex 40.38324628025293 -37.00716681778431 4.35
      vertex 40.332534968853 -37.141903549432755 4.35
    endloop
  endfacet
  facet normal 0 0 1
    outer loop
      vertex 61.5 -50.205422334373 4.35
      vertex 40.332534968853 -37.141903549432755 4.35
      vertex 40.273120030760765 -37.2730351164937 4.35
    endloop
  endfacet
  facet normal 0 0 1
    outer loop
      vertex 61.5 -50.205422334373 4.35
      vertex 40.273120030760765 -37.2730351164937 4.35
      vertex 40.20525588840246 -37.399999998509884 4.35
    endloop
  endfacet
  facet normal 0 0 1
    outer loop
      vertex 61.5 -50.205422334373 4.35
      vertex 40.20525588840246 -37.399999998509884 4.35
      vertex 40.12923314422369 -37.52225451171398 4.35
    endloop
  endfacet
  facet normal 0 0 1
    outer loop
      vertex 61.5 -50.205422334373 4.35
      vertex 40.12923314422369 -37.52225451171398 4.35
      vertex 40.04537734389305 -37.63927514106035 4.35
    endloop
  endfacet
  facet normal 0 0 1
    outer loop
      vertex 61.5 -50.205422334373 4.35
      vertex 40.04537734389305 -37.63927514106035 4.35
      vertex 39.954047575592995 -37.75056079030037 4.35
    endloop
  endfacet
  facet normal 0 0 1
    outer loop
      vertex 61.5 -50.205422334373 4.35
      vertex 39.954047575592995 -37.75056079030037 4.35
      vertex 39.85563491284847 -37.85563491284847 4.35
    endloop
  endfacet
  facet normal 0 0 1
    outer loop
      vertex 61.5 -50.205422334373 4.35
      vertex 39.85563491284847 -37.85563491284847 4.35
      vertex 39.75056079030037 -37.954047575592995 4.35
    endloop
  endfacet
  facet normal 0 0 1
    outer loop
      vertex 61.5 -50.205422334373 4.35
      vertex 39.75056079030037 -37.954047575592995 4.35
      vertex 39.63927514106035 -38.04537734389305 4.35
    endloop
  endfacet
  facet normal 0 0 1
    outer loop
      vertex 61.5 -50.205422334373 4.35
      vertex 39.63927514106035 -38.04537734389305 4.35
      vertex 39.52225451171398 -38.12923314422369 4.35
    endloop
  endfacet
  facet normal 0 0 1
    outer loop
      vertex 61.5 -50.205422334373 4.35
      vertex 39.52225451171398 -38.12923314422369 4.35
      vertex 39.399999998509884 -38.20525588840246 4.35
    endloop
  endfacet
  facet normal 0 0 1
    outer loop
      vertex 61.5 -50.205422334373 4.35
      vertex 39.399999998509884 -38.20525588840246 4.35
      vertex 39.2730351164937 -38.273120030760765 4.35
    endloop
  endfacet
  facet normal 0 0 1
    outer loop
      vertex 61.5 -50.205422334373 4.35
      vertex 39.2730351164937 -38.273120030760765 4.35
      vertex 39.141903549432755 -38.332534968853 4.35
    endloop
  endfacet
  facet normal 0 0 1
    outer loop
      vertex 61.5 -50.205422334373 4.35
      vertex 39.141903549432755 -38.332534968853 4.35
      vertex 39.00716681778431 -38.38324628025293 4.35
    endloop
  endfacet
  facet normal 0 0 1
    outer loop
      vertex 61.5 -50.205422334373 4.35
      vertex 39.00716681778431 -38.38324628025293 4.35
      vertex 38.86940189450979 -38.42503681778908 4.35
    endloop
  endfacet
  facet normal 0 0 1
    outer loop
      vertex 61.5 -50.205422334373 4.35
      vertex 38.86940189450979 -38.42503681778908 4.35
      vertex 38.72919870913029 -38.45772761106491 4.35
    endloop
  endfacet
  facet normal 0 0 1
    outer loop
      vertex 61.5 -50.205422334373 4.35
      vertex 38.72919870913029 -38.45772761106491 4.35
      vertex 38.58715762197971 -38.48117869347334 4.35
    endloop
  endfacet
  facet normal 0 0 1
    outer loop
      vertex -61.5 -50.205422334373 4.35
      vertex 61.5 -50.205422334373 4.35
      vertex 38.58715762197971 -38.48117869347334 4.35
    endloop
  endfacet
  facet normal 0 0 1
    outer loop
      vertex -61.5 -50.205422334373 4.35
      vertex 38.58715762197971 -38.48117869347334 4.35
      vertex 38.44388688355684 -38.495289631187916 4.35
    endloop
  endfacet
  facet normal 0 0 1
    outer loop
      vertex -61.5 -50.205422334373 4.35
      vertex 38.44388688355684 -38.495289631187916 4.35
      vertex 38.29999999701977 -38.5 4.35
    endloop
  endfacet
  facet normal 0 0 1
    outer loop
      vertex -61.5 -50.205422334373 4.35
      vertex 38.29999999701977 -38.5 4.35
      vertex 34.70000000298023 -38.5 4.35
    endloop
  endfacet
  facet normal 0 0 1
    outer loop
      vertex -61.5 -50.205422334373 4.35
      vertex 34.70000000298023 -38.5 4.35
      vertex 34.55611311644316 -38.495289631187916 4.35
    endloop
  endfacet
  facet normal 0 0 1
    outer loop
      vertex -61.5 -50.205422334373 4.35
      vertex 34.55611311644316 -38.495289631187916 4.35
      vertex 34.41284237802029 -38.48117869347334 4.35
    endloop
  endfacet
  facet normal 0 0 1
    outer loop
      vertex -61.5 -50.205422334373 4.35
      vertex 34.41284237802029 -38.48117869347334 4.35
      vertex 34.27080129086971 -38.45772761106491 4.35
    endloop
  endfacet
  facet normal 0 0 1
    outer loop
      vertex -61.5 -50.205422334373 4.35
      vertex 34.27080129086971 -38.45772761106491 4.35
      vertex 34.13059810549021 -38.42503681778908 4.35
    endloop
  endfacet
  facet normal 0 0 1
    outer loop
      vertex -61.5 -50.205422334373 4.35
      vertex 34.13059810549021 -38.42503681778908 4.35
      vertex 33.99283318221569 -38.38324628025293 4.35
    endloop
  endfacet
  facet normal 0 0 1
    outer loop
      vertex -61.5 -50.205422334373 4.35
      vertex 33.99283318221569 -38.38324628025293 4.35
      vertex 33.858096450567245 -38.332534968853 4.35
    endloop
  endfacet
  facet normal 0 0 1
    outer loop
      vertex -61.5 -50.205422334373 4.35
      vertex 33.858096450567245 -38.332534968853 4.35
      vertex 33.7269648835063 -38.273120030760765 4.35
    endloop
  endfacet
  facet normal 0 0 1
    outer loop
      vertex -61.5 -50.205422334373 4.35
      vertex 33.7269648835063 -38.273120030760765 4.35
      vertex 33.600000001490116 -38.20525588840246 4.35
    endloop
  endfacet
  facet normal 0 0 1
    outer loop
      vertex -61.5 -50.205422334373 4.35
      vertex 33.600000001490116 -38.20525588840246 4.35
      vertex 33.47774548828602 -38.12923314422369 4.35
    endloop
  endfacet
  facet normal 0 0 1
    outer loop
      vertex -61.5 -50.205422334373 4.35
      vertex 33.47774548828602 -38.12923314422369 4.35
      vertex 33.36072485893965 -38.04537734389305 4.35
    endloop
  endfacet
  facet normal 0 0 1
    outer loop
      vertex -61.5 -50.205422334373 4.35
      vertex 33.36072485893965 -38.04537734389305 4.35
      vertex 33.24943920969963 -37.954047575592995 4.35
    endloop
  endfacet
  facet normal 0 0 1
    outer loop
      vertex -61.5 -50.205422334373 4.35
      vertex 33.24943920969963 -37.954047575592995 4.35
      vertex 33.14436508715153 -37.85563491284847 4.35
    endloop
  endfacet
  facet normal 0 0 1
    outer loop
      vertex -61.5 -50.205422334373 4.35
      vertex 33.14436508715153 -37.85563491284847 4.35
      vertex 33.045952424407005 -37.75056079030037 4.35
    endloop
  endfacet
  facet normal 0 0 1
    outer loop
      vertex -61.5 -50.205422334373 4.35
      vertex 33.045952424407005 -37.75056079030037 4.35
      vertex 32.95462265610695 -37.63927514106035 4.35
    endloop
  endfacet
  facet normal 0 0 1
    outer loop
      vertex -61.5 -50.205422334373 4.35
      vertex 32.95462265610695 -37.63927514106035 4.35
      vertex 32.87076685577631 -37.52225451171398 4.35
    endloop
  endfacet
  facet normal 0 0 1
    outer loop
      vertex -61.5 -50.205422334373 4.35
      vertex 32.87076685577631 -37.52225451171398 4.35
      vertex 32.79474411159754 -37.399999998509884 4.35
    endloop
  endfacet
  facet normal 0 0 1
    outer loop
      vertex -61.5 -50.205422334373 4.35
      vertex 32.79474411159754 -37.399999998509884 4.35
      vertex 32.726879969239235 -37.2730351164937 4.35
    endloop
  endfacet
  facet normal 0 0 1
    outer loop
      vertex -61.5 -50.205422334373 4.35
      vertex 32.726879969239235 -37.2730351164937 4.35
      vertex 32.667465031147 -37.141903549432755 4.35
    endloop
  endfacet
  facet normal 0 0 1
    outer loop
      vertex -61.5 -50.205422334373 4.35
      vertex 32.667465031147 -37.141903549432755 4.35
      vertex 32.61675371974707 -37.00716681778431 4.35
    endloop
  endfacet
  facet normal 0 0 1
    outer loop
      vertex -61.5 -50.205422334373 4.35
      vertex 32.61675371974707 -37.00716681778431 4.35
      vertex 32.57496318221092 -36.86940189450979 4.35
    endloop
  endfacet
  facet normal 0 0 1
    outer loop
      vertex -61.5 -50.205422334373 4.35
      vertex 32.57496318221092 -36.86940189450979 4.35
      vertex 32.54227238893509 -36.72919870913029 4.35
    endloop
  endfacet
  facet normal 0 0 1
    outer loop
      vertex -61.5 -50.205422334373 4.35
      vertex 32.54227238893509 -36.72919870913029 4.35
      vertex 32.51882130652666 -36.58715762197971 4.35
    endloop
  endfacet
  facet normal 0 0 1
    outer loop
      vertex 21.5 -25.980762116611004 4.35
      vertex 19.832893006503582 -24.944088369607925 4.35
      vertex -19.832893006503582 -24.944088369607925 4.35
    endloop
  endfacet
  facet normal 0 0 1
    outer loop
      vertex 21.5 -25.980762116611004 4.35
      vertex -19.832893006503582 -24.944088369607925 4.35
      vertex -21.5 -25.980762116611004 4.35
    endloop
  endfacet
  facet normal 0 0 1
    outer loop
      vertex -21.5 25.980762116611004 4.35
      vertex -19.832893006503582 24.944088369607925 4.35
      vertex 19.832893006503582 24.944088369607925 4.35
    endloop
  endfacet
  facet normal 0 0 1
    outer loop
      vertex -21.5 25.980762116611004 4.35
      vertex 19.832893006503582 24.944088369607925 4.35
      vertex 21.5 25.980762116611004 4.35
    endloop
  endfacet
  facet normal 0 0 1
    outer loop
      vertex 32.584214232861996 29.743345841765404 4.35
      vertex 34.537906125187874 29.93576769530773 4.35
      vertex 61.5 50.205422334373 4.35
    endloop
  endfacet
  facet normal 0 0 1
    outer loop
      vertex -40.45772761106491 -36.72919870913029 4.35
      vertex -40.48117869347334 -36.58715762197971 4.35
      vertex -47.98050297051668 -27.71638597548008 4.35
    endloop
  endfacet
  facet normal 0 0 1
    outer loop
      vertex -25.01949702948332 -27.71638597548008 4.35
      vertex -32.51882130652666 -36.58715762197971 4.35
      vertex -32.54227238893509 -36.72919870913029 4.35
    endloop
  endfacet
  facet normal 0 0 1
    outer loop
      vertex 23.231339290738106 -26.90618224442005 4.35
      vertex 21.5 -25.980762116611004 4.35
      vertex -21.5 -25.980762116611004 4.35
    endloop
  endfacet
  facet normal 0 0 1
    outer loop
      vertex 23.231339290738106 -26.90618224442005 4.35
      vertex -21.5 -25.980762116611004 4.35
      vertex -23.231339290738106 -26.90618224442005 4.35
    endloop
  endfacet
  facet normal 0 0 1
    outer loop
      vertex -23.231339290738106 26.90618224442005 4.35
      vertex -21.5 25.980762116611004 4.35
      vertex 21.5 25.980762116611004 4.35
    endloop
  endfacet
  facet normal 0 0 1
    outer loop
      vertex -23.231339290738106 26.90618224442005 4.35
      vertex 21.5 25.980762116611004 4.35
      vertex 23.231339290738106 26.90618224442005 4.35
    endloop
  endfacet
  facet normal 0 0 1
    outer loop
      vertex -40.42503681778908 -36.86940189450979 4.35
      vertex -40.45772761106491 -36.72919870913029 4.35
      vertex -47.98050297051668 -27.71638597548008 4.35
    endloop
  endfacet
  facet normal 0 0 1
    outer loop
      vertex -25.01949702948332 -27.71638597548008 4.35
      vertex -32.54227238893509 -36.72919870913029 4.35
      vertex -32.57496318221092 -36.86940189450979 4.35
    endloop
  endfacet
  facet normal 0 0 1
    outer loop
      vertex 32.584214232861996 29.743345841765404 4.35
      vertex 61.5 50.205422334373 4.35
      vertex -61.5 50.205422334373 4.35
    endloop
  endfacet
  facet normal 0 0 1
    outer loop
      vertex 30.647290341556072 29.42355841398239 4.35
      vertex 32.584214232861996 29.743345841765404 4.35
      vertex -61.5 50.205422334373 4.35
    endloop
  endfacet
  facet normal 0 0 1
    outer loop
      vertex -40.42503681778908 -36.86940189450979 4.35
      vertex -47.98050297051668 -27.71638597548008 4.35
      vertex -49.768660709261894 -26.90618224442005 4.35
    endloop
  endfacet
  facet normal 0 0 1
    outer loop
      vertex -40.38324628025293 -37.00716681778431 4.35
      vertex -40.42503681778908 -36.86940189450979 4.35
      vertex -49.768660709261894 -26.90618224442005 4.35
    endloop
  endfacet
  facet normal 0 0 1
    outer loop
      vertex -23.231339290738106 -26.90618224442005 4.35
      vertex -25.01949702948332 -27.71638597548008 4.35
      vertex -32.57496318221092 -36.86940189450979 4.35
    endloop
  endfacet
  facet normal 0 0 1
    outer loop
      vertex 23.231339290738106 -26.90618224442005 4.35
      vertex -23.231339290738106 -26.90618224442005 4.35
      vertex -32.57496318221092 -36.86940189450979 4.35
    endloop
  endfacet
  facet normal 0 0 1
    outer loop
      vertex 23.231339290738106 -26.90618224442005 4.35
      vertex -32.57496318221092 -36.86940189450979 4.35
      vertex -32.61675371974707 -37.00716681778431 4.35
    endloop
  endfacet
  facet normal 0 0 1
    outer loop
      vertex 23.231339290738106 -26.90618224442005 4.35
      vertex -32.61675371974707 -37.00716681778431 4.35
      vertex -32.667465031147 -37.141903549432755 4.35
    endloop
  endfacet
  facet normal 0 0 1
    outer loop
      vertex 23.231339290738106 -26.90618224442005 4.35
      vertex -32.667465031147 -37.141903549432755 4.35
      vertex -32.726879969239235 -37.2730351164937 4.35
    endloop
  endfacet
  facet normal 0 0 1
    outer loop
      vertex 23.231339290738106 -26.90618224442005 4.35
      vertex -32.726879969239235 -37.2730351164937 4.35
      vertex -32.79474411159754 -37.399999998509884 4.35
    endloop
  endfacet
  facet normal 0 0 1
    outer loop
      vertex 23.231339290738106 -26.90618224442005 4.35
      vertex -32.79474411159754 -37.399999998509884 4.35
      vertex -32.87076685577631 -37.52225451171398 4.35
    endloop
  endfacet
  facet normal 0 0 1
    outer loop
      vertex 23.231339290738106 -26.90618224442005 4.35
      vertex -32.87076685577631 -37.52225451171398 4.35
      vertex -32.95462265610695 -37.63927514106035 4.35
    endloop
  endfacet
  facet normal 0 0 1
    outer loop
      vertex 23.231339290738106 -26.90618224442005 4.35
      vertex -32.95462265610695 -37.63927514106035 4.35
      vertex -33.045952424407005 -37.75056079030037 4.35
    endloop
  endfacet
  facet normal 0 0 1
    outer loop
      vertex 23.231339290738106 -26.90618224442005 4.35
      vertex -33.045952424407005 -37.75056079030037 4.35
      vertex -33.14436508715153 -37.85563491284847 4.35
    endloop
  endfacet
  facet normal 0 0 1
    outer loop
      vertex 25.01949702948332 -27.71638597548008 4.35
      vertex 23.231339290738106 -26.90618224442005 4.35
      vertex -33.14436508715153 -37.85563491284847 4.35
    endloop
  endfacet
  facet normal 0 0 1
    outer loop
      vertex 32.51882130652666 -36.58715762197971 4.35
      vertex 25.01949702948332 -27.71638597548008 4.35
      vertex -33.14436508715153 -37.85563491284847 4.35
    endloop
  endfacet
  facet normal 0 0 1
    outer loop
      vertex 32.51882130652666 -36.58715762197971 4.35
      vertex -33.14436508715153 -37.85563491284847 4.35
      vertex -33.24943920969963 -37.954047575592995 4.35
    endloop
  endfacet
  facet normal 0 0 1
    outer loop
      vertex 32.51882130652666 -36.58715762197971 4.35
      vertex -33.24943920969963 -37.954047575592995 4.35
      vertex -33.36072485893965 -38.04537734389305 4.35
    endloop
  endfacet
  facet normal 0 0 1
    outer loop
      vertex 32.51882130652666 -36.58715762197971 4.35
      vertex -33.36072485893965 -38.04537734389305 4.35
      vertex -33.47774548828602 -38.12923314422369 4.35
    endloop
  endfacet
  facet normal 0 0 1
    outer loop
      vertex 32.51882130652666 -36.58715762197971 4.35
      vertex -33.47774548828602 -38.12923314422369 4.35
      vertex -33.600000001490116 -38.20525588840246 4.35
    endloop
  endfacet
  facet normal 0 0 1
    outer loop
      vertex 32.51882130652666 -36.58715762197971 4.35
      vertex -33.600000001490116 -38.20525588840246 4.35
      vertex -33.7269648835063 -38.273120030760765 4.35
    endloop
  endfacet
  facet normal 0 0 1
    outer loop
      vertex 28.735428646206856 28.977774791419506 4.35
      vertex 30.647290341556072 29.42355841398239 4.35
      vertex -61.5 50.205422334373 4.35
    endloop
  endfacet
  facet normal 0 0 1
    outer loop
      vertex 26.85681603848934 28.407903887331486 4.35
      vertex 28.735428646206856 28.977774791419506 4.35
      vertex -61.5 50.205422334373 4.35
    endloop
  endfacet
  facet normal 0 0 1
    outer loop
      vertex -25.01949702948332 27.71638597548008 4.35
      vertex -23.231339290738106 26.90618224442005 4.35
      vertex 23.231339290738106 26.90618224442005 4.35
    endloop
  endfacet
  facet normal 0 0 1
    outer loop
      vertex -25.01949702948332 27.71638597548008 4.35
      vertex 23.231339290738106 26.90618224442005 4.35
      vertex 25.01949702948332 27.71638597548008 4.35
    endloop
  endfacet
  facet normal 0 0 1
    outer loop
      vertex 25.01949702948332 27.71638597548008 4.35
      vertex 26.85681603848934 28.407903887331486 4.35
      vertex -61.5 50.205422334373 4.35
    endloop
  endfacet
  facet normal 0 0 1
    outer loop
      vertex -25.01949702948332 27.71638597548008 4.35
      vertex 25.01949702948332 27.71638597548008 4.35
      vertex -61.5 50.205422334373 4.35
    endloop
  endfacet
  facet normal 0 0 1
    outer loop
      vertex -26.85681603848934 28.407903887331486 4.35
      vertex -25.01949702948332 27.71638597548008 4.35
      vertex -61.5 50.205422334373 4.35
    endloop
  endfacet
  facet normal 0 0 1
    outer loop
      vertex -28.735428646206856 28.977774791419506 4.35
      vertex -26.85681603848934 28.407903887331486 4.35
      vertex -61.5 50.205422334373 4.35
    endloop
  endfacet
  facet normal 0 0 1
    outer loop
      vertex -30.647290341556072 29.42355841398239 4.35
      vertex -28.735428646206856 28.977774791419506 4.35
      vertex -61.5 50.205422334373 4.35
    endloop
  endfacet
  facet normal 0 0 1
    outer loop
      vertex -32.584214232861996 29.743345841765404 4.35
      vertex -30.647290341556072 29.42355841398239 4.35
      vertex -61.5 50.205422334373 4.35
    endloop
  endfacet
  facet normal 0 0 1
    outer loop
      vertex -34.537906125187874 29.93576769530773 4.35
      vertex -32.584214232861996 29.743345841765404 4.35
      vertex -61.5 50.205422334373 4.35
    endloop
  endfacet
  facet normal 0 0 1
    outer loop
      vertex -36.5 30 4.35
      vertex -34.537906125187874 29.93576769530773 4.35
      vertex -61.5 50.205422334373 4.35
    endloop
  endfacet
  facet normal 0 0 1
    outer loop
      vertex -38.462093874812126 29.93576769530773 4.35
      vertex -36.5 30 4.35
      vertex -61.5 50.205422334373 4.35
    endloop
  endfacet
  facet normal 0 0 1
    outer loop
      vertex -40.415785767138004 29.743345841765404 4.35
      vertex -38.462093874812126 29.93576769530773 4.35
      vertex -61.5 50.205422334373 4.35
    endloop
  endfacet
  facet normal 0 0 1
    outer loop
      vertex -42.35270965844393 29.42355841398239 4.35
      vertex -40.415785767138004 29.743345841765404 4.35
      vertex -61.5 50.205422334373 4.35
    endloop
  endfacet
  facet normal 0 0 1
    outer loop
      vertex -44.264571353793144 28.977774791419506 4.35
      vertex -42.35270965844393 29.42355841398239 4.35
      vertex -61.5 50.205422334373 4.35
    endloop
  endfacet
  facet normal 0 0 1
    outer loop
      vertex -46.14318396151066 28.407903887331486 4.35
      vertex -44.264571353793144 28.977774791419506 4.35
      vertex -61.5 50.205422334373 4.35
    endloop
  endfacet
  facet normal 0 0 1
    outer loop
      vertex -47.98050297051668 27.71638597548008 4.35
      vertex -46.14318396151066 28.407903887331486 4.35
      vertex -61.5 50.205422334373 4.35
    endloop
  endfacet
  facet normal 0 0 1
    outer loop
      vertex -49.768660709261894 26.90618224442005 4.35
      vertex -47.98050297051668 27.71638597548008 4.35
      vertex -61.5 50.205422334373 4.35
    endloop
  endfacet
  facet normal 0 0 1
    outer loop
      vertex -51.5 25.980762116611004 4.35
      vertex -49.768660709261894 26.90618224442005 4.35
      vertex -61.5 50.205422334373 4.35
    endloop
  endfacet
  facet normal 0 0 1
    outer loop
      vertex -53.16710699349642 24.944088369607925 4.35
      vertex -51.5 25.980762116611004 4.35
      vertex -61.5 50.205422334373 4.35
    endloop
  endfacet
  facet normal 0 0 1
    outer loop
      vertex -53.16710699349642 24.944088369607925 4.35
      vertex -61.5 50.205422334373 4.35
      vertex -62.14585590362549 50.18427920341492 4.35
    endloop
  endfacet
  facet normal 0 0 1
    outer loop
      vertex -53.16710699349642 24.944088369607925 4.35
      vertex -62.14585590362549 50.18427920341492 4.35
      vertex -62.7889461517334 50.12094034254551 4.35
    endloop
  endfacet
  facet normal 0 0 1
    outer loop
      vertex -53.16710699349642 24.944088369607925 4.35
      vertex -62.7889461517334 50.12094034254551 4.35
      vertex -63.42651692777872 50.015676975250244 4.35
    endloop
  endfacet
  facet normal 0 0 1
    outer loop
      vertex -53.16710699349642 24.944088369607925 4.35
      vertex -63.42651692777872 50.015676975250244 4.35
      vertex -64.05583807080984 49.868939869105816 4.35
    endloop
  endfacet
  facet normal 0 0 1
    outer loop
      vertex -53.16710699349642 24.944088369607925 4.35
      vertex -64.05583807080984 49.868939869105816 4.35
      vertex -64.67421472072601 49.681357361376286 4.35
    endloop
  endfacet
  facet normal 0 0 1
    outer loop
      vertex -53.16710699349642 24.944088369607925 4.35
      vertex -64.67421472072601 49.681357361376286 4.35
      vertex -65.2789988964796 49.45373272150755 4.35
    endloop
  endfacet
  facet normal 0 0 1
    outer loop
      vertex -53.16710699349642 24.944088369607925 4.35
      vertex -65.2789988964796 49.45373272150755 4.35
      vertex -65.86760081350803 49.18704065680504 4.35
    endloop
  endfacet
  facet normal 0 0 1
    outer loop
      vertex -53.16710699349642 24.944088369607925 4.35
      vertex -65.86760081350803 49.18704065680504 4.35
      vertex -66.4375 48.88242319971323 4.35
    endloop
  endfacet
  facet normal 0 0 1
    outer loop
      vertex -53.16710699349642 24.944088369607925 4.35
      vertex -66.4375 48.88242319971323 4.35
      vertex -66.9862560480833 48.54118475317955 4.35
    endloop
  endfacet
  facet normal 0 0 1
    outer loop
      vertex -53.16710699349642 24.944088369607925 4.35
      vertex -66.9862560480833 48.54118475317955 4.35
      vertex -67.5115191116929 48.16478656977415 4.35
    endloop
  endfacet
  facet normal 0 0 1
    outer loop
      vertex -53.16710699349642 24.944088369607925 4.35
      vertex -67.5115191116929 48.16478656977415 4.35
      vertex -68.01103992760181 47.754840433597565 4.35
    endloop
  endfacet
  facet normal 0 0 1
    outer loop
      vertex -53.16710699349642 24.944088369607925 4.35
      vertex -68.01103992760181 47.754840433597565 4.35
      vertex -68.48267946392298 47.313101798295975 4.35
    endloop
  endfacet
  facet normal 0 0 1
    outer loop
      vertex -53.16710699349642 24.944088369607925 4.35
      vertex -68.48267946392298 47.313101798295975 4.35
      vertex -68.92441809922457 46.84146226197481 4.35
    endloop
  endfacet
  facet normal 0 0 1
    outer loop
      vertex -53.16710699349642 24.944088369607925 4.35
      vertex -68.92441809922457 46.84146226197481 4.35
      vertex -69.33436423540115 46.3419414460659 4.35
    endloop
  endfacet
  facet normal 0 0 1
    outer loop
      vertex -53.16710699349642 24.944088369607925 4.35
      vertex -69.33436423540115 46.3419414460659 4.35
      vertex -69.71076241880655 45.8166783824563 4.35
    endloop
  endfacet
  facet normal 0 0 1
    outer loop
      vertex -53.16710699349642 24.944088369607925 4.35
      vertex -69.71076241880655 45.8166783824563 4.35
      vertex -70.05200086534023 45.267922334373 4.35
    endloop
  endfacet
  facet normal 0 0 1
    outer loop
      vertex -53.16710699349642 24.944088369607925 4.35
      vertex -70.05200086534023 45.267922334373 4.35
      vertex -70.35661832243204 44.69802314788103 4.35
    endloop
  endfacet
  facet normal 0 0 1
    outer loop
      vertex -53.16710699349642 24.944088369607925 4.35
      vertex -70.35661832243204 44.69802314788103 4.35
      vertex -70.62331038713455 44.109421230852604 4.35
    endloop
  endfacet
  facet normal 0 0 1
    outer loop
      vertex -53.16710699349642 24.944088369607925 4.35
      vertex -70.62331038713455 44.109421230852604 4.35
      vertex -70.85093502700329 43.50463705509901 4.35
    endloop
  endfacet
  facet normal 0 0 1
    outer loop
      vertex -53.16710699349642 24.944088369607925 4.35
      vertex -70.85093502700329 43.50463705509901 4.35
      vertex -71.03851753473282 42.88626040518284 4.35
    endloop
  endfacet
  facet normal 0 0 1
    outer loop
      vertex -53.16710699349642 24.944088369607925 4.35
      vertex -71.03851753473282 42.88626040518284 4.35
      vertex -71.18525464087725 42.25693926215172 4.35
    endloop
  endfacet
  facet normal 0 0 1
    outer loop
      vertex -53.16710699349642 24.944088369607925 4.35
      vertex -71.18525464087725 42.25693926215172 4.35
      vertex -71.29051800817251 41.619368486106396 4.35
    endloop
  endfacet
  facet normal 0 0 1
    outer loop
      vertex -53.16710699349642 24.944088369607925 4.35
      vertex -71.29051800817251 41.619368486106396 4.35
      vertex -71.35385686904192 40.976278237998486 4.35
    endloop
  endfacet
  facet normal 0 0 1
    outer loop
      vertex -53.16710699349642 24.944088369607925 4.35
      vertex -71.35385686904192 40.976278237998486 4.35
      vertex -71.375 40.330422334373 4.35
    endloop
  endfacet
  facet normal 0 0 1
    outer loop
      vertex -54.76284287124872 23.800600208342075 4.35
      vertex -53.16710699349642 24.944088369607925 4.35
      vertex -71.375 40.330422334373 4.35
    endloop
  endfacet
  facet normal 0 0 1
    outer loop
      vertex -56.28037445247173 22.555194221436977 4.35
      vertex -54.76284287124872 23.800600208342075 4.35
      vertex -71.375 40.330422334373 4.35
    endloop
  endfacet
  facet normal 0 0 1
    outer loop
      vertex -57.71320343762636 21.213203437626362 4.35
      vertex -56.28037445247173 22.555194221436977 4.35
      vertex -71.375 40.330422334373 4.35
    endloop
  endfacet
  facet normal 0 0 1
    outer loop
      vertex -59.05519422143698 19.780374452471733 4.35
      vertex -57.71320343762636 21.213203437626362 4.35
      vertex -71.375 40.330422334373 4.35
    endloop
  endfacet
  facet normal 0 0 1
    outer loop
      vertex -60.300600208342075 18.262842871248722 4.35
      vertex -59.05519422143698 19.780374452471733 4.35
      vertex -71.375 40.330422334373 4.35
    endloop
  endfacet
  facet normal 0 0 1
    outer loop
      vertex -61.444088369607925 16.667106993496418 4.35
      vertex -60.300600208342075 18.262842871248722 4.35
      vertex -71.375 40.330422334373 4.35
    endloop
  endfacet
  facet normal 0 0 1
    outer loop
      vertex -62.480762116611004 15 4.35
      vertex -61.444088369607925 16.667106993496418 4.35
      vertex -71.375 40.330422334373 4.35
    endloop
  endfacet
  facet normal 0 0 1
    outer loop
      vertex -63.40618224442005 13.268660709261894 4.35
      vertex -62.480762116611004 15 4.35
      vertex -71.375 40.330422334373 4.35
    endloop
  endfacet
  facet normal 0 0 1
    outer loop
      vertex -64.21638597548008 11.480502970516682 4.35
      vertex -63.40618224442005 13.268660709261894 4.35
      vertex -71.375 40.330422334373 4.35
    endloop
  endfacet
  facet normal 0 0 1
    outer loop
      vertex -64.90790388733149 9.643183961510658 4.35
      vertex -64.21638597548008 11.480502970516682 4.35
      vertex -71.375 40.330422334373 4.35
    endloop
  endfacet
  facet normal 0 0 1
    outer loop
      vertex -65.4777747914195 7.764571353793144 4.35
      vertex -64.90790388733149 9.643183961510658 4.35
      vertex -71.375 40.330422334373 4.35
    endloop
  endfacet
  facet normal 0 0 1
    outer loop
      vertex -65.92355841398239 5.852709658443928 4.35
      vertex -65.4777747914195 7.764571353793144 4.35
      vertex -71.375 40.330422334373 4.35
    endloop
  endfacet
  facet normal 0 0 1
    outer loop
      vertex 32.51882130652666 -36.58715762197971 4.35
      vertex -33.7269648835063 -38.273120030760765 4.35
      vertex -33.858096450567245 -38.332534968853 4.35
    endloop
  endfacet
  facet normal 0 0 1
    outer loop
      vertex -61.5 -50.205422334373 4.35
      vertex 32.51882130652666 -36.58715762197971 4.35
      vertex -33.858096450567245 -38.332534968853 4.35
    endloop
  endfacet
  facet normal 0 0 1
    outer loop
      vertex -61.5 -50.205422334373 4.35
      vertex -33.858096450567245 -38.332534968853 4.35
      vertex -33.99283318221569 -38.38324628025293 4.35
    endloop
  endfacet
  facet normal 0 0 1
    outer loop
      vertex -61.5 -50.205422334373 4.35
      vertex -33.99283318221569 -38.38324628025293 4.35
      vertex -34.13059810549021 -38.42503681778908 4.35
    endloop
  endfacet
  facet normal 0 0 1
    outer loop
      vertex -61.5 -50.205422334373 4.35
      vertex -34.13059810549021 -38.42503681778908 4.35
      vertex -34.27080129086971 -38.45772761106491 4.35
    endloop
  endfacet
  facet normal 0 0 1
    outer loop
      vertex -61.5 -50.205422334373 4.35
      vertex -34.27080129086971 -38.45772761106491 4.35
      vertex -34.41284237802029 -38.48117869347334 4.35
    endloop
  endfacet
  facet normal 0 0 1
    outer loop
      vertex -61.5 -50.205422334373 4.35
      vertex -34.41284237802029 -38.48117869347334 4.35
      vertex -34.55611311644316 -38.495289631187916 4.35
    endloop
  endfacet
  facet normal 0 0 1
    outer loop
      vertex -61.5 -50.205422334373 4.35
      vertex -34.55611311644316 -38.495289631187916 4.35
      vertex -34.70000000298023 -38.5 4.35
    endloop
  endfacet
  facet normal 0 0 1
    outer loop
      vertex -61.5 -50.205422334373 4.35
      vertex -34.70000000298023 -38.5 4.35
      vertex -38.29999999701977 -38.5 4.35
    endloop
  endfacet
  facet normal 0 0 1
    outer loop
      vertex -61.5 -50.205422334373 4.35
      vertex -38.29999999701977 -38.5 4.35
      vertex -38.44388688355684 -38.495289631187916 4.35
    endloop
  endfacet
  facet normal 0 0 1
    outer loop
      vertex -61.5 -50.205422334373 4.35
      vertex -38.44388688355684 -38.495289631187916 4.35
      vertex -38.58715762197971 -38.48117869347334 4.35
    endloop
  endfacet
  facet normal 0 0 1
    outer loop
      vertex -61.5 -50.205422334373 4.35
      vertex -38.58715762197971 -38.48117869347334 4.35
      vertex -38.72919870913029 -38.45772761106491 4.35
    endloop
  endfacet
  facet normal 0 0 1
    outer loop
      vertex -61.5 -50.205422334373 4.35
      vertex -38.72919870913029 -38.45772761106491 4.35
      vertex -38.86940189450979 -38.42503681778908 4.35
    endloop
  endfacet
  facet normal 0 0 1
    outer loop
      vertex -61.5 -50.205422334373 4.35
      vertex -38.86940189450979 -38.42503681778908 4.35
      vertex -39.00716681778431 -38.38324628025293 4.35
    endloop
  endfacet
  facet normal 0 0 1
    outer loop
      vertex -61.5 -50.205422334373 4.35
      vertex -39.00716681778431 -38.38324628025293 4.35
      vertex -39.141903549432755 -38.332534968853 4.35
    endloop
  endfacet
  facet normal 0 0 1
    outer loop
      vertex -61.5 -50.205422334373 4.35
      vertex -39.141903549432755 -38.332534968853 4.35
      vertex -39.2730351164937 -38.273120030760765 4.35
    endloop
  endfacet
  facet normal 0 0 1
    outer loop
      vertex -61.5 -50.205422334373 4.35
      vertex -39.2730351164937 -38.273120030760765 4.35
      vertex -39.399999998509884 -38.20525588840246 4.35
    endloop
  endfacet
  facet normal 0 0 1
    outer loop
      vertex -61.5 -50.205422334373 4.35
      vertex -39.399999998509884 -38.20525588840246 4.35
      vertex -39.52225451171398 -38.12923314422369 4.35
    endloop
  endfacet
  facet normal 0 0 1
    outer loop
      vertex -61.5 -50.205422334373 4.35
      vertex -39.52225451171398 -38.12923314422369 4.35
      vertex -39.63927514106035 -38.04537734389305 4.35
    endloop
  endfacet
  facet normal 0 0 1
    outer loop
      vertex -61.5 -50.205422334373 4.35
      vertex -39.63927514106035 -38.04537734389305 4.35
      vertex -39.75056079030037 -37.954047575592995 4.35
    endloop
  endfacet
  facet normal 0 0 1
    outer loop
      vertex -61.5 -50.205422334373 4.35
      vertex -39.75056079030037 -37.954047575592995 4.35
      vertex -39.85563491284847 -37.85563491284847 4.35
    endloop
  endfacet
  facet normal 0 0 1
    outer loop
      vertex -61.5 -50.205422334373 4.35
      vertex -39.85563491284847 -37.85563491284847 4.35
      vertex -39.954047575592995 -37.75056079030037 4.35
    endloop
  endfacet
  facet normal 0 0 1
    outer loop
      vertex -61.5 -50.205422334373 4.35
      vertex -39.954047575592995 -37.75056079030037 4.35
      vertex -40.04537734389305 -37.63927514106035 4.35
    endloop
  endfacet
  facet normal 0 0 1
    outer loop
      vertex -61.5 -50.205422334373 4.35
      vertex -40.04537734389305 -37.63927514106035 4.35
      vertex -40.12923314422369 -37.52225451171398 4.35
    endloop
  endfacet
  facet normal 0 0 1
    outer loop
      vertex -61.5 -50.205422334373 4.35
      vertex -40.12923314422369 -37.52225451171398 4.35
      vertex -40.20525588840246 -37.399999998509884 4.35
    endloop
  endfacet
  facet normal 0 0 1
    outer loop
      vertex -61.5 -50.205422334373 4.35
      vertex -40.20525588840246 -37.399999998509884 4.35
      vertex -40.273120030760765 -37.2730351164937 4.35
    endloop
  endfacet
  facet normal 0 0 1
    outer loop
      vertex -61.5 -50.205422334373 4.35
      vertex -40.273120030760765 -37.2730351164937 4.35
      vertex -40.332534968853 -37.141903549432755 4.35
    endloop
  endfacet
  facet normal 0 0 1
    outer loop
      vertex -61.5 -50.205422334373 4.35
      vertex -40.332534968853 -37.141903549432755 4.35
      vertex -40.38324628025293 -37.00716681778431 4.35
    endloop
  endfacet
  facet normal 0 0 1
    outer loop
      vertex -61.5 -50.205422334373 4.35
      vertex -40.38324628025293 -37.00716681778431 4.35
      vertex -49.768660709261894 -26.90618224442005 4.35
    endloop
  endfacet
  facet normal 0 0 1
    outer loop
      vertex -61.5 -50.205422334373 4.35
      vertex -49.768660709261894 -26.90618224442005 4.35
      vertex -51.5 -25.980762116611004 4.35
    endloop
  endfacet
  facet normal 0 0 1
    outer loop
      vertex -61.5 -50.205422334373 4.35
      vertex -51.5 -25.980762116611004 4.35
      vertex -53.16710699349642 -24.944088369607925 4.35
    endloop
  endfacet
  facet normal 0 0 1
    outer loop
      vertex -62.14585590362549 -50.18427920341492 4.35
      vertex -61.5 -50.205422334373 4.35
      vertex -53.16710699349642 -24.944088369607925 4.35
    endloop
  endfacet
  facet normal 0 0 1
    outer loop
      vertex -62.7889461517334 -50.12094034254551 4.35
      vertex -62.14585590362549 -50.18427920341492 4.35
      vertex -53.16710699349642 -24.944088369607925 4.35
    endloop
  endfacet
  facet normal 0 0 1
    outer loop
      vertex -63.42651692777872 -50.015676975250244 4.35
      vertex -62.7889461517334 -50.12094034254551 4.35
      vertex -53.16710699349642 -24.944088369607925 4.35
    endloop
  endfacet
  facet normal 0 0 1
    outer loop
      vertex -64.05583807080984 -49.868939869105816 4.35
      vertex -63.42651692777872 -50.015676975250244 4.35
      vertex -53.16710699349642 -24.944088369607925 4.35
    endloop
  endfacet
  facet normal 0 0 1
    outer loop
      vertex -64.67421472072601 -49.681357361376286 4.35
      vertex -64.05583807080984 -49.868939869105816 4.35
      vertex -53.16710699349642 -24.944088369607925 4.35
    endloop
  endfacet
  facet normal 0 0 1
    outer loop
      vertex -65.2789988964796 -49.45373272150755 4.35
      vertex -64.67421472072601 -49.681357361376286 4.35
      vertex -53.16710699349642 -24.944088369607925 4.35
    endloop
  endfacet
  facet normal 0 0 1
    outer loop
      vertex -65.86760081350803 -49.18704065680504 4.35
      vertex -65.2789988964796 -49.45373272150755 4.35
      vertex -53.16710699349642 -24.944088369607925 4.35
    endloop
  endfacet
  facet normal 0 0 1
    outer loop
      vertex -66.4375 -48.88242319971323 4.35
      vertex -65.86760081350803 -49.18704065680504 4.35
      vertex -53.16710699349642 -24.944088369607925 4.35
    endloop
  endfacet
  facet normal 0 0 1
    outer loop
      vertex -66.9862560480833 -48.54118475317955 4.35
      vertex -66.4375 -48.88242319971323 4.35
      vertex -53.16710699349642 -24.944088369607925 4.35
    endloop
  endfacet
  facet normal 0 0 1
    outer loop
      vertex -67.5115191116929 -48.16478656977415 4.35
      vertex -66.9862560480833 -48.54118475317955 4.35
      vertex -53.16710699349642 -24.944088369607925 4.35
    endloop
  endfacet
  facet normal 0 0 1
    outer loop
      vertex -68.01103992760181 -47.754840433597565 4.35
      vertex -67.5115191116929 -48.16478656977415 4.35
      vertex -53.16710699349642 -24.944088369607925 4.35
    endloop
  endfacet
  facet normal 0 0 1
    outer loop
      vertex -68.48267946392298 -47.313101798295975 4.35
      vertex -68.01103992760181 -47.754840433597565 4.35
      vertex -53.16710699349642 -24.944088369607925 4.35
    endloop
  endfacet
  facet normal 0 0 1
    outer loop
      vertex -68.92441809922457 -46.84146226197481 4.35
      vertex -68.48267946392298 -47.313101798295975 4.35
      vertex -53.16710699349642 -24.944088369607925 4.35
    endloop
  endfacet
  facet normal 0 0 1
    outer loop
      vertex -69.33436423540115 -46.3419414460659 4.35
      vertex -68.92441809922457 -46.84146226197481 4.35
      vertex -53.16710699349642 -24.944088369607925 4.35
    endloop
  endfacet
  facet normal 0 0 1
    outer loop
      vertex -69.71076241880655 -45.8166783824563 4.35
      vertex -69.33436423540115 -46.3419414460659 4.35
      vertex -53.16710699349642 -24.944088369607925 4.35
    endloop
  endfacet
  facet normal 0 0 1
    outer loop
      vertex -70.05200086534023 -45.267922334373 4.35
      vertex -69.71076241880655 -45.8166783824563 4.35
      vertex -53.16710699349642 -24.944088369607925 4.35
    endloop
  endfacet
  facet normal 0 0 1
    outer loop
      vertex -70.35661832243204 -44.69802314788103 4.35
      vertex -70.05200086534023 -45.267922334373 4.35
      vertex -53.16710699349642 -24.944088369607925 4.35
    endloop
  endfacet
  facet normal 0 0 1
    outer loop
      vertex -70.62331038713455 -44.109421230852604 4.35
      vertex -70.35661832243204 -44.69802314788103 4.35
      vertex -53.16710699349642 -24.944088369607925 4.35
    endloop
  endfacet
  facet normal 0 0 1
    outer loop
      vertex -70.85093502700329 -43.50463705509901 4.35
      vertex -70.62331038713455 -44.109421230852604 4.35
      vertex -53.16710699349642 -24.944088369607925 4.35
    endloop
  endfacet
  facet normal 0 0 1
    outer loop
      vertex -71.03851753473282 -42.88626040518284 4.35
      vertex -70.85093502700329 -43.50463705509901 4.35
      vertex -53.16710699349642 -24.944088369607925 4.35
    endloop
  endfacet
  facet normal 0 0 1
    outer loop
      vertex -71.18525464087725 -42.25693926215172 4.35
      vertex -71.03851753473282 -42.88626040518284 4.35
      vertex -53.16710699349642 -24.944088369607925 4.35
    endloop
  endfacet
  facet normal 0 0 1
    outer loop
      vertex -71.29051800817251 -41.619368486106396 4.35
      vertex -71.18525464087725 -42.25693926215172 4.35
      vertex -53.16710699349642 -24.944088369607925 4.35
    endloop
  endfacet
  facet normal 0 0 1
    outer loop
      vertex -71.35385686904192 -40.976278237998486 4.35
      vertex -71.29051800817251 -41.619368486106396 4.35
      vertex -53.16710699349642 -24.944088369607925 4.35
    endloop
  endfacet
  facet normal 0 0 1
    outer loop
      vertex -71.375 -40.330422334373 4.35
      vertex -71.35385686904192 -40.976278237998486 4.35
      vertex -53.16710699349642 -24.944088369607925 4.35
    endloop
  endfacet
  facet normal 0 0 1
    outer loop
      vertex -71.375 -40.330422334373 4.35
      vertex -53.16710699349642 -24.944088369607925 4.35
      vertex -54.76284287124872 -23.800600208342075 4.35
    endloop
  endfacet
  facet normal 0 0 1
    outer loop
      vertex -71.375 -40.330422334373 4.35
      vertex -54.76284287124872 -23.800600208342075 4.35
      vertex -56.28037445247173 -22.555194221436977 4.35
    endloop
  endfacet
  facet normal 0 0 1
    outer loop
      vertex -71.375 -40.330422334373 4.35
      vertex -56.28037445247173 -22.555194221436977 4.35
      vertex -57.71320343762636 -21.213203437626362 4.35
    endloop
  endfacet
  facet normal 0 0 1
    outer loop
      vertex -71.375 -40.330422334373 4.35
      vertex -57.71320343762636 -21.213203437626362 4.35
      vertex -59.05519422143698 -19.780374452471733 4.35
    endloop
  endfacet
  facet normal 0 0 1
    outer loop
      vertex -71.375 -40.330422334373 4.35
      vertex -59.05519422143698 -19.780374452471733 4.35
      vertex -60.300600208342075 -18.262842871248722 4.35
    endloop
  endfacet
  facet normal 0 0 1
    outer loop
      vertex -71.375 -40.330422334373 4.35
      vertex -60.300600208342075 -18.262842871248722 4.35
      vertex -61.444088369607925 -16.667106993496418 4.35
    endloop
  endfacet
  facet normal 0 0 1
    outer loop
      vertex -71.375 -40.330422334373 4.35
      vertex -61.444088369607925 -16.667106993496418 4.35
      vertex -62.480762116611004 -15 4.35
    endloop
  endfacet
  facet normal 0 0 1
    outer loop
      vertex -71.375 -40.330422334373 4.35
      vertex -62.480762116611004 -15 4.35
      vertex -63.40618224442005 -13.268660709261894 4.35
    endloop
  endfacet
  facet normal 0 0 1
    outer loop
      vertex -71.375 -40.330422334373 4.35
      vertex -63.40618224442005 -13.268660709261894 4.35
      vertex -64.21638597548008 -11.480502970516682 4.35
    endloop
  endfacet
  facet normal 0 0 1
    outer loop
      vertex -71.375 -40.330422334373 4.35
      vertex -64.21638597548008 -11.480502970516682 4.35
      vertex -64.90790388733149 -9.643183961510658 4.35
    endloop
  endfacet
  facet normal 0 0 1
    outer loop
      vertex -71.375 -40.330422334373 4.35
      vertex -64.90790388733149 -9.643183961510658 4.35
      vertex -65.4777747914195 -7.764571353793144 4.35
    endloop
  endfacet
  facet normal 0 0 1
    outer loop
      vertex -71.375 -40.330422334373 4.35
      vertex -65.4777747914195 -7.764571353793144 4.35
      vertex -65.92355841398239 -5.852709658443928 4.35
    endloop
  endfacet
  facet normal 0 0 1
    outer loop
      vertex -66.2433458417654 3.9157857671380043 4.35
      vertex -65.92355841398239 5.852709658443928 4.35
      vertex -71.375 40.330422334373 4.35
    endloop
  endfacet
  facet normal 0 0 1
    outer loop
      vertex -66.2433458417654 3.9157857671380043 4.35
      vertex -71.375 40.330422334373 4.35
      vertex -71.375 -40.330422334373 4.35
    endloop
  endfacet
  facet normal 0 0 1
    outer loop
      vertex -66.43576769530773 1.9620938748121262 4.35
      vertex -66.2433458417654 3.9157857671380043 4.35
      vertex -71.375 -40.330422334373 4.35
    endloop
  endfacet
  facet normal 0 0 1
    outer loop
      vertex -66.5 0 4.35
      vertex -66.43576769530773 1.9620938748121262 4.35
      vertex -71.375 -40.330422334373 4.35
    endloop
  endfacet
  facet normal 0 0 1
    outer loop
      vertex -66.43576769530773 -1.9620938748121262 4.35
      vertex -66.5 0 4.35
      vertex -71.375 -40.330422334373 4.35
    endloop
  endfacet
  facet normal 0 0 1
    outer loop
      vertex -66.2433458417654 -3.9157857671380043 4.35
      vertex -66.43576769530773 -1.9620938748121262 4.35
      vertex -71.375 -40.330422334373 4.35
    endloop
  endfacet
  facet normal 0 0 1
    outer loop
      vertex -66.2433458417654 -3.9157857671380043 4.35
      vertex -71.375 -40.330422334373 4.35
      vertex -65.92355841398239 -5.852709658443928 4.35
    endloop
  endfacet
  facet normal 0 0 -1
    outer loop
      vertex 40.332534968853 -29.858096450567245 0
      vertex 40.28631968051195 -29.75609713047743 0
      vertex 40.415785767138004 -29.743345841765404 0
    endloop
  endfacet
  facet normal 0 0 -1
    outer loop
      vertex -40.415785767138004 -29.743345841765404 0
      vertex -40.28631968051195 -29.75609713047743 0
      vertex -40.332534968853 -29.858096450567245 0
    endloop
  endfacet
  facet normal 0 0 -1
    outer loop
      vertex 32.584214232861996 -29.743345841765404 0
      vertex 32.71368031203747 -29.75609713047743 0
      vertex 32.667465031147 -29.858096450567245 0
    endloop
  endfacet
  facet normal 0 0 -1
    outer loop
      vertex -32.667465031147 -29.858096450567245 0
      vertex -32.71368031203747 -29.75609713047743 0
      vertex -32.584214232861996 -29.743345841765404 0
    endloop
  endfacet
  facet normal 0 0 -1
    outer loop
      vertex -6.5 0 0
      vertex 6.5 0 0
      vertex 6.564232304692268 -1.9620938748121262 0
    endloop
  endfacet
  facet normal 0 0 -1
    outer loop
      vertex -6.564232304692268 -1.9620938748121262 0
      vertex -6.5 0 0
      vertex 6.564232304692268 -1.9620938748121262 0
    endloop
  endfacet
  facet normal 0 0 -1
    outer loop
      vertex 6.5 0 0
      vertex -6.5 0 0
      vertex -6.564232304692268 1.9620938748121262 0
    endloop
  endfacet
  facet normal 0 0 -1
    outer loop
      vertex 6.564232304692268 1.9620938748121262 0
      vertex 6.5 0 0
      vertex -6.564232304692268 1.9620938748121262 0
    endloop
  endfacet
  facet normal 0 0 -1
    outer loop
      vertex -6.564232304692268 -1.9620938748121262 0
      vertex 6.564232304692268 -1.9620938748121262 0
      vertex 6.756654158234596 -3.9157857671380043 0
    endloop
  endfacet
  facet normal 0 0 -1
    outer loop
      vertex -6.756654158234596 -3.9157857671380043 0
      vertex -6.564232304692268 -1.9620938748121262 0
      vertex 6.756654158234596 -3.9157857671380043 0
    endloop
  endfacet
  facet normal 0 0 -1
    outer loop
      vertex 6.564232304692268 1.9620938748121262 0
      vertex -6.564232304692268 1.9620938748121262 0
      vertex -6.756654158234596 3.9157857671380043 0
    endloop
  endfacet
  facet normal 0 0 -1
    outer loop
      vertex 6.756654158234596 3.9157857671380043 0
      vertex 6.564232304692268 1.9620938748121262 0
      vertex -6.756654158234596 3.9157857671380043 0
    endloop
  endfacet
  facet normal 0 0 -1
    outer loop
      vertex -6.756654158234596 -3.9157857671380043 0
      vertex 6.756654158234596 -3.9157857671380043 0
      vertex 7.076441586017609 -5.852709658443928 0
    endloop
  endfacet
  facet normal 0 0 -1
    outer loop
      vertex -7.076441586017609 -5.852709658443928 0
      vertex -6.756654158234596 -3.9157857671380043 0
      vertex 7.076441586017609 -5.852709658443928 0
    endloop
  endfacet
  facet normal 0 0 -1
    outer loop
      vertex 6.756654158234596 3.9157857671380043 0
      vertex -6.756654158234596 3.9157857671380043 0
      vertex -7.076441586017609 5.852709658443928 0
    endloop
  endfacet
  facet normal 0 0 -1
    outer loop
      vertex 7.076441586017609 5.852709658443928 0
      vertex 6.756654158234596 3.9157857671380043 0
      vertex -7.076441586017609 5.852709658443928 0
    endloop
  endfacet
  facet normal 0 0 -1
    outer loop
      vertex -7.076441586017609 -5.852709658443928 0
      vertex 7.076441586017609 -5.852709658443928 0
      vertex 7.522225208580494 -7.764571353793144 0
    endloop
  endfacet
  facet normal 0 0 -1
    outer loop
      vertex -7.522225208580494 -7.764571353793144 0
      vertex -7.076441586017609 -5.852709658443928 0
      vertex 7.522225208580494 -7.764571353793144 0
    endloop
  endfacet
  facet normal 0 0 -1
    outer loop
      vertex 7.076441586017609 5.852709658443928 0
      vertex -7.076441586017609 5.852709658443928 0
      vertex -7.522225208580494 7.764571353793144 0
    endloop
  endfacet
  facet normal 0 0 -1
    outer loop
      vertex 7.522225208580494 7.764571353793144 0
      vertex 7.076441586017609 5.852709658443928 0
      vertex -7.522225208580494 7.764571353793144 0
    endloop
  endfacet
  facet normal 0 0 -1
    outer loop
      vertex -7.522225208580494 -7.764571353793144 0
      vertex 7.522225208580494 -7.764571353793144 0
      vertex 8.092096112668514 -9.643183961510658 0
    endloop
  endfacet
  facet normal 0 0 -1
    outer loop
      vertex -8.092096112668514 -9.643183961510658 0
      vertex -7.522225208580494 -7.764571353793144 0
      vertex 8.092096112668514 -9.643183961510658 0
    endloop
  endfacet
  facet normal 0 0 -1
    outer loop
      vertex 7.522225208580494 7.764571353793144 0
      vertex -7.522225208580494 7.764571353793144 0
      vertex -8.092096112668514 9.643183961510658 0
    endloop
  endfacet
  facet normal 0 0 -1
    outer loop
      vertex 8.092096112668514 9.643183961510658 0
      vertex 7.522225208580494 7.764571353793144 0
      vertex -8.092096112668514 9.643183961510658 0
    endloop
  endfacet
  facet normal 0 0 -1
    outer loop
      vertex -8.092096112668514 -9.643183961510658 0
      vertex 8.092096112668514 -9.643183961510658 0
      vertex 8.78361402451992 -11.480502970516682 0
    endloop
  endfacet
  facet normal 0 0 -1
    outer loop
      vertex -8.78361402451992 -11.480502970516682 0
      vertex -8.092096112668514 -9.643183961510658 0
      vertex 8.78361402451992 -11.480502970516682 0
    endloop
  endfacet
  facet normal 0 0 -1
    outer loop
      vertex 8.092096112668514 9.643183961510658 0
      vertex -8.092096112668514 9.643183961510658 0
      vertex -8.78361402451992 11.480502970516682 0
    endloop
  endfacet
  facet normal 0 0 -1
    outer loop
      vertex 8.78361402451992 11.480502970516682 0
      vertex 8.092096112668514 9.643183961510658 0
      vertex -8.78361402451992 11.480502970516682 0
    endloop
  endfacet
  facet normal 0 0 -1
    outer loop
      vertex -8.78361402451992 -11.480502970516682 0
      vertex 8.78361402451992 -11.480502970516682 0
      vertex 9.593817755579948 -13.268660709261894 0
    endloop
  endfacet
  facet normal 0 0 -1
    outer loop
      vertex -9.593817755579948 -13.268660709261894 0
      vertex -8.78361402451992 -11.480502970516682 0
      vertex 9.593817755579948 -13.268660709261894 0
    endloop
  endfacet
  facet normal 0 0 -1
    outer loop
      vertex 8.78361402451992 11.480502970516682 0
      vertex -8.78361402451992 11.480502970516682 0
      vertex -9.593817755579948 13.268660709261894 0
    endloop
  endfacet
  facet normal 0 0 -1
    outer loop
      vertex 9.593817755579948 13.268660709261894 0
      vertex 8.78361402451992 11.480502970516682 0
      vertex -9.593817755579948 13.268660709261894 0
    endloop
  endfacet
  facet normal 0 0 -1
    outer loop
      vertex -9.593817755579948 -13.268660709261894 0
      vertex 9.593817755579948 -13.268660709261894 0
      vertex 10.519237883388996 -15 0
    endloop
  endfacet
  facet normal 0 0 -1
    outer loop
      vertex -10.519237883388996 -15 0
      vertex -9.593817755579948 -13.268660709261894 0
      vertex 10.519237883388996 -15 0
    endloop
  endfacet
  facet normal 0 0 -1
    outer loop
      vertex 9.593817755579948 13.268660709261894 0
      vertex -9.593817755579948 13.268660709261894 0
      vertex -10.519237883388996 15 0
    endloop
  endfacet
  facet normal 0 0 -1
    outer loop
      vertex 10.519237883388996 15 0
      vertex 9.593817755579948 13.268660709261894 0
      vertex -10.519237883388996 15 0
    endloop
  endfacet
  facet normal 0 0 -1
    outer loop
      vertex -10.519237883388996 -15 0
      vertex 10.519237883388996 -15 0
      vertex 11.555911630392075 -16.667106993496418 0
    endloop
  endfacet
  facet normal 0 0 -1
    outer loop
      vertex -11.555911630392075 -16.667106993496418 0
      vertex -10.519237883388996 -15 0
      vertex 11.555911630392075 -16.667106993496418 0
    endloop
  endfacet
  facet normal 0 0 -1
    outer loop
      vertex 10.519237883388996 15 0
      vertex -10.519237883388996 15 0
      vertex -11.555911630392075 16.667106993496418 0
    endloop
  endfacet
  facet normal 0 0 -1
    outer loop
      vertex 11.555911630392075 16.667106993496418 0
      vertex 10.519237883388996 15 0
      vertex -11.555911630392075 16.667106993496418 0
    endloop
  endfacet
  facet normal 0 0 -1
    outer loop
      vertex 40.38324628025293 -29.99283318221569 0
      vertex 40.332534968853 -29.858096450567245 0
      vertex 40.415785767138004 -29.743345841765404 0
    endloop
  endfacet
  facet normal 0 0 -1
    outer loop
      vertex 40.38324628025293 -29.99283318221569 0
      vertex 40.415785767138004 -29.743345841765404 0
      vertex 42.35270965844393 -29.42355841398239 0
    endloop
  endfacet
  facet normal 0 0 -1
    outer loop
      vertex 40.42503681778908 -30.130598105490208 0
      vertex 40.38324628025293 -29.99283318221569 0
      vertex 42.35270965844393 -29.42355841398239 0
    endloop
  endfacet
  facet normal 0 0 -1
    outer loop
      vertex 40.45772761106491 -30.270801290869713 0
      vertex 40.42503681778908 -30.130598105490208 0
      vertex 42.35270965844393 -29.42355841398239 0
    endloop
  endfacet
  facet normal 0 0 -1
    outer loop
      vertex 40.48117869347334 -30.412842378020287 0
      vertex 40.45772761106491 -30.270801290869713 0
      vertex 42.35270965844393 -29.42355841398239 0
    endloop
  endfacet
  facet normal 0 0 -1
    outer loop
      vertex 40.495289631187916 -30.556113116443157 0
      vertex 40.48117869347334 -30.412842378020287 0
      vertex 42.35270965844393 -29.42355841398239 0
    endloop
  endfacet
  facet normal 0 0 -1
    outer loop
      vertex 40.5 -30.700000002980232 0
      vertex 40.495289631187916 -30.556113116443157 0
      vertex 42.35270965844393 -29.42355841398239 0
    endloop
  endfacet
  facet normal 0 0 -1
    outer loop
      vertex -40.415785767138004 -29.743345841765404 0
      vertex -40.332534968853 -29.858096450567245 0
      vertex -40.38324628025293 -29.99283318221569 0
    endloop
  endfacet
  facet normal 0 0 -1
    outer loop
      vertex -42.35270965844393 -29.42355841398239 0
      vertex -40.415785767138004 -29.743345841765404 0
      vertex -40.38324628025293 -29.99283318221569 0
    endloop
  endfacet
  facet normal 0 0 -1
    outer loop
      vertex -42.35270965844393 -29.42355841398239 0
      vertex -40.38324628025293 -29.99283318221569 0
      vertex -40.42503681778908 -30.130598105490208 0
    endloop
  endfacet
  facet normal 0 0 -1
    outer loop
      vertex -42.35270965844393 -29.42355841398239 0
      vertex -40.42503681778908 -30.130598105490208 0
      vertex -40.45772761106491 -30.270801290869713 0
    endloop
  endfacet
  facet normal 0 0 -1
    outer loop
      vertex -42.35270965844393 -29.42355841398239 0
      vertex -40.45772761106491 -30.270801290869713 0
      vertex -40.48117869347334 -30.412842378020287 0
    endloop
  endfacet
  facet normal 0 0 -1
    outer loop
      vertex -42.35270965844393 -29.42355841398239 0
      vertex -40.48117869347334 -30.412842378020287 0
      vertex -40.495289631187916 -30.556113116443157 0
    endloop
  endfacet
  facet normal 0 0 -1
    outer loop
      vertex -42.35270965844393 -29.42355841398239 0
      vertex -40.495289631187916 -30.556113116443157 0
      vertex -40.5 -30.700000002980232 0
    endloop
  endfacet
  facet normal 0 0 -1
    outer loop
      vertex 32.584214232861996 -29.743345841765404 0
      vertex 32.667465031147 -29.858096450567245 0
      vertex 32.61675371974707 -29.99283318221569 0
    endloop
  endfacet
  facet normal 0 0 -1
    outer loop
      vertex 30.647290341556072 -29.42355841398239 0
      vertex 32.584214232861996 -29.743345841765404 0
      vertex 32.61675371974707 -29.99283318221569 0
    endloop
  endfacet
  facet normal 0 0 -1
    outer loop
      vertex 30.647290341556072 -29.42355841398239 0
      vertex 32.61675371974707 -29.99283318221569 0
      vertex 32.57496318221092 -30.130598105490208 0
    endloop
  endfacet
  facet normal 0 0 -1
    outer loop
      vertex 30.647290341556072 -29.42355841398239 0
      vertex 32.57496318221092 -30.130598105490208 0
      vertex 32.54227238893509 -30.270801290869713 0
    endloop
  endfacet
  facet normal 0 0 -1
    outer loop
      vertex 30.647290341556072 -29.42355841398239 0
      vertex 32.54227238893509 -30.270801290869713 0
      vertex 32.51882130652666 -30.412842378020287 0
    endloop
  endfacet
  facet normal 0 0 -1
    outer loop
      vertex 30.647290341556072 -29.42355841398239 0
      vertex 32.51882130652666 -30.412842378020287 0
      vertex 32.504710368812084 -30.556113116443157 0
    endloop
  endfacet
  facet normal 0 0 -1
    outer loop
      vertex 30.647290341556072 -29.42355841398239 0
      vertex 32.504710368812084 -30.556113116443157 0
      vertex 32.5 -30.700000002980232 0
    endloop
  endfacet
  facet normal 0 0 -1
    outer loop
      vertex -32.61675371974707 -29.99283318221569 0
      vertex -32.667465031147 -29.858096450567245 0
      vertex -32.584214232861996 -29.743345841765404 0
    endloop
  endfacet
  facet normal 0 0 -1
    outer loop
      vertex -32.61675371974707 -29.99283318221569 0
      vertex -32.584214232861996 -29.743345841765404 0
      vertex -30.647290341556072 -29.42355841398239 0
    endloop
  endfacet
  facet normal 0 0 -1
    outer loop
      vertex -32.57496318221092 -30.130598105490208 0
      vertex -32.61675371974707 -29.99283318221569 0
      vertex -30.647290341556072 -29.42355841398239 0
    endloop
  endfacet
  facet normal 0 0 -1
    outer loop
      vertex -32.54227238893509 -30.270801290869713 0
      vertex -32.57496318221092 -30.130598105490208 0
      vertex -30.647290341556072 -29.42355841398239 0
    endloop
  endfacet
  facet normal 0 0 -1
    outer loop
      vertex -32.51882130652666 -30.412842378020287 0
      vertex -32.54227238893509 -30.270801290869713 0
      vertex -30.647290341556072 -29.42355841398239 0
    endloop
  endfacet
  facet normal 0 0 -1
    outer loop
      vertex -32.504710368812084 -30.556113116443157 0
      vertex -32.51882130652666 -30.412842378020287 0
      vertex -30.647290341556072 -29.42355841398239 0
    endloop
  endfacet
  facet normal 0 0 -1
    outer loop
      vertex -32.5 -30.700000002980232 0
      vertex -32.504710368812084 -30.556113116443157 0
      vertex -30.647290341556072 -29.42355841398239 0
    endloop
  endfacet
  facet normal 0 0 -1
    outer loop
      vertex 40.5 -36.29999999701977 0
      vertex 40.5 -30.700000002980232 0
      vertex 42.35270965844393 -29.42355841398239 0
    endloop
  endfacet
  facet normal 0 0 -1
    outer loop
      vertex 40.5 -36.29999999701977 0
      vertex 42.35270965844393 -29.42355841398239 0
      vertex 44.264571353793144 -28.977774791419506 0
    endloop
  endfacet
  facet normal 0 0 -1
    outer loop
      vertex -42.35270965844393 -29.42355841398239 0
      vertex -40.5 -30.700000002980232 0
      vertex -40.5 -36.29999999701977 0
    endloop
  endfacet
  facet normal 0 0 -1
    outer loop
      vertex -44.264571353793144 -28.977774791419506 0
      vertex -42.35270965844393 -29.42355841398239 0
      vertex -40.5 -36.29999999701977 0
    endloop
  endfacet
  facet normal 0 0 -1
    outer loop
      vertex 30.647290341556072 -29.42355841398239 0
      vertex 32.5 -30.700000002980232 0
      vertex 32.5 -36.29999999701977 0
    endloop
  endfacet
  facet normal 0 0 -1
    outer loop
      vertex 28.735428646206856 -28.977774791419506 0
      vertex 30.647290341556072 -29.42355841398239 0
      vertex 32.5 -36.29999999701977 0
    endloop
  endfacet
  facet normal 0 0 -1
    outer loop
      vertex -32.5 -36.29999999701977 0
      vertex -32.5 -30.700000002980232 0
      vertex -30.647290341556072 -29.42355841398239 0
    endloop
  endfacet
  facet normal 0 0 -1
    outer loop
      vertex -32.5 -36.29999999701977 0
      vertex -30.647290341556072 -29.42355841398239 0
      vertex -28.735428646206856 -28.977774791419506 0
    endloop
  endfacet
  facet normal 0 0 -1
    outer loop
      vertex -11.555911630392075 -16.667106993496418 0
      vertex 11.555911630392075 -16.667106993496418 0
      vertex 12.699399791657925 -18.262842871248722 0
    endloop
  endfacet
  facet normal 0 0 -1
    outer loop
      vertex -12.699399791657925 -18.262842871248722 0
      vertex -11.555911630392075 -16.667106993496418 0
      vertex 12.699399791657925 -18.262842871248722 0
    endloop
  endfacet
  facet normal 0 0 -1
    outer loop
      vertex 11.555911630392075 16.667106993496418 0
      vertex -11.555911630392075 16.667106993496418 0
      vertex -12.699399791657925 18.262842871248722 0
    endloop
  endfacet
  facet normal 0 0 -1
    outer loop
      vertex 12.699399791657925 18.262842871248722 0
      vertex 11.555911630392075 16.667106993496418 0
      vertex -12.699399791657925 18.262842871248722 0
    endloop
  endfacet
  facet normal 0 0 -1
    outer loop
      vertex -12.699399791657925 -18.262842871248722 0
      vertex 12.699399791657925 -18.262842871248722 0
      vertex 13.944805778563023 -19.780374452471733 0
    endloop
  endfacet
  facet normal 0 0 -1
    outer loop
      vertex -13.944805778563023 -19.780374452471733 0
      vertex -12.699399791657925 -18.262842871248722 0
      vertex 13.944805778563023 -19.780374452471733 0
    endloop
  endfacet
  facet normal 0 0 -1
    outer loop
      vertex 12.699399791657925 18.262842871248722 0
      vertex -12.699399791657925 18.262842871248722 0
      vertex -13.944805778563023 19.780374452471733 0
    endloop
  endfacet
  facet normal 0 0 -1
    outer loop
      vertex 13.944805778563023 19.780374452471733 0
      vertex 12.699399791657925 18.262842871248722 0
      vertex -13.944805778563023 19.780374452471733 0
    endloop
  endfacet
  facet normal 0 0 -1
    outer loop
      vertex -13.944805778563023 -19.780374452471733 0
      vertex 13.944805778563023 -19.780374452471733 0
      vertex 15.286796562373638 -21.213203437626362 0
    endloop
  endfacet
  facet normal 0 0 -1
    outer loop
      vertex -15.286796562373638 -21.213203437626362 0
      vertex -13.944805778563023 -19.780374452471733 0
      vertex 15.286796562373638 -21.213203437626362 0
    endloop
  endfacet
  facet normal 0 0 -1
    outer loop
      vertex 13.944805778563023 19.780374452471733 0
      vertex -13.944805778563023 19.780374452471733 0
      vertex -15.286796562373638 21.213203437626362 0
    endloop
  endfacet
  facet normal 0 0 -1
    outer loop
      vertex 15.286796562373638 21.213203437626362 0
      vertex 13.944805778563023 19.780374452471733 0
      vertex -15.286796562373638 21.213203437626362 0
    endloop
  endfacet
  facet normal 0 0 -1
    outer loop
      vertex 40.5 -36.29999999701977 0
      vertex 44.264571353793144 -28.977774791419506 0
      vertex 46.14318396151066 -28.407903887331486 0
    endloop
  endfacet
  facet normal 0 0 -1
    outer loop
      vertex -46.14318396151066 -28.407903887331486 0
      vertex -44.264571353793144 -28.977774791419506 0
      vertex -40.5 -36.29999999701977 0
    endloop
  endfacet
  facet normal 0 0 -1
    outer loop
      vertex 26.85681603848934 -28.407903887331486 0
      vertex 28.735428646206856 -28.977774791419506 0
      vertex 32.5 -36.29999999701977 0
    endloop
  endfacet
  facet normal 0 0 -1
    outer loop
      vertex -32.5 -36.29999999701977 0
      vertex -28.735428646206856 -28.977774791419506 0
      vertex -26.85681603848934 -28.407903887331486 0
    endloop
  endfacet
  facet normal 0 0 -1
    outer loop
      vertex -15.286796562373638 -21.213203437626362 0
      vertex 15.286796562373638 -21.213203437626362 0
      vertex 16.719625547528267 -22.555194221436977 0
    endloop
  endfacet
  facet normal 0 0 -1
    outer loop
      vertex -16.719625547528267 -22.555194221436977 0
      vertex -15.286796562373638 -21.213203437626362 0
      vertex 16.719625547528267 -22.555194221436977 0
    endloop
  endfacet
  facet normal 0 0 -1
    outer loop
      vertex 15.286796562373638 21.213203437626362 0
      vertex -15.286796562373638 21.213203437626362 0
      vertex -16.719625547528267 22.555194221436977 0
    endloop
  endfacet
  facet normal 0 0 -1
    outer loop
      vertex 16.719625547528267 22.555194221436977 0
      vertex 15.286796562373638 21.213203437626362 0
      vertex -16.719625547528267 22.555194221436977 0
    endloop
  endfacet
  facet normal 0 0 -1
    outer loop
      vertex -16.719625547528267 -22.555194221436977 0
      vertex 16.719625547528267 -22.555194221436977 0
      vertex 18.237157128751278 -23.800600208342075 0
    endloop
  endfacet
  facet normal 0 0 -1
    outer loop
      vertex -18.237157128751278 -23.800600208342075 0
      vertex -16.719625547528267 -22.555194221436977 0
      vertex 18.237157128751278 -23.800600208342075 0
    endloop
  endfacet
  facet normal 0 0 -1
    outer loop
      vertex 16.719625547528267 22.555194221436977 0
      vertex -16.719625547528267 22.555194221436977 0
      vertex -18.237157128751278 23.800600208342075 0
    endloop
  endfacet
  facet normal 0 0 -1
    outer loop
      vertex 18.237157128751278 23.800600208342075 0
      vertex 16.719625547528267 22.555194221436977 0
      vertex -18.237157128751278 23.800600208342075 0
    endloop
  endfacet
  facet normal 0 0 -1
    outer loop
      vertex 71.375 40.330422334373 0
      vertex 66.5 0 0
      vertex 66.43576769530773 1.9620938748121262 0
    endloop
  endfacet
  facet normal 0 0 -1
    outer loop
      vertex 71.375 40.330422334373 0
      vertex 66.43576769530773 1.9620938748121262 0
      vertex 66.2433458417654 3.9157857671380043 0
    endloop
  endfacet
  facet normal 0 0 -1
    outer loop
      vertex 71.375 40.330422334373 0
      vertex 66.2433458417654 3.9157857671380043 0
      vertex 65.92355841398239 5.852709658443928 0
    endloop
  endfacet
  facet normal 0 0 -1
    outer loop
      vertex 71.375 40.330422334373 0
      vertex 65.92355841398239 5.852709658443928 0
      vertex 65.4777747914195 7.764571353793144 0
    endloop
  endfacet
  facet normal 0 0 -1
    outer loop
      vertex 71.375 40.330422334373 0
      vertex 65.4777747914195 7.764571353793144 0
      vertex 64.90790388733149 9.643183961510658 0
    endloop
  endfacet
  facet normal 0 0 -1
    outer loop
      vertex 71.375 40.330422334373 0
      vertex 64.90790388733149 9.643183961510658 0
      vertex 64.21638597548008 11.480502970516682 0
    endloop
  endfacet
  facet normal 0 0 -1
    outer loop
      vertex 71.375 40.330422334373 0
      vertex 64.21638597548008 11.480502970516682 0
      vertex 63.40618224442005 13.268660709261894 0
    endloop
  endfacet
  facet normal 0 0 -1
    outer loop
      vertex 71.375 40.330422334373 0
      vertex 63.40618224442005 13.268660709261894 0
      vertex 62.480762116611004 15 0
    endloop
  endfacet
  facet normal 0 0 -1
    outer loop
      vertex 71.375 40.330422334373 0
      vertex 62.480762116611004 15 0
      vertex 61.444088369607925 16.667106993496418 0
    endloop
  endfacet
  facet normal 0 0 -1
    outer loop
      vertex 71.375 40.330422334373 0
      vertex 61.444088369607925 16.667106993496418 0
      vertex 60.300600208342075 18.262842871248722 0
    endloop
  endfacet
  facet normal 0 0 -1
    outer loop
      vertex 71.375 40.330422334373 0
      vertex 60.300600208342075 18.262842871248722 0
      vertex 59.05519422143698 19.780374452471733 0
    endloop
  endfacet
  facet normal 0 0 -1
    outer loop
      vertex 71.375 40.330422334373 0
      vertex 59.05519422143698 19.780374452471733 0
      vertex 57.71320343762636 21.213203437626362 0
    endloop
  endfacet
  facet normal 0 0 -1
    outer loop
      vertex 71.375 40.330422334373 0
      vertex 57.71320343762636 21.213203437626362 0
      vertex 56.28037445247173 22.555194221436977 0
    endloop
  endfacet
  facet normal 0 0 -1
    outer loop
      vertex 71.375 40.330422334373 0
      vertex 56.28037445247173 22.555194221436977 0
      vertex 54.76284287124872 23.800600208342075 0
    endloop
  endfacet
  facet normal 0 0 -1
    outer loop
      vertex 71.375 40.330422334373 0
      vertex 54.76284287124872 23.800600208342075 0
      vertex 53.16710699349642 24.944088369607925 0
    endloop
  endfacet
  facet normal 0 0 -1
    outer loop
      vertex 71.375 40.330422334373 0
      vertex 53.16710699349642 24.944088369607925 0
      vertex 51.5 25.980762116611004 0
    endloop
  endfacet
  facet normal 0 0 -1
    outer loop
      vertex 71.375 40.330422334373 0
      vertex 51.5 25.980762116611004 0
      vertex 49.768660709261894 26.90618224442005 0
    endloop
  endfacet
  facet normal 0 0 -1
    outer loop
      vertex 71.35385686904192 40.976278237998486 0
      vertex 71.375 40.330422334373 0
      vertex 49.768660709261894 26.90618224442005 0
    endloop
  endfacet
  facet normal 0 0 -1
    outer loop
      vertex 71.29051800817251 41.619368486106396 0
      vertex 71.35385686904192 40.976278237998486 0
      vertex 49.768660709261894 26.90618224442005 0
    endloop
  endfacet
  facet normal 0 0 -1
    outer loop
      vertex 71.18525464087725 42.25693926215172 0
      vertex 71.29051800817251 41.619368486106396 0
      vertex 49.768660709261894 26.90618224442005 0
    endloop
  endfacet
  facet normal 0 0 -1
    outer loop
      vertex 71.03851753473282 42.88626040518284 0
      vertex 71.18525464087725 42.25693926215172 0
      vertex 49.768660709261894 26.90618224442005 0
    endloop
  endfacet
  facet normal 0 0 -1
    outer loop
      vertex 70.85093502700329 43.50463705509901 0
      vertex 71.03851753473282 42.88626040518284 0
      vertex 49.768660709261894 26.90618224442005 0
    endloop
  endfacet
  facet normal 0 0 -1
    outer loop
      vertex 70.62331038713455 44.109421230852604 0
      vertex 70.85093502700329 43.50463705509901 0
      vertex 49.768660709261894 26.90618224442005 0
    endloop
  endfacet
  facet normal 0 0 -1
    outer loop
      vertex 70.35661832243204 44.69802314788103 0
      vertex 70.62331038713455 44.109421230852604 0
      vertex 49.768660709261894 26.90618224442005 0
    endloop
  endfacet
  facet normal 0 0 -1
    outer loop
      vertex 70.05200086534023 45.267922334373 0
      vertex 70.35661832243204 44.69802314788103 0
      vertex 49.768660709261894 26.90618224442005 0
    endloop
  endfacet
  facet normal 0 0 -1
    outer loop
      vertex 69.71076241880655 45.8166783824563 0
      vertex 70.05200086534023 45.267922334373 0
      vertex 49.768660709261894 26.90618224442005 0
    endloop
  endfacet
  facet normal 0 0 -1
    outer loop
      vertex 69.33436423540115 46.3419414460659 0
      vertex 69.71076241880655 45.8166783824563 0
      vertex 49.768660709261894 26.90618224442005 0
    endloop
  endfacet
  facet normal 0 0 -1
    outer loop
      vertex 68.92441809922457 46.84146226197481 0
      vertex 69.33436423540115 46.3419414460659 0
      vertex 49.768660709261894 26.90618224442005 0
    endloop
  endfacet
  facet normal 0 0 -1
    outer loop
      vertex 68.48267946392298 47.313101798295975 0
      vertex 68.92441809922457 46.84146226197481 0
      vertex 49.768660709261894 26.90618224442005 0
    endloop
  endfacet
  facet normal 0 0 -1
    outer loop
      vertex 68.01103992760181 47.754840433597565 0
      vertex 68.48267946392298 47.313101798295975 0
      vertex 49.768660709261894 26.90618224442005 0
    endloop
  endfacet
  facet normal 0 0 -1
    outer loop
      vertex 67.5115191116929 48.16478656977415 0
      vertex 68.01103992760181 47.754840433597565 0
      vertex 49.768660709261894 26.90618224442005 0
    endloop
  endfacet
  facet normal 0 0 -1
    outer loop
      vertex 66.9862560480833 48.54118475317955 0
      vertex 67.5115191116929 48.16478656977415 0
      vertex 49.768660709261894 26.90618224442005 0
    endloop
  endfacet
  facet normal 0 0 -1
    outer loop
      vertex 66.4375 48.88242319971323 0
      vertex 66.9862560480833 48.54118475317955 0
      vertex 49.768660709261894 26.90618224442005 0
    endloop
  endfacet
  facet normal 0 0 -1
    outer loop
      vertex 65.86760081350803 49.18704065680504 0
      vertex 66.4375 48.88242319971323 0
      vertex 49.768660709261894 26.90618224442005 0
    endloop
  endfacet
  facet normal 0 0 -1
    outer loop
      vertex 65.2789988964796 49.45373272150755 0
      vertex 65.86760081350803 49.18704065680504 0
      vertex 49.768660709261894 26.90618224442005 0
    endloop
  endfacet
  facet normal 0 0 -1
    outer loop
      vertex 64.67421472072601 49.681357361376286 0
      vertex 65.2789988964796 49.45373272150755 0
      vertex 49.768660709261894 26.90618224442005 0
    endloop
  endfacet
  facet normal 0 0 -1
    outer loop
      vertex 64.05583807080984 49.868939869105816 0
      vertex 64.67421472072601 49.681357361376286 0
      vertex 49.768660709261894 26.90618224442005 0
    endloop
  endfacet
  facet normal 0 0 -1
    outer loop
      vertex 63.42651692777872 50.015676975250244 0
      vertex 64.05583807080984 49.868939869105816 0
      vertex 49.768660709261894 26.90618224442005 0
    endloop
  endfacet
  facet normal 0 0 -1
    outer loop
      vertex 62.7889461517334 50.12094034254551 0
      vertex 63.42651692777872 50.015676975250244 0
      vertex 49.768660709261894 26.90618224442005 0
    endloop
  endfacet
  facet normal 0 0 -1
    outer loop
      vertex 62.14585590362549 50.18427920341492 0
      vertex 62.7889461517334 50.12094034254551 0
      vertex 49.768660709261894 26.90618224442005 0
    endloop
  endfacet
  facet normal 0 0 -1
    outer loop
      vertex 61.5 50.205422334373 0
      vertex 62.14585590362549 50.18427920341492 0
      vertex 49.768660709261894 26.90618224442005 0
    endloop
  endfacet
  facet normal 0 0 -1
    outer loop
      vertex 61.5 50.205422334373 0
      vertex 49.768660709261894 26.90618224442005 0
      vertex 47.98050297051668 27.71638597548008 0
    endloop
  endfacet
  facet normal 0 0 -1
    outer loop
      vertex 61.5 50.205422334373 0
      vertex 47.98050297051668 27.71638597548008 0
      vertex 46.14318396151066 28.407903887331486 0
    endloop
  endfacet
  facet normal 0 0 -1
    outer loop
      vertex 61.5 50.205422334373 0
      vertex 46.14318396151066 28.407903887331486 0
      vertex 44.264571353793144 28.977774791419506 0
    endloop
  endfacet
  facet normal 0 0 -1
    outer loop
      vertex 61.5 50.205422334373 0
      vertex 44.264571353793144 28.977774791419506 0
      vertex 42.35270965844393 29.42355841398239 0
    endloop
  endfacet
  facet normal 0 0 -1
    outer loop
      vertex 61.5 50.205422334373 0
      vertex 42.35270965844393 29.42355841398239 0
      vertex 40.415785767138004 29.743345841765404 0
    endloop
  endfacet
  facet normal 0 0 -1
    outer loop
      vertex 61.5 50.205422334373 0
      vertex 40.415785767138004 29.743345841765404 0
      vertex 38.462093874812126 29.93576769530773 0
    endloop
  endfacet
  facet normal 0 0 -1
    outer loop
      vertex 61.5 50.205422334373 0
      vertex 38.462093874812126 29.93576769530773 0
      vertex 36.5 30 0
    endloop
  endfacet
  facet normal 0 0 -1
    outer loop
      vertex 61.5 50.205422334373 0
      vertex 36.5 30 0
      vertex 34.537906125187874 29.93576769530773 0
    endloop
  endfacet
  facet normal 0 0 -1
    outer loop
      vertex -18.237157128751278 -23.800600208342075 0
      vertex 18.237157128751278 -23.800600208342075 0
      vertex 19.832893006503582 -24.944088369607925 0
    endloop
  endfacet
  facet normal 0 0 -1
    outer loop
      vertex -19.832893006503582 -24.944088369607925 0
      vertex -18.237157128751278 -23.800600208342075 0
      vertex 19.832893006503582 -24.944088369607925 0
    endloop
  endfacet
  facet normal 0 0 -1
    outer loop
      vertex 18.237157128751278 23.800600208342075 0
      vertex -18.237157128751278 23.800600208342075 0
      vertex -19.832893006503582 24.944088369607925 0
    endloop
  endfacet
  facet normal 0 0 -1
    outer loop
      vertex 19.832893006503582 24.944088369607925 0
      vertex 18.237157128751278 23.800600208342075 0
      vertex -19.832893006503582 24.944088369607925 0
    endloop
  endfacet
  facet normal 0 0 -1
    outer loop
      vertex 40.5 -36.29999999701977 0
      vertex 46.14318396151066 -28.407903887331486 0
      vertex 47.98050297051668 -27.71638597548008 0
    endloop
  endfacet
  facet normal 0 0 -1
    outer loop
      vertex 40.495289631187916 -36.44388688355684 0
      vertex 40.5 -36.29999999701977 0
      vertex 47.98050297051668 -27.71638597548008 0
    endloop
  endfacet
  facet normal 0 0 -1
    outer loop
      vertex 40.48117869347334 -36.58715762197971 0
      vertex 40.495289631187916 -36.44388688355684 0
      vertex 47.98050297051668 -27.71638597548008 0
    endloop
  endfacet
  facet normal 0 0 -1
    outer loop
      vertex -47.98050297051668 -27.71638597548008 0
      vertex -46.14318396151066 -28.407903887331486 0
      vertex -40.5 -36.29999999701977 0
    endloop
  endfacet
  facet normal 0 0 -1
    outer loop
      vertex -47.98050297051668 -27.71638597548008 0
      vertex -40.5 -36.29999999701977 0
      vertex -40.495289631187916 -36.44388688355684 0
    endloop
  endfacet
  facet normal 0 0 -1
    outer loop
      vertex -47.98050297051668 -27.71638597548008 0
      vertex -40.495289631187916 -36.44388688355684 0
      vertex -40.48117869347334 -36.58715762197971 0
    endloop
  endfacet
  facet normal 0 0 -1
    outer loop
      vertex 25.01949702948332 -27.71638597548008 0
      vertex 26.85681603848934 -28.407903887331486 0
      vertex 32.5 -36.29999999701977 0
    endloop
  endfacet
  facet normal 0 0 -1
    outer loop
      vertex 25.01949702948332 -27.71638597548008 0
      vertex 32.5 -36.29999999701977 0
      vertex 32.504710368812084 -36.44388688355684 0
    endloop
  endfacet
  facet normal 0 0 -1
    outer loop
      vertex 25.01949702948332 -27.71638597548008 0
      vertex 32.504710368812084 -36.44388688355684 0
      vertex 32.51882130652666 -36.58715762197971 0
    endloop
  endfacet
  facet normal 0 0 -1
    outer loop
      vertex -32.5 -36.29999999701977 0
      vertex -26.85681603848934 -28.407903887331486 0
      vertex -25.01949702948332 -27.71638597548008 0
    endloop
  endfacet
  facet normal 0 0 -1
    outer loop
      vertex -32.504710368812084 -36.44388688355684 0
      vertex -32.5 -36.29999999701977 0
      vertex -25.01949702948332 -27.71638597548008 0
    endloop
  endfacet
  facet normal 0 0 -1
    outer loop
      vertex -32.51882130652666 -36.58715762197971 0
      vertex -32.504710368812084 -36.44388688355684 0
      vertex -25.01949702948332 -27.71638597548008 0
    endloop
  endfacet
  facet normal 0 0 -1
    outer loop
      vertex 66.5 0 0
      vertex 71.375 40.330422334373 0
      vertex 71.375 -40.330422334373 0
    endloop
  endfacet
  facet normal 0 0 -1
    outer loop
      vertex 66.43576769530773 -1.9620938748121262 0
      vertex 66.5 0 0
      vertex 71.375 -40.330422334373 0
    endloop
  endfacet
  facet normal 0 0 -1
    outer loop
      vertex 66.2433458417654 -3.9157857671380043 0
      vertex 66.43576769530773 -1.9620938748121262 0
      vertex 71.375 -40.330422334373 0
    endloop
  endfacet
  facet normal 0 0 -1
    outer loop
      vertex 65.92355841398239 -5.852709658443928 0
      vertex 66.2433458417654 -3.9157857671380043 0
      vertex 71.375 -40.330422334373 0
    endloop
  endfacet
  facet normal 0 0 -1
    outer loop
      vertex 65.4777747914195 -7.764571353793144 0
      vertex 65.92355841398239 -5.852709658443928 0
      vertex 71.375 -40.330422334373 0
    endloop
  endfacet
  facet normal 0 0 -1
    outer loop
      vertex 64.90790388733149 -9.643183961510658 0
      vertex 65.4777747914195 -7.764571353793144 0
      vertex 71.375 -40.330422334373 0
    endloop
  endfacet
  facet normal 0 0 -1
    outer loop
      vertex 64.21638597548008 -11.480502970516682 0
      vertex 64.90790388733149 -9.643183961510658 0
      vertex 71.375 -40.330422334373 0
    endloop
  endfacet
  facet normal 0 0 -1
    outer loop
      vertex 63.40618224442005 -13.268660709261894 0
      vertex 64.21638597548008 -11.480502970516682 0
      vertex 71.375 -40.330422334373 0
    endloop
  endfacet
  facet normal 0 0 -1
    outer loop
      vertex 62.480762116611004 -15 0
      vertex 63.40618224442005 -13.268660709261894 0
      vertex 71.375 -40.330422334373 0
    endloop
  endfacet
  facet normal 0 0 -1
    outer loop
      vertex 61.444088369607925 -16.667106993496418 0
      vertex 62.480762116611004 -15 0
      vertex 71.375 -40.330422334373 0
    endloop
  endfacet
  facet normal 0 0 -1
    outer loop
      vertex 60.300600208342075 -18.262842871248722 0
      vertex 61.444088369607925 -16.667106993496418 0
      vertex 71.375 -40.330422334373 0
    endloop
  endfacet
  facet normal 0 0 -1
    outer loop
      vertex 59.05519422143698 -19.780374452471733 0
      vertex 60.300600208342075 -18.262842871248722 0
      vertex 71.375 -40.330422334373 0
    endloop
  endfacet
  facet normal 0 0 -1
    outer loop
      vertex 57.71320343762636 -21.213203437626362 0
      vertex 59.05519422143698 -19.780374452471733 0
      vertex 71.375 -40.330422334373 0
    endloop
  endfacet
  facet normal 0 0 -1
    outer loop
      vertex 56.28037445247173 -22.555194221436977 0
      vertex 57.71320343762636 -21.213203437626362 0
      vertex 71.375 -40.330422334373 0
    endloop
  endfacet
  facet normal 0 0 -1
    outer loop
      vertex 54.76284287124872 -23.800600208342075 0
      vertex 56.28037445247173 -22.555194221436977 0
      vertex 71.375 -40.330422334373 0
    endloop
  endfacet
  facet normal 0 0 -1
    outer loop
      vertex 53.16710699349642 -24.944088369607925 0
      vertex 54.76284287124872 -23.800600208342075 0
      vertex 71.375 -40.330422334373 0
    endloop
  endfacet
  facet normal 0 0 -1
    outer loop
      vertex 51.5 -25.980762116611004 0
      vertex 53.16710699349642 -24.944088369607925 0
      vertex 71.375 -40.330422334373 0
    endloop
  endfacet
  facet normal 0 0 -1
    outer loop
      vertex 49.768660709261894 -26.90618224442005 0
      vertex 51.5 -25.980762116611004 0
      vertex 71.375 -40.330422334373 0
    endloop
  endfacet
  facet normal 0 0 -1
    outer loop
      vertex 49.768660709261894 -26.90618224442005 0
      vertex 71.375 -40.330422334373 0
      vertex 71.35385686904192 -40.976278237998486 0
    endloop
  endfacet
  facet normal 0 0 -1
    outer loop
      vertex 49.768660709261894 -26.90618224442005 0
      vertex 71.35385686904192 -40.976278237998486 0
      vertex 71.29051800817251 -41.619368486106396 0
    endloop
  endfacet
  facet normal 0 0 -1
    outer loop
      vertex 49.768660709261894 -26.90618224442005 0
      vertex 71.29051800817251 -41.619368486106396 0
      vertex 71.18525464087725 -42.25693926215172 0
    endloop
  endfacet
  facet normal 0 0 -1
    outer loop
      vertex 49.768660709261894 -26.90618224442005 0
      vertex 71.18525464087725 -42.25693926215172 0
      vertex 71.03851753473282 -42.88626040518284 0
    endloop
  endfacet
  facet normal 0 0 -1
    outer loop
      vertex 49.768660709261894 -26.90618224442005 0
      vertex 71.03851753473282 -42.88626040518284 0
      vertex 70.85093502700329 -43.50463705509901 0
    endloop
  endfacet
  facet normal 0 0 -1
    outer loop
      vertex 49.768660709261894 -26.90618224442005 0
      vertex 70.85093502700329 -43.50463705509901 0
      vertex 70.62331038713455 -44.109421230852604 0
    endloop
  endfacet
  facet normal 0 0 -1
    outer loop
      vertex 49.768660709261894 -26.90618224442005 0
      vertex 70.62331038713455 -44.109421230852604 0
      vertex 70.35661832243204 -44.69802314788103 0
    endloop
  endfacet
  facet normal 0 0 -1
    outer loop
      vertex 49.768660709261894 -26.90618224442005 0
      vertex 70.35661832243204 -44.69802314788103 0
      vertex 70.05200086534023 -45.267922334373 0
    endloop
  endfacet
  facet normal 0 0 -1
    outer loop
      vertex 49.768660709261894 -26.90618224442005 0
      vertex 70.05200086534023 -45.267922334373 0
      vertex 69.71076241880655 -45.8166783824563 0
    endloop
  endfacet
  facet normal 0 0 -1
    outer loop
      vertex 49.768660709261894 -26.90618224442005 0
      vertex 69.71076241880655 -45.8166783824563 0
      vertex 69.33436423540115 -46.3419414460659 0
    endloop
  endfacet
  facet normal 0 0 -1
    outer loop
      vertex 49.768660709261894 -26.90618224442005 0
      vertex 69.33436423540115 -46.3419414460659 0
      vertex 68.92441809922457 -46.84146226197481 0
    endloop
  endfacet
  facet normal 0 0 -1
    outer loop
      vertex 49.768660709261894 -26.90618224442005 0
      vertex 68.92441809922457 -46.84146226197481 0
      vertex 68.48267946392298 -47.313101798295975 0
    endloop
  endfacet
  facet normal 0 0 -1
    outer loop
      vertex 49.768660709261894 -26.90618224442005 0
      vertex 68.48267946392298 -47.313101798295975 0
      vertex 68.01103992760181 -47.754840433597565 0
    endloop
  endfacet
  facet normal 0 0 -1
    outer loop
      vertex 49.768660709261894 -26.90618224442005 0
      vertex 68.01103992760181 -47.754840433597565 0
      vertex 67.5115191116929 -48.16478656977415 0
    endloop
  endfacet
  facet normal 0 0 -1
    outer loop
      vertex 49.768660709261894 -26.90618224442005 0
      vertex 67.5115191116929 -48.16478656977415 0
      vertex 66.9862560480833 -48.54118475317955 0
    endloop
  endfacet
  facet normal 0 0 -1
    outer loop
      vertex 49.768660709261894 -26.90618224442005 0
      vertex 66.9862560480833 -48.54118475317955 0
      vertex 66.4375 -48.88242319971323 0
    endloop
  endfacet
  facet normal 0 0 -1
    outer loop
      vertex 49.768660709261894 -26.90618224442005 0
      vertex 66.4375 -48.88242319971323 0
      vertex 65.86760081350803 -49.18704065680504 0
    endloop
  endfacet
  facet normal 0 0 -1
    outer loop
      vertex 49.768660709261894 -26.90618224442005 0
      vertex 65.86760081350803 -49.18704065680504 0
      vertex 65.2789988964796 -49.45373272150755 0
    endloop
  endfacet
  facet normal 0 0 -1
    outer loop
      vertex 49.768660709261894 -26.90618224442005 0
      vertex 65.2789988964796 -49.45373272150755 0
      vertex 64.67421472072601 -49.681357361376286 0
    endloop
  endfacet
  facet normal 0 0 -1
    outer loop
      vertex 49.768660709261894 -26.90618224442005 0
      vertex 64.67421472072601 -49.681357361376286 0
      vertex 64.05583807080984 -49.868939869105816 0
    endloop
  endfacet
  facet normal 0 0 -1
    outer loop
      vertex 49.768660709261894 -26.90618224442005 0
      vertex 64.05583807080984 -49.868939869105816 0
      vertex 63.42651692777872 -50.015676975250244 0
    endloop
  endfacet
  facet normal 0 0 -1
    outer loop
      vertex 49.768660709261894 -26.90618224442005 0
      vertex 63.42651692777872 -50.015676975250244 0
      vertex 62.7889461517334 -50.12094034254551 0
    endloop
  endfacet
  facet normal 0 0 -1
    outer loop
      vertex 49.768660709261894 -26.90618224442005 0
      vertex 62.7889461517334 -50.12094034254551 0
      vertex 62.14585590362549 -50.18427920341492 0
    endloop
  endfacet
  facet normal 0 0 -1
    outer loop
      vertex 49.768660709261894 -26.90618224442005 0
      vertex 62.14585590362549 -50.18427920341492 0
      vertex 61.5 -50.205422334373 0
    endloop
  endfacet
  facet normal 0 0 -1
    outer loop
      vertex 47.98050297051668 -27.71638597548008 0
      vertex 49.768660709261894 -26.90618224442005 0
      vertex 61.5 -50.205422334373 0
    endloop
  endfacet
  facet normal 0 0 -1
    outer loop
      vertex 40.48117869347334 -36.58715762197971 0
      vertex 47.98050297051668 -27.71638597548008 0
      vertex 61.5 -50.205422334373 0
    endloop
  endfacet
  facet normal 0 0 -1
    outer loop
      vertex 40.45772761106491 -36.72919870913029 0
      vertex 40.48117869347334 -36.58715762197971 0
      vertex 61.5 -50.205422334373 0
    endloop
  endfacet
  facet normal 0 0 -1
    outer loop
      vertex 40.42503681778908 -36.86940189450979 0
      vertex 40.45772761106491 -36.72919870913029 0
      vertex 61.5 -50.205422334373 0
    endloop
  endfacet
  facet normal 0 0 -1
    outer loop
      vertex 40.38324628025293 -37.00716681778431 0
      vertex 40.42503681778908 -36.86940189450979 0
      vertex 61.5 -50.205422334373 0
    endloop
  endfacet
  facet normal 0 0 -1
    outer loop
      vertex 40.332534968853 -37.141903549432755 0
      vertex 40.38324628025293 -37.00716681778431 0
      vertex 61.5 -50.205422334373 0
    endloop
  endfacet
  facet normal 0 0 -1
    outer loop
      vertex 40.273120030760765 -37.2730351164937 0
      vertex 40.332534968853 -37.141903549432755 0
      vertex 61.5 -50.205422334373 0
    endloop
  endfacet
  facet normal 0 0 -1
    outer loop
      vertex 40.20525588840246 -37.399999998509884 0
      vertex 40.273120030760765 -37.2730351164937 0
      vertex 61.5 -50.205422334373 0
    endloop
  endfacet
  facet normal 0 0 -1
    outer loop
      vertex 40.12923314422369 -37.52225451171398 0
      vertex 40.20525588840246 -37.399999998509884 0
      vertex 61.5 -50.205422334373 0
    endloop
  endfacet
  facet normal 0 0 -1
    outer loop
      vertex 40.04537734389305 -37.63927514106035 0
      vertex 40.12923314422369 -37.52225451171398 0
      vertex 61.5 -50.205422334373 0
    endloop
  endfacet
  facet normal 0 0 -1
    outer loop
      vertex 39.954047575592995 -37.75056079030037 0
      vertex 40.04537734389305 -37.63927514106035 0
      vertex 61.5 -50.205422334373 0
    endloop
  endfacet
  facet normal 0 0 -1
    outer loop
      vertex 39.85563491284847 -37.85563491284847 0
      vertex 39.954047575592995 -37.75056079030037 0
      vertex 61.5 -50.205422334373 0
    endloop
  endfacet
  facet normal 0 0 -1
    outer loop
      vertex 39.75056079030037 -37.954047575592995 0
      vertex 39.85563491284847 -37.85563491284847 0
      vertex 61.5 -50.205422334373 0
    endloop
  endfacet
  facet normal 0 0 -1
    outer loop
      vertex 39.63927514106035 -38.04537734389305 0
      vertex 39.75056079030037 -37.954047575592995 0
      vertex 61.5 -50.205422334373 0
    endloop
  endfacet
  facet normal 0 0 -1
    outer loop
      vertex 39.52225451171398 -38.12923314422369 0
      vertex 39.63927514106035 -38.04537734389305 0
      vertex 61.5 -50.205422334373 0
    endloop
  endfacet
  facet normal 0 0 -1
    outer loop
      vertex 39.399999998509884 -38.20525588840246 0
      vertex 39.52225451171398 -38.12923314422369 0
      vertex 61.5 -50.205422334373 0
    endloop
  endfacet
  facet normal 0 0 -1
    outer loop
      vertex 39.2730351164937 -38.273120030760765 0
      vertex 39.399999998509884 -38.20525588840246 0
      vertex 61.5 -50.205422334373 0
    endloop
  endfacet
  facet normal 0 0 -1
    outer loop
      vertex 39.141903549432755 -38.332534968853 0
      vertex 39.2730351164937 -38.273120030760765 0
      vertex 61.5 -50.205422334373 0
    endloop
  endfacet
  facet normal 0 0 -1
    outer loop
      vertex 39.00716681778431 -38.38324628025293 0
      vertex 39.141903549432755 -38.332534968853 0
      vertex 61.5 -50.205422334373 0
    endloop
  endfacet
  facet normal 0 0 -1
    outer loop
      vertex 38.86940189450979 -38.42503681778908 0
      vertex 39.00716681778431 -38.38324628025293 0
      vertex 61.5 -50.205422334373 0
    endloop
  endfacet
  facet normal 0 0 -1
    outer loop
      vertex 38.72919870913029 -38.45772761106491 0
      vertex 38.86940189450979 -38.42503681778908 0
      vertex 61.5 -50.205422334373 0
    endloop
  endfacet
  facet normal 0 0 -1
    outer loop
      vertex 38.58715762197971 -38.48117869347334 0
      vertex 38.72919870913029 -38.45772761106491 0
      vertex 61.5 -50.205422334373 0
    endloop
  endfacet
  facet normal 0 0 -1
    outer loop
      vertex 38.58715762197971 -38.48117869347334 0
      vertex 61.5 -50.205422334373 0
      vertex -61.5 -50.205422334373 0
    endloop
  endfacet
  facet normal 0 0 -1
    outer loop
      vertex 38.44388688355684 -38.495289631187916 0
      vertex 38.58715762197971 -38.48117869347334 0
      vertex -61.5 -50.205422334373 0
    endloop
  endfacet
  facet normal 0 0 -1
    outer loop
      vertex 38.29999999701977 -38.5 0
      vertex 38.44388688355684 -38.495289631187916 0
      vertex -61.5 -50.205422334373 0
    endloop
  endfacet
  facet normal 0 0 -1
    outer loop
      vertex 34.70000000298023 -38.5 0
      vertex 38.29999999701977 -38.5 0
      vertex -61.5 -50.205422334373 0
    endloop
  endfacet
  facet normal 0 0 -1
    outer loop
      vertex 34.55611311644316 -38.495289631187916 0
      vertex 34.70000000298023 -38.5 0
      vertex -61.5 -50.205422334373 0
    endloop
  endfacet
  facet normal 0 0 -1
    outer loop
      vertex 34.41284237802029 -38.48117869347334 0
      vertex 34.55611311644316 -38.495289631187916 0
      vertex -61.5 -50.205422334373 0
    endloop
  endfacet
  facet normal 0 0 -1
    outer loop
      vertex 34.27080129086971 -38.45772761106491 0
      vertex 34.41284237802029 -38.48117869347334 0
      vertex -61.5 -50.205422334373 0
    endloop
  endfacet
  facet normal 0 0 -1
    outer loop
      vertex 34.13059810549021 -38.42503681778908 0
      vertex 34.27080129086971 -38.45772761106491 0
      vertex -61.5 -50.205422334373 0
    endloop
  endfacet
  facet normal 0 0 -1
    outer loop
      vertex 33.99283318221569 -38.38324628025293 0
      vertex 34.13059810549021 -38.42503681778908 0
      vertex -61.5 -50.205422334373 0
    endloop
  endfacet
  facet normal 0 0 -1
    outer loop
      vertex 33.858096450567245 -38.332534968853 0
      vertex 33.99283318221569 -38.38324628025293 0
      vertex -61.5 -50.205422334373 0
    endloop
  endfacet
  facet normal 0 0 -1
    outer loop
      vertex 33.7269648835063 -38.273120030760765 0
      vertex 33.858096450567245 -38.332534968853 0
      vertex -61.5 -50.205422334373 0
    endloop
  endfacet
  facet normal 0 0 -1
    outer loop
      vertex 33.600000001490116 -38.20525588840246 0
      vertex 33.7269648835063 -38.273120030760765 0
      vertex -61.5 -50.205422334373 0
    endloop
  endfacet
  facet normal 0 0 -1
    outer loop
      vertex 33.47774548828602 -38.12923314422369 0
      vertex 33.600000001490116 -38.20525588840246 0
      vertex -61.5 -50.205422334373 0
    endloop
  endfacet
  facet normal 0 0 -1
    outer loop
      vertex 33.36072485893965 -38.04537734389305 0
      vertex 33.47774548828602 -38.12923314422369 0
      vertex -61.5 -50.205422334373 0
    endloop
  endfacet
  facet normal 0 0 -1
    outer loop
      vertex 33.24943920969963 -37.954047575592995 0
      vertex 33.36072485893965 -38.04537734389305 0
      vertex -61.5 -50.205422334373 0
    endloop
  endfacet
  facet normal 0 0 -1
    outer loop
      vertex 33.14436508715153 -37.85563491284847 0
      vertex 33.24943920969963 -37.954047575592995 0
      vertex -61.5 -50.205422334373 0
    endloop
  endfacet
  facet normal 0 0 -1
    outer loop
      vertex 33.045952424407005 -37.75056079030037 0
      vertex 33.14436508715153 -37.85563491284847 0
      vertex -61.5 -50.205422334373 0
    endloop
  endfacet
  facet normal 0 0 -1
    outer loop
      vertex 32.95462265610695 -37.63927514106035 0
      vertex 33.045952424407005 -37.75056079030037 0
      vertex -61.5 -50.205422334373 0
    endloop
  endfacet
  facet normal 0 0 -1
    outer loop
      vertex 32.87076685577631 -37.52225451171398 0
      vertex 32.95462265610695 -37.63927514106035 0
      vertex -61.5 -50.205422334373 0
    endloop
  endfacet
  facet normal 0 0 -1
    outer loop
      vertex 32.79474411159754 -37.399999998509884 0
      vertex 32.87076685577631 -37.52225451171398 0
      vertex -61.5 -50.205422334373 0
    endloop
  endfacet
  facet normal 0 0 -1
    outer loop
      vertex 32.726879969239235 -37.2730351164937 0
      vertex 32.79474411159754 -37.399999998509884 0
      vertex -61.5 -50.205422334373 0
    endloop
  endfacet
  facet normal 0 0 -1
    outer loop
      vertex 32.667465031147 -37.141903549432755 0
      vertex 32.726879969239235 -37.2730351164937 0
      vertex -61.5 -50.205422334373 0
    endloop
  endfacet
  facet normal 0 0 -1
    outer loop
      vertex 32.61675371974707 -37.00716681778431 0
      vertex 32.667465031147 -37.141903549432755 0
      vertex -61.5 -50.205422334373 0
    endloop
  endfacet
  facet normal 0 0 -1
    outer loop
      vertex 32.57496318221092 -36.86940189450979 0
      vertex 32.61675371974707 -37.00716681778431 0
      vertex -61.5 -50.205422334373 0
    endloop
  endfacet
  facet normal 0 0 -1
    outer loop
      vertex 32.54227238893509 -36.72919870913029 0
      vertex 32.57496318221092 -36.86940189450979 0
      vertex -61.5 -50.205422334373 0
    endloop
  endfacet
  facet normal 0 0 -1
    outer loop
      vertex 32.51882130652666 -36.58715762197971 0
      vertex 32.54227238893509 -36.72919870913029 0
      vertex -61.5 -50.205422334373 0
    endloop
  endfacet
  facet normal 0 0 -1
    outer loop
      vertex -19.832893006503582 -24.944088369607925 0
      vertex 19.832893006503582 -24.944088369607925 0
      vertex 21.5 -25.980762116611004 0
    endloop
  endfacet
  facet normal 0 0 -1
    outer loop
      vertex -21.5 -25.980762116611004 0
      vertex -19.832893006503582 -24.944088369607925 0
      vertex 21.5 -25.980762116611004 0
    endloop
  endfacet
  facet normal 0 0 -1
    outer loop
      vertex 19.832893006503582 24.944088369607925 0
      vertex -19.832893006503582 24.944088369607925 0
      vertex -21.5 25.980762116611004 0
    endloop
  endfacet
  facet normal 0 0 -1
    outer loop
      vertex 21.5 25.980762116611004 0
      vertex 19.832893006503582 24.944088369607925 0
      vertex -21.5 25.980762116611004 0
    endloop
  endfacet
  facet normal 0 0 -1
    outer loop
      vertex 61.5 50.205422334373 0
      vertex 34.537906125187874 29.93576769530773 0
      vertex 32.584214232861996 29.743345841765404 0
    endloop
  endfacet
  facet normal 0 0 -1
    outer loop
      vertex -47.98050297051668 -27.71638597548008 0
      vertex -40.48117869347334 -36.58715762197971 0
      vertex -40.45772761106491 -36.72919870913029 0
    endloop
  endfacet
  facet normal 0 0 -1
    outer loop
      vertex -32.54227238893509 -36.72919870913029 0
      vertex -32.51882130652666 -36.58715762197971 0
      vertex -25.01949702948332 -27.71638597548008 0
    endloop
  endfacet
  facet normal 0 0 -1
    outer loop
      vertex -21.5 -25.980762116611004 0
      vertex 21.5 -25.980762116611004 0
      vertex 23.231339290738106 -26.90618224442005 0
    endloop
  endfacet
  facet normal 0 0 -1
    outer loop
      vertex -23.231339290738106 -26.90618224442005 0
      vertex -21.5 -25.980762116611004 0
      vertex 23.231339290738106 -26.90618224442005 0
    endloop
  endfacet
  facet normal 0 0 -1
    outer loop
      vertex 21.5 25.980762116611004 0
      vertex -21.5 25.980762116611004 0
      vertex -23.231339290738106 26.90618224442005 0
    endloop
  endfacet
  facet normal 0 0 -1
    outer loop
      vertex 23.231339290738106 26.90618224442005 0
      vertex 21.5 25.980762116611004 0
      vertex -23.231339290738106 26.90618224442005 0
    endloop
  endfacet
  facet normal 0 0 -1
    outer loop
      vertex -47.98050297051668 -27.71638597548008 0
      vertex -40.45772761106491 -36.72919870913029 0
      vertex -40.42503681778908 -36.86940189450979 0
    endloop
  endfacet
  facet normal 0 0 -1
    outer loop
      vertex -32.57496318221092 -36.86940189450979 0
      vertex -32.54227238893509 -36.72919870913029 0
      vertex -25.01949702948332 -27.71638597548008 0
    endloop
  endfacet
  facet normal 0 0 -1
    outer loop
      vertex -61.5 50.205422334373 0
      vertex 61.5 50.205422334373 0
      vertex 32.584214232861996 29.743345841765404 0
    endloop
  endfacet
  facet normal 0 0 -1
    outer loop
      vertex -61.5 50.205422334373 0
      vertex 32.584214232861996 29.743345841765404 0
      vertex 30.647290341556072 29.42355841398239 0
    endloop
  endfacet
  facet normal 0 0 -1
    outer loop
      vertex -49.768660709261894 -26.90618224442005 0
      vertex -47.98050297051668 -27.71638597548008 0
      vertex -40.42503681778908 -36.86940189450979 0
    endloop
  endfacet
  facet normal 0 0 -1
    outer loop
      vertex -49.768660709261894 -26.90618224442005 0
      vertex -40.42503681778908 -36.86940189450979 0
      vertex -40.38324628025293 -37.00716681778431 0
    endloop
  endfacet
  facet normal 0 0 -1
    outer loop
      vertex -32.57496318221092 -36.86940189450979 0
      vertex -25.01949702948332 -27.71638597548008 0
      vertex -23.231339290738106 -26.90618224442005 0
    endloop
  endfacet
  facet normal 0 0 -1
    outer loop
      vertex -32.57496318221092 -36.86940189450979 0
      vertex -23.231339290738106 -26.90618224442005 0
      vertex 23.231339290738106 -26.90618224442005 0
    endloop
  endfacet
  facet normal 0 0 -1
    outer loop
      vertex -32.61675371974707 -37.00716681778431 0
      vertex -32.57496318221092 -36.86940189450979 0
      vertex 23.231339290738106 -26.90618224442005 0
    endloop
  endfacet
  facet normal 0 0 -1
    outer loop
      vertex -32.667465031147 -37.141903549432755 0
      vertex -32.61675371974707 -37.00716681778431 0
      vertex 23.231339290738106 -26.90618224442005 0
    endloop
  endfacet
  facet normal 0 0 -1
    outer loop
      vertex -32.726879969239235 -37.2730351164937 0
      vertex -32.667465031147 -37.141903549432755 0
      vertex 23.231339290738106 -26.90618224442005 0
    endloop
  endfacet
  facet normal 0 0 -1
    outer loop
      vertex -32.79474411159754 -37.399999998509884 0
      vertex -32.726879969239235 -37.2730351164937 0
      vertex 23.231339290738106 -26.90618224442005 0
    endloop
  endfacet
  facet normal 0 0 -1
    outer loop
      vertex -32.87076685577631 -37.52225451171398 0
      vertex -32.79474411159754 -37.399999998509884 0
      vertex 23.231339290738106 -26.90618224442005 0
    endloop
  endfacet
  facet normal 0 0 -1
    outer loop
      vertex -32.95462265610695 -37.63927514106035 0
      vertex -32.87076685577631 -37.52225451171398 0
      vertex 23.231339290738106 -26.90618224442005 0
    endloop
  endfacet
  facet normal 0 0 -1
    outer loop
      vertex -33.045952424407005 -37.75056079030037 0
      vertex -32.95462265610695 -37.63927514106035 0
      vertex 23.231339290738106 -26.90618224442005 0
    endloop
  endfacet
  facet normal 0 0 -1
    outer loop
      vertex -33.14436508715153 -37.85563491284847 0
      vertex -33.045952424407005 -37.75056079030037 0
      vertex 23.231339290738106 -26.90618224442005 0
    endloop
  endfacet
  facet normal 0 0 -1
    outer loop
      vertex -33.14436508715153 -37.85563491284847 0
      vertex 23.231339290738106 -26.90618224442005 0
      vertex 25.01949702948332 -27.71638597548008 0
    endloop
  endfacet
  facet normal 0 0 -1
    outer loop
      vertex -33.14436508715153 -37.85563491284847 0
      vertex 25.01949702948332 -27.71638597548008 0
      vertex 32.51882130652666 -36.58715762197971 0
    endloop
  endfacet
  facet normal 0 0 -1
    outer loop
      vertex -33.24943920969963 -37.954047575592995 0
      vertex -33.14436508715153 -37.85563491284847 0
      vertex 32.51882130652666 -36.58715762197971 0
    endloop
  endfacet
  facet normal 0 0 -1
    outer loop
      vertex -33.36072485893965 -38.04537734389305 0
      vertex -33.24943920969963 -37.954047575592995 0
      vertex 32.51882130652666 -36.58715762197971 0
    endloop
  endfacet
  facet normal 0 0 -1
    outer loop
      vertex -33.47774548828602 -38.12923314422369 0
      vertex -33.36072485893965 -38.04537734389305 0
      vertex 32.51882130652666 -36.58715762197971 0
    endloop
  endfacet
  facet normal 0 0 -1
    outer loop
      vertex -33.600000001490116 -38.20525588840246 0
      vertex -33.47774548828602 -38.12923314422369 0
      vertex 32.51882130652666 -36.58715762197971 0
    endloop
  endfacet
  facet normal 0 0 -1
    outer loop
      vertex -33.7269648835063 -38.273120030760765 0
      vertex -33.600000001490116 -38.20525588840246 0
      vertex 32.51882130652666 -36.58715762197971 0
    endloop
  endfacet
  facet normal 0 0 -1
    outer loop
      vertex -61.5 50.205422334373 0
      vertex 30.647290341556072 29.42355841398239 0
      vertex 28.735428646206856 28.977774791419506 0
    endloop
  endfacet
  facet normal 0 0 -1
    outer loop
      vertex -61.5 50.205422334373 0
      vertex 28.735428646206856 28.977774791419506 0
      vertex 26.85681603848934 28.407903887331486 0
    endloop
  endfacet
  facet normal 0 0 -1
    outer loop
      vertex 23.231339290738106 26.90618224442005 0
      vertex -23.231339290738106 26.90618224442005 0
      vertex -25.01949702948332 27.71638597548008 0
    endloop
  endfacet
  facet normal 0 0 -1
    outer loop
      vertex 25.01949702948332 27.71638597548008 0
      vertex 23.231339290738106 26.90618224442005 0
      vertex -25.01949702948332 27.71638597548008 0
    endloop
  endfacet
  facet normal 0 0 -1
    outer loop
      vertex -61.5 50.205422334373 0
      vertex 26.85681603848934 28.407903887331486 0
      vertex 25.01949702948332 27.71638597548008 0
    endloop
  endfacet
  facet normal 0 0 -1
    outer loop
      vertex -61.5 50.205422334373 0
      vertex 25.01949702948332 27.71638597548008 0
      vertex -25.01949702948332 27.71638597548008 0
    endloop
  endfacet
  facet normal 0 0 -1
    outer loop
      vertex -61.5 50.205422334373 0
      vertex -25.01949702948332 27.71638597548008 0
      vertex -26.85681603848934 28.407903887331486 0
    endloop
  endfacet
  facet normal 0 0 -1
    outer loop
      vertex -61.5 50.205422334373 0
      vertex -26.85681603848934 28.407903887331486 0
      vertex -28.735428646206856 28.977774791419506 0
    endloop
  endfacet
  facet normal 0 0 -1
    outer loop
      vertex -61.5 50.205422334373 0
      vertex -28.735428646206856 28.977774791419506 0
      vertex -30.647290341556072 29.42355841398239 0
    endloop
  endfacet
  facet normal 0 0 -1
    outer loop
      vertex -61.5 50.205422334373 0
      vertex -30.647290341556072 29.42355841398239 0
      vertex -32.584214232861996 29.743345841765404 0
    endloop
  endfacet
  facet normal 0 0 -1
    outer loop
      vertex -61.5 50.205422334373 0
      vertex -32.584214232861996 29.743345841765404 0
      vertex -34.537906125187874 29.93576769530773 0
    endloop
  endfacet
  facet normal 0 0 -1
    outer loop
      vertex -61.5 50.205422334373 0
      vertex -34.537906125187874 29.93576769530773 0
      vertex -36.5 30 0
    endloop
  endfacet
  facet normal 0 0 -1
    outer loop
      vertex -61.5 50.205422334373 0
      vertex -36.5 30 0
      vertex -38.462093874812126 29.93576769530773 0
    endloop
  endfacet
  facet normal 0 0 -1
    outer loop
      vertex -61.5 50.205422334373 0
      vertex -38.462093874812126 29.93576769530773 0
      vertex -40.415785767138004 29.743345841765404 0
    endloop
  endfacet
  facet normal 0 0 -1
    outer loop
      vertex -61.5 50.205422334373 0
      vertex -40.415785767138004 29.743345841765404 0
      vertex -42.35270965844393 29.42355841398239 0
    endloop
  endfacet
  facet normal 0 0 -1
    outer loop
      vertex -61.5 50.205422334373 0
      vertex -42.35270965844393 29.42355841398239 0
      vertex -44.264571353793144 28.977774791419506 0
    endloop
  endfacet
  facet normal 0 0 -1
    outer loop
      vertex -61.5 50.205422334373 0
      vertex -44.264571353793144 28.977774791419506 0
      vertex -46.14318396151066 28.407903887331486 0
    endloop
  endfacet
  facet normal 0 0 -1
    outer loop
      vertex -61.5 50.205422334373 0
      vertex -46.14318396151066 28.407903887331486 0
      vertex -47.98050297051668 27.71638597548008 0
    endloop
  endfacet
  facet normal 0 0 -1
    outer loop
      vertex -61.5 50.205422334373 0
      vertex -47.98050297051668 27.71638597548008 0
      vertex -49.768660709261894 26.90618224442005 0
    endloop
  endfacet
  facet normal 0 0 -1
    outer loop
      vertex -61.5 50.205422334373 0
      vertex -49.768660709261894 26.90618224442005 0
      vertex -51.5 25.980762116611004 0
    endloop
  endfacet
  facet normal 0 0 -1
    outer loop
      vertex -61.5 50.205422334373 0
      vertex -51.5 25.980762116611004 0
      vertex -53.16710699349642 24.944088369607925 0
    endloop
  endfacet
  facet normal 0 0 -1
    outer loop
      vertex -62.14585590362549 50.18427920341492 0
      vertex -61.5 50.205422334373 0
      vertex -53.16710699349642 24.944088369607925 0
    endloop
  endfacet
  facet normal 0 0 -1
    outer loop
      vertex -62.7889461517334 50.12094034254551 0
      vertex -62.14585590362549 50.18427920341492 0
      vertex -53.16710699349642 24.944088369607925 0
    endloop
  endfacet
  facet normal 0 0 -1
    outer loop
      vertex -63.42651692777872 50.015676975250244 0
      vertex -62.7889461517334 50.12094034254551 0
      vertex -53.16710699349642 24.944088369607925 0
    endloop
  endfacet
  facet normal 0 0 -1
    outer loop
      vertex -64.05583807080984 49.868939869105816 0
      vertex -63.42651692777872 50.015676975250244 0
      vertex -53.16710699349642 24.944088369607925 0
    endloop
  endfacet
  facet normal 0 0 -1
    outer loop
      vertex -64.67421472072601 49.681357361376286 0
      vertex -64.05583807080984 49.868939869105816 0
      vertex -53.16710699349642 24.944088369607925 0
    endloop
  endfacet
  facet normal 0 0 -1
    outer loop
      vertex -65.2789988964796 49.45373272150755 0
      vertex -64.67421472072601 49.681357361376286 0
      vertex -53.16710699349642 24.944088369607925 0
    endloop
  endfacet
  facet normal 0 0 -1
    outer loop
      vertex -65.86760081350803 49.18704065680504 0
      vertex -65.2789988964796 49.45373272150755 0
      vertex -53.16710699349642 24.944088369607925 0
    endloop
  endfacet
  facet normal 0 0 -1
    outer loop
      vertex -66.4375 48.88242319971323 0
      vertex -65.86760081350803 49.18704065680504 0
      vertex -53.16710699349642 24.944088369607925 0
    endloop
  endfacet
  facet normal 0 0 -1
    outer loop
      vertex -66.9862560480833 48.54118475317955 0
      vertex -66.4375 48.88242319971323 0
      vertex -53.16710699349642 24.944088369607925 0
    endloop
  endfacet
  facet normal 0 0 -1
    outer loop
      vertex -67.5115191116929 48.16478656977415 0
      vertex -66.9862560480833 48.54118475317955 0
      vertex -53.16710699349642 24.944088369607925 0
    endloop
  endfacet
  facet normal 0 0 -1
    outer loop
      vertex -68.01103992760181 47.754840433597565 0
      vertex -67.5115191116929 48.16478656977415 0
      vertex -53.16710699349642 24.944088369607925 0
    endloop
  endfacet
  facet normal 0 0 -1
    outer loop
      vertex -68.48267946392298 47.313101798295975 0
      vertex -68.01103992760181 47.754840433597565 0
      vertex -53.16710699349642 24.944088369607925 0
    endloop
  endfacet
  facet normal 0 0 -1
    outer loop
      vertex -68.92441809922457 46.84146226197481 0
      vertex -68.48267946392298 47.313101798295975 0
      vertex -53.16710699349642 24.944088369607925 0
    endloop
  endfacet
  facet normal 0 0 -1
    outer loop
      vertex -69.33436423540115 46.3419414460659 0
      vertex -68.92441809922457 46.84146226197481 0
      vertex -53.16710699349642 24.944088369607925 0
    endloop
  endfacet
  facet normal 0 0 -1
    outer loop
      vertex -69.71076241880655 45.8166783824563 0
      vertex -69.33436423540115 46.3419414460659 0
      vertex -53.16710699349642 24.944088369607925 0
    endloop
  endfacet
  facet normal 0 0 -1
    outer loop
      vertex -70.05200086534023 45.267922334373 0
      vertex -69.71076241880655 45.8166783824563 0
      vertex -53.16710699349642 24.944088369607925 0
    endloop
  endfacet
  facet normal 0 0 -1
    outer loop
      vertex -70.35661832243204 44.69802314788103 0
      vertex -70.05200086534023 45.267922334373 0
      vertex -53.16710699349642 24.944088369607925 0
    endloop
  endfacet
  facet normal 0 0 -1
    outer loop
      vertex -70.62331038713455 44.109421230852604 0
      vertex -70.35661832243204 44.69802314788103 0
      vertex -53.16710699349642 24.944088369607925 0
    endloop
  endfacet
  facet normal 0 0 -1
    outer loop
      vertex -70.85093502700329 43.50463705509901 0
      vertex -70.62331038713455 44.109421230852604 0
      vertex -53.16710699349642 24.944088369607925 0
    endloop
  endfacet
  facet normal 0 0 -1
    outer loop
      vertex -71.03851753473282 42.88626040518284 0
      vertex -70.85093502700329 43.50463705509901 0
      vertex -53.16710699349642 24.944088369607925 0
    endloop
  endfacet
  facet normal 0 0 -1
    outer loop
      vertex -71.18525464087725 42.25693926215172 0
      vertex -71.03851753473282 42.88626040518284 0
      vertex -53.16710699349642 24.944088369607925 0
    endloop
  endfacet
  facet normal 0 0 -1
    outer loop
      vertex -71.29051800817251 41.619368486106396 0
      vertex -71.18525464087725 42.25693926215172 0
      vertex -53.16710699349642 24.944088369607925 0
    endloop
  endfacet
  facet normal 0 0 -1
    outer loop
      vertex -71.35385686904192 40.976278237998486 0
      vertex -71.29051800817251 41.619368486106396 0
      vertex -53.16710699349642 24.944088369607925 0
    endloop
  endfacet
  facet normal 0 0 -1
    outer loop
      vertex -71.375 40.330422334373 0
      vertex -71.35385686904192 40.976278237998486 0
      vertex -53.16710699349642 24.944088369607925 0
    endloop
  endfacet
  facet normal 0 0 -1
    outer loop
      vertex -71.375 40.330422334373 0
      vertex -53.16710699349642 24.944088369607925 0
      vertex -54.76284287124872 23.800600208342075 0
    endloop
  endfacet
  facet normal 0 0 -1
    outer loop
      vertex -71.375 40.330422334373 0
      vertex -54.76284287124872 23.800600208342075 0
      vertex -56.28037445247173 22.555194221436977 0
    endloop
  endfacet
  facet normal 0 0 -1
    outer loop
      vertex -71.375 40.330422334373 0
      vertex -56.28037445247173 22.555194221436977 0
      vertex -57.71320343762636 21.213203437626362 0
    endloop
  endfacet
  facet normal 0 0 -1
    outer loop
      vertex -71.375 40.330422334373 0
      vertex -57.71320343762636 21.213203437626362 0
      vertex -59.05519422143698 19.780374452471733 0
    endloop
  endfacet
  facet normal 0 0 -1
    outer loop
      vertex -71.375 40.330422334373 0
      vertex -59.05519422143698 19.780374452471733 0
      vertex -60.300600208342075 18.262842871248722 0
    endloop
  endfacet
  facet normal 0 0 -1
    outer loop
      vertex -71.375 40.330422334373 0
      vertex -60.300600208342075 18.262842871248722 0
      vertex -61.444088369607925 16.667106993496418 0
    endloop
  endfacet
  facet normal 0 0 -1
    outer loop
      vertex -71.375 40.330422334373 0
      vertex -61.444088369607925 16.667106993496418 0
      vertex -62.480762116611004 15 0
    endloop
  endfacet
  facet normal 0 0 -1
    outer loop
      vertex -71.375 40.330422334373 0
      vertex -62.480762116611004 15 0
      vertex -63.40618224442005 13.268660709261894 0
    endloop
  endfacet
  facet normal 0 0 -1
    outer loop
      vertex -71.375 40.330422334373 0
      vertex -63.40618224442005 13.268660709261894 0
      vertex -64.21638597548008 11.480502970516682 0
    endloop
  endfacet
  facet normal 0 0 -1
    outer loop
      vertex -71.375 40.330422334373 0
      vertex -64.21638597548008 11.480502970516682 0
      vertex -64.90790388733149 9.643183961510658 0
    endloop
  endfacet
  facet normal 0 0 -1
    outer loop
      vertex -71.375 40.330422334373 0
      vertex -64.90790388733149 9.643183961510658 0
      vertex -65.4777747914195 7.764571353793144 0
    endloop
  endfacet
  facet normal 0 0 -1
    outer loop
      vertex -71.375 40.330422334373 0
      vertex -65.4777747914195 7.764571353793144 0
      vertex -65.92355841398239 5.852709658443928 0
    endloop
  endfacet
  facet normal 0 0 -1
    outer loop
      vertex -33.858096450567245 -38.332534968853 0
      vertex -33.7269648835063 -38.273120030760765 0
      vertex 32.51882130652666 -36.58715762197971 0
    endloop
  endfacet
  facet normal 0 0 -1
    outer loop
      vertex -33.858096450567245 -38.332534968853 0
      vertex 32.51882130652666 -36.58715762197971 0
      vertex -61.5 -50.205422334373 0
    endloop
  endfacet
  facet normal 0 0 -1
    outer loop
      vertex -33.99283318221569 -38.38324628025293 0
      vertex -33.858096450567245 -38.332534968853 0
      vertex -61.5 -50.205422334373 0
    endloop
  endfacet
  facet normal 0 0 -1
    outer loop
      vertex -34.13059810549021 -38.42503681778908 0
      vertex -33.99283318221569 -38.38324628025293 0
      vertex -61.5 -50.205422334373 0
    endloop
  endfacet
  facet normal 0 0 -1
    outer loop
      vertex -34.27080129086971 -38.45772761106491 0
      vertex -34.13059810549021 -38.42503681778908 0
      vertex -61.5 -50.205422334373 0
    endloop
  endfacet
  facet normal 0 0 -1
    outer loop
      vertex -34.41284237802029 -38.48117869347334 0
      vertex -34.27080129086971 -38.45772761106491 0
      vertex -61.5 -50.205422334373 0
    endloop
  endfacet
  facet normal 0 0 -1
    outer loop
      vertex -34.55611311644316 -38.495289631187916 0
      vertex -34.41284237802029 -38.48117869347334 0
      vertex -61.5 -50.205422334373 0
    endloop
  endfacet
  facet normal 0 0 -1
    outer loop
      vertex -34.70000000298023 -38.5 0
      vertex -34.55611311644316 -38.495289631187916 0
      vertex -61.5 -50.205422334373 0
    endloop
  endfacet
  facet normal 0 0 -1
    outer loop
      vertex -38.29999999701977 -38.5 0
      vertex -34.70000000298023 -38.5 0
      vertex -61.5 -50.205422334373 0
    endloop
  endfacet
  facet normal 0 0 -1
    outer loop
      vertex -38.44388688355684 -38.495289631187916 0
      vertex -38.29999999701977 -38.5 0
      vertex -61.5 -50.205422334373 0
    endloop
  endfacet
  facet normal 0 0 -1
    outer loop
      vertex -38.58715762197971 -38.48117869347334 0
      vertex -38.44388688355684 -38.495289631187916 0
      vertex -61.5 -50.205422334373 0
    endloop
  endfacet
  facet normal 0 0 -1
    outer loop
      vertex -38.72919870913029 -38.45772761106491 0
      vertex -38.58715762197971 -38.48117869347334 0
      vertex -61.5 -50.205422334373 0
    endloop
  endfacet
  facet normal 0 0 -1
    outer loop
      vertex -38.86940189450979 -38.42503681778908 0
      vertex -38.72919870913029 -38.45772761106491 0
      vertex -61.5 -50.205422334373 0
    endloop
  endfacet
  facet normal 0 0 -1
    outer loop
      vertex -39.00716681778431 -38.38324628025293 0
      vertex -38.86940189450979 -38.42503681778908 0
      vertex -61.5 -50.205422334373 0
    endloop
  endfacet
  facet normal 0 0 -1
    outer loop
      vertex -39.141903549432755 -38.332534968853 0
      vertex -39.00716681778431 -38.38324628025293 0
      vertex -61.5 -50.205422334373 0
    endloop
  endfacet
  facet normal 0 0 -1
    outer loop
      vertex -39.2730351164937 -38.273120030760765 0
      vertex -39.141903549432755 -38.332534968853 0
      vertex -61.5 -50.205422334373 0
    endloop
  endfacet
  facet normal 0 0 -1
    outer loop
      vertex -39.399999998509884 -38.20525588840246 0
      vertex -39.2730351164937 -38.273120030760765 0
      vertex -61.5 -50.205422334373 0
    endloop
  endfacet
  facet normal 0 0 -1
    outer loop
      vertex -39.52225451171398 -38.12923314422369 0
      vertex -39.399999998509884 -38.20525588840246 0
      vertex -61.5 -50.205422334373 0
    endloop
  endfacet
  facet normal 0 0 -1
    outer loop
      vertex -39.63927514106035 -38.04537734389305 0
      vertex -39.52225451171398 -38.12923314422369 0
      vertex -61.5 -50.205422334373 0
    endloop
  endfacet
  facet normal 0 0 -1
    outer loop
      vertex -39.75056079030037 -37.954047575592995 0
      vertex -39.63927514106035 -38.04537734389305 0
      vertex -61.5 -50.205422334373 0
    endloop
  endfacet
  facet normal 0 0 -1
    outer loop
      vertex -39.85563491284847 -37.85563491284847 0
      vertex -39.75056079030037 -37.954047575592995 0
      vertex -61.5 -50.205422334373 0
    endloop
  endfacet
  facet normal 0 0 -1
    outer loop
      vertex -39.954047575592995 -37.75056079030037 0
      vertex -39.85563491284847 -37.85563491284847 0
      vertex -61.5 -50.205422334373 0
    endloop
  endfacet
  facet normal 0 0 -1
    outer loop
      vertex -40.04537734389305 -37.63927514106035 0
      vertex -39.954047575592995 -37.75056079030037 0
      vertex -61.5 -50.205422334373 0
    endloop
  endfacet
  facet normal 0 0 -1
    outer loop
      vertex -40.12923314422369 -37.52225451171398 0
      vertex -40.04537734389305 -37.63927514106035 0
      vertex -61.5 -50.205422334373 0
    endloop
  endfacet
  facet normal 0 0 -1
    outer loop
      vertex -40.20525588840246 -37.399999998509884 0
      vertex -40.12923314422369 -37.52225451171398 0
      vertex -61.5 -50.205422334373 0
    endloop
  endfacet
  facet normal 0 0 -1
    outer loop
      vertex -40.273120030760765 -37.2730351164937 0
      vertex -40.20525588840246 -37.399999998509884 0
      vertex -61.5 -50.205422334373 0
    endloop
  endfacet
  facet normal 0 0 -1
    outer loop
      vertex -40.332534968853 -37.141903549432755 0
      vertex -40.273120030760765 -37.2730351164937 0
      vertex -61.5 -50.205422334373 0
    endloop
  endfacet
  facet normal 0 0 -1
    outer loop
      vertex -40.38324628025293 -37.00716681778431 0
      vertex -40.332534968853 -37.141903549432755 0
      vertex -61.5 -50.205422334373 0
    endloop
  endfacet
  facet normal 0 0 -1
    outer loop
      vertex -49.768660709261894 -26.90618224442005 0
      vertex -40.38324628025293 -37.00716681778431 0
      vertex -61.5 -50.205422334373 0
    endloop
  endfacet
  facet normal 0 0 -1
    outer loop
      vertex -51.5 -25.980762116611004 0
      vertex -49.768660709261894 -26.90618224442005 0
      vertex -61.5 -50.205422334373 0
    endloop
  endfacet
  facet normal 0 0 -1
    outer loop
      vertex -53.16710699349642 -24.944088369607925 0
      vertex -51.5 -25.980762116611004 0
      vertex -61.5 -50.205422334373 0
    endloop
  endfacet
  facet normal 0 0 -1
    outer loop
      vertex -53.16710699349642 -24.944088369607925 0
      vertex -61.5 -50.205422334373 0
      vertex -62.14585590362549 -50.18427920341492 0
    endloop
  endfacet
  facet normal 0 0 -1
    outer loop
      vertex -53.16710699349642 -24.944088369607925 0
      vertex -62.14585590362549 -50.18427920341492 0
      vertex -62.7889461517334 -50.12094034254551 0
    endloop
  endfacet
  facet normal 0 0 -1
    outer loop
      vertex -53.16710699349642 -24.944088369607925 0
      vertex -62.7889461517334 -50.12094034254551 0
      vertex -63.42651692777872 -50.015676975250244 0
    endloop
  endfacet
  facet normal 0 0 -1
    outer loop
      vertex -53.16710699349642 -24.944088369607925 0
      vertex -63.42651692777872 -50.015676975250244 0
      vertex -64.05583807080984 -49.868939869105816 0
    endloop
  endfacet
  facet normal 0 0 -1
    outer loop
      vertex -53.16710699349642 -24.944088369607925 0
      vertex -64.05583807080984 -49.868939869105816 0
      vertex -64.67421472072601 -49.681357361376286 0
    endloop
  endfacet
  facet normal 0 0 -1
    outer loop
      vertex -53.16710699349642 -24.944088369607925 0
      vertex -64.67421472072601 -49.681357361376286 0
      vertex -65.2789988964796 -49.45373272150755 0
    endloop
  endfacet
  facet normal 0 0 -1
    outer loop
      vertex -53.16710699349642 -24.944088369607925 0
      vertex -65.2789988964796 -49.45373272150755 0
      vertex -65.86760081350803 -49.18704065680504 0
    endloop
  endfacet
  facet normal 0 0 -1
    outer loop
      vertex -53.16710699349642 -24.944088369607925 0
      vertex -65.86760081350803 -49.18704065680504 0
      vertex -66.4375 -48.88242319971323 0
    endloop
  endfacet
  facet normal 0 0 -1
    outer loop
      vertex -53.16710699349642 -24.944088369607925 0
      vertex -66.4375 -48.88242319971323 0
      vertex -66.9862560480833 -48.54118475317955 0
    endloop
  endfacet
  facet normal 0 0 -1
    outer loop
      vertex -53.16710699349642 -24.944088369607925 0
      vertex -66.9862560480833 -48.54118475317955 0
      vertex -67.5115191116929 -48.16478656977415 0
    endloop
  endfacet
  facet normal 0 0 -1
    outer loop
      vertex -53.16710699349642 -24.944088369607925 0
      vertex -67.5115191116929 -48.16478656977415 0
      vertex -68.01103992760181 -47.754840433597565 0
    endloop
  endfacet
  facet normal 0 0 -1
    outer loop
      vertex -53.16710699349642 -24.944088369607925 0
      vertex -68.01103992760181 -47.754840433597565 0
      vertex -68.48267946392298 -47.313101798295975 0
    endloop
  endfacet
  facet normal 0 0 -1
    outer loop
      vertex -53.16710699349642 -24.944088369607925 0
      vertex -68.48267946392298 -47.313101798295975 0
      vertex -68.92441809922457 -46.84146226197481 0
    endloop
  endfacet
  facet normal 0 0 -1
    outer loop
      vertex -53.16710699349642 -24.944088369607925 0
      vertex -68.92441809922457 -46.84146226197481 0
      vertex -69.33436423540115 -46.3419414460659 0
    endloop
  endfacet
  facet normal 0 0 -1
    outer loop
      vertex -53.16710699349642 -24.944088369607925 0
      vertex -69.33436423540115 -46.3419414460659 0
      vertex -69.71076241880655 -45.8166783824563 0
    endloop
  endfacet
  facet normal 0 0 -1
    outer loop
      vertex -53.16710699349642 -24.944088369607925 0
      vertex -69.71076241880655 -45.8166783824563 0
      vertex -70.05200086534023 -45.267922334373 0
    endloop
  endfacet
  facet normal 0 0 -1
    outer loop
      vertex -53.16710699349642 -24.944088369607925 0
      vertex -70.05200086534023 -45.267922334373 0
      vertex -70.35661832243204 -44.69802314788103 0
    endloop
  endfacet
  facet normal 0 0 -1
    outer loop
      vertex -53.16710699349642 -24.944088369607925 0
      vertex -70.35661832243204 -44.69802314788103 0
      vertex -70.62331038713455 -44.109421230852604 0
    endloop
  endfacet
  facet normal 0 0 -1
    outer loop
      vertex -53.16710699349642 -24.944088369607925 0
      vertex -70.62331038713455 -44.109421230852604 0
      vertex -70.85093502700329 -43.50463705509901 0
    endloop
  endfacet
  facet normal 0 0 -1
    outer loop
      vertex -53.16710699349642 -24.944088369607925 0
      vertex -70.85093502700329 -43.50463705509901 0
      vertex -71.03851753473282 -42.88626040518284 0
    endloop
  endfacet
  facet normal 0 0 -1
    outer loop
      vertex -53.16710699349642 -24.944088369607925 0
      vertex -71.03851753473282 -42.88626040518284 0
      vertex -71.18525464087725 -42.25693926215172 0
    endloop
  endfacet
  facet normal 0 0 -1
    outer loop
      vertex -53.16710699349642 -24.944088369607925 0
      vertex -71.18525464087725 -42.25693926215172 0
      vertex -71.29051800817251 -41.619368486106396 0
    endloop
  endfacet
  facet normal 0 0 -1
    outer loop
      vertex -53.16710699349642 -24.944088369607925 0
      vertex -71.29051800817251 -41.619368486106396 0
      vertex -71.35385686904192 -40.976278237998486 0
    endloop
  endfacet
  facet normal 0 0 -1
    outer loop
      vertex -53.16710699349642 -24.944088369607925 0
      vertex -71.35385686904192 -40.976278237998486 0
      vertex -71.375 -40.330422334373 0
    endloop
  endfacet
  facet normal 0 0 -1
    outer loop
      vertex -54.76284287124872 -23.800600208342075 0
      vertex -53.16710699349642 -24.944088369607925 0
      vertex -71.375 -40.330422334373 0
    endloop
  endfacet
  facet normal 0 0 -1
    outer loop
      vertex -56.28037445247173 -22.555194221436977 0
      vertex -54.76284287124872 -23.800600208342075 0
      vertex -71.375 -40.330422334373 0
    endloop
  endfacet
  facet normal 0 0 -1
    outer loop
      vertex -57.71320343762636 -21.213203437626362 0
      vertex -56.28037445247173 -22.555194221436977 0
      vertex -71.375 -40.330422334373 0
    endloop
  endfacet
  facet normal 0 0 -1
    outer loop
      vertex -59.05519422143698 -19.780374452471733 0
      vertex -57.71320343762636 -21.213203437626362 0
      vertex -71.375 -40.330422334373 0
    endloop
  endfacet
  facet normal 0 0 -1
    outer loop
      vertex -60.300600208342075 -18.262842871248722 0
      vertex -59.05519422143698 -19.780374452471733 0
      vertex -71.375 -40.330422334373 0
    endloop
  endfacet
  facet normal 0 0 -1
    outer loop
      vertex -61.444088369607925 -16.667106993496418 0
      vertex -60.300600208342075 -18.262842871248722 0
      vertex -71.375 -40.330422334373 0
    endloop
  endfacet
  facet normal 0 0 -1
    outer loop
      vertex -62.480762116611004 -15 0
      vertex -61.444088369607925 -16.667106993496418 0
      vertex -71.375 -40.330422334373 0
    endloop
  endfacet
  facet normal 0 0 -1
    outer loop
      vertex -63.40618224442005 -13.268660709261894 0
      vertex -62.480762116611004 -15 0
      vertex -71.375 -40.330422334373 0
    endloop
  endfacet
  facet normal 0 0 -1
    outer loop
      vertex -64.21638597548008 -11.480502970516682 0
      vertex -63.40618224442005 -13.268660709261894 0
      vertex -71.375 -40.330422334373 0
    endloop
  endfacet
  facet normal 0 0 -1
    outer loop
      vertex -64.90790388733149 -9.643183961510658 0
      vertex -64.21638597548008 -11.480502970516682 0
      vertex -71.375 -40.330422334373 0
    endloop
  endfacet
  facet normal 0 0 -1
    outer loop
      vertex -65.4777747914195 -7.764571353793144 0
      vertex -64.90790388733149 -9.643183961510658 0
      vertex -71.375 -40.330422334373 0
    endloop
  endfacet
  facet normal 0 0 -1
    outer loop
      vertex -65.92355841398239 -5.852709658443928 0
      vertex -65.4777747914195 -7.764571353793144 0
      vertex -71.375 -40.330422334373 0
    endloop
  endfacet
  facet normal 0 0 -1
    outer loop
      vertex -71.375 40.330422334373 0
      vertex -65.92355841398239 5.852709658443928 0
      vertex -66.2433458417654 3.9157857671380043 0
    endloop
  endfacet
  facet normal 0 0 -1
    outer loop
      vertex -71.375 -40.330422334373 0
      vertex -71.375 40.330422334373 0
      vertex -66.2433458417654 3.9157857671380043 0
    endloop
  endfacet
  facet normal 0 0 -1
    outer loop
      vertex -71.375 -40.330422334373 0
      vertex -66.2433458417654 3.9157857671380043 0
      vertex -66.43576769530773 1.9620938748121262 0
    endloop
  endfacet
  facet normal 0 0 -1
    outer loop
      vertex -71.375 -40.330422334373 0
      vertex -66.43576769530773 1.9620938748121262 0
      vertex -66.5 0 0
    endloop
  endfacet
  facet normal 0 0 -1
    outer loop
      vertex -71.375 -40.330422334373 0
      vertex -66.5 0 0
      vertex -66.43576769530773 -1.9620938748121262 0
    endloop
  endfacet
  facet normal 0 0 -1
    outer loop
      vertex -71.375 -40.330422334373 0
      vertex -66.43576769530773 -1.9620938748121262 0
      vertex -66.2433458417654 -3.9157857671380043 0
    endloop
  endfacet
  facet normal 0 0 -1
    outer loop
      vertex -65.92355841398239 -5.852709658443928 0
      vertex -71.375 -40.330422334373 0
      vertex -66.2433458417654 -3.9157857671380043 0
    endloop
  endfacet
endsolid OpenSCAD_Model
