solid OpenSCAD_Model
  facet normal 0.09801714878162468 -0.9951847258397412 0
    outer loop
      vertex 65.02789376676083 -50.638050615787506 0
      vertex 64.51504964381456 -50.688561357557774 4.35
      vertex 64.51504964381456 -50.688561357557774 0
    endloop
  endfacet
  facet normal 0.09801714878162468 -0.9951847258397412 0
    outer loop
      vertex 65.02789376676083 -50.638050615787506 0
      vertex 65.02789376676083 -50.638050615787506 4.35
      vertex 64.51504964381456 -50.688561357557774 4.35
    endloop
  endfacet
  facet normal 0.1628954762267468 -0.9866433316172877 0
    outer loop
      vertex 65.5363362878561 -50.554106414318085 0
      vertex 65.02789376676083 -50.638050615787506 4.35
      vertex 65.02789376676083 -50.638050615787506 0
    endloop
  endfacet
  facet normal 0.1628954762267468 -0.9866433316172877 0
    outer loop
      vertex 65.5363362878561 -50.554106414318085 0
      vertex 65.5363362878561 -50.554106414318085 4.35
      vertex 65.02789376676083 -50.638050615787506 4.35
    endloop
  endfacet
  facet normal 0.22707626117051696 -0.9738769797119239 0
    outer loop
      vertex 66.0381999835372 -50.43708821386099 0
      vertex 65.5363362878561 -50.554106414318085 4.35
      vertex 65.5363362878561 -50.554106414318085 0
    endloop
  endfacet
  facet normal 0.22707626117051696 -0.9738769797119239 0
    outer loop
      vertex 66.0381999835372 -50.43708821386099 0
      vertex 66.0381999835372 -50.43708821386099 4.35
      vertex 65.5363362878561 -50.554106414318085 4.35
    endloop
  endfacet
  facet normal 0.29028467797617463 -0.95694033551328 0
    outer loop
      vertex 66.531335785985 -50.287497103214264 0
      vertex 66.0381999835372 -50.43708821386099 4.35
      vertex 66.0381999835372 -50.43708821386099 0
    endloop
  endfacet
  facet normal 0.29028467797617463 -0.95694033551328 0
    outer loop
      vertex 66.531335785985 -50.287497103214264 0
      vertex 66.531335785985 -50.287497103214264 4.35
      vertex 66.0381999835372 -50.43708821386099 4.35
    endloop
  endfacet
  facet normal 0.3522500435974159 -0.9359059283846953 0
    outer loop
      vertex 67.01363202929497 -50.10597365349531 0
      vertex 66.531335785985 -50.287497103214264 4.35
      vertex 66.531335785985 -50.287497103214264 0
    endloop
  endfacet
  facet normal 0.3522500435974159 -0.9359059283846953 0
    outer loop
      vertex 67.01363202929497 -50.10597365349531 0
      vertex 67.01363202929497 -50.10597365349531 4.35
      vertex 66.531335785985 -50.287497103214264 4.35
    endloop
  endfacet
  facet normal 0.4127070269376003 -0.9108638262201034 0
    outer loop
      vertex 67.4830234348774 -49.89329517632723 0
      vertex 67.01363202929497 -50.10597365349531 4.35
      vertex 67.01363202929497 -50.10597365349531 0
    endloop
  endfacet
  facet normal 0.4127070269376003 -0.9108638262201034 0
    outer loop
      vertex 67.4830234348774 -49.89329517632723 0
      vertex 67.4830234348774 -49.89329517632723 4.35
      vertex 67.01363202929497 -50.10597365349531 4.35
    endloop
  endfacet
  facet normal 0.47139674476772503 -0.8819212601034132 0
    outer loop
      vertex 67.9375 -49.6503723859787 0
      vertex 67.4830234348774 -49.89329517632723 4.35
      vertex 67.4830234348774 -49.89329517632723 0
    endloop
  endfacet
  facet normal 0.47139674476772503 -0.8819212601034132 0
    outer loop
      vertex 67.9375 -49.6503723859787 0
      vertex 67.9375 -49.6503723859787 4.35
      vertex 67.4830234348774 -49.89329517632723 4.35
    endloop
  endfacet
  facet normal 0.5280678415651048 -0.8492021871761586 0
    outer loop
      vertex 68.37511558830738 -49.378245532512665 0
      vertex 67.9375 -49.6503723859787 4.35
      vertex 67.9375 -49.6503723859787 0
    endloop
  endfacet
  facet normal 0.5280678415651048 -0.8492021871761586 0
    outer loop
      vertex 68.37511558830738 -49.378245532512665 0
      vertex 68.37511558830738 -49.378245532512665 4.35
      vertex 67.9375 -49.6503723859787 4.35
    endloop
  endfacet
  facet normal 0.5824777058260716 -0.81284667817221 0
    outer loop
      vertex 68.79399625211954 -49.078079886734486 0
      vertex 68.37511558830738 -49.378245532512665 4.35
      vertex 68.37511558830738 -49.378245532512665 0
    endloop
  endfacet
  facet normal 0.5824777058260716 -0.81284667817221 0
    outer loop
      vertex 68.79399625211954 -49.078079886734486 0
      vertex 68.79399625211954 -49.078079886734486 4.35
      vertex 68.37511558830738 -49.378245532512665 4.35
    endloop
  endfacet
  facet normal 0.6343932834151457 -0.7730104539770148 0
    outer loop
      vertex 69.1923482939601 -48.75116081535816 0
      vertex 68.79399625211954 -49.078079886734486 4.35
      vertex 68.79399625211954 -49.078079886734486 0
    endloop
  endfacet
  facet normal 0.6343932834151457 -0.7730104539770148 0
    outer loop
      vertex 69.1923482939601 -48.75116081535816 0
      vertex 69.1923482939601 -48.75116081535816 4.35
      vertex 68.79399625211954 -49.078079886734486 4.35
    endloop
  endfacet
  facet normal 0.6835922959408756 -0.7298640783942463 0
    outer loop
      vertex 69.56846590340137 -48.39888823777437 0
      vertex 69.1923482939601 -48.75116081535816 4.35
      vertex 69.1923482939601 -48.75116081535816 0
    endloop
  endfacet
  facet normal 0.6835922959408756 -0.7298640783942463 0
    outer loop
      vertex 69.56846590340137 -48.39888823777437 0
      vertex 69.56846590340137 -48.39888823777437 4.35
      vertex 69.1923482939601 -48.75116081535816 4.35
    endloop
  endfacet
  facet normal 0.7298640783942463 -0.6835922959408756 0
    outer loop
      vertex 69.92073848098516 -48.02277062833309 0
      vertex 69.56846590340137 -48.39888823777437 4.35
      vertex 69.56846590340137 -48.39888823777437 0
    endloop
  endfacet
  facet normal 0.7298640783942463 -0.6835922959408756 0
    outer loop
      vertex 69.92073848098516 -48.02277062833309 0
      vertex 69.92073848098516 -48.02277062833309 4.35
      vertex 69.56846590340137 -48.39888823777437 4.35
    endloop
  endfacet
  facet normal 0.7730104539770148 -0.6343932834151457 0
    outer loop
      vertex 70.24765755236149 -47.62441858649254 0
      vertex 69.92073848098516 -48.02277062833309 4.35
      vertex 69.92073848098516 -48.02277062833309 0
    endloop
  endfacet
  facet normal 0.7730104539770148 -0.6343932834151457 0
    outer loop
      vertex 70.24765755236149 -47.62441858649254 0
      vertex 70.24765755236149 -47.62441858649254 4.35
      vertex 69.92073848098516 -48.02277062833309 4.35
    endloop
  endfacet
  facet normal 0.81284667817221 -0.5824777058260716 0
    outer loop
      vertex 70.54782319813967 -47.20553792268038 0
      vertex 70.24765755236149 -47.62441858649254 4.35
      vertex 70.24765755236149 -47.62441858649254 0
    endloop
  endfacet
  facet normal 0.81284667817221 -0.5824777058260716 0
    outer loop
      vertex 70.54782319813967 -47.20553792268038 0
      vertex 70.54782319813967 -47.20553792268038 4.35
      vertex 70.24765755236149 -47.62441858649254 4.35
    endloop
  endfacet
  facet normal 0.8492021871761586 -0.5280678415651048 0
    outer loop
      vertex 70.8199500516057 -46.767922334373 0
      vertex 70.54782319813967 -47.20553792268038 4.35
      vertex 70.54782319813967 -47.20553792268038 0
    endloop
  endfacet
  facet normal 0.8492021871761586 -0.5280678415651048 0
    outer loop
      vertex 70.8199500516057 -46.767922334373 0
      vertex 70.8199500516057 -46.767922334373 4.35
      vertex 70.54782319813967 -47.20553792268038 4.35
    endloop
  endfacet
  facet normal 0.8819212601034132 -0.47139674476772503 0
    outer loop
      vertex 71.06287284195423 -46.31344576925039 0
      vertex 70.8199500516057 -46.767922334373 4.35
      vertex 70.8199500516057 -46.767922334373 0
    endloop
  endfacet
  facet normal 0.8819212601034132 -0.47139674476772503 0
    outer loop
      vertex 71.06287284195423 -46.31344576925039 0
      vertex 71.06287284195423 -46.31344576925039 4.35
      vertex 70.8199500516057 -46.767922334373 4.35
    endloop
  endfacet
  facet normal 0.9108638262201034 -0.4127070269376003 0
    outer loop
      vertex 71.27555131912231 -45.844054363667965 0
      vertex 71.06287284195423 -46.31344576925039 4.35
      vertex 71.06287284195423 -46.31344576925039 0
    endloop
  endfacet
  facet normal 0.9108638262201034 -0.4127070269376003 0
    outer loop
      vertex 71.27555131912231 -45.844054363667965 0
      vertex 71.27555131912231 -45.844054363667965 4.35
      vertex 71.06287284195423 -46.31344576925039 4.35
    endloop
  endfacet
  facet normal 0.9359059283846953 -0.3522500435974159 0
    outer loop
      vertex 71.45707476884127 -45.36175812035799 0
      vertex 71.27555131912231 -45.844054363667965 4.35
      vertex 71.27555131912231 -45.844054363667965 0
    endloop
  endfacet
  facet normal 0.9359059283846953 -0.3522500435974159 0
    outer loop
      vertex 71.45707476884127 -45.36175812035799 0
      vertex 71.45707476884127 -45.36175812035799 4.35
      vertex 71.27555131912231 -45.844054363667965 4.35
    endloop
  endfacet
  facet normal 0.95694033551328 -0.29028467797617463 0
    outer loop
      vertex 71.60666587948799 -44.868622317910194 0
      vertex 71.45707476884127 -45.36175812035799 4.35
      vertex 71.45707476884127 -45.36175812035799 0
    endloop
  endfacet
  facet normal 0.95694033551328 -0.29028467797617463 0
    outer loop
      vertex 71.60666587948799 -44.868622317910194 0
      vertex 71.60666587948799 -44.868622317910194 4.35
      vertex 71.45707476884127 -45.36175812035799 4.35
    endloop
  endfacet
  facet normal 0.9738769797119239 -0.22707626117051696 0
    outer loop
      vertex 71.72368407994509 -44.3667586222291 0
      vertex 71.60666587948799 -44.868622317910194 4.35
      vertex 71.60666587948799 -44.868622317910194 0
    endloop
  endfacet
  facet normal 0.9738769797119239 -0.22707626117051696 0
    outer loop
      vertex 71.72368407994509 -44.3667586222291 0
      vertex 71.72368407994509 -44.3667586222291 4.35
      vertex 71.60666587948799 -44.868622317910194 4.35
    endloop
  endfacet
  facet normal 0.9866433316172877 -0.1628954762267468 0
    outer loop
      vertex 71.80762828141451 -43.85831610113382 0
      vertex 71.72368407994509 -44.3667586222291 4.35
      vertex 71.72368407994509 -44.3667586222291 0
    endloop
  endfacet
  facet normal 0.9866433316172877 -0.1628954762267468 0
    outer loop
      vertex 71.80762828141451 -43.85831610113382 0
      vertex 71.80762828141451 -43.85831610113382 4.35
      vertex 71.72368407994509 -44.3667586222291 4.35
    endloop
  endfacet
  facet normal 0.9951847258397412 -0.09801714878162468 0
    outer loop
      vertex 71.85813902318478 -43.34547197818756 0
      vertex 71.80762828141451 -43.85831610113382 4.35
      vertex 71.80762828141451 -43.85831610113382 0
    endloop
  endfacet
  facet normal 0.9951847258397412 -0.09801714878162468 0
    outer loop
      vertex 71.85813902318478 -43.34547197818756 0
      vertex 71.85813902318478 -43.34547197818756 4.35
      vertex 71.80762828141451 -43.85831610113382 4.35
    endloop
  endfacet
  facet normal 0.999464587648824 -0.03271907755371875 0
    outer loop
      vertex 71.875 -42.830422334373 0
      vertex 71.85813902318478 -43.34547197818756 4.35
      vertex 71.85813902318478 -43.34547197818756 0
    endloop
  endfacet
  facet normal 0.999464587648824 -0.03271907755371875 0
    outer loop
      vertex 71.875 -42.830422334373 0
      vertex 71.875 -42.830422334373 4.35
      vertex 71.85813902318478 -43.34547197818756 4.35
    endloop
  endfacet
  facet normal 1 0 0
    outer loop
      vertex 71.875 42.830422334373 0
      vertex 71.875 -42.830422334373 4.35
      vertex 71.875 -42.830422334373 0
    endloop
  endfacet
  facet normal 1 0 0
    outer loop
      vertex 71.875 42.830422334373 0
      vertex 71.875 42.830422334373 4.35
      vertex 71.875 -42.830422334373 4.35
    endloop
  endfacet
  facet normal 0.999464587648824 0.03271907755371875 0
    outer loop
      vertex 71.85813902318478 43.34547197818756 0
      vertex 71.875 42.830422334373 4.35
      vertex 71.875 42.830422334373 0
    endloop
  endfacet
  facet normal 0.999464587648824 0.03271907755371875 0
    outer loop
      vertex 71.85813902318478 43.34547197818756 0
      vertex 71.85813902318478 43.34547197818756 4.35
      vertex 71.875 42.830422334373 4.35
    endloop
  endfacet
  facet normal 0.9951847258397412 0.09801714878162468 0
    outer loop
      vertex 71.80762828141451 43.85831610113382 0
      vertex 71.85813902318478 43.34547197818756 4.35
      vertex 71.85813902318478 43.34547197818756 0
    endloop
  endfacet
  facet normal 0.9951847258397412 0.09801714878162468 0
    outer loop
      vertex 71.80762828141451 43.85831610113382 0
      vertex 71.80762828141451 43.85831610113382 4.35
      vertex 71.85813902318478 43.34547197818756 4.35
    endloop
  endfacet
  facet normal 0.9866433316172877 0.1628954762267468 0
    outer loop
      vertex 71.72368407994509 44.3667586222291 0
      vertex 71.80762828141451 43.85831610113382 4.35
      vertex 71.80762828141451 43.85831610113382 0
    endloop
  endfacet
  facet normal 0.9866433316172877 0.1628954762267468 0
    outer loop
      vertex 71.72368407994509 44.3667586222291 0
      vertex 71.72368407994509 44.3667586222291 4.35
      vertex 71.80762828141451 43.85831610113382 4.35
    endloop
  endfacet
  facet normal 0.9738769797119239 0.22707626117051696 0
    outer loop
      vertex 71.60666587948799 44.868622317910194 0
      vertex 71.72368407994509 44.3667586222291 4.35
      vertex 71.72368407994509 44.3667586222291 0
    endloop
  endfacet
  facet normal 0.9738769797119239 0.22707626117051696 0
    outer loop
      vertex 71.60666587948799 44.868622317910194 0
      vertex 71.60666587948799 44.868622317910194 4.35
      vertex 71.72368407994509 44.3667586222291 4.35
    endloop
  endfacet
  facet normal 0.95694033551328 0.29028467797617463 0
    outer loop
      vertex 71.45707476884127 45.36175812035799 0
      vertex 71.60666587948799 44.868622317910194 4.35
      vertex 71.60666587948799 44.868622317910194 0
    endloop
  endfacet
  facet normal 0.95694033551328 0.29028467797617463 0
    outer loop
      vertex 71.45707476884127 45.36175812035799 0
      vertex 71.45707476884127 45.36175812035799 4.35
      vertex 71.60666587948799 44.868622317910194 4.35
    endloop
  endfacet
  facet normal 0.9359059283846953 0.3522500435974159 0
    outer loop
      vertex 71.27555131912231 45.844054363667965 0
      vertex 71.45707476884127 45.36175812035799 4.35
      vertex 71.45707476884127 45.36175812035799 0
    endloop
  endfacet
  facet normal 0.9359059283846953 0.3522500435974159 0
    outer loop
      vertex 71.27555131912231 45.844054363667965 0
      vertex 71.27555131912231 45.844054363667965 4.35
      vertex 71.45707476884127 45.36175812035799 4.35
    endloop
  endfacet
  facet normal 0.9108638262201034 0.4127070269376003 0
    outer loop
      vertex 71.06287284195423 46.31344576925039 0
      vertex 71.27555131912231 45.844054363667965 4.35
      vertex 71.27555131912231 45.844054363667965 0
    endloop
  endfacet
  facet normal 0.9108638262201034 0.4127070269376003 0
    outer loop
      vertex 71.06287284195423 46.31344576925039 0
      vertex 71.06287284195423 46.31344576925039 4.35
      vertex 71.27555131912231 45.844054363667965 4.35
    endloop
  endfacet
  facet normal 0.8819212601034132 0.47139674476772503 0
    outer loop
      vertex 70.8199500516057 46.767922334373 0
      vertex 71.06287284195423 46.31344576925039 4.35
      vertex 71.06287284195423 46.31344576925039 0
    endloop
  endfacet
  facet normal 0.8819212601034132 0.47139674476772503 0
    outer loop
      vertex 70.8199500516057 46.767922334373 0
      vertex 70.8199500516057 46.767922334373 4.35
      vertex 71.06287284195423 46.31344576925039 4.35
    endloop
  endfacet
  facet normal 0.8492021871761586 0.5280678415651048 0
    outer loop
      vertex 70.54782319813967 47.20553792268038 0
      vertex 70.8199500516057 46.767922334373 4.35
      vertex 70.8199500516057 46.767922334373 0
    endloop
  endfacet
  facet normal 0.8492021871761586 0.5280678415651048 0
    outer loop
      vertex 70.54782319813967 47.20553792268038 0
      vertex 70.54782319813967 47.20553792268038 4.35
      vertex 70.8199500516057 46.767922334373 4.35
    endloop
  endfacet
  facet normal 0.81284667817221 0.5824777058260716 0
    outer loop
      vertex 70.24765755236149 47.62441858649254 0
      vertex 70.54782319813967 47.20553792268038 4.35
      vertex 70.54782319813967 47.20553792268038 0
    endloop
  endfacet
  facet normal 0.81284667817221 0.5824777058260716 0
    outer loop
      vertex 70.24765755236149 47.62441858649254 0
      vertex 70.24765755236149 47.62441858649254 4.35
      vertex 70.54782319813967 47.20553792268038 4.35
    endloop
  endfacet
  facet normal 0.7730104539770148 0.6343932834151457 0
    outer loop
      vertex 69.92073848098516 48.02277062833309 0
      vertex 70.24765755236149 47.62441858649254 4.35
      vertex 70.24765755236149 47.62441858649254 0
    endloop
  endfacet
  facet normal 0.7730104539770148 0.6343932834151457 0
    outer loop
      vertex 69.92073848098516 48.02277062833309 0
      vertex 69.92073848098516 48.02277062833309 4.35
      vertex 70.24765755236149 47.62441858649254 4.35
    endloop
  endfacet
  facet normal 0.7298640783942463 0.6835922959408756 0
    outer loop
      vertex 69.56846590340137 48.39888823777437 0
      vertex 69.92073848098516 48.02277062833309 4.35
      vertex 69.92073848098516 48.02277062833309 0
    endloop
  endfacet
  facet normal 0.7298640783942463 0.6835922959408756 0
    outer loop
      vertex 69.56846590340137 48.39888823777437 0
      vertex 69.56846590340137 48.39888823777437 4.35
      vertex 69.92073848098516 48.02277062833309 4.35
    endloop
  endfacet
  facet normal 0.6835922959408756 0.7298640783942463 0
    outer loop
      vertex 69.1923482939601 48.75116081535816 0
      vertex 69.56846590340137 48.39888823777437 4.35
      vertex 69.56846590340137 48.39888823777437 0
    endloop
  endfacet
  facet normal 0.6835922959408756 0.7298640783942463 0
    outer loop
      vertex 69.1923482939601 48.75116081535816 0
      vertex 69.1923482939601 48.75116081535816 4.35
      vertex 69.56846590340137 48.39888823777437 4.35
    endloop
  endfacet
  facet normal 0.6343932834151457 0.7730104539770148 0
    outer loop
      vertex 68.79399625211954 49.078079886734486 0
      vertex 69.1923482939601 48.75116081535816 4.35
      vertex 69.1923482939601 48.75116081535816 0
    endloop
  endfacet
  facet normal 0.6343932834151457 0.7730104539770148 0
    outer loop
      vertex 68.79399625211954 49.078079886734486 0
      vertex 68.79399625211954 49.078079886734486 4.35
      vertex 69.1923482939601 48.75116081535816 4.35
    endloop
  endfacet
  facet normal 0.5824777058260716 0.81284667817221 0
    outer loop
      vertex 68.37511558830738 49.378245532512665 0
      vertex 68.79399625211954 49.078079886734486 4.35
      vertex 68.79399625211954 49.078079886734486 0
    endloop
  endfacet
  facet normal 0.5824777058260716 0.81284667817221 0
    outer loop
      vertex 68.37511558830738 49.378245532512665 0
      vertex 68.37511558830738 49.378245532512665 4.35
      vertex 68.79399625211954 49.078079886734486 4.35
    endloop
  endfacet
  facet normal 0.5280678415651048 0.8492021871761586 0
    outer loop
      vertex 67.9375 49.6503723859787 0
      vertex 68.37511558830738 49.378245532512665 4.35
      vertex 68.37511558830738 49.378245532512665 0
    endloop
  endfacet
  facet normal 0.5280678415651048 0.8492021871761586 0
    outer loop
      vertex 67.9375 49.6503723859787 0
      vertex 67.9375 49.6503723859787 4.35
      vertex 68.37511558830738 49.378245532512665 4.35
    endloop
  endfacet
  facet normal 0.47139674476772503 0.8819212601034132 0
    outer loop
      vertex 67.4830234348774 49.89329517632723 0
      vertex 67.9375 49.6503723859787 4.35
      vertex 67.9375 49.6503723859787 0
    endloop
  endfacet
  facet normal 0.47139674476772503 0.8819212601034132 0
    outer loop
      vertex 67.4830234348774 49.89329517632723 0
      vertex 67.4830234348774 49.89329517632723 4.35
      vertex 67.9375 49.6503723859787 4.35
    endloop
  endfacet
  facet normal 0.4127070269376003 0.9108638262201034 0
    outer loop
      vertex 67.01363202929497 50.10597365349531 0
      vertex 67.4830234348774 49.89329517632723 4.35
      vertex 67.4830234348774 49.89329517632723 0
    endloop
  endfacet
  facet normal 0.4127070269376003 0.9108638262201034 0
    outer loop
      vertex 67.01363202929497 50.10597365349531 0
      vertex 67.01363202929497 50.10597365349531 4.35
      vertex 67.4830234348774 49.89329517632723 4.35
    endloop
  endfacet
  facet normal 0.3522500435974159 0.9359059283846953 0
    outer loop
      vertex 66.531335785985 50.287497103214264 0
      vertex 67.01363202929497 50.10597365349531 4.35
      vertex 67.01363202929497 50.10597365349531 0
    endloop
  endfacet
  facet normal 0.3522500435974159 0.9359059283846953 0
    outer loop
      vertex 66.531335785985 50.287497103214264 0
      vertex 66.531335785985 50.287497103214264 4.35
      vertex 67.01363202929497 50.10597365349531 4.35
    endloop
  endfacet
  facet normal 0.29028467797617463 0.95694033551328 0
    outer loop
      vertex 66.0381999835372 50.43708821386099 0
      vertex 66.531335785985 50.287497103214264 4.35
      vertex 66.531335785985 50.287497103214264 0
    endloop
  endfacet
  facet normal 0.29028467797617463 0.95694033551328 0
    outer loop
      vertex 66.0381999835372 50.43708821386099 0
      vertex 66.0381999835372 50.43708821386099 4.35
      vertex 66.531335785985 50.287497103214264 4.35
    endloop
  endfacet
  facet normal 0.22707626117051696 0.9738769797119239 0
    outer loop
      vertex 65.5363362878561 50.554106414318085 0
      vertex 66.0381999835372 50.43708821386099 4.35
      vertex 66.0381999835372 50.43708821386099 0
    endloop
  endfacet
  facet normal 0.22707626117051696 0.9738769797119239 0
    outer loop
      vertex 65.5363362878561 50.554106414318085 0
      vertex 65.5363362878561 50.554106414318085 4.35
      vertex 66.0381999835372 50.43708821386099 4.35
    endloop
  endfacet
  facet normal 0.1628954762267468 0.9866433316172877 0
    outer loop
      vertex 65.02789376676083 50.638050615787506 0
      vertex 65.5363362878561 50.554106414318085 4.35
      vertex 65.5363362878561 50.554106414318085 0
    endloop
  endfacet
  facet normal 0.1628954762267468 0.9866433316172877 0
    outer loop
      vertex 65.02789376676083 50.638050615787506 0
      vertex 65.02789376676083 50.638050615787506 4.35
      vertex 65.5363362878561 50.554106414318085 4.35
    endloop
  endfacet
  facet normal 0.09801714878162468 0.9951847258397412 0
    outer loop
      vertex 64.51504964381456 50.688561357557774 0
      vertex 65.02789376676083 50.638050615787506 4.35
      vertex 65.02789376676083 50.638050615787506 0
    endloop
  endfacet
  facet normal 0.09801714878162468 0.9951847258397412 0
    outer loop
      vertex 64.51504964381456 50.688561357557774 0
      vertex 64.51504964381456 50.688561357557774 4.35
      vertex 65.02789376676083 50.638050615787506 4.35
    endloop
  endfacet
  facet normal 0.03271907755371875 0.999464587648824 0
    outer loop
      vertex 64 50.705422334373 0
      vertex 64.51504964381456 50.688561357557774 4.35
      vertex 64.51504964381456 50.688561357557774 0
    endloop
  endfacet
  facet normal 0.03271907755371875 0.999464587648824 0
    outer loop
      vertex 64 50.705422334373 0
      vertex 64 50.705422334373 4.35
      vertex 64.51504964381456 50.688561357557774 4.35
    endloop
  endfacet
  facet normal 0 1 0
    outer loop
      vertex -64 50.705422334373 0
      vertex 64 50.705422334373 4.35
      vertex 64 50.705422334373 0
    endloop
  endfacet
  facet normal 0 1 0
    outer loop
      vertex -64 50.705422334373 0
      vertex -64 50.705422334373 4.35
      vertex 64 50.705422334373 4.35
    endloop
  endfacet
  facet normal -0.03271907755371875 0.999464587648824 0
    outer loop
      vertex -64.51504964381456 50.688561357557774 0
      vertex -64 50.705422334373 4.35
      vertex -64 50.705422334373 0
    endloop
  endfacet
  facet normal -0.03271907755371875 0.999464587648824 0
    outer loop
      vertex -64.51504964381456 50.688561357557774 0
      vertex -64.51504964381456 50.688561357557774 4.35
      vertex -64 50.705422334373 4.35
    endloop
  endfacet
  facet normal -0.09801714878162468 0.9951847258397412 0
    outer loop
      vertex -65.02789376676083 50.638050615787506 0
      vertex -64.51504964381456 50.688561357557774 4.35
      vertex -64.51504964381456 50.688561357557774 0
    endloop
  endfacet
  facet normal -0.09801714878162468 0.9951847258397412 0
    outer loop
      vertex -65.02789376676083 50.638050615787506 0
      vertex -65.02789376676083 50.638050615787506 4.35
      vertex -64.51504964381456 50.688561357557774 4.35
    endloop
  endfacet
  facet normal -0.1628954762267468 0.9866433316172877 0
    outer loop
      vertex -65.5363362878561 50.554106414318085 0
      vertex -65.02789376676083 50.638050615787506 4.35
      vertex -65.02789376676083 50.638050615787506 0
    endloop
  endfacet
  facet normal -0.1628954762267468 0.9866433316172877 0
    outer loop
      vertex -65.5363362878561 50.554106414318085 0
      vertex -65.5363362878561 50.554106414318085 4.35
      vertex -65.02789376676083 50.638050615787506 4.35
    endloop
  endfacet
  facet normal -0.22707626117051696 0.9738769797119239 0
    outer loop
      vertex -66.0381999835372 50.43708821386099 0
      vertex -65.5363362878561 50.554106414318085 4.35
      vertex -65.5363362878561 50.554106414318085 0
    endloop
  endfacet
  facet normal -0.22707626117051696 0.9738769797119239 0
    outer loop
      vertex -66.0381999835372 50.43708821386099 0
      vertex -66.0381999835372 50.43708821386099 4.35
      vertex -65.5363362878561 50.554106414318085 4.35
    endloop
  endfacet
  facet normal -0.29028467797617463 0.95694033551328 0
    outer loop
      vertex -66.531335785985 50.287497103214264 0
      vertex -66.0381999835372 50.43708821386099 4.35
      vertex -66.0381999835372 50.43708821386099 0
    endloop
  endfacet
  facet normal -0.29028467797617463 0.95694033551328 0
    outer loop
      vertex -66.531335785985 50.287497103214264 0
      vertex -66.531335785985 50.287497103214264 4.35
      vertex -66.0381999835372 50.43708821386099 4.35
    endloop
  endfacet
  facet normal -0.3522500435974159 0.9359059283846953 0
    outer loop
      vertex -67.01363202929497 50.10597365349531 0
      vertex -66.531335785985 50.287497103214264 4.35
      vertex -66.531335785985 50.287497103214264 0
    endloop
  endfacet
  facet normal -0.3522500435974159 0.9359059283846953 0
    outer loop
      vertex -67.01363202929497 50.10597365349531 0
      vertex -67.01363202929497 50.10597365349531 4.35
      vertex -66.531335785985 50.287497103214264 4.35
    endloop
  endfacet
  facet normal -0.4127070269376003 0.9108638262201034 0
    outer loop
      vertex -67.4830234348774 49.89329517632723 0
      vertex -67.01363202929497 50.10597365349531 4.35
      vertex -67.01363202929497 50.10597365349531 0
    endloop
  endfacet
  facet normal -0.4127070269376003 0.9108638262201034 0
    outer loop
      vertex -67.4830234348774 49.89329517632723 0
      vertex -67.4830234348774 49.89329517632723 4.35
      vertex -67.01363202929497 50.10597365349531 4.35
    endloop
  endfacet
  facet normal -0.47139674476772503 0.8819212601034132 0
    outer loop
      vertex -67.9375 49.6503723859787 0
      vertex -67.4830234348774 49.89329517632723 4.35
      vertex -67.4830234348774 49.89329517632723 0
    endloop
  endfacet
  facet normal -0.47139674476772503 0.8819212601034132 0
    outer loop
      vertex -67.9375 49.6503723859787 0
      vertex -67.9375 49.6503723859787 4.35
      vertex -67.4830234348774 49.89329517632723 4.35
    endloop
  endfacet
  facet normal -0.5280678415651048 0.8492021871761586 0
    outer loop
      vertex -68.37511558830738 49.378245532512665 0
      vertex -67.9375 49.6503723859787 4.35
      vertex -67.9375 49.6503723859787 0
    endloop
  endfacet
  facet normal -0.5280678415651048 0.8492021871761586 0
    outer loop
      vertex -68.37511558830738 49.378245532512665 0
      vertex -68.37511558830738 49.378245532512665 4.35
      vertex -67.9375 49.6503723859787 4.35
    endloop
  endfacet
  facet normal -0.5824777058260716 0.81284667817221 0
    outer loop
      vertex -68.79399625211954 49.078079886734486 0
      vertex -68.37511558830738 49.378245532512665 4.35
      vertex -68.37511558830738 49.378245532512665 0
    endloop
  endfacet
  facet normal -0.5824777058260716 0.81284667817221 0
    outer loop
      vertex -68.79399625211954 49.078079886734486 0
      vertex -68.79399625211954 49.078079886734486 4.35
      vertex -68.37511558830738 49.378245532512665 4.35
    endloop
  endfacet
  facet normal -0.6343932834151457 0.7730104539770148 0
    outer loop
      vertex -69.1923482939601 48.75116081535816 0
      vertex -68.79399625211954 49.078079886734486 4.35
      vertex -68.79399625211954 49.078079886734486 0
    endloop
  endfacet
  facet normal -0.6343932834151457 0.7730104539770148 0
    outer loop
      vertex -69.1923482939601 48.75116081535816 0
      vertex -69.1923482939601 48.75116081535816 4.35
      vertex -68.79399625211954 49.078079886734486 4.35
    endloop
  endfacet
  facet normal -0.6835922959408756 0.7298640783942463 0
    outer loop
      vertex -69.56846590340137 48.39888823777437 0
      vertex -69.1923482939601 48.75116081535816 4.35
      vertex -69.1923482939601 48.75116081535816 0
    endloop
  endfacet
  facet normal -0.6835922959408756 0.7298640783942463 0
    outer loop
      vertex -69.56846590340137 48.39888823777437 0
      vertex -69.56846590340137 48.39888823777437 4.35
      vertex -69.1923482939601 48.75116081535816 4.35
    endloop
  endfacet
  facet normal -0.7298640783942463 0.6835922959408756 0
    outer loop
      vertex -69.92073848098516 48.02277062833309 0
      vertex -69.56846590340137 48.39888823777437 4.35
      vertex -69.56846590340137 48.39888823777437 0
    endloop
  endfacet
  facet normal -0.7298640783942463 0.6835922959408756 0
    outer loop
      vertex -69.92073848098516 48.02277062833309 0
      vertex -69.92073848098516 48.02277062833309 4.35
      vertex -69.56846590340137 48.39888823777437 4.35
    endloop
  endfacet
  facet normal -0.7730104539770148 0.6343932834151457 0
    outer loop
      vertex -70.24765755236149 47.62441858649254 0
      vertex -69.92073848098516 48.02277062833309 4.35
      vertex -69.92073848098516 48.02277062833309 0
    endloop
  endfacet
  facet normal -0.7730104539770148 0.6343932834151457 0
    outer loop
      vertex -70.24765755236149 47.62441858649254 0
      vertex -70.24765755236149 47.62441858649254 4.35
      vertex -69.92073848098516 48.02277062833309 4.35
    endloop
  endfacet
  facet normal -0.81284667817221 0.5824777058260716 0
    outer loop
      vertex -70.54782319813967 47.20553792268038 0
      vertex -70.24765755236149 47.62441858649254 4.35
      vertex -70.24765755236149 47.62441858649254 0
    endloop
  endfacet
  facet normal -0.81284667817221 0.5824777058260716 0
    outer loop
      vertex -70.54782319813967 47.20553792268038 0
      vertex -70.54782319813967 47.20553792268038 4.35
      vertex -70.24765755236149 47.62441858649254 4.35
    endloop
  endfacet
  facet normal -0.8492021871761586 0.5280678415651048 0
    outer loop
      vertex -70.8199500516057 46.767922334373 0
      vertex -70.54782319813967 47.20553792268038 4.35
      vertex -70.54782319813967 47.20553792268038 0
    endloop
  endfacet
  facet normal -0.8492021871761586 0.5280678415651048 0
    outer loop
      vertex -70.8199500516057 46.767922334373 0
      vertex -70.8199500516057 46.767922334373 4.35
      vertex -70.54782319813967 47.20553792268038 4.35
    endloop
  endfacet
  facet normal -0.8819212601034132 0.47139674476772503 0
    outer loop
      vertex -71.06287284195423 46.31344576925039 0
      vertex -70.8199500516057 46.767922334373 4.35
      vertex -70.8199500516057 46.767922334373 0
    endloop
  endfacet
  facet normal -0.8819212601034132 0.47139674476772503 0
    outer loop
      vertex -71.06287284195423 46.31344576925039 0
      vertex -71.06287284195423 46.31344576925039 4.35
      vertex -70.8199500516057 46.767922334373 4.35
    endloop
  endfacet
  facet normal -0.9108638262201034 0.4127070269376003 0
    outer loop
      vertex -71.27555131912231 45.844054363667965 0
      vertex -71.06287284195423 46.31344576925039 4.35
      vertex -71.06287284195423 46.31344576925039 0
    endloop
  endfacet
  facet normal -0.9108638262201034 0.4127070269376003 0
    outer loop
      vertex -71.27555131912231 45.844054363667965 0
      vertex -71.27555131912231 45.844054363667965 4.35
      vertex -71.06287284195423 46.31344576925039 4.35
    endloop
  endfacet
  facet normal -0.9359059283846953 0.3522500435974159 0
    outer loop
      vertex -71.45707476884127 45.36175812035799 0
      vertex -71.27555131912231 45.844054363667965 4.35
      vertex -71.27555131912231 45.844054363667965 0
    endloop
  endfacet
  facet normal -0.9359059283846953 0.3522500435974159 0
    outer loop
      vertex -71.45707476884127 45.36175812035799 0
      vertex -71.45707476884127 45.36175812035799 4.35
      vertex -71.27555131912231 45.844054363667965 4.35
    endloop
  endfacet
  facet normal -0.95694033551328 0.29028467797617463 0
    outer loop
      vertex -71.60666587948799 44.868622317910194 0
      vertex -71.45707476884127 45.36175812035799 4.35
      vertex -71.45707476884127 45.36175812035799 0
    endloop
  endfacet
  facet normal -0.95694033551328 0.29028467797617463 0
    outer loop
      vertex -71.60666587948799 44.868622317910194 0
      vertex -71.60666587948799 44.868622317910194 4.35
      vertex -71.45707476884127 45.36175812035799 4.35
    endloop
  endfacet
  facet normal -0.9738769797119239 0.22707626117051696 0
    outer loop
      vertex -71.72368407994509 44.3667586222291 0
      vertex -71.60666587948799 44.868622317910194 4.35
      vertex -71.60666587948799 44.868622317910194 0
    endloop
  endfacet
  facet normal -0.9738769797119239 0.22707626117051696 0
    outer loop
      vertex -71.72368407994509 44.3667586222291 0
      vertex -71.72368407994509 44.3667586222291 4.35
      vertex -71.60666587948799 44.868622317910194 4.35
    endloop
  endfacet
  facet normal -0.9866433316172877 0.1628954762267468 0
    outer loop
      vertex -71.80762828141451 43.85831610113382 0
      vertex -71.72368407994509 44.3667586222291 4.35
      vertex -71.72368407994509 44.3667586222291 0
    endloop
  endfacet
  facet normal -0.9866433316172877 0.1628954762267468 0
    outer loop
      vertex -71.80762828141451 43.85831610113382 0
      vertex -71.80762828141451 43.85831610113382 4.35
      vertex -71.72368407994509 44.3667586222291 4.35
    endloop
  endfacet
  facet normal -0.9951847258397412 0.09801714878162468 0
    outer loop
      vertex -71.85813902318478 43.34547197818756 0
      vertex -71.80762828141451 43.85831610113382 4.35
      vertex -71.80762828141451 43.85831610113382 0
    endloop
  endfacet
  facet normal -0.9951847258397412 0.09801714878162468 0
    outer loop
      vertex -71.85813902318478 43.34547197818756 0
      vertex -71.85813902318478 43.34547197818756 4.35
      vertex -71.80762828141451 43.85831610113382 4.35
    endloop
  endfacet
  facet normal -0.999464587648824 0.03271907755371875 0
    outer loop
      vertex -71.875 42.830422334373 0
      vertex -71.85813902318478 43.34547197818756 4.35
      vertex -71.85813902318478 43.34547197818756 0
    endloop
  endfacet
  facet normal -0.999464587648824 0.03271907755371875 0
    outer loop
      vertex -71.875 42.830422334373 0
      vertex -71.875 42.830422334373 4.35
      vertex -71.85813902318478 43.34547197818756 4.35
    endloop
  endfacet
  facet normal -1 0 0
    outer loop
      vertex -71.875 -42.830422334373 0
      vertex -71.875 42.830422334373 4.35
      vertex -71.875 42.830422334373 0
    endloop
  endfacet
  facet normal -1 0 0
    outer loop
      vertex -71.875 -42.830422334373 0
      vertex -71.875 -42.830422334373 4.35
      vertex -71.875 42.830422334373 4.35
    endloop
  endfacet
  facet normal -0.999464587648824 -0.03271907755371875 0
    outer loop
      vertex -71.85813902318478 -43.34547197818756 0
      vertex -71.875 -42.830422334373 4.35
      vertex -71.875 -42.830422334373 0
    endloop
  endfacet
  facet normal -0.999464587648824 -0.03271907755371875 0
    outer loop
      vertex -71.85813902318478 -43.34547197818756 0
      vertex -71.85813902318478 -43.34547197818756 4.35
      vertex -71.875 -42.830422334373 4.35
    endloop
  endfacet
  facet normal -0.9951847258397412 -0.09801714878162468 0
    outer loop
      vertex -71.80762828141451 -43.85831610113382 0
      vertex -71.85813902318478 -43.34547197818756 4.35
      vertex -71.85813902318478 -43.34547197818756 0
    endloop
  endfacet
  facet normal -0.9951847258397412 -0.09801714878162468 0
    outer loop
      vertex -71.80762828141451 -43.85831610113382 0
      vertex -71.80762828141451 -43.85831610113382 4.35
      vertex -71.85813902318478 -43.34547197818756 4.35
    endloop
  endfacet
  facet normal -0.9866433316172877 -0.1628954762267468 0
    outer loop
      vertex -71.72368407994509 -44.3667586222291 0
      vertex -71.80762828141451 -43.85831610113382 4.35
      vertex -71.80762828141451 -43.85831610113382 0
    endloop
  endfacet
  facet normal -0.9866433316172877 -0.1628954762267468 0
    outer loop
      vertex -71.72368407994509 -44.3667586222291 0
      vertex -71.72368407994509 -44.3667586222291 4.35
      vertex -71.80762828141451 -43.85831610113382 4.35
    endloop
  endfacet
  facet normal -0.9738769797119239 -0.22707626117051696 0
    outer loop
      vertex -71.60666587948799 -44.868622317910194 0
      vertex -71.72368407994509 -44.3667586222291 4.35
      vertex -71.72368407994509 -44.3667586222291 0
    endloop
  endfacet
  facet normal -0.9738769797119239 -0.22707626117051696 0
    outer loop
      vertex -71.60666587948799 -44.868622317910194 0
      vertex -71.60666587948799 -44.868622317910194 4.35
      vertex -71.72368407994509 -44.3667586222291 4.35
    endloop
  endfacet
  facet normal -0.95694033551328 -0.29028467797617463 0
    outer loop
      vertex -71.45707476884127 -45.36175812035799 0
      vertex -71.60666587948799 -44.868622317910194 4.35
      vertex -71.60666587948799 -44.868622317910194 0
    endloop
  endfacet
  facet normal -0.95694033551328 -0.29028467797617463 0
    outer loop
      vertex -71.45707476884127 -45.36175812035799 0
      vertex -71.45707476884127 -45.36175812035799 4.35
      vertex -71.60666587948799 -44.868622317910194 4.35
    endloop
  endfacet
  facet normal -0.9359059283846953 -0.3522500435974159 0
    outer loop
      vertex -71.27555131912231 -45.844054363667965 0
      vertex -71.45707476884127 -45.36175812035799 4.35
      vertex -71.45707476884127 -45.36175812035799 0
    endloop
  endfacet
  facet normal -0.9359059283846953 -0.3522500435974159 0
    outer loop
      vertex -71.27555131912231 -45.844054363667965 0
      vertex -71.27555131912231 -45.844054363667965 4.35
      vertex -71.45707476884127 -45.36175812035799 4.35
    endloop
  endfacet
  facet normal -0.9108638262201034 -0.4127070269376003 0
    outer loop
      vertex -71.06287284195423 -46.31344576925039 0
      vertex -71.27555131912231 -45.844054363667965 4.35
      vertex -71.27555131912231 -45.844054363667965 0
    endloop
  endfacet
  facet normal -0.9108638262201034 -0.4127070269376003 0
    outer loop
      vertex -71.06287284195423 -46.31344576925039 0
      vertex -71.06287284195423 -46.31344576925039 4.35
      vertex -71.27555131912231 -45.844054363667965 4.35
    endloop
  endfacet
  facet normal -0.8819212601034132 -0.47139674476772503 0
    outer loop
      vertex -70.8199500516057 -46.767922334373 0
      vertex -71.06287284195423 -46.31344576925039 4.35
      vertex -71.06287284195423 -46.31344576925039 0
    endloop
  endfacet
  facet normal -0.8819212601034132 -0.47139674476772503 0
    outer loop
      vertex -70.8199500516057 -46.767922334373 0
      vertex -70.8199500516057 -46.767922334373 4.35
      vertex -71.06287284195423 -46.31344576925039 4.35
    endloop
  endfacet
  facet normal -0.8492021871761586 -0.5280678415651048 0
    outer loop
      vertex -70.54782319813967 -47.20553792268038 0
      vertex -70.8199500516057 -46.767922334373 4.35
      vertex -70.8199500516057 -46.767922334373 0
    endloop
  endfacet
  facet normal -0.8492021871761586 -0.5280678415651048 0
    outer loop
      vertex -70.54782319813967 -47.20553792268038 0
      vertex -70.54782319813967 -47.20553792268038 4.35
      vertex -70.8199500516057 -46.767922334373 4.35
    endloop
  endfacet
  facet normal -0.81284667817221 -0.5824777058260716 0
    outer loop
      vertex -70.24765755236149 -47.62441858649254 0
      vertex -70.54782319813967 -47.20553792268038 4.35
      vertex -70.54782319813967 -47.20553792268038 0
    endloop
  endfacet
  facet normal -0.81284667817221 -0.5824777058260716 0
    outer loop
      vertex -70.24765755236149 -47.62441858649254 0
      vertex -70.24765755236149 -47.62441858649254 4.35
      vertex -70.54782319813967 -47.20553792268038 4.35
    endloop
  endfacet
  facet normal -0.7730104539770148 -0.6343932834151457 0
    outer loop
      vertex -69.92073848098516 -48.02277062833309 0
      vertex -70.24765755236149 -47.62441858649254 4.35
      vertex -70.24765755236149 -47.62441858649254 0
    endloop
  endfacet
  facet normal -0.7730104539770148 -0.6343932834151457 0
    outer loop
      vertex -69.92073848098516 -48.02277062833309 0
      vertex -69.92073848098516 -48.02277062833309 4.35
      vertex -70.24765755236149 -47.62441858649254 4.35
    endloop
  endfacet
  facet normal -0.7298640783942463 -0.6835922959408756 0
    outer loop
      vertex -69.56846590340137 -48.39888823777437 0
      vertex -69.92073848098516 -48.02277062833309 4.35
      vertex -69.92073848098516 -48.02277062833309 0
    endloop
  endfacet
  facet normal -0.7298640783942463 -0.6835922959408756 0
    outer loop
      vertex -69.56846590340137 -48.39888823777437 0
      vertex -69.56846590340137 -48.39888823777437 4.35
      vertex -69.92073848098516 -48.02277062833309 4.35
    endloop
  endfacet
  facet normal -0.6835922959408756 -0.7298640783942463 0
    outer loop
      vertex -69.1923482939601 -48.75116081535816 0
      vertex -69.56846590340137 -48.39888823777437 4.35
      vertex -69.56846590340137 -48.39888823777437 0
    endloop
  endfacet
  facet normal -0.6835922959408756 -0.7298640783942463 0
    outer loop
      vertex -69.1923482939601 -48.75116081535816 0
      vertex -69.1923482939601 -48.75116081535816 4.35
      vertex -69.56846590340137 -48.39888823777437 4.35
    endloop
  endfacet
  facet normal -0.6343932834151457 -0.7730104539770148 0
    outer loop
      vertex -68.79399625211954 -49.078079886734486 0
      vertex -69.1923482939601 -48.75116081535816 4.35
      vertex -69.1923482939601 -48.75116081535816 0
    endloop
  endfacet
  facet normal -0.6343932834151457 -0.7730104539770148 0
    outer loop
      vertex -68.79399625211954 -49.078079886734486 0
      vertex -68.79399625211954 -49.078079886734486 4.35
      vertex -69.1923482939601 -48.75116081535816 4.35
    endloop
  endfacet
  facet normal -0.5824777058260716 -0.81284667817221 0
    outer loop
      vertex -68.37511558830738 -49.378245532512665 0
      vertex -68.79399625211954 -49.078079886734486 4.35
      vertex -68.79399625211954 -49.078079886734486 0
    endloop
  endfacet
  facet normal -0.5824777058260716 -0.81284667817221 0
    outer loop
      vertex -68.37511558830738 -49.378245532512665 0
      vertex -68.37511558830738 -49.378245532512665 4.35
      vertex -68.79399625211954 -49.078079886734486 4.35
    endloop
  endfacet
  facet normal -0.5280678415651048 -0.8492021871761586 0
    outer loop
      vertex -67.9375 -49.6503723859787 0
      vertex -68.37511558830738 -49.378245532512665 4.35
      vertex -68.37511558830738 -49.378245532512665 0
    endloop
  endfacet
  facet normal -0.5280678415651048 -0.8492021871761586 0
    outer loop
      vertex -67.9375 -49.6503723859787 0
      vertex -67.9375 -49.6503723859787 4.35
      vertex -68.37511558830738 -49.378245532512665 4.35
    endloop
  endfacet
  facet normal -0.47139674476772503 -0.8819212601034132 0
    outer loop
      vertex -67.4830234348774 -49.89329517632723 0
      vertex -67.9375 -49.6503723859787 4.35
      vertex -67.9375 -49.6503723859787 0
    endloop
  endfacet
  facet normal -0.47139674476772503 -0.8819212601034132 0
    outer loop
      vertex -67.4830234348774 -49.89329517632723 0
      vertex -67.4830234348774 -49.89329517632723 4.35
      vertex -67.9375 -49.6503723859787 4.35
    endloop
  endfacet
  facet normal -0.4127070269376003 -0.9108638262201034 0
    outer loop
      vertex -67.01363202929497 -50.10597365349531 0
      vertex -67.4830234348774 -49.89329517632723 4.35
      vertex -67.4830234348774 -49.89329517632723 0
    endloop
  endfacet
  facet normal -0.4127070269376003 -0.9108638262201034 0
    outer loop
      vertex -67.01363202929497 -50.10597365349531 0
      vertex -67.01363202929497 -50.10597365349531 4.35
      vertex -67.4830234348774 -49.89329517632723 4.35
    endloop
  endfacet
  facet normal -0.3522500435974159 -0.9359059283846953 0
    outer loop
      vertex -66.531335785985 -50.287497103214264 0
      vertex -67.01363202929497 -50.10597365349531 4.35
      vertex -67.01363202929497 -50.10597365349531 0
    endloop
  endfacet
  facet normal -0.3522500435974159 -0.9359059283846953 0
    outer loop
      vertex -66.531335785985 -50.287497103214264 0
      vertex -66.531335785985 -50.287497103214264 4.35
      vertex -67.01363202929497 -50.10597365349531 4.35
    endloop
  endfacet
  facet normal -0.29028467797617463 -0.95694033551328 0
    outer loop
      vertex -66.0381999835372 -50.43708821386099 0
      vertex -66.531335785985 -50.287497103214264 4.35
      vertex -66.531335785985 -50.287497103214264 0
    endloop
  endfacet
  facet normal -0.29028467797617463 -0.95694033551328 0
    outer loop
      vertex -66.0381999835372 -50.43708821386099 0
      vertex -66.0381999835372 -50.43708821386099 4.35
      vertex -66.531335785985 -50.287497103214264 4.35
    endloop
  endfacet
  facet normal -0.22707626117051696 -0.9738769797119239 0
    outer loop
      vertex -65.5363362878561 -50.554106414318085 0
      vertex -66.0381999835372 -50.43708821386099 4.35
      vertex -66.0381999835372 -50.43708821386099 0
    endloop
  endfacet
  facet normal -0.22707626117051696 -0.9738769797119239 0
    outer loop
      vertex -65.5363362878561 -50.554106414318085 0
      vertex -65.5363362878561 -50.554106414318085 4.35
      vertex -66.0381999835372 -50.43708821386099 4.35
    endloop
  endfacet
  facet normal -0.1628954762267468 -0.9866433316172877 0
    outer loop
      vertex -65.02789376676083 -50.638050615787506 0
      vertex -65.5363362878561 -50.554106414318085 4.35
      vertex -65.5363362878561 -50.554106414318085 0
    endloop
  endfacet
  facet normal -0.1628954762267468 -0.9866433316172877 0
    outer loop
      vertex -65.02789376676083 -50.638050615787506 0
      vertex -65.02789376676083 -50.638050615787506 4.35
      vertex -65.5363362878561 -50.554106414318085 4.35
    endloop
  endfacet
  facet normal -0.09801714878162468 -0.9951847258397412 0
    outer loop
      vertex -64.51504964381456 -50.688561357557774 0
      vertex -65.02789376676083 -50.638050615787506 4.35
      vertex -65.02789376676083 -50.638050615787506 0
    endloop
  endfacet
  facet normal -0.09801714878162468 -0.9951847258397412 0
    outer loop
      vertex -64.51504964381456 -50.688561357557774 0
      vertex -64.51504964381456 -50.688561357557774 4.35
      vertex -65.02789376676083 -50.638050615787506 4.35
    endloop
  endfacet
  facet normal -0.03271907755371875 -0.999464587648824 0
    outer loop
      vertex -64 -50.705422334373 0
      vertex -64.51504964381456 -50.688561357557774 4.35
      vertex -64.51504964381456 -50.688561357557774 0
    endloop
  endfacet
  facet normal -0.03271907755371875 -0.999464587648824 0
    outer loop
      vertex -64 -50.705422334373 0
      vertex -64 -50.705422334373 4.35
      vertex -64.51504964381456 -50.688561357557774 4.35
    endloop
  endfacet
  facet normal 0 -1 0
    outer loop
      vertex 64 -50.705422334373 0
      vertex -64 -50.705422334373 4.35
      vertex -64 -50.705422334373 0
    endloop
  endfacet
  facet normal 0 -1 0
    outer loop
      vertex 64 -50.705422334373 0
      vertex 64 -50.705422334373 4.35
      vertex -64 -50.705422334373 4.35
    endloop
  endfacet
  facet normal 0.03271907755371875 -0.999464587648824 0
    outer loop
      vertex 64.51504964381456 -50.688561357557774 0
      vertex 64 -50.705422334373 4.35
      vertex 64 -50.705422334373 0
    endloop
  endfacet
  facet normal 0.03271907755371875 -0.999464587648824 0
    outer loop
      vertex 64.51504964381456 -50.688561357557774 0
      vertex 64.51504964381456 -50.688561357557774 4.35
      vertex 64 -50.705422334373 4.35
    endloop
  endfacet
  facet normal 0.032719081877998255 0.9994645875072616 0
    outer loop
      vertex -38.44388688355684 -38.495289631187916 0
      vertex -38.44388688355684 -38.495289631187916 4.35
      vertex -38.29999999701977 -38.5 0
    endloop
  endfacet
  facet normal 0.032719081877998255 0.9994645875072616 0
    outer loop
      vertex -38.29999999701977 -38.5 4.35
      vertex -38.29999999701977 -38.5 0
      vertex -38.44388688355684 -38.495289631187916 4.35
    endloop
  endfacet
  facet normal 0.09801715152442476 0.995184725569599 0
    outer loop
      vertex -38.58715762197971 -38.48117869347334 0
      vertex -38.58715762197971 -38.48117869347334 4.35
      vertex -38.44388688355684 -38.495289631187916 0
    endloop
  endfacet
  facet normal 0.09801715152442476 0.995184725569599 0
    outer loop
      vertex -38.44388688355684 -38.495289631187916 4.35
      vertex -38.44388688355684 -38.495289631187916 0
      vertex -38.58715762197971 -38.48117869347334 4.35
    endloop
  endfacet
  facet normal 0.16289550050373786 0.9866433276091399 0
    outer loop
      vertex -38.72919870913029 -38.45772761106491 0
      vertex -38.72919870913029 -38.45772761106491 4.35
      vertex -38.58715762197971 -38.48117869347334 0
    endloop
  endfacet
  facet normal 0.16289550050373786 0.9866433276091399 0
    outer loop
      vertex -38.58715762197971 -38.48117869347334 4.35
      vertex -38.58715762197971 -38.48117869347334 0
      vertex -38.72919870913029 -38.45772761106491 4.35
    endloop
  endfacet
  facet normal 0.22707623329767604 0.9738769862109585 0
    outer loop
      vertex -38.86940189450979 -38.42503681778908 0
      vertex -38.86940189450979 -38.42503681778908 4.35
      vertex -38.72919870913029 -38.45772761106491 0
    endloop
  endfacet
  facet normal 0.22707623329767604 0.9738769862109585 0
    outer loop
      vertex -38.72919870913029 -38.45772761106491 4.35
      vertex -38.72919870913029 -38.45772761106491 0
      vertex -38.86940189450979 -38.42503681778908 4.35
    endloop
  endfacet
  facet normal 0.2902847086987408 0.9569403261936907 0
    outer loop
      vertex -39.00716681778431 -38.38324628025293 0
      vertex -39.00716681778431 -38.38324628025293 4.35
      vertex -38.86940189450979 -38.42503681778908 0
    endloop
  endfacet
  facet normal 0.2902847086987408 0.9569403261936907 0
    outer loop
      vertex -38.86940189450979 -38.42503681778908 4.35
      vertex -38.86940189450979 -38.42503681778908 0
      vertex -39.00716681778431 -38.38324628025293 4.35
    endloop
  endfacet
  facet normal 0.352250026552026 0.9359059348001255 0
    outer loop
      vertex -39.141903549432755 -38.332534968853 0
      vertex -39.141903549432755 -38.332534968853 4.35
      vertex -39.00716681778431 -38.38324628025293 0
    endloop
  endfacet
  facet normal 0.352250026552026 0.9359059348001255 0
    outer loop
      vertex -39.00716681778431 -38.38324628025293 4.35
      vertex -39.00716681778431 -38.38324628025293 0
      vertex -39.141903549432755 -38.332534968853 4.35
    endloop
  endfacet
  facet normal 0.4127070184968952 0.9108638300445371 0
    outer loop
      vertex -39.2730351164937 -38.273120030760765 0
      vertex -39.2730351164937 -38.273120030760765 4.35
      vertex -39.141903549432755 -38.332534968853 0
    endloop
  endfacet
  facet normal 0.4127070184968952 0.9108638300445371 0
    outer loop
      vertex -39.141903549432755 -38.332534968853 4.35
      vertex -39.141903549432755 -38.332534968853 0
      vertex -39.2730351164937 -38.273120030760765 4.35
    endloop
  endfacet
  facet normal 0.4713967316717486 0.8819212671033585 0
    outer loop
      vertex -39.399999998509884 -38.20525588840246 0
      vertex -39.399999998509884 -38.20525588840246 4.35
      vertex -39.2730351164937 -38.273120030760765 0
    endloop
  endfacet
  facet normal 0.4713967316717486 0.8819212671033585 0
    outer loop
      vertex -39.2730351164937 -38.273120030760765 4.35
      vertex -39.2730351164937 -38.273120030760765 0
      vertex -39.399999998509884 -38.20525588840246 4.35
    endloop
  endfacet
  facet normal 0.5280678635228664 0.8492021735219449 0
    outer loop
      vertex -39.52225451171398 -38.12923314422369 0
      vertex -39.52225451171398 -38.12923314422369 4.35
      vertex -39.399999998509884 -38.20525588840246 0
    endloop
  endfacet
  facet normal 0.5280678635228664 0.8492021735219449 0
    outer loop
      vertex -39.399999998509884 -38.20525588840246 4.35
      vertex -39.399999998509884 -38.20525588840246 0
      vertex -39.52225451171398 -38.12923314422369 4.35
    endloop
  endfacet
  facet normal 0.5824777116316723 0.8128466740119754 0
    outer loop
      vertex -39.63927514106035 -38.04537734389305 0
      vertex -39.63927514106035 -38.04537734389305 4.35
      vertex -39.52225451171398 -38.12923314422369 0
    endloop
  endfacet
  facet normal 0.5824777116316723 0.8128466740119754 0
    outer loop
      vertex -39.52225451171398 -38.12923314422369 4.35
      vertex -39.52225451171398 -38.12923314422369 0
      vertex -39.63927514106035 -38.04537734389305 4.35
    endloop
  endfacet
  facet normal 0.6343932685786593 0.7730104661530045 0
    outer loop
      vertex -39.75056079030037 -37.954047575592995 0
      vertex -39.75056079030037 -37.954047575592995 4.35
      vertex -39.63927514106035 -38.04537734389305 0
    endloop
  endfacet
  facet normal 0.6343932685786593 0.7730104661530045 0
    outer loop
      vertex -39.63927514106035 -38.04537734389305 4.35
      vertex -39.63927514106035 -38.04537734389305 0
      vertex -39.75056079030037 -37.954047575592995 4.35
    endloop
  endfacet
  facet normal 0.6835923300083221 0.7298640464865995 0
    outer loop
      vertex -39.85563491284847 -37.85563491284847 0
      vertex -39.85563491284847 -37.85563491284847 4.35
      vertex -39.75056079030037 -37.954047575592995 0
    endloop
  endfacet
  facet normal 0.6835923300083221 0.7298640464865995 0
    outer loop
      vertex -39.75056079030037 -37.954047575592995 4.35
      vertex -39.75056079030037 -37.954047575592995 0
      vertex -39.85563491284847 -37.85563491284847 4.35
    endloop
  endfacet
  facet normal 0.7298640464865995 0.6835923300083221 0
    outer loop
      vertex -39.954047575592995 -37.75056079030037 0
      vertex -39.954047575592995 -37.75056079030037 4.35
      vertex -39.85563491284847 -37.85563491284847 0
    endloop
  endfacet
  facet normal 0.7298640464865995 0.6835923300083221 0
    outer loop
      vertex -39.85563491284847 -37.85563491284847 4.35
      vertex -39.85563491284847 -37.85563491284847 0
      vertex -39.954047575592995 -37.75056079030037 4.35
    endloop
  endfacet
  facet normal 0.7730104661530045 0.6343932685786593 0
    outer loop
      vertex -40.04537734389305 -37.63927514106035 0
      vertex -40.04537734389305 -37.63927514106035 4.35
      vertex -39.954047575592995 -37.75056079030037 0
    endloop
  endfacet
  facet normal 0.7730104661530045 0.6343932685786593 0
    outer loop
      vertex -39.954047575592995 -37.75056079030037 4.35
      vertex -39.954047575592995 -37.75056079030037 0
      vertex -40.04537734389305 -37.63927514106035 4.35
    endloop
  endfacet
  facet normal 0.8128466740119754 0.5824777116316723 0
    outer loop
      vertex -40.12923314422369 -37.52225451171398 0
      vertex -40.12923314422369 -37.52225451171398 4.35
      vertex -40.04537734389305 -37.63927514106035 0
    endloop
  endfacet
  facet normal 0.8128466740119754 0.5824777116316723 0
    outer loop
      vertex -40.04537734389305 -37.63927514106035 4.35
      vertex -40.04537734389305 -37.63927514106035 0
      vertex -40.12923314422369 -37.52225451171398 4.35
    endloop
  endfacet
  facet normal 0.8492021735219449 0.5280678635228664 0
    outer loop
      vertex -40.20525588840246 -37.399999998509884 0
      vertex -40.20525588840246 -37.399999998509884 4.35
      vertex -40.12923314422369 -37.52225451171398 0
    endloop
  endfacet
  facet normal 0.8492021735219449 0.5280678635228664 0
    outer loop
      vertex -40.12923314422369 -37.52225451171398 4.35
      vertex -40.12923314422369 -37.52225451171398 0
      vertex -40.20525588840246 -37.399999998509884 4.35
    endloop
  endfacet
  facet normal 0.8819212671033585 0.4713967316717486 0
    outer loop
      vertex -40.273120030760765 -37.2730351164937 0
      vertex -40.273120030760765 -37.2730351164937 4.35
      vertex -40.20525588840246 -37.399999998509884 0
    endloop
  endfacet
  facet normal 0.8819212671033585 0.4713967316717486 0
    outer loop
      vertex -40.20525588840246 -37.399999998509884 4.35
      vertex -40.20525588840246 -37.399999998509884 0
      vertex -40.273120030760765 -37.2730351164937 4.35
    endloop
  endfacet
  facet normal 0.9108638300445371 0.4127070184968952 0
    outer loop
      vertex -40.332534968853 -37.141903549432755 0
      vertex -40.332534968853 -37.141903549432755 4.35
      vertex -40.273120030760765 -37.2730351164937 0
    endloop
  endfacet
  facet normal 0.9108638300445371 0.4127070184968952 0
    outer loop
      vertex -40.273120030760765 -37.2730351164937 4.35
      vertex -40.273120030760765 -37.2730351164937 0
      vertex -40.332534968853 -37.141903549432755 4.35
    endloop
  endfacet
  facet normal 0.9359059348001255 0.352250026552026 0
    outer loop
      vertex -40.38324628025293 -37.00716681778431 0
      vertex -40.38324628025293 -37.00716681778431 4.35
      vertex -40.332534968853 -37.141903549432755 0
    endloop
  endfacet
  facet normal 0.9359059348001255 0.352250026552026 0
    outer loop
      vertex -40.332534968853 -37.141903549432755 4.35
      vertex -40.332534968853 -37.141903549432755 0
      vertex -40.38324628025293 -37.00716681778431 4.35
    endloop
  endfacet
  facet normal 0.9569403261936907 0.2902847086987408 0
    outer loop
      vertex -40.42503681778908 -36.86940189450979 0
      vertex -40.42503681778908 -36.86940189450979 4.35
      vertex -40.38324628025293 -37.00716681778431 0
    endloop
  endfacet
  facet normal 0.9569403261936907 0.2902847086987408 0
    outer loop
      vertex -40.38324628025293 -37.00716681778431 4.35
      vertex -40.38324628025293 -37.00716681778431 0
      vertex -40.42503681778908 -36.86940189450979 4.35
    endloop
  endfacet
  facet normal 0.9738769862109585 0.22707623329767604 0
    outer loop
      vertex -40.45772761106491 -36.72919870913029 0
      vertex -40.45772761106491 -36.72919870913029 4.35
      vertex -40.42503681778908 -36.86940189450979 0
    endloop
  endfacet
  facet normal 0.9738769862109585 0.22707623329767604 0
    outer loop
      vertex -40.42503681778908 -36.86940189450979 4.35
      vertex -40.42503681778908 -36.86940189450979 0
      vertex -40.45772761106491 -36.72919870913029 4.35
    endloop
  endfacet
  facet normal 0.9866433276091399 0.16289550050373786 0
    outer loop
      vertex -40.48117869347334 -36.58715762197971 0
      vertex -40.48117869347334 -36.58715762197971 4.35
      vertex -40.45772761106491 -36.72919870913029 0
    endloop
  endfacet
  facet normal 0.9866433276091399 0.16289550050373786 0
    outer loop
      vertex -40.45772761106491 -36.72919870913029 4.35
      vertex -40.45772761106491 -36.72919870913029 0
      vertex -40.48117869347334 -36.58715762197971 4.35
    endloop
  endfacet
  facet normal 0.995184725569599 0.09801715152442476 0
    outer loop
      vertex -40.495289631187916 -36.44388688355684 0
      vertex -40.495289631187916 -36.44388688355684 4.35
      vertex -40.48117869347334 -36.58715762197971 0
    endloop
  endfacet
  facet normal 0.995184725569599 0.09801715152442476 0
    outer loop
      vertex -40.48117869347334 -36.58715762197971 4.35
      vertex -40.48117869347334 -36.58715762197971 0
      vertex -40.495289631187916 -36.44388688355684 4.35
    endloop
  endfacet
  facet normal 0.9994645875072616 0.032719081877998255 0
    outer loop
      vertex -40.5 -36.29999999701977 0
      vertex -40.5 -36.29999999701977 4.35
      vertex -40.495289631187916 -36.44388688355684 0
    endloop
  endfacet
  facet normal 0.9994645875072616 0.032719081877998255 0
    outer loop
      vertex -40.495289631187916 -36.44388688355684 4.35
      vertex -40.495289631187916 -36.44388688355684 0
      vertex -40.5 -36.29999999701977 4.35
    endloop
  endfacet
  facet normal 1 0 0
    outer loop
      vertex -40.5 -30.700000002980232 0
      vertex -40.5 -30.700000002980232 4.35
      vertex -40.5 -36.29999999701977 0
    endloop
  endfacet
  facet normal 1 0 0
    outer loop
      vertex -40.5 -36.29999999701977 4.35
      vertex -40.5 -36.29999999701977 0
      vertex -40.5 -30.700000002980232 4.35
    endloop
  endfacet
  facet normal 0.9994645875072616 -0.032719081877998255 0
    outer loop
      vertex -40.495289631187916 -30.556113116443157 0
      vertex -40.495289631187916 -30.556113116443157 4.35
      vertex -40.5 -30.700000002980232 0
    endloop
  endfacet
  facet normal 0.9994645875072616 -0.032719081877998255 0
    outer loop
      vertex -40.5 -30.700000002980232 4.35
      vertex -40.5 -30.700000002980232 0
      vertex -40.495289631187916 -30.556113116443157 4.35
    endloop
  endfacet
  facet normal 0.995184725569599 -0.09801715152442476 0
    outer loop
      vertex -40.48117869347334 -30.412842378020287 0
      vertex -40.48117869347334 -30.412842378020287 4.35
      vertex -40.495289631187916 -30.556113116443157 0
    endloop
  endfacet
  facet normal 0.995184725569599 -0.09801715152442476 0
    outer loop
      vertex -40.495289631187916 -30.556113116443157 4.35
      vertex -40.495289631187916 -30.556113116443157 0
      vertex -40.48117869347334 -30.412842378020287 4.35
    endloop
  endfacet
  facet normal 0.9866433276091399 -0.16289550050373786 0
    outer loop
      vertex -40.45772761106491 -30.270801290869713 0
      vertex -40.45772761106491 -30.270801290869713 4.35
      vertex -40.48117869347334 -30.412842378020287 0
    endloop
  endfacet
  facet normal 0.9866433276091399 -0.16289550050373786 0
    outer loop
      vertex -40.48117869347334 -30.412842378020287 4.35
      vertex -40.48117869347334 -30.412842378020287 0
      vertex -40.45772761106491 -30.270801290869713 4.35
    endloop
  endfacet
  facet normal 0.9738769862109585 -0.22707623329767604 0
    outer loop
      vertex -40.42503681778908 -30.130598105490208 0
      vertex -40.42503681778908 -30.130598105490208 4.35
      vertex -40.45772761106491 -30.270801290869713 0
    endloop
  endfacet
  facet normal 0.9738769862109585 -0.22707623329767604 0
    outer loop
      vertex -40.45772761106491 -30.270801290869713 4.35
      vertex -40.45772761106491 -30.270801290869713 0
      vertex -40.42503681778908 -30.130598105490208 4.35
    endloop
  endfacet
  facet normal 0.9569403261936907 -0.2902847086987408 0
    outer loop
      vertex -40.38324628025293 -29.99283318221569 0
      vertex -40.38324628025293 -29.99283318221569 4.35
      vertex -40.42503681778908 -30.130598105490208 0
    endloop
  endfacet
  facet normal 0.9569403261936907 -0.2902847086987408 0
    outer loop
      vertex -40.42503681778908 -30.130598105490208 4.35
      vertex -40.42503681778908 -30.130598105490208 0
      vertex -40.38324628025293 -29.99283318221569 4.35
    endloop
  endfacet
  facet normal 0.9359059348001255 -0.352250026552026 0
    outer loop
      vertex -40.332534968853 -29.858096450567245 0
      vertex -40.332534968853 -29.858096450567245 4.35
      vertex -40.38324628025293 -29.99283318221569 0
    endloop
  endfacet
  facet normal 0.9359059348001255 -0.352250026552026 0
    outer loop
      vertex -40.38324628025293 -29.99283318221569 4.35
      vertex -40.38324628025293 -29.99283318221569 0
      vertex -40.332534968853 -29.858096450567245 4.35
    endloop
  endfacet
  facet normal 0.9108638327645997 -0.41270701249358904 0
    outer loop
      vertex -40.28631968051195 -29.75609713047743 0
      vertex -40.28631968051195 -29.75609713047743 4.35
      vertex -40.332534968853 -29.858096450567245 0
    endloop
  endfacet
  facet normal 0.9108638327645997 -0.41270701249358904 0
    outer loop
      vertex -40.332534968853 -29.858096450567245 4.35
      vertex -40.332534968853 -29.858096450567245 0
      vertex -40.28631968051195 -29.75609713047743 4.35
    endloop
  endfacet
  facet normal 0.09801708059094283 0.9951847325559354 0
    outer loop
      vertex -40.415785767138004 -29.743345841765404 0
      vertex -40.415785767138004 -29.743345841765404 4.35
      vertex -40.28631968051195 -29.75609713047743 0
    endloop
  endfacet
  facet normal 0.09801708059094283 0.9951847325559354 0
    outer loop
      vertex -40.28631968051195 -29.75609713047743 4.35
      vertex -40.28631968051195 -29.75609713047743 0
      vertex -40.415785767138004 -29.743345841765404 4.35
    endloop
  endfacet
  facet normal 0.1628954729438304 0.9866433321592996 0
    outer loop
      vertex -42.35270965844393 -29.42355841398239 0
      vertex -42.35270965844393 -29.42355841398239 4.35
      vertex -40.415785767138004 -29.743345841765404 0
    endloop
  endfacet
  facet normal 0.1628954729438304 0.9866433321592996 0
    outer loop
      vertex -40.415785767138004 -29.743345841765404 4.35
      vertex -40.415785767138004 -29.743345841765404 0
      vertex -42.35270965844393 -29.42355841398239 4.35
    endloop
  endfacet
  facet normal 0.22707626230731257 0.9738769794468604 0
    outer loop
      vertex -44.264571353793144 -28.977774791419506 0
      vertex -44.264571353793144 -28.977774791419506 4.35
      vertex -42.35270965844393 -29.42355841398239 0
    endloop
  endfacet
  facet normal 0.22707626230731257 0.9738769794468604 0
    outer loop
      vertex -42.35270965844393 -29.42355841398239 4.35
      vertex -42.35270965844393 -29.42355841398239 0
      vertex -44.264571353793144 -28.977774791419506 4.35
    endloop
  endfacet
  facet normal 0.29028467713969897 0.956940335767022 0
    outer loop
      vertex -46.14318396151066 -28.407903887331486 0
      vertex -46.14318396151066 -28.407903887331486 4.35
      vertex -44.264571353793144 -28.977774791419506 0
    endloop
  endfacet
  facet normal 0.29028467713969897 0.956940335767022 0
    outer loop
      vertex -44.264571353793144 -28.977774791419506 4.35
      vertex -44.264571353793144 -28.977774791419506 0
      vertex -46.14318396151066 -28.407903887331486 4.35
    endloop
  endfacet
  facet normal 0.35225004944279825 0.9359059261846493 0
    outer loop
      vertex -47.98050297051668 -27.71638597548008 0
      vertex -47.98050297051668 -27.71638597548008 4.35
      vertex -46.14318396151066 -28.407903887331486 0
    endloop
  endfacet
  facet normal 0.35225004944279825 0.9359059261846493 0
    outer loop
      vertex -46.14318396151066 -28.407903887331486 4.35
      vertex -46.14318396151066 -28.407903887331486 0
      vertex -47.98050297051668 -27.71638597548008 4.35
    endloop
  endfacet
  facet normal 0.412707029924782 0.9108638248666291 0
    outer loop
      vertex -49.768660709261894 -26.90618224442005 0
      vertex -49.768660709261894 -26.90618224442005 4.35
      vertex -47.98050297051668 -27.71638597548008 0
    endloop
  endfacet
  facet normal 0.412707029924782 0.9108638248666291 0
    outer loop
      vertex -47.98050297051668 -27.71638597548008 4.35
      vertex -47.98050297051668 -27.71638597548008 0
      vertex -49.768660709261894 -26.90618224442005 4.35
    endloop
  endfacet
  facet normal 0.4713967355583311 0.8819212650259368 0
    outer loop
      vertex -51.5 -25.980762116611004 0
      vertex -51.5 -25.980762116611004 4.35
      vertex -49.768660709261894 -26.90618224442005 0
    endloop
  endfacet
  facet normal 0.4713967355583311 0.8819212650259368 0
    outer loop
      vertex -49.768660709261894 -26.90618224442005 4.35
      vertex -49.768660709261894 -26.90618224442005 0
      vertex -51.5 -25.980762116611004 4.35
    endloop
  endfacet
  facet normal 0.5280678509213731 0.8492021813580571 0
    outer loop
      vertex -53.16710699349642 -24.944088369607925 0
      vertex -53.16710699349642 -24.944088369607925 4.35
      vertex -51.5 -25.980762116611004 0
    endloop
  endfacet
  facet normal 0.5280678509213731 0.8492021813580571 0
    outer loop
      vertex -51.5 -25.980762116611004 4.35
      vertex -51.5 -25.980762116611004 0
      vertex -53.16710699349642 -24.944088369607925 4.35
    endloop
  endfacet
  facet normal 0.5824776976430034 0.8128466840361138 0
    outer loop
      vertex -54.76284287124872 -23.800600208342075 0
      vertex -54.76284287124872 -23.800600208342075 4.35
      vertex -53.16710699349642 -24.944088369607925 0
    endloop
  endfacet
  facet normal 0.5824776976430034 0.8128466840361138 0
    outer loop
      vertex -53.16710699349642 -24.944088369607925 4.35
      vertex -53.16710699349642 -24.944088369607925 0
      vertex -54.76284287124872 -23.800600208342075 4.35
    endloop
  endfacet
  facet normal 0.6343932853150274 0.7730104524178223 0
    outer loop
      vertex -56.28037445247173 -22.555194221436977 0
      vertex -56.28037445247173 -22.555194221436977 4.35
      vertex -54.76284287124872 -23.800600208342075 0
    endloop
  endfacet
  facet normal 0.6343932853150274 0.7730104524178223 0
    outer loop
      vertex -54.76284287124872 -23.800600208342075 4.35
      vertex -54.76284287124872 -23.800600208342075 0
      vertex -56.28037445247173 -22.555194221436977 4.35
    endloop
  endfacet
  facet normal 0.6835923000256636 0.7298640745684248 0
    outer loop
      vertex -57.71320343762636 -21.213203437626362 0
      vertex -57.71320343762636 -21.213203437626362 4.35
      vertex -56.28037445247173 -22.555194221436977 0
    endloop
  endfacet
  facet normal 0.6835923000256636 0.7298640745684248 0
    outer loop
      vertex -56.28037445247173 -22.555194221436977 4.35
      vertex -56.28037445247173 -22.555194221436977 0
      vertex -57.71320343762636 -21.213203437626362 4.35
    endloop
  endfacet
  facet normal 0.7298640745684248 0.6835923000256636 0
    outer loop
      vertex -59.05519422143698 -19.780374452471733 0
      vertex -59.05519422143698 -19.780374452471733 4.35
      vertex -57.71320343762636 -21.213203437626362 0
    endloop
  endfacet
  facet normal 0.7298640745684248 0.6835923000256636 0
    outer loop
      vertex -57.71320343762636 -21.213203437626362 4.35
      vertex -57.71320343762636 -21.213203437626362 0
      vertex -59.05519422143698 -19.780374452471733 4.35
    endloop
  endfacet
  facet normal 0.7730104524178223 0.6343932853150274 0
    outer loop
      vertex -60.300600208342075 -18.262842871248722 0
      vertex -60.300600208342075 -18.262842871248722 4.35
      vertex -59.05519422143698 -19.780374452471733 0
    endloop
  endfacet
  facet normal 0.7730104524178223 0.6343932853150274 0
    outer loop
      vertex -59.05519422143698 -19.780374452471733 4.35
      vertex -59.05519422143698 -19.780374452471733 0
      vertex -60.300600208342075 -18.262842871248722 4.35
    endloop
  endfacet
  facet normal 0.8128466840361138 0.5824776976430034 0
    outer loop
      vertex -61.444088369607925 -16.667106993496418 0
      vertex -61.444088369607925 -16.667106993496418 4.35
      vertex -60.300600208342075 -18.262842871248722 0
    endloop
  endfacet
  facet normal 0.8128466840361138 0.5824776976430034 0
    outer loop
      vertex -60.300600208342075 -18.262842871248722 4.35
      vertex -60.300600208342075 -18.262842871248722 0
      vertex -61.444088369607925 -16.667106993496418 4.35
    endloop
  endfacet
  facet normal 0.8492021813580571 0.5280678509213731 0
    outer loop
      vertex -62.480762116611004 -15 0
      vertex -62.480762116611004 -15 4.35
      vertex -61.444088369607925 -16.667106993496418 0
    endloop
  endfacet
  facet normal 0.8492021813580571 0.5280678509213731 0
    outer loop
      vertex -61.444088369607925 -16.667106993496418 4.35
      vertex -61.444088369607925 -16.667106993496418 0
      vertex -62.480762116611004 -15 4.35
    endloop
  endfacet
  facet normal 0.8819212650259368 0.4713967355583311 0
    outer loop
      vertex -63.40618224442005 -13.268660709261894 0
      vertex -63.40618224442005 -13.268660709261894 4.35
      vertex -62.480762116611004 -15 0
    endloop
  endfacet
  facet normal 0.8819212650259368 0.4713967355583311 0
    outer loop
      vertex -62.480762116611004 -15 4.35
      vertex -62.480762116611004 -15 0
      vertex -63.40618224442005 -13.268660709261894 4.35
    endloop
  endfacet
  facet normal 0.9108638248666291 0.412707029924782 0
    outer loop
      vertex -64.21638597548008 -11.480502970516682 0
      vertex -64.21638597548008 -11.480502970516682 4.35
      vertex -63.40618224442005 -13.268660709261894 0
    endloop
  endfacet
  facet normal 0.9108638248666291 0.412707029924782 0
    outer loop
      vertex -63.40618224442005 -13.268660709261894 4.35
      vertex -63.40618224442005 -13.268660709261894 0
      vertex -64.21638597548008 -11.480502970516682 4.35
    endloop
  endfacet
  facet normal 0.9359059261846493 0.35225004944279825 0
    outer loop
      vertex -64.90790388733149 -9.643183961510658 0
      vertex -64.90790388733149 -9.643183961510658 4.35
      vertex -64.21638597548008 -11.480502970516682 0
    endloop
  endfacet
  facet normal 0.9359059261846493 0.35225004944279825 0
    outer loop
      vertex -64.21638597548008 -11.480502970516682 4.35
      vertex -64.21638597548008 -11.480502970516682 0
      vertex -64.90790388733149 -9.643183961510658 4.35
    endloop
  endfacet
  facet normal 0.956940335767022 0.29028467713969897 0
    outer loop
      vertex -65.4777747914195 -7.764571353793144 0
      vertex -65.4777747914195 -7.764571353793144 4.35
      vertex -64.90790388733149 -9.643183961510658 0
    endloop
  endfacet
  facet normal 0.956940335767022 0.29028467713969897 0
    outer loop
      vertex -64.90790388733149 -9.643183961510658 4.35
      vertex -64.90790388733149 -9.643183961510658 0
      vertex -65.4777747914195 -7.764571353793144 4.35
    endloop
  endfacet
  facet normal 0.9738769794468604 0.22707626230731257 0
    outer loop
      vertex -65.92355841398239 -5.852709658443928 0
      vertex -65.92355841398239 -5.852709658443928 4.35
      vertex -65.4777747914195 -7.764571353793144 0
    endloop
  endfacet
  facet normal 0.9738769794468604 0.22707626230731257 0
    outer loop
      vertex -65.4777747914195 -7.764571353793144 4.35
      vertex -65.4777747914195 -7.764571353793144 0
      vertex -65.92355841398239 -5.852709658443928 4.35
    endloop
  endfacet
  facet normal 0.9866433321592996 0.1628954729438304 0
    outer loop
      vertex -66.2433458417654 -3.9157857671380043 0
      vertex -66.2433458417654 -3.9157857671380043 4.35
      vertex -65.92355841398239 -5.852709658443928 0
    endloop
  endfacet
  facet normal 0.9866433321592996 0.1628954729438304 0
    outer loop
      vertex -65.92355841398239 -5.852709658443928 4.35
      vertex -65.92355841398239 -5.852709658443928 0
      vertex -66.2433458417654 -3.9157857671380043 4.35
    endloop
  endfacet
  facet normal 0.9951847268043855 0.0980171389874271 0
    outer loop
      vertex -66.43576769530773 -1.9620938748121262 0
      vertex -66.43576769530773 -1.9620938748121262 4.35
      vertex -66.2433458417654 -3.9157857671380043 0
    endloop
  endfacet
  facet normal 0.9951847268043855 0.0980171389874271 0
    outer loop
      vertex -66.2433458417654 -3.9157857671380043 4.35
      vertex -66.2433458417654 -3.9157857671380043 0
      vertex -66.43576769530773 -1.9620938748121262 4.35
    endloop
  endfacet
  facet normal 0.9994645874444017 0.032719083798173614 0
    outer loop
      vertex -66.5 0 0
      vertex -66.5 0 4.35
      vertex -66.43576769530773 -1.9620938748121262 0
    endloop
  endfacet
  facet normal 0.9994645874444017 0.032719083798173614 0
    outer loop
      vertex -66.43576769530773 -1.9620938748121262 4.35
      vertex -66.43576769530773 -1.9620938748121262 0
      vertex -66.5 0 4.35
    endloop
  endfacet
  facet normal 0.9994645874444017 -0.032719083798173614 0
    outer loop
      vertex -66.43576769530773 1.9620938748121262 0
      vertex -66.43576769530773 1.9620938748121262 4.35
      vertex -66.5 0 0
    endloop
  endfacet
  facet normal 0.9994645874444017 -0.032719083798173614 0
    outer loop
      vertex -66.5 0 4.35
      vertex -66.5 0 0
      vertex -66.43576769530773 1.9620938748121262 4.35
    endloop
  endfacet
  facet normal 0.9951847268043855 -0.0980171389874271 0
    outer loop
      vertex -66.2433458417654 3.9157857671380043 0
      vertex -66.2433458417654 3.9157857671380043 4.35
      vertex -66.43576769530773 1.9620938748121262 0
    endloop
  endfacet
  facet normal 0.9951847268043855 -0.0980171389874271 0
    outer loop
      vertex -66.43576769530773 1.9620938748121262 4.35
      vertex -66.43576769530773 1.9620938748121262 0
      vertex -66.2433458417654 3.9157857671380043 4.35
    endloop
  endfacet
  facet normal 0.9866433321592996 -0.1628954729438304 0
    outer loop
      vertex -65.92355841398239 5.852709658443928 0
      vertex -65.92355841398239 5.852709658443928 4.35
      vertex -66.2433458417654 3.9157857671380043 0
    endloop
  endfacet
  facet normal 0.9866433321592996 -0.1628954729438304 0
    outer loop
      vertex -66.2433458417654 3.9157857671380043 4.35
      vertex -66.2433458417654 3.9157857671380043 0
      vertex -65.92355841398239 5.852709658443928 4.35
    endloop
  endfacet
  facet normal 0.9738769794468604 -0.22707626230731257 0
    outer loop
      vertex -65.4777747914195 7.764571353793144 0
      vertex -65.4777747914195 7.764571353793144 4.35
      vertex -65.92355841398239 5.852709658443928 0
    endloop
  endfacet
  facet normal 0.9738769794468604 -0.22707626230731257 0
    outer loop
      vertex -65.92355841398239 5.852709658443928 4.35
      vertex -65.92355841398239 5.852709658443928 0
      vertex -65.4777747914195 7.764571353793144 4.35
    endloop
  endfacet
  facet normal 0.956940335767022 -0.29028467713969897 0
    outer loop
      vertex -64.90790388733149 9.643183961510658 0
      vertex -64.90790388733149 9.643183961510658 4.35
      vertex -65.4777747914195 7.764571353793144 0
    endloop
  endfacet
  facet normal 0.956940335767022 -0.29028467713969897 0
    outer loop
      vertex -65.4777747914195 7.764571353793144 4.35
      vertex -65.4777747914195 7.764571353793144 0
      vertex -64.90790388733149 9.643183961510658 4.35
    endloop
  endfacet
  facet normal 0.9359059261846493 -0.35225004944279825 0
    outer loop
      vertex -64.21638597548008 11.480502970516682 0
      vertex -64.21638597548008 11.480502970516682 4.35
      vertex -64.90790388733149 9.643183961510658 0
    endloop
  endfacet
  facet normal 0.9359059261846493 -0.35225004944279825 0
    outer loop
      vertex -64.90790388733149 9.643183961510658 4.35
      vertex -64.90790388733149 9.643183961510658 0
      vertex -64.21638597548008 11.480502970516682 4.35
    endloop
  endfacet
  facet normal 0.9108638248666291 -0.412707029924782 0
    outer loop
      vertex -63.40618224442005 13.268660709261894 0
      vertex -63.40618224442005 13.268660709261894 4.35
      vertex -64.21638597548008 11.480502970516682 0
    endloop
  endfacet
  facet normal 0.9108638248666291 -0.412707029924782 0
    outer loop
      vertex -64.21638597548008 11.480502970516682 4.35
      vertex -64.21638597548008 11.480502970516682 0
      vertex -63.40618224442005 13.268660709261894 4.35
    endloop
  endfacet
  facet normal 0.8819212650259368 -0.4713967355583311 0
    outer loop
      vertex -62.480762116611004 15 0
      vertex -62.480762116611004 15 4.35
      vertex -63.40618224442005 13.268660709261894 0
    endloop
  endfacet
  facet normal 0.8819212650259368 -0.4713967355583311 0
    outer loop
      vertex -63.40618224442005 13.268660709261894 4.35
      vertex -63.40618224442005 13.268660709261894 0
      vertex -62.480762116611004 15 4.35
    endloop
  endfacet
  facet normal 0.8492021813580571 -0.5280678509213731 0
    outer loop
      vertex -61.444088369607925 16.667106993496418 0
      vertex -61.444088369607925 16.667106993496418 4.35
      vertex -62.480762116611004 15 0
    endloop
  endfacet
  facet normal 0.8492021813580571 -0.5280678509213731 0
    outer loop
      vertex -62.480762116611004 15 4.35
      vertex -62.480762116611004 15 0
      vertex -61.444088369607925 16.667106993496418 4.35
    endloop
  endfacet
  facet normal 0.8128466840361138 -0.5824776976430034 0
    outer loop
      vertex -60.300600208342075 18.262842871248722 0
      vertex -60.300600208342075 18.262842871248722 4.35
      vertex -61.444088369607925 16.667106993496418 0
    endloop
  endfacet
  facet normal 0.8128466840361138 -0.5824776976430034 0
    outer loop
      vertex -61.444088369607925 16.667106993496418 4.35
      vertex -61.444088369607925 16.667106993496418 0
      vertex -60.300600208342075 18.262842871248722 4.35
    endloop
  endfacet
  facet normal 0.7730104524178223 -0.6343932853150274 0
    outer loop
      vertex -59.05519422143698 19.780374452471733 0
      vertex -59.05519422143698 19.780374452471733 4.35
      vertex -60.300600208342075 18.262842871248722 0
    endloop
  endfacet
  facet normal 0.7730104524178223 -0.6343932853150274 0
    outer loop
      vertex -60.300600208342075 18.262842871248722 4.35
      vertex -60.300600208342075 18.262842871248722 0
      vertex -59.05519422143698 19.780374452471733 4.35
    endloop
  endfacet
  facet normal 0.7298640745684248 -0.6835923000256636 0
    outer loop
      vertex -57.71320343762636 21.213203437626362 0
      vertex -57.71320343762636 21.213203437626362 4.35
      vertex -59.05519422143698 19.780374452471733 0
    endloop
  endfacet
  facet normal 0.7298640745684248 -0.6835923000256636 0
    outer loop
      vertex -59.05519422143698 19.780374452471733 4.35
      vertex -59.05519422143698 19.780374452471733 0
      vertex -57.71320343762636 21.213203437626362 4.35
    endloop
  endfacet
  facet normal 0.6835923000256636 -0.7298640745684248 0
    outer loop
      vertex -56.28037445247173 22.555194221436977 0
      vertex -56.28037445247173 22.555194221436977 4.35
      vertex -57.71320343762636 21.213203437626362 0
    endloop
  endfacet
  facet normal 0.6835923000256636 -0.7298640745684248 0
    outer loop
      vertex -57.71320343762636 21.213203437626362 4.35
      vertex -57.71320343762636 21.213203437626362 0
      vertex -56.28037445247173 22.555194221436977 4.35
    endloop
  endfacet
  facet normal 0.6343932853150274 -0.7730104524178223 0
    outer loop
      vertex -54.76284287124872 23.800600208342075 0
      vertex -54.76284287124872 23.800600208342075 4.35
      vertex -56.28037445247173 22.555194221436977 0
    endloop
  endfacet
  facet normal 0.6343932853150274 -0.7730104524178223 0
    outer loop
      vertex -56.28037445247173 22.555194221436977 4.35
      vertex -56.28037445247173 22.555194221436977 0
      vertex -54.76284287124872 23.800600208342075 4.35
    endloop
  endfacet
  facet normal 0.5824776976430034 -0.8128466840361138 0
    outer loop
      vertex -53.16710699349642 24.944088369607925 0
      vertex -53.16710699349642 24.944088369607925 4.35
      vertex -54.76284287124872 23.800600208342075 0
    endloop
  endfacet
  facet normal 0.5824776976430034 -0.8128466840361138 0
    outer loop
      vertex -54.76284287124872 23.800600208342075 4.35
      vertex -54.76284287124872 23.800600208342075 0
      vertex -53.16710699349642 24.944088369607925 4.35
    endloop
  endfacet
  facet normal 0.5280678509213731 -0.8492021813580571 0
    outer loop
      vertex -51.5 25.980762116611004 0
      vertex -51.5 25.980762116611004 4.35
      vertex -53.16710699349642 24.944088369607925 0
    endloop
  endfacet
  facet normal 0.5280678509213731 -0.8492021813580571 0
    outer loop
      vertex -53.16710699349642 24.944088369607925 4.35
      vertex -53.16710699349642 24.944088369607925 0
      vertex -51.5 25.980762116611004 4.35
    endloop
  endfacet
  facet normal 0.4713967355583311 -0.8819212650259368 0
    outer loop
      vertex -49.768660709261894 26.90618224442005 0
      vertex -49.768660709261894 26.90618224442005 4.35
      vertex -51.5 25.980762116611004 0
    endloop
  endfacet
  facet normal 0.4713967355583311 -0.8819212650259368 0
    outer loop
      vertex -51.5 25.980762116611004 4.35
      vertex -51.5 25.980762116611004 0
      vertex -49.768660709261894 26.90618224442005 4.35
    endloop
  endfacet
  facet normal 0.412707029924782 -0.9108638248666291 0
    outer loop
      vertex -47.98050297051668 27.71638597548008 0
      vertex -47.98050297051668 27.71638597548008 4.35
      vertex -49.768660709261894 26.90618224442005 0
    endloop
  endfacet
  facet normal 0.412707029924782 -0.9108638248666291 0
    outer loop
      vertex -49.768660709261894 26.90618224442005 4.35
      vertex -49.768660709261894 26.90618224442005 0
      vertex -47.98050297051668 27.71638597548008 4.35
    endloop
  endfacet
  facet normal 0.35225004944279825 -0.9359059261846493 0
    outer loop
      vertex -46.14318396151066 28.407903887331486 0
      vertex -46.14318396151066 28.407903887331486 4.35
      vertex -47.98050297051668 27.71638597548008 0
    endloop
  endfacet
  facet normal 0.35225004944279825 -0.9359059261846493 0
    outer loop
      vertex -47.98050297051668 27.71638597548008 4.35
      vertex -47.98050297051668 27.71638597548008 0
      vertex -46.14318396151066 28.407903887331486 4.35
    endloop
  endfacet
  facet normal 0.29028467713969897 -0.956940335767022 0
    outer loop
      vertex -44.264571353793144 28.977774791419506 0
      vertex -44.264571353793144 28.977774791419506 4.35
      vertex -46.14318396151066 28.407903887331486 0
    endloop
  endfacet
  facet normal 0.29028467713969897 -0.956940335767022 0
    outer loop
      vertex -46.14318396151066 28.407903887331486 4.35
      vertex -46.14318396151066 28.407903887331486 0
      vertex -44.264571353793144 28.977774791419506 4.35
    endloop
  endfacet
  facet normal 0.22707626230731257 -0.9738769794468604 0
    outer loop
      vertex -42.35270965844393 29.42355841398239 0
      vertex -42.35270965844393 29.42355841398239 4.35
      vertex -44.264571353793144 28.977774791419506 0
    endloop
  endfacet
  facet normal 0.22707626230731257 -0.9738769794468604 0
    outer loop
      vertex -44.264571353793144 28.977774791419506 4.35
      vertex -44.264571353793144 28.977774791419506 0
      vertex -42.35270965844393 29.42355841398239 4.35
    endloop
  endfacet
  facet normal 0.1628954729438304 -0.9866433321592996 0
    outer loop
      vertex -40.415785767138004 29.743345841765404 0
      vertex -40.415785767138004 29.743345841765404 4.35
      vertex -42.35270965844393 29.42355841398239 0
    endloop
  endfacet
  facet normal 0.1628954729438304 -0.9866433321592996 0
    outer loop
      vertex -42.35270965844393 29.42355841398239 4.35
      vertex -42.35270965844393 29.42355841398239 0
      vertex -40.415785767138004 29.743345841765404 4.35
    endloop
  endfacet
  facet normal 0.0980171389874271 -0.9951847268043855 0
    outer loop
      vertex -38.462093874812126 29.93576769530773 0
      vertex -38.462093874812126 29.93576769530773 4.35
      vertex -40.415785767138004 29.743345841765404 0
    endloop
  endfacet
  facet normal 0.0980171389874271 -0.9951847268043855 0
    outer loop
      vertex -40.415785767138004 29.743345841765404 4.35
      vertex -40.415785767138004 29.743345841765404 0
      vertex -38.462093874812126 29.93576769530773 4.35
    endloop
  endfacet
  facet normal 0.032719083798173614 -0.9994645874444017 0
    outer loop
      vertex -36.5 30 0
      vertex -36.5 30 4.35
      vertex -38.462093874812126 29.93576769530773 0
    endloop
  endfacet
  facet normal 0.032719083798173614 -0.9994645874444017 0
    outer loop
      vertex -38.462093874812126 29.93576769530773 4.35
      vertex -38.462093874812126 29.93576769530773 0
      vertex -36.5 30 4.35
    endloop
  endfacet
  facet normal -0.032719083798173614 -0.9994645874444017 0
    outer loop
      vertex -34.537906125187874 29.93576769530773 0
      vertex -34.537906125187874 29.93576769530773 4.35
      vertex -36.5 30 0
    endloop
  endfacet
  facet normal -0.032719083798173614 -0.9994645874444017 0
    outer loop
      vertex -36.5 30 4.35
      vertex -36.5 30 0
      vertex -34.537906125187874 29.93576769530773 4.35
    endloop
  endfacet
  facet normal -0.0980171389874271 -0.9951847268043855 0
    outer loop
      vertex -32.584214232861996 29.743345841765404 0
      vertex -32.584214232861996 29.743345841765404 4.35
      vertex -34.537906125187874 29.93576769530773 0
    endloop
  endfacet
  facet normal -0.0980171389874271 -0.9951847268043855 0
    outer loop
      vertex -34.537906125187874 29.93576769530773 4.35
      vertex -34.537906125187874 29.93576769530773 0
      vertex -32.584214232861996 29.743345841765404 4.35
    endloop
  endfacet
  facet normal -0.1628954729438304 -0.9866433321592996 0
    outer loop
      vertex -30.647290341556072 29.42355841398239 0
      vertex -30.647290341556072 29.42355841398239 4.35
      vertex -32.584214232861996 29.743345841765404 0
    endloop
  endfacet
  facet normal -0.1628954729438304 -0.9866433321592996 0
    outer loop
      vertex -32.584214232861996 29.743345841765404 4.35
      vertex -32.584214232861996 29.743345841765404 0
      vertex -30.647290341556072 29.42355841398239 4.35
    endloop
  endfacet
  facet normal -0.22707626230731257 -0.9738769794468604 0
    outer loop
      vertex -28.735428646206856 28.977774791419506 0
      vertex -28.735428646206856 28.977774791419506 4.35
      vertex -30.647290341556072 29.42355841398239 0
    endloop
  endfacet
  facet normal -0.22707626230731257 -0.9738769794468604 0
    outer loop
      vertex -30.647290341556072 29.42355841398239 4.35
      vertex -30.647290341556072 29.42355841398239 0
      vertex -28.735428646206856 28.977774791419506 4.35
    endloop
  endfacet
  facet normal -0.29028467713969897 -0.956940335767022 0
    outer loop
      vertex -26.85681603848934 28.407903887331486 0
      vertex -26.85681603848934 28.407903887331486 4.35
      vertex -28.735428646206856 28.977774791419506 0
    endloop
  endfacet
  facet normal -0.29028467713969897 -0.956940335767022 0
    outer loop
      vertex -28.735428646206856 28.977774791419506 4.35
      vertex -28.735428646206856 28.977774791419506 0
      vertex -26.85681603848934 28.407903887331486 4.35
    endloop
  endfacet
  facet normal -0.35225004944279825 -0.9359059261846493 0
    outer loop
      vertex -25.01949702948332 27.71638597548008 0
      vertex -25.01949702948332 27.71638597548008 4.35
      vertex -26.85681603848934 28.407903887331486 0
    endloop
  endfacet
  facet normal -0.35225004944279825 -0.9359059261846493 0
    outer loop
      vertex -26.85681603848934 28.407903887331486 4.35
      vertex -26.85681603848934 28.407903887331486 0
      vertex -25.01949702948332 27.71638597548008 4.35
    endloop
  endfacet
  facet normal -0.412707029924782 -0.9108638248666291 0
    outer loop
      vertex -23.231339290738106 26.90618224442005 0
      vertex -23.231339290738106 26.90618224442005 4.35
      vertex -25.01949702948332 27.71638597548008 0
    endloop
  endfacet
  facet normal -0.412707029924782 -0.9108638248666291 0
    outer loop
      vertex -25.01949702948332 27.71638597548008 4.35
      vertex -25.01949702948332 27.71638597548008 0
      vertex -23.231339290738106 26.90618224442005 4.35
    endloop
  endfacet
  facet normal -0.4713967355583311 -0.8819212650259368 0
    outer loop
      vertex -21.5 25.980762116611004 0
      vertex -21.5 25.980762116611004 4.35
      vertex -23.231339290738106 26.90618224442005 0
    endloop
  endfacet
  facet normal -0.4713967355583311 -0.8819212650259368 0
    outer loop
      vertex -23.231339290738106 26.90618224442005 4.35
      vertex -23.231339290738106 26.90618224442005 0
      vertex -21.5 25.980762116611004 4.35
    endloop
  endfacet
  facet normal -0.5280678509213731 -0.8492021813580571 0
    outer loop
      vertex -19.832893006503582 24.944088369607925 0
      vertex -19.832893006503582 24.944088369607925 4.35
      vertex -21.5 25.980762116611004 0
    endloop
  endfacet
  facet normal -0.5280678509213731 -0.8492021813580571 0
    outer loop
      vertex -21.5 25.980762116611004 4.35
      vertex -21.5 25.980762116611004 0
      vertex -19.832893006503582 24.944088369607925 4.35
    endloop
  endfacet
  facet normal -0.5824776976430034 -0.8128466840361138 0
    outer loop
      vertex -18.237157128751278 23.800600208342075 0
      vertex -18.237157128751278 23.800600208342075 4.35
      vertex -19.832893006503582 24.944088369607925 0
    endloop
  endfacet
  facet normal -0.5824776976430034 -0.8128466840361138 0
    outer loop
      vertex -19.832893006503582 24.944088369607925 4.35
      vertex -19.832893006503582 24.944088369607925 0
      vertex -18.237157128751278 23.800600208342075 4.35
    endloop
  endfacet
  facet normal -0.6343932853150274 -0.7730104524178223 0
    outer loop
      vertex -16.719625547528267 22.555194221436977 0
      vertex -16.719625547528267 22.555194221436977 4.35
      vertex -18.237157128751278 23.800600208342075 0
    endloop
  endfacet
  facet normal -0.6343932853150274 -0.7730104524178223 0
    outer loop
      vertex -18.237157128751278 23.800600208342075 4.35
      vertex -18.237157128751278 23.800600208342075 0
      vertex -16.719625547528267 22.555194221436977 4.35
    endloop
  endfacet
  facet normal -0.6835923000256636 -0.7298640745684248 0
    outer loop
      vertex -15.286796562373638 21.213203437626362 0
      vertex -15.286796562373638 21.213203437626362 4.35
      vertex -16.719625547528267 22.555194221436977 0
    endloop
  endfacet
  facet normal -0.6835923000256636 -0.7298640745684248 0
    outer loop
      vertex -16.719625547528267 22.555194221436977 4.35
      vertex -16.719625547528267 22.555194221436977 0
      vertex -15.286796562373638 21.213203437626362 4.35
    endloop
  endfacet
  facet normal -0.7298640745684248 -0.6835923000256636 0
    outer loop
      vertex -13.944805778563023 19.780374452471733 0
      vertex -13.944805778563023 19.780374452471733 4.35
      vertex -15.286796562373638 21.213203437626362 0
    endloop
  endfacet
  facet normal -0.7298640745684248 -0.6835923000256636 0
    outer loop
      vertex -15.286796562373638 21.213203437626362 4.35
      vertex -15.286796562373638 21.213203437626362 0
      vertex -13.944805778563023 19.780374452471733 4.35
    endloop
  endfacet
  facet normal -0.7730104524178223 -0.6343932853150274 0
    outer loop
      vertex -12.699399791657925 18.262842871248722 0
      vertex -12.699399791657925 18.262842871248722 4.35
      vertex -13.944805778563023 19.780374452471733 0
    endloop
  endfacet
  facet normal -0.7730104524178223 -0.6343932853150274 0
    outer loop
      vertex -13.944805778563023 19.780374452471733 4.35
      vertex -13.944805778563023 19.780374452471733 0
      vertex -12.699399791657925 18.262842871248722 4.35
    endloop
  endfacet
  facet normal -0.8128466840361138 -0.5824776976430034 0
    outer loop
      vertex -11.555911630392075 16.667106993496418 0
      vertex -11.555911630392075 16.667106993496418 4.35
      vertex -12.699399791657925 18.262842871248722 0
    endloop
  endfacet
  facet normal -0.8128466840361138 -0.5824776976430034 0
    outer loop
      vertex -12.699399791657925 18.262842871248722 4.35
      vertex -12.699399791657925 18.262842871248722 0
      vertex -11.555911630392075 16.667106993496418 4.35
    endloop
  endfacet
  facet normal -0.8492021813580571 -0.5280678509213731 0
    outer loop
      vertex -10.519237883388996 15 0
      vertex -10.519237883388996 15 4.35
      vertex -11.555911630392075 16.667106993496418 0
    endloop
  endfacet
  facet normal -0.8492021813580571 -0.5280678509213731 0
    outer loop
      vertex -11.555911630392075 16.667106993496418 4.35
      vertex -11.555911630392075 16.667106993496418 0
      vertex -10.519237883388996 15 4.35
    endloop
  endfacet
  facet normal -0.8819212650259368 -0.4713967355583311 0
    outer loop
      vertex -9.593817755579948 13.268660709261894 0
      vertex -9.593817755579948 13.268660709261894 4.35
      vertex -10.519237883388996 15 0
    endloop
  endfacet
  facet normal -0.8819212650259368 -0.4713967355583311 0
    outer loop
      vertex -10.519237883388996 15 4.35
      vertex -10.519237883388996 15 0
      vertex -9.593817755579948 13.268660709261894 4.35
    endloop
  endfacet
  facet normal -0.9108638248666291 -0.412707029924782 0
    outer loop
      vertex -8.78361402451992 11.480502970516682 0
      vertex -8.78361402451992 11.480502970516682 4.35
      vertex -9.593817755579948 13.268660709261894 0
    endloop
  endfacet
  facet normal -0.9108638248666291 -0.412707029924782 0
    outer loop
      vertex -9.593817755579948 13.268660709261894 4.35
      vertex -9.593817755579948 13.268660709261894 0
      vertex -8.78361402451992 11.480502970516682 4.35
    endloop
  endfacet
  facet normal -0.9359059261846493 -0.35225004944279825 0
    outer loop
      vertex -8.092096112668514 9.643183961510658 0
      vertex -8.092096112668514 9.643183961510658 4.35
      vertex -8.78361402451992 11.480502970516682 0
    endloop
  endfacet
  facet normal -0.9359059261846493 -0.35225004944279825 0
    outer loop
      vertex -8.78361402451992 11.480502970516682 4.35
      vertex -8.78361402451992 11.480502970516682 0
      vertex -8.092096112668514 9.643183961510658 4.35
    endloop
  endfacet
  facet normal -0.956940335767022 -0.29028467713969897 0
    outer loop
      vertex -7.522225208580494 7.764571353793144 0
      vertex -7.522225208580494 7.764571353793144 4.35
      vertex -8.092096112668514 9.643183961510658 0
    endloop
  endfacet
  facet normal -0.956940335767022 -0.29028467713969897 0
    outer loop
      vertex -8.092096112668514 9.643183961510658 4.35
      vertex -8.092096112668514 9.643183961510658 0
      vertex -7.522225208580494 7.764571353793144 4.35
    endloop
  endfacet
  facet normal -0.9738769794468604 -0.22707626230731257 0
    outer loop
      vertex -7.076441586017609 5.852709658443928 0
      vertex -7.076441586017609 5.852709658443928 4.35
      vertex -7.522225208580494 7.764571353793144 0
    endloop
  endfacet
  facet normal -0.9738769794468604 -0.22707626230731257 0
    outer loop
      vertex -7.522225208580494 7.764571353793144 4.35
      vertex -7.522225208580494 7.764571353793144 0
      vertex -7.076441586017609 5.852709658443928 4.35
    endloop
  endfacet
  facet normal -0.9866433321592996 -0.1628954729438304 0
    outer loop
      vertex -6.756654158234596 3.9157857671380043 0
      vertex -6.756654158234596 3.9157857671380043 4.35
      vertex -7.076441586017609 5.852709658443928 0
    endloop
  endfacet
  facet normal -0.9866433321592996 -0.1628954729438304 0
    outer loop
      vertex -7.076441586017609 5.852709658443928 4.35
      vertex -7.076441586017609 5.852709658443928 0
      vertex -6.756654158234596 3.9157857671380043 4.35
    endloop
  endfacet
  facet normal -0.9951847268043855 -0.0980171389874271 0
    outer loop
      vertex -6.564232304692268 1.9620938748121262 0
      vertex -6.564232304692268 1.9620938748121262 4.35
      vertex -6.756654158234596 3.9157857671380043 0
    endloop
  endfacet
  facet normal -0.9951847268043855 -0.0980171389874271 0
    outer loop
      vertex -6.756654158234596 3.9157857671380043 4.35
      vertex -6.756654158234596 3.9157857671380043 0
      vertex -6.564232304692268 1.9620938748121262 4.35
    endloop
  endfacet
  facet normal -0.9994645874444017 -0.032719083798173614 0
    outer loop
      vertex -6.5 0 0
      vertex -6.5 0 4.35
      vertex -6.564232304692268 1.9620938748121262 0
    endloop
  endfacet
  facet normal -0.9994645874444017 -0.032719083798173614 0
    outer loop
      vertex -6.564232304692268 1.9620938748121262 4.35
      vertex -6.564232304692268 1.9620938748121262 0
      vertex -6.5 0 4.35
    endloop
  endfacet
  facet normal -0.9994645874444017 0.032719083798173614 0
    outer loop
      vertex -6.564232304692268 -1.9620938748121262 0
      vertex -6.564232304692268 -1.9620938748121262 4.35
      vertex -6.5 0 0
    endloop
  endfacet
  facet normal -0.9994645874444017 0.032719083798173614 0
    outer loop
      vertex -6.5 0 4.35
      vertex -6.5 0 0
      vertex -6.564232304692268 -1.9620938748121262 4.35
    endloop
  endfacet
  facet normal -0.9951847268043855 0.0980171389874271 0
    outer loop
      vertex -6.756654158234596 -3.9157857671380043 0
      vertex -6.756654158234596 -3.9157857671380043 4.35
      vertex -6.564232304692268 -1.9620938748121262 0
    endloop
  endfacet
  facet normal -0.9951847268043855 0.0980171389874271 0
    outer loop
      vertex -6.564232304692268 -1.9620938748121262 4.35
      vertex -6.564232304692268 -1.9620938748121262 0
      vertex -6.756654158234596 -3.9157857671380043 4.35
    endloop
  endfacet
  facet normal -0.9866433321592996 0.1628954729438304 0
    outer loop
      vertex -7.076441586017609 -5.852709658443928 0
      vertex -7.076441586017609 -5.852709658443928 4.35
      vertex -6.756654158234596 -3.9157857671380043 0
    endloop
  endfacet
  facet normal -0.9866433321592996 0.1628954729438304 0
    outer loop
      vertex -6.756654158234596 -3.9157857671380043 4.35
      vertex -6.756654158234596 -3.9157857671380043 0
      vertex -7.076441586017609 -5.852709658443928 4.35
    endloop
  endfacet
  facet normal -0.9738769794468604 0.22707626230731257 0
    outer loop
      vertex -7.522225208580494 -7.764571353793144 0
      vertex -7.522225208580494 -7.764571353793144 4.35
      vertex -7.076441586017609 -5.852709658443928 0
    endloop
  endfacet
  facet normal -0.9738769794468604 0.22707626230731257 0
    outer loop
      vertex -7.076441586017609 -5.852709658443928 4.35
      vertex -7.076441586017609 -5.852709658443928 0
      vertex -7.522225208580494 -7.764571353793144 4.35
    endloop
  endfacet
  facet normal -0.956940335767022 0.29028467713969897 0
    outer loop
      vertex -8.092096112668514 -9.643183961510658 0
      vertex -8.092096112668514 -9.643183961510658 4.35
      vertex -7.522225208580494 -7.764571353793144 0
    endloop
  endfacet
  facet normal -0.956940335767022 0.29028467713969897 0
    outer loop
      vertex -7.522225208580494 -7.764571353793144 4.35
      vertex -7.522225208580494 -7.764571353793144 0
      vertex -8.092096112668514 -9.643183961510658 4.35
    endloop
  endfacet
  facet normal -0.9359059261846493 0.35225004944279825 0
    outer loop
      vertex -8.78361402451992 -11.480502970516682 0
      vertex -8.78361402451992 -11.480502970516682 4.35
      vertex -8.092096112668514 -9.643183961510658 0
    endloop
  endfacet
  facet normal -0.9359059261846493 0.35225004944279825 0
    outer loop
      vertex -8.092096112668514 -9.643183961510658 4.35
      vertex -8.092096112668514 -9.643183961510658 0
      vertex -8.78361402451992 -11.480502970516682 4.35
    endloop
  endfacet
  facet normal -0.9108638248666291 0.412707029924782 0
    outer loop
      vertex -9.593817755579948 -13.268660709261894 0
      vertex -9.593817755579948 -13.268660709261894 4.35
      vertex -8.78361402451992 -11.480502970516682 0
    endloop
  endfacet
  facet normal -0.9108638248666291 0.412707029924782 0
    outer loop
      vertex -8.78361402451992 -11.480502970516682 4.35
      vertex -8.78361402451992 -11.480502970516682 0
      vertex -9.593817755579948 -13.268660709261894 4.35
    endloop
  endfacet
  facet normal -0.8819212650259368 0.4713967355583311 0
    outer loop
      vertex -10.519237883388996 -15 0
      vertex -10.519237883388996 -15 4.35
      vertex -9.593817755579948 -13.268660709261894 0
    endloop
  endfacet
  facet normal -0.8819212650259368 0.4713967355583311 0
    outer loop
      vertex -9.593817755579948 -13.268660709261894 4.35
      vertex -9.593817755579948 -13.268660709261894 0
      vertex -10.519237883388996 -15 4.35
    endloop
  endfacet
  facet normal -0.8492021813580571 0.5280678509213731 0
    outer loop
      vertex -11.555911630392075 -16.667106993496418 0
      vertex -11.555911630392075 -16.667106993496418 4.35
      vertex -10.519237883388996 -15 0
    endloop
  endfacet
  facet normal -0.8492021813580571 0.5280678509213731 0
    outer loop
      vertex -10.519237883388996 -15 4.35
      vertex -10.519237883388996 -15 0
      vertex -11.555911630392075 -16.667106993496418 4.35
    endloop
  endfacet
  facet normal -0.8128466840361138 0.5824776976430034 0
    outer loop
      vertex -12.699399791657925 -18.262842871248722 0
      vertex -12.699399791657925 -18.262842871248722 4.35
      vertex -11.555911630392075 -16.667106993496418 0
    endloop
  endfacet
  facet normal -0.8128466840361138 0.5824776976430034 0
    outer loop
      vertex -11.555911630392075 -16.667106993496418 4.35
      vertex -11.555911630392075 -16.667106993496418 0
      vertex -12.699399791657925 -18.262842871248722 4.35
    endloop
  endfacet
  facet normal -0.7730104524178223 0.6343932853150274 0
    outer loop
      vertex -13.944805778563023 -19.780374452471733 0
      vertex -13.944805778563023 -19.780374452471733 4.35
      vertex -12.699399791657925 -18.262842871248722 0
    endloop
  endfacet
  facet normal -0.7730104524178223 0.6343932853150274 0
    outer loop
      vertex -12.699399791657925 -18.262842871248722 4.35
      vertex -12.699399791657925 -18.262842871248722 0
      vertex -13.944805778563023 -19.780374452471733 4.35
    endloop
  endfacet
  facet normal -0.7298640745684248 0.6835923000256636 0
    outer loop
      vertex -15.286796562373638 -21.213203437626362 0
      vertex -15.286796562373638 -21.213203437626362 4.35
      vertex -13.944805778563023 -19.780374452471733 0
    endloop
  endfacet
  facet normal -0.7298640745684248 0.6835923000256636 0
    outer loop
      vertex -13.944805778563023 -19.780374452471733 4.35
      vertex -13.944805778563023 -19.780374452471733 0
      vertex -15.286796562373638 -21.213203437626362 4.35
    endloop
  endfacet
  facet normal -0.6835923000256636 0.7298640745684248 0
    outer loop
      vertex -16.719625547528267 -22.555194221436977 0
      vertex -16.719625547528267 -22.555194221436977 4.35
      vertex -15.286796562373638 -21.213203437626362 0
    endloop
  endfacet
  facet normal -0.6835923000256636 0.7298640745684248 0
    outer loop
      vertex -15.286796562373638 -21.213203437626362 4.35
      vertex -15.286796562373638 -21.213203437626362 0
      vertex -16.719625547528267 -22.555194221436977 4.35
    endloop
  endfacet
  facet normal -0.6343932853150274 0.7730104524178223 0
    outer loop
      vertex -18.237157128751278 -23.800600208342075 0
      vertex -18.237157128751278 -23.800600208342075 4.35
      vertex -16.719625547528267 -22.555194221436977 0
    endloop
  endfacet
  facet normal -0.6343932853150274 0.7730104524178223 0
    outer loop
      vertex -16.719625547528267 -22.555194221436977 4.35
      vertex -16.719625547528267 -22.555194221436977 0
      vertex -18.237157128751278 -23.800600208342075 4.35
    endloop
  endfacet
  facet normal -0.5824776976430034 0.8128466840361138 0
    outer loop
      vertex -19.832893006503582 -24.944088369607925 0
      vertex -19.832893006503582 -24.944088369607925 4.35
      vertex -18.237157128751278 -23.800600208342075 0
    endloop
  endfacet
  facet normal -0.5824776976430034 0.8128466840361138 0
    outer loop
      vertex -18.237157128751278 -23.800600208342075 4.35
      vertex -18.237157128751278 -23.800600208342075 0
      vertex -19.832893006503582 -24.944088369607925 4.35
    endloop
  endfacet
  facet normal -0.5280678509213731 0.8492021813580571 0
    outer loop
      vertex -21.5 -25.980762116611004 0
      vertex -21.5 -25.980762116611004 4.35
      vertex -19.832893006503582 -24.944088369607925 0
    endloop
  endfacet
  facet normal -0.5280678509213731 0.8492021813580571 0
    outer loop
      vertex -19.832893006503582 -24.944088369607925 4.35
      vertex -19.832893006503582 -24.944088369607925 0
      vertex -21.5 -25.980762116611004 4.35
    endloop
  endfacet
  facet normal -0.4713967355583311 0.8819212650259368 0
    outer loop
      vertex -23.231339290738106 -26.90618224442005 0
      vertex -23.231339290738106 -26.90618224442005 4.35
      vertex -21.5 -25.980762116611004 0
    endloop
  endfacet
  facet normal -0.4713967355583311 0.8819212650259368 0
    outer loop
      vertex -21.5 -25.980762116611004 4.35
      vertex -21.5 -25.980762116611004 0
      vertex -23.231339290738106 -26.90618224442005 4.35
    endloop
  endfacet
  facet normal -0.412707029924782 0.9108638248666291 0
    outer loop
      vertex -25.01949702948332 -27.71638597548008 0
      vertex -25.01949702948332 -27.71638597548008 4.35
      vertex -23.231339290738106 -26.90618224442005 0
    endloop
  endfacet
  facet normal -0.412707029924782 0.9108638248666291 0
    outer loop
      vertex -23.231339290738106 -26.90618224442005 4.35
      vertex -23.231339290738106 -26.90618224442005 0
      vertex -25.01949702948332 -27.71638597548008 4.35
    endloop
  endfacet
  facet normal -0.35225004944279825 0.9359059261846493 0
    outer loop
      vertex -26.85681603848934 -28.407903887331486 0
      vertex -26.85681603848934 -28.407903887331486 4.35
      vertex -25.01949702948332 -27.71638597548008 0
    endloop
  endfacet
  facet normal -0.35225004944279825 0.9359059261846493 0
    outer loop
      vertex -25.01949702948332 -27.71638597548008 4.35
      vertex -25.01949702948332 -27.71638597548008 0
      vertex -26.85681603848934 -28.407903887331486 4.35
    endloop
  endfacet
  facet normal -0.29028467713969897 0.956940335767022 0
    outer loop
      vertex -28.735428646206856 -28.977774791419506 0
      vertex -28.735428646206856 -28.977774791419506 4.35
      vertex -26.85681603848934 -28.407903887331486 0
    endloop
  endfacet
  facet normal -0.29028467713969897 0.956940335767022 0
    outer loop
      vertex -26.85681603848934 -28.407903887331486 4.35
      vertex -26.85681603848934 -28.407903887331486 0
      vertex -28.735428646206856 -28.977774791419506 4.35
    endloop
  endfacet
  facet normal -0.22707626230731257 0.9738769794468604 0
    outer loop
      vertex -30.647290341556072 -29.42355841398239 0
      vertex -30.647290341556072 -29.42355841398239 4.35
      vertex -28.735428646206856 -28.977774791419506 0
    endloop
  endfacet
  facet normal -0.22707626230731257 0.9738769794468604 0
    outer loop
      vertex -28.735428646206856 -28.977774791419506 4.35
      vertex -28.735428646206856 -28.977774791419506 0
      vertex -30.647290341556072 -29.42355841398239 4.35
    endloop
  endfacet
  facet normal -0.1628954729438304 0.9866433321592996 0
    outer loop
      vertex -32.584214232861996 -29.743345841765404 0
      vertex -32.584214232861996 -29.743345841765404 4.35
      vertex -30.647290341556072 -29.42355841398239 0
    endloop
  endfacet
  facet normal -0.1628954729438304 0.9866433321592996 0
    outer loop
      vertex -30.647290341556072 -29.42355841398239 4.35
      vertex -30.647290341556072 -29.42355841398239 0
      vertex -32.584214232861996 -29.743345841765404 4.35
    endloop
  endfacet
  facet normal -0.09801708617748772 0.9951847320057091 0
    outer loop
      vertex -32.71368031203747 -29.75609713047743 0
      vertex -32.71368031203747 -29.75609713047743 4.35
      vertex -32.584214232861996 -29.743345841765404 0
    endloop
  endfacet
  facet normal -0.09801708617748772 0.9951847320057091 0
    outer loop
      vertex -32.584214232861996 -29.743345841765404 4.35
      vertex -32.584214232861996 -29.743345841765404 0
      vertex -32.71368031203747 -29.75609713047743 4.35
    endloop
  endfacet
  facet normal -0.9108638577762062 -0.41270695729178986 0
    outer loop
      vertex -32.667465031147 -29.858096450567245 0
      vertex -32.667465031147 -29.858096450567245 4.35
      vertex -32.71368031203747 -29.75609713047743 0
    endloop
  endfacet
  facet normal -0.9108638577762062 -0.41270695729178986 0
    outer loop
      vertex -32.71368031203747 -29.75609713047743 4.35
      vertex -32.71368031203747 -29.75609713047743 0
      vertex -32.667465031147 -29.858096450567245 4.35
    endloop
  endfacet
  facet normal -0.9359059348001255 -0.352250026552026 0
    outer loop
      vertex -32.61675371974707 -29.99283318221569 0
      vertex -32.61675371974707 -29.99283318221569 4.35
      vertex -32.667465031147 -29.858096450567245 0
    endloop
  endfacet
  facet normal -0.9359059348001255 -0.352250026552026 0
    outer loop
      vertex -32.667465031147 -29.858096450567245 4.35
      vertex -32.667465031147 -29.858096450567245 0
      vertex -32.61675371974707 -29.99283318221569 4.35
    endloop
  endfacet
  facet normal -0.9569403261936907 -0.2902847086987408 0
    outer loop
      vertex -32.57496318221092 -30.130598105490208 0
      vertex -32.57496318221092 -30.130598105490208 4.35
      vertex -32.61675371974707 -29.99283318221569 0
    endloop
  endfacet
  facet normal -0.9569403261936907 -0.2902847086987408 0
    outer loop
      vertex -32.61675371974707 -29.99283318221569 4.35
      vertex -32.61675371974707 -29.99283318221569 0
      vertex -32.57496318221092 -30.130598105490208 4.35
    endloop
  endfacet
  facet normal -0.9738769862109585 -0.22707623329767604 0
    outer loop
      vertex -32.54227238893509 -30.270801290869713 0
      vertex -32.54227238893509 -30.270801290869713 4.35
      vertex -32.57496318221092 -30.130598105490208 0
    endloop
  endfacet
  facet normal -0.9738769862109585 -0.22707623329767604 0
    outer loop
      vertex -32.57496318221092 -30.130598105490208 4.35
      vertex -32.57496318221092 -30.130598105490208 0
      vertex -32.54227238893509 -30.270801290869713 4.35
    endloop
  endfacet
  facet normal -0.9866433276091399 -0.16289550050373786 0
    outer loop
      vertex -32.51882130652666 -30.412842378020287 0
      vertex -32.51882130652666 -30.412842378020287 4.35
      vertex -32.54227238893509 -30.270801290869713 0
    endloop
  endfacet
  facet normal -0.9866433276091399 -0.16289550050373786 0
    outer loop
      vertex -32.54227238893509 -30.270801290869713 4.35
      vertex -32.54227238893509 -30.270801290869713 0
      vertex -32.51882130652666 -30.412842378020287 4.35
    endloop
  endfacet
  facet normal -0.995184725569599 -0.09801715152442476 0
    outer loop
      vertex -32.504710368812084 -30.556113116443157 0
      vertex -32.504710368812084 -30.556113116443157 4.35
      vertex -32.51882130652666 -30.412842378020287 0
    endloop
  endfacet
  facet normal -0.995184725569599 -0.09801715152442476 0
    outer loop
      vertex -32.51882130652666 -30.412842378020287 4.35
      vertex -32.51882130652666 -30.412842378020287 0
      vertex -32.504710368812084 -30.556113116443157 4.35
    endloop
  endfacet
  facet normal -0.9994645875072616 -0.032719081877998255 0
    outer loop
      vertex -32.5 -30.700000002980232 0
      vertex -32.5 -30.700000002980232 4.35
      vertex -32.504710368812084 -30.556113116443157 0
    endloop
  endfacet
  facet normal -0.9994645875072616 -0.032719081877998255 0
    outer loop
      vertex -32.504710368812084 -30.556113116443157 4.35
      vertex -32.504710368812084 -30.556113116443157 0
      vertex -32.5 -30.700000002980232 4.35
    endloop
  endfacet
  facet normal -1 0 0
    outer loop
      vertex -32.5 -36.29999999701977 0
      vertex -32.5 -36.29999999701977 4.35
      vertex -32.5 -30.700000002980232 0
    endloop
  endfacet
  facet normal -1 0 0
    outer loop
      vertex -32.5 -30.700000002980232 4.35
      vertex -32.5 -30.700000002980232 0
      vertex -32.5 -36.29999999701977 4.35
    endloop
  endfacet
  facet normal -0.9994645875072616 0.032719081877998255 0
    outer loop
      vertex -32.504710368812084 -36.44388688355684 0
      vertex -32.504710368812084 -36.44388688355684 4.35
      vertex -32.5 -36.29999999701977 0
    endloop
  endfacet
  facet normal -0.9994645875072616 0.032719081877998255 0
    outer loop
      vertex -32.5 -36.29999999701977 4.35
      vertex -32.5 -36.29999999701977 0
      vertex -32.504710368812084 -36.44388688355684 4.35
    endloop
  endfacet
  facet normal -0.995184725569599 0.09801715152442476 0
    outer loop
      vertex -32.51882130652666 -36.58715762197971 0
      vertex -32.51882130652666 -36.58715762197971 4.35
      vertex -32.504710368812084 -36.44388688355684 0
    endloop
  endfacet
  facet normal -0.995184725569599 0.09801715152442476 0
    outer loop
      vertex -32.504710368812084 -36.44388688355684 4.35
      vertex -32.504710368812084 -36.44388688355684 0
      vertex -32.51882130652666 -36.58715762197971 4.35
    endloop
  endfacet
  facet normal -0.9866433276091399 0.16289550050373786 0
    outer loop
      vertex -32.54227238893509 -36.72919870913029 0
      vertex -32.54227238893509 -36.72919870913029 4.35
      vertex -32.51882130652666 -36.58715762197971 0
    endloop
  endfacet
  facet normal -0.9866433276091399 0.16289550050373786 0
    outer loop
      vertex -32.51882130652666 -36.58715762197971 4.35
      vertex -32.51882130652666 -36.58715762197971 0
      vertex -32.54227238893509 -36.72919870913029 4.35
    endloop
  endfacet
  facet normal -0.9738769862109585 0.22707623329767604 0
    outer loop
      vertex -32.57496318221092 -36.86940189450979 0
      vertex -32.57496318221092 -36.86940189450979 4.35
      vertex -32.54227238893509 -36.72919870913029 0
    endloop
  endfacet
  facet normal -0.9738769862109585 0.22707623329767604 0
    outer loop
      vertex -32.54227238893509 -36.72919870913029 4.35
      vertex -32.54227238893509 -36.72919870913029 0
      vertex -32.57496318221092 -36.86940189450979 4.35
    endloop
  endfacet
  facet normal -0.9569403261936907 0.2902847086987408 0
    outer loop
      vertex -32.61675371974707 -37.00716681778431 0
      vertex -32.61675371974707 -37.00716681778431 4.35
      vertex -32.57496318221092 -36.86940189450979 0
    endloop
  endfacet
  facet normal -0.9569403261936907 0.2902847086987408 0
    outer loop
      vertex -32.57496318221092 -36.86940189450979 4.35
      vertex -32.57496318221092 -36.86940189450979 0
      vertex -32.61675371974707 -37.00716681778431 4.35
    endloop
  endfacet
  facet normal -0.9359059348001255 0.352250026552026 0
    outer loop
      vertex -32.667465031147 -37.141903549432755 0
      vertex -32.667465031147 -37.141903549432755 4.35
      vertex -32.61675371974707 -37.00716681778431 0
    endloop
  endfacet
  facet normal -0.9359059348001255 0.352250026552026 0
    outer loop
      vertex -32.61675371974707 -37.00716681778431 4.35
      vertex -32.61675371974707 -37.00716681778431 0
      vertex -32.667465031147 -37.141903549432755 4.35
    endloop
  endfacet
  facet normal -0.9108638300445371 0.4127070184968952 0
    outer loop
      vertex -32.726879969239235 -37.2730351164937 0
      vertex -32.726879969239235 -37.2730351164937 4.35
      vertex -32.667465031147 -37.141903549432755 0
    endloop
  endfacet
  facet normal -0.9108638300445371 0.4127070184968952 0
    outer loop
      vertex -32.667465031147 -37.141903549432755 4.35
      vertex -32.667465031147 -37.141903549432755 0
      vertex -32.726879969239235 -37.2730351164937 4.35
    endloop
  endfacet
  facet normal -0.8819212671033585 0.4713967316717486 0
    outer loop
      vertex -32.79474411159754 -37.399999998509884 0
      vertex -32.79474411159754 -37.399999998509884 4.35
      vertex -32.726879969239235 -37.2730351164937 0
    endloop
  endfacet
  facet normal -0.8819212671033585 0.4713967316717486 0
    outer loop
      vertex -32.726879969239235 -37.2730351164937 4.35
      vertex -32.726879969239235 -37.2730351164937 0
      vertex -32.79474411159754 -37.399999998509884 4.35
    endloop
  endfacet
  facet normal -0.8492021735219449 0.5280678635228664 0
    outer loop
      vertex -32.87076685577631 -37.52225451171398 0
      vertex -32.87076685577631 -37.52225451171398 4.35
      vertex -32.79474411159754 -37.399999998509884 0
    endloop
  endfacet
  facet normal -0.8492021735219449 0.5280678635228664 0
    outer loop
      vertex -32.79474411159754 -37.399999998509884 4.35
      vertex -32.79474411159754 -37.399999998509884 0
      vertex -32.87076685577631 -37.52225451171398 4.35
    endloop
  endfacet
  facet normal -0.8128466740119754 0.5824777116316723 0
    outer loop
      vertex -32.95462265610695 -37.63927514106035 0
      vertex -32.95462265610695 -37.63927514106035 4.35
      vertex -32.87076685577631 -37.52225451171398 0
    endloop
  endfacet
  facet normal -0.8128466740119754 0.5824777116316723 0
    outer loop
      vertex -32.87076685577631 -37.52225451171398 4.35
      vertex -32.87076685577631 -37.52225451171398 0
      vertex -32.95462265610695 -37.63927514106035 4.35
    endloop
  endfacet
  facet normal -0.7730104661530045 0.6343932685786593 0
    outer loop
      vertex -33.045952424407005 -37.75056079030037 0
      vertex -33.045952424407005 -37.75056079030037 4.35
      vertex -32.95462265610695 -37.63927514106035 0
    endloop
  endfacet
  facet normal -0.7730104661530045 0.6343932685786593 0
    outer loop
      vertex -32.95462265610695 -37.63927514106035 4.35
      vertex -32.95462265610695 -37.63927514106035 0
      vertex -33.045952424407005 -37.75056079030037 4.35
    endloop
  endfacet
  facet normal -0.7298640464865995 0.6835923300083221 0
    outer loop
      vertex -33.14436508715153 -37.85563491284847 0
      vertex -33.14436508715153 -37.85563491284847 4.35
      vertex -33.045952424407005 -37.75056079030037 0
    endloop
  endfacet
  facet normal -0.7298640464865995 0.6835923300083221 0
    outer loop
      vertex -33.045952424407005 -37.75056079030037 4.35
      vertex -33.045952424407005 -37.75056079030037 0
      vertex -33.14436508715153 -37.85563491284847 4.35
    endloop
  endfacet
  facet normal -0.6835923300083221 0.7298640464865995 0
    outer loop
      vertex -33.24943920969963 -37.954047575592995 0
      vertex -33.24943920969963 -37.954047575592995 4.35
      vertex -33.14436508715153 -37.85563491284847 0
    endloop
  endfacet
  facet normal -0.6835923300083221 0.7298640464865995 0
    outer loop
      vertex -33.14436508715153 -37.85563491284847 4.35
      vertex -33.14436508715153 -37.85563491284847 0
      vertex -33.24943920969963 -37.954047575592995 4.35
    endloop
  endfacet
  facet normal -0.6343932685786593 0.7730104661530045 0
    outer loop
      vertex -33.36072485893965 -38.04537734389305 0
      vertex -33.36072485893965 -38.04537734389305 4.35
      vertex -33.24943920969963 -37.954047575592995 0
    endloop
  endfacet
  facet normal -0.6343932685786593 0.7730104661530045 0
    outer loop
      vertex -33.24943920969963 -37.954047575592995 4.35
      vertex -33.24943920969963 -37.954047575592995 0
      vertex -33.36072485893965 -38.04537734389305 4.35
    endloop
  endfacet
  facet normal -0.5824777116316723 0.8128466740119754 0
    outer loop
      vertex -33.47774548828602 -38.12923314422369 0
      vertex -33.47774548828602 -38.12923314422369 4.35
      vertex -33.36072485893965 -38.04537734389305 0
    endloop
  endfacet
  facet normal -0.5824777116316723 0.8128466740119754 0
    outer loop
      vertex -33.36072485893965 -38.04537734389305 4.35
      vertex -33.36072485893965 -38.04537734389305 0
      vertex -33.47774548828602 -38.12923314422369 4.35
    endloop
  endfacet
  facet normal -0.5280678635228664 0.8492021735219449 0
    outer loop
      vertex -33.600000001490116 -38.20525588840246 0
      vertex -33.600000001490116 -38.20525588840246 4.35
      vertex -33.47774548828602 -38.12923314422369 0
    endloop
  endfacet
  facet normal -0.5280678635228664 0.8492021735219449 0
    outer loop
      vertex -33.47774548828602 -38.12923314422369 4.35
      vertex -33.47774548828602 -38.12923314422369 0
      vertex -33.600000001490116 -38.20525588840246 4.35
    endloop
  endfacet
  facet normal -0.4713967316717486 0.8819212671033585 0
    outer loop
      vertex -33.7269648835063 -38.273120030760765 0
      vertex -33.7269648835063 -38.273120030760765 4.35
      vertex -33.600000001490116 -38.20525588840246 0
    endloop
  endfacet
  facet normal -0.4713967316717486 0.8819212671033585 0
    outer loop
      vertex -33.600000001490116 -38.20525588840246 4.35
      vertex -33.600000001490116 -38.20525588840246 0
      vertex -33.7269648835063 -38.273120030760765 4.35
    endloop
  endfacet
  facet normal -0.4127070184968952 0.9108638300445371 0
    outer loop
      vertex -33.858096450567245 -38.332534968853 0
      vertex -33.858096450567245 -38.332534968853 4.35
      vertex -33.7269648835063 -38.273120030760765 0
    endloop
  endfacet
  facet normal -0.4127070184968952 0.9108638300445371 0
    outer loop
      vertex -33.7269648835063 -38.273120030760765 4.35
      vertex -33.7269648835063 -38.273120030760765 0
      vertex -33.858096450567245 -38.332534968853 4.35
    endloop
  endfacet
  facet normal -0.352250026552026 0.9359059348001255 0
    outer loop
      vertex -33.99283318221569 -38.38324628025293 0
      vertex -33.99283318221569 -38.38324628025293 4.35
      vertex -33.858096450567245 -38.332534968853 0
    endloop
  endfacet
  facet normal -0.352250026552026 0.9359059348001255 0
    outer loop
      vertex -33.858096450567245 -38.332534968853 4.35
      vertex -33.858096450567245 -38.332534968853 0
      vertex -33.99283318221569 -38.38324628025293 4.35
    endloop
  endfacet
  facet normal -0.2902847086987408 0.9569403261936907 0
    outer loop
      vertex -34.13059810549021 -38.42503681778908 0
      vertex -34.13059810549021 -38.42503681778908 4.35
      vertex -33.99283318221569 -38.38324628025293 0
    endloop
  endfacet
  facet normal -0.2902847086987408 0.9569403261936907 0
    outer loop
      vertex -33.99283318221569 -38.38324628025293 4.35
      vertex -33.99283318221569 -38.38324628025293 0
      vertex -34.13059810549021 -38.42503681778908 4.35
    endloop
  endfacet
  facet normal -0.22707623329767604 0.9738769862109585 0
    outer loop
      vertex -34.27080129086971 -38.45772761106491 0
      vertex -34.27080129086971 -38.45772761106491 4.35
      vertex -34.13059810549021 -38.42503681778908 0
    endloop
  endfacet
  facet normal -0.22707623329767604 0.9738769862109585 0
    outer loop
      vertex -34.13059810549021 -38.42503681778908 4.35
      vertex -34.13059810549021 -38.42503681778908 0
      vertex -34.27080129086971 -38.45772761106491 4.35
    endloop
  endfacet
  facet normal -0.16289550050373786 0.9866433276091399 0
    outer loop
      vertex -34.41284237802029 -38.48117869347334 0
      vertex -34.41284237802029 -38.48117869347334 4.35
      vertex -34.27080129086971 -38.45772761106491 0
    endloop
  endfacet
  facet normal -0.16289550050373786 0.9866433276091399 0
    outer loop
      vertex -34.27080129086971 -38.45772761106491 4.35
      vertex -34.27080129086971 -38.45772761106491 0
      vertex -34.41284237802029 -38.48117869347334 4.35
    endloop
  endfacet
  facet normal -0.09801715152442476 0.995184725569599 0
    outer loop
      vertex -34.55611311644316 -38.495289631187916 0
      vertex -34.55611311644316 -38.495289631187916 4.35
      vertex -34.41284237802029 -38.48117869347334 0
    endloop
  endfacet
  facet normal -0.09801715152442476 0.995184725569599 0
    outer loop
      vertex -34.41284237802029 -38.48117869347334 4.35
      vertex -34.41284237802029 -38.48117869347334 0
      vertex -34.55611311644316 -38.495289631187916 4.35
    endloop
  endfacet
  facet normal -0.032719081877998255 0.9994645875072616 0
    outer loop
      vertex -34.70000000298023 -38.5 0
      vertex -34.70000000298023 -38.5 4.35
      vertex -34.55611311644316 -38.495289631187916 0
    endloop
  endfacet
  facet normal -0.032719081877998255 0.9994645875072616 0
    outer loop
      vertex -34.55611311644316 -38.495289631187916 4.35
      vertex -34.55611311644316 -38.495289631187916 0
      vertex -34.70000000298023 -38.5 4.35
    endloop
  endfacet
  facet normal 0 1 0
    outer loop
      vertex -38.29999999701977 -38.5 0
      vertex -38.29999999701977 -38.5 4.35
      vertex -34.70000000298023 -38.5 0
    endloop
  endfacet
  facet normal 0 1 0
    outer loop
      vertex -34.70000000298023 -38.5 4.35
      vertex -34.70000000298023 -38.5 0
      vertex -38.29999999701977 -38.5 4.35
    endloop
  endfacet
  facet normal 0.032719081877998255 0.9994645875072616 0
    outer loop
      vertex 34.55611311644316 -38.495289631187916 0
      vertex 34.55611311644316 -38.495289631187916 4.35
      vertex 34.70000000298023 -38.5 0
    endloop
  endfacet
  facet normal 0.032719081877998255 0.9994645875072616 0
    outer loop
      vertex 34.70000000298023 -38.5 4.35
      vertex 34.70000000298023 -38.5 0
      vertex 34.55611311644316 -38.495289631187916 4.35
    endloop
  endfacet
  facet normal 0.09801715152442476 0.995184725569599 0
    outer loop
      vertex 34.41284237802029 -38.48117869347334 0
      vertex 34.41284237802029 -38.48117869347334 4.35
      vertex 34.55611311644316 -38.495289631187916 0
    endloop
  endfacet
  facet normal 0.09801715152442476 0.995184725569599 0
    outer loop
      vertex 34.55611311644316 -38.495289631187916 4.35
      vertex 34.55611311644316 -38.495289631187916 0
      vertex 34.41284237802029 -38.48117869347334 4.35
    endloop
  endfacet
  facet normal 0.16289550050373786 0.9866433276091399 0
    outer loop
      vertex 34.27080129086971 -38.45772761106491 0
      vertex 34.27080129086971 -38.45772761106491 4.35
      vertex 34.41284237802029 -38.48117869347334 0
    endloop
  endfacet
  facet normal 0.16289550050373786 0.9866433276091399 0
    outer loop
      vertex 34.41284237802029 -38.48117869347334 4.35
      vertex 34.41284237802029 -38.48117869347334 0
      vertex 34.27080129086971 -38.45772761106491 4.35
    endloop
  endfacet
  facet normal 0.22707623329767604 0.9738769862109585 0
    outer loop
      vertex 34.13059810549021 -38.42503681778908 0
      vertex 34.13059810549021 -38.42503681778908 4.35
      vertex 34.27080129086971 -38.45772761106491 0
    endloop
  endfacet
  facet normal 0.22707623329767604 0.9738769862109585 0
    outer loop
      vertex 34.27080129086971 -38.45772761106491 4.35
      vertex 34.27080129086971 -38.45772761106491 0
      vertex 34.13059810549021 -38.42503681778908 4.35
    endloop
  endfacet
  facet normal 0.2902847086987408 0.9569403261936907 0
    outer loop
      vertex 33.99283318221569 -38.38324628025293 0
      vertex 33.99283318221569 -38.38324628025293 4.35
      vertex 34.13059810549021 -38.42503681778908 0
    endloop
  endfacet
  facet normal 0.2902847086987408 0.9569403261936907 0
    outer loop
      vertex 34.13059810549021 -38.42503681778908 4.35
      vertex 34.13059810549021 -38.42503681778908 0
      vertex 33.99283318221569 -38.38324628025293 4.35
    endloop
  endfacet
  facet normal 0.352250026552026 0.9359059348001255 0
    outer loop
      vertex 33.858096450567245 -38.332534968853 0
      vertex 33.858096450567245 -38.332534968853 4.35
      vertex 33.99283318221569 -38.38324628025293 0
    endloop
  endfacet
  facet normal 0.352250026552026 0.9359059348001255 0
    outer loop
      vertex 33.99283318221569 -38.38324628025293 4.35
      vertex 33.99283318221569 -38.38324628025293 0
      vertex 33.858096450567245 -38.332534968853 4.35
    endloop
  endfacet
  facet normal 0.4127070184968952 0.9108638300445371 0
    outer loop
      vertex 33.7269648835063 -38.273120030760765 0
      vertex 33.7269648835063 -38.273120030760765 4.35
      vertex 33.858096450567245 -38.332534968853 0
    endloop
  endfacet
  facet normal 0.4127070184968952 0.9108638300445371 0
    outer loop
      vertex 33.858096450567245 -38.332534968853 4.35
      vertex 33.858096450567245 -38.332534968853 0
      vertex 33.7269648835063 -38.273120030760765 4.35
    endloop
  endfacet
  facet normal 0.4713967316717486 0.8819212671033585 0
    outer loop
      vertex 33.600000001490116 -38.20525588840246 0
      vertex 33.600000001490116 -38.20525588840246 4.35
      vertex 33.7269648835063 -38.273120030760765 0
    endloop
  endfacet
  facet normal 0.4713967316717486 0.8819212671033585 0
    outer loop
      vertex 33.7269648835063 -38.273120030760765 4.35
      vertex 33.7269648835063 -38.273120030760765 0
      vertex 33.600000001490116 -38.20525588840246 4.35
    endloop
  endfacet
  facet normal 0.5280678635228664 0.8492021735219449 0
    outer loop
      vertex 33.47774548828602 -38.12923314422369 0
      vertex 33.47774548828602 -38.12923314422369 4.35
      vertex 33.600000001490116 -38.20525588840246 0
    endloop
  endfacet
  facet normal 0.5280678635228664 0.8492021735219449 0
    outer loop
      vertex 33.600000001490116 -38.20525588840246 4.35
      vertex 33.600000001490116 -38.20525588840246 0
      vertex 33.47774548828602 -38.12923314422369 4.35
    endloop
  endfacet
  facet normal 0.5824777116316723 0.8128466740119754 0
    outer loop
      vertex 33.36072485893965 -38.04537734389305 0
      vertex 33.36072485893965 -38.04537734389305 4.35
      vertex 33.47774548828602 -38.12923314422369 0
    endloop
  endfacet
  facet normal 0.5824777116316723 0.8128466740119754 0
    outer loop
      vertex 33.47774548828602 -38.12923314422369 4.35
      vertex 33.47774548828602 -38.12923314422369 0
      vertex 33.36072485893965 -38.04537734389305 4.35
    endloop
  endfacet
  facet normal 0.6343932685786593 0.7730104661530045 0
    outer loop
      vertex 33.24943920969963 -37.954047575592995 0
      vertex 33.24943920969963 -37.954047575592995 4.35
      vertex 33.36072485893965 -38.04537734389305 0
    endloop
  endfacet
  facet normal 0.6343932685786593 0.7730104661530045 0
    outer loop
      vertex 33.36072485893965 -38.04537734389305 4.35
      vertex 33.36072485893965 -38.04537734389305 0
      vertex 33.24943920969963 -37.954047575592995 4.35
    endloop
  endfacet
  facet normal 0.6835923300083221 0.7298640464865995 0
    outer loop
      vertex 33.14436508715153 -37.85563491284847 0
      vertex 33.14436508715153 -37.85563491284847 4.35
      vertex 33.24943920969963 -37.954047575592995 0
    endloop
  endfacet
  facet normal 0.6835923300083221 0.7298640464865995 0
    outer loop
      vertex 33.24943920969963 -37.954047575592995 4.35
      vertex 33.24943920969963 -37.954047575592995 0
      vertex 33.14436508715153 -37.85563491284847 4.35
    endloop
  endfacet
  facet normal 0.7298640464865995 0.6835923300083221 0
    outer loop
      vertex 33.045952424407005 -37.75056079030037 0
      vertex 33.045952424407005 -37.75056079030037 4.35
      vertex 33.14436508715153 -37.85563491284847 0
    endloop
  endfacet
  facet normal 0.7298640464865995 0.6835923300083221 0
    outer loop
      vertex 33.14436508715153 -37.85563491284847 4.35
      vertex 33.14436508715153 -37.85563491284847 0
      vertex 33.045952424407005 -37.75056079030037 4.35
    endloop
  endfacet
  facet normal 0.7730104661530045 0.6343932685786593 0
    outer loop
      vertex 32.95462265610695 -37.63927514106035 0
      vertex 32.95462265610695 -37.63927514106035 4.35
      vertex 33.045952424407005 -37.75056079030037 0
    endloop
  endfacet
  facet normal 0.7730104661530045 0.6343932685786593 0
    outer loop
      vertex 33.045952424407005 -37.75056079030037 4.35
      vertex 33.045952424407005 -37.75056079030037 0
      vertex 32.95462265610695 -37.63927514106035 4.35
    endloop
  endfacet
  facet normal 0.8128466740119754 0.5824777116316723 0
    outer loop
      vertex 32.87076685577631 -37.52225451171398 0
      vertex 32.87076685577631 -37.52225451171398 4.35
      vertex 32.95462265610695 -37.63927514106035 0
    endloop
  endfacet
  facet normal 0.8128466740119754 0.5824777116316723 0
    outer loop
      vertex 32.95462265610695 -37.63927514106035 4.35
      vertex 32.95462265610695 -37.63927514106035 0
      vertex 32.87076685577631 -37.52225451171398 4.35
    endloop
  endfacet
  facet normal 0.8492021735219449 0.5280678635228664 0
    outer loop
      vertex 32.79474411159754 -37.399999998509884 0
      vertex 32.79474411159754 -37.399999998509884 4.35
      vertex 32.87076685577631 -37.52225451171398 0
    endloop
  endfacet
  facet normal 0.8492021735219449 0.5280678635228664 0
    outer loop
      vertex 32.87076685577631 -37.52225451171398 4.35
      vertex 32.87076685577631 -37.52225451171398 0
      vertex 32.79474411159754 -37.399999998509884 4.35
    endloop
  endfacet
  facet normal 0.8819212671033585 0.4713967316717486 0
    outer loop
      vertex 32.726879969239235 -37.2730351164937 0
      vertex 32.726879969239235 -37.2730351164937 4.35
      vertex 32.79474411159754 -37.399999998509884 0
    endloop
  endfacet
  facet normal 0.8819212671033585 0.4713967316717486 0
    outer loop
      vertex 32.79474411159754 -37.399999998509884 4.35
      vertex 32.79474411159754 -37.399999998509884 0
      vertex 32.726879969239235 -37.2730351164937 4.35
    endloop
  endfacet
  facet normal 0.9108638300445371 0.4127070184968952 0
    outer loop
      vertex 32.667465031147 -37.141903549432755 0
      vertex 32.667465031147 -37.141903549432755 4.35
      vertex 32.726879969239235 -37.2730351164937 0
    endloop
  endfacet
  facet normal 0.9108638300445371 0.4127070184968952 0
    outer loop
      vertex 32.726879969239235 -37.2730351164937 4.35
      vertex 32.726879969239235 -37.2730351164937 0
      vertex 32.667465031147 -37.141903549432755 4.35
    endloop
  endfacet
  facet normal 0.9359059348001255 0.352250026552026 0
    outer loop
      vertex 32.61675371974707 -37.00716681778431 0
      vertex 32.61675371974707 -37.00716681778431 4.35
      vertex 32.667465031147 -37.141903549432755 0
    endloop
  endfacet
  facet normal 0.9359059348001255 0.352250026552026 0
    outer loop
      vertex 32.667465031147 -37.141903549432755 4.35
      vertex 32.667465031147 -37.141903549432755 0
      vertex 32.61675371974707 -37.00716681778431 4.35
    endloop
  endfacet
  facet normal 0.9569403261936907 0.2902847086987408 0
    outer loop
      vertex 32.57496318221092 -36.86940189450979 0
      vertex 32.57496318221092 -36.86940189450979 4.35
      vertex 32.61675371974707 -37.00716681778431 0
    endloop
  endfacet
  facet normal 0.9569403261936907 0.2902847086987408 0
    outer loop
      vertex 32.61675371974707 -37.00716681778431 4.35
      vertex 32.61675371974707 -37.00716681778431 0
      vertex 32.57496318221092 -36.86940189450979 4.35
    endloop
  endfacet
  facet normal 0.9738769862109585 0.22707623329767604 0
    outer loop
      vertex 32.54227238893509 -36.72919870913029 0
      vertex 32.54227238893509 -36.72919870913029 4.35
      vertex 32.57496318221092 -36.86940189450979 0
    endloop
  endfacet
  facet normal 0.9738769862109585 0.22707623329767604 0
    outer loop
      vertex 32.57496318221092 -36.86940189450979 4.35
      vertex 32.57496318221092 -36.86940189450979 0
      vertex 32.54227238893509 -36.72919870913029 4.35
    endloop
  endfacet
  facet normal 0.9866433276091399 0.16289550050373786 0
    outer loop
      vertex 32.51882130652666 -36.58715762197971 0
      vertex 32.51882130652666 -36.58715762197971 4.35
      vertex 32.54227238893509 -36.72919870913029 0
    endloop
  endfacet
  facet normal 0.9866433276091399 0.16289550050373786 0
    outer loop
      vertex 32.54227238893509 -36.72919870913029 4.35
      vertex 32.54227238893509 -36.72919870913029 0
      vertex 32.51882130652666 -36.58715762197971 4.35
    endloop
  endfacet
  facet normal 0.995184725569599 0.09801715152442476 0
    outer loop
      vertex 32.504710368812084 -36.44388688355684 0
      vertex 32.504710368812084 -36.44388688355684 4.35
      vertex 32.51882130652666 -36.58715762197971 0
    endloop
  endfacet
  facet normal 0.995184725569599 0.09801715152442476 0
    outer loop
      vertex 32.51882130652666 -36.58715762197971 4.35
      vertex 32.51882130652666 -36.58715762197971 0
      vertex 32.504710368812084 -36.44388688355684 4.35
    endloop
  endfacet
  facet normal 0.9994645875072616 0.032719081877998255 0
    outer loop
      vertex 32.5 -36.29999999701977 0
      vertex 32.5 -36.29999999701977 4.35
      vertex 32.504710368812084 -36.44388688355684 0
    endloop
  endfacet
  facet normal 0.9994645875072616 0.032719081877998255 0
    outer loop
      vertex 32.504710368812084 -36.44388688355684 4.35
      vertex 32.504710368812084 -36.44388688355684 0
      vertex 32.5 -36.29999999701977 4.35
    endloop
  endfacet
  facet normal 1 0 0
    outer loop
      vertex 32.5 -30.700000002980232 0
      vertex 32.5 -30.700000002980232 4.35
      vertex 32.5 -36.29999999701977 0
    endloop
  endfacet
  facet normal 1 0 0
    outer loop
      vertex 32.5 -36.29999999701977 4.35
      vertex 32.5 -36.29999999701977 0
      vertex 32.5 -30.700000002980232 4.35
    endloop
  endfacet
  facet normal 0.9994645875072616 -0.032719081877998255 0
    outer loop
      vertex 32.504710368812084 -30.556113116443157 0
      vertex 32.504710368812084 -30.556113116443157 4.35
      vertex 32.5 -30.700000002980232 0
    endloop
  endfacet
  facet normal 0.9994645875072616 -0.032719081877998255 0
    outer loop
      vertex 32.5 -30.700000002980232 4.35
      vertex 32.5 -30.700000002980232 0
      vertex 32.504710368812084 -30.556113116443157 4.35
    endloop
  endfacet
  facet normal 0.995184725569599 -0.09801715152442476 0
    outer loop
      vertex 32.51882130652666 -30.412842378020287 0
      vertex 32.51882130652666 -30.412842378020287 4.35
      vertex 32.504710368812084 -30.556113116443157 0
    endloop
  endfacet
  facet normal 0.995184725569599 -0.09801715152442476 0
    outer loop
      vertex 32.504710368812084 -30.556113116443157 4.35
      vertex 32.504710368812084 -30.556113116443157 0
      vertex 32.51882130652666 -30.412842378020287 4.35
    endloop
  endfacet
  facet normal 0.9866433276091399 -0.16289550050373786 0
    outer loop
      vertex 32.54227238893509 -30.270801290869713 0
      vertex 32.54227238893509 -30.270801290869713 4.35
      vertex 32.51882130652666 -30.412842378020287 0
    endloop
  endfacet
  facet normal 0.9866433276091399 -0.16289550050373786 0
    outer loop
      vertex 32.51882130652666 -30.412842378020287 4.35
      vertex 32.51882130652666 -30.412842378020287 0
      vertex 32.54227238893509 -30.270801290869713 4.35
    endloop
  endfacet
  facet normal 0.9738769862109585 -0.22707623329767604 0
    outer loop
      vertex 32.57496318221092 -30.130598105490208 0
      vertex 32.57496318221092 -30.130598105490208 4.35
      vertex 32.54227238893509 -30.270801290869713 0
    endloop
  endfacet
  facet normal 0.9738769862109585 -0.22707623329767604 0
    outer loop
      vertex 32.54227238893509 -30.270801290869713 4.35
      vertex 32.54227238893509 -30.270801290869713 0
      vertex 32.57496318221092 -30.130598105490208 4.35
    endloop
  endfacet
  facet normal 0.9569403261936907 -0.2902847086987408 0
    outer loop
      vertex 32.61675371974707 -29.99283318221569 0
      vertex 32.61675371974707 -29.99283318221569 4.35
      vertex 32.57496318221092 -30.130598105490208 0
    endloop
  endfacet
  facet normal 0.9569403261936907 -0.2902847086987408 0
    outer loop
      vertex 32.57496318221092 -30.130598105490208 4.35
      vertex 32.57496318221092 -30.130598105490208 0
      vertex 32.61675371974707 -29.99283318221569 4.35
    endloop
  endfacet
  facet normal 0.9359059348001255 -0.352250026552026 0
    outer loop
      vertex 32.667465031147 -29.858096450567245 0
      vertex 32.667465031147 -29.858096450567245 4.35
      vertex 32.61675371974707 -29.99283318221569 0
    endloop
  endfacet
  facet normal 0.9359059348001255 -0.352250026552026 0
    outer loop
      vertex 32.61675371974707 -29.99283318221569 4.35
      vertex 32.61675371974707 -29.99283318221569 0
      vertex 32.667465031147 -29.858096450567245 4.35
    endloop
  endfacet
  facet normal 0.9108638577762062 -0.41270695729178986 0
    outer loop
      vertex 32.71368031203747 -29.75609713047743 0
      vertex 32.71368031203747 -29.75609713047743 4.35
      vertex 32.667465031147 -29.858096450567245 0
    endloop
  endfacet
  facet normal 0.9108638577762062 -0.41270695729178986 0
    outer loop
      vertex 32.667465031147 -29.858096450567245 4.35
      vertex 32.667465031147 -29.858096450567245 0
      vertex 32.71368031203747 -29.75609713047743 4.35
    endloop
  endfacet
  facet normal 0.09801708617748772 0.9951847320057091 0
    outer loop
      vertex 32.584214232861996 -29.743345841765404 0
      vertex 32.584214232861996 -29.743345841765404 4.35
      vertex 32.71368031203747 -29.75609713047743 0
    endloop
  endfacet
  facet normal 0.09801708617748772 0.9951847320057091 0
    outer loop
      vertex 32.71368031203747 -29.75609713047743 4.35
      vertex 32.71368031203747 -29.75609713047743 0
      vertex 32.584214232861996 -29.743345841765404 4.35
    endloop
  endfacet
  facet normal 0.1628954729438304 0.9866433321592996 0
    outer loop
      vertex 30.647290341556072 -29.42355841398239 0
      vertex 30.647290341556072 -29.42355841398239 4.35
      vertex 32.584214232861996 -29.743345841765404 0
    endloop
  endfacet
  facet normal 0.1628954729438304 0.9866433321592996 0
    outer loop
      vertex 32.584214232861996 -29.743345841765404 4.35
      vertex 32.584214232861996 -29.743345841765404 0
      vertex 30.647290341556072 -29.42355841398239 4.35
    endloop
  endfacet
  facet normal 0.22707626230731257 0.9738769794468604 0
    outer loop
      vertex 28.735428646206856 -28.977774791419506 0
      vertex 28.735428646206856 -28.977774791419506 4.35
      vertex 30.647290341556072 -29.42355841398239 0
    endloop
  endfacet
  facet normal 0.22707626230731257 0.9738769794468604 0
    outer loop
      vertex 30.647290341556072 -29.42355841398239 4.35
      vertex 30.647290341556072 -29.42355841398239 0
      vertex 28.735428646206856 -28.977774791419506 4.35
    endloop
  endfacet
  facet normal 0.29028467713969897 0.956940335767022 0
    outer loop
      vertex 26.85681603848934 -28.407903887331486 0
      vertex 26.85681603848934 -28.407903887331486 4.35
      vertex 28.735428646206856 -28.977774791419506 0
    endloop
  endfacet
  facet normal 0.29028467713969897 0.956940335767022 0
    outer loop
      vertex 28.735428646206856 -28.977774791419506 4.35
      vertex 28.735428646206856 -28.977774791419506 0
      vertex 26.85681603848934 -28.407903887331486 4.35
    endloop
  endfacet
  facet normal 0.35225004944279825 0.9359059261846493 0
    outer loop
      vertex 25.01949702948332 -27.71638597548008 0
      vertex 25.01949702948332 -27.71638597548008 4.35
      vertex 26.85681603848934 -28.407903887331486 0
    endloop
  endfacet
  facet normal 0.35225004944279825 0.9359059261846493 0
    outer loop
      vertex 26.85681603848934 -28.407903887331486 4.35
      vertex 26.85681603848934 -28.407903887331486 0
      vertex 25.01949702948332 -27.71638597548008 4.35
    endloop
  endfacet
  facet normal 0.412707029924782 0.9108638248666291 0
    outer loop
      vertex 23.231339290738106 -26.90618224442005 0
      vertex 23.231339290738106 -26.90618224442005 4.35
      vertex 25.01949702948332 -27.71638597548008 0
    endloop
  endfacet
  facet normal 0.412707029924782 0.9108638248666291 0
    outer loop
      vertex 25.01949702948332 -27.71638597548008 4.35
      vertex 25.01949702948332 -27.71638597548008 0
      vertex 23.231339290738106 -26.90618224442005 4.35
    endloop
  endfacet
  facet normal 0.4713967355583311 0.8819212650259368 0
    outer loop
      vertex 21.5 -25.980762116611004 0
      vertex 21.5 -25.980762116611004 4.35
      vertex 23.231339290738106 -26.90618224442005 0
    endloop
  endfacet
  facet normal 0.4713967355583311 0.8819212650259368 0
    outer loop
      vertex 23.231339290738106 -26.90618224442005 4.35
      vertex 23.231339290738106 -26.90618224442005 0
      vertex 21.5 -25.980762116611004 4.35
    endloop
  endfacet
  facet normal 0.5280678509213731 0.8492021813580571 0
    outer loop
      vertex 19.832893006503582 -24.944088369607925 0
      vertex 19.832893006503582 -24.944088369607925 4.35
      vertex 21.5 -25.980762116611004 0
    endloop
  endfacet
  facet normal 0.5280678509213731 0.8492021813580571 0
    outer loop
      vertex 21.5 -25.980762116611004 4.35
      vertex 21.5 -25.980762116611004 0
      vertex 19.832893006503582 -24.944088369607925 4.35
    endloop
  endfacet
  facet normal 0.5824776976430034 0.8128466840361138 0
    outer loop
      vertex 18.237157128751278 -23.800600208342075 0
      vertex 18.237157128751278 -23.800600208342075 4.35
      vertex 19.832893006503582 -24.944088369607925 0
    endloop
  endfacet
  facet normal 0.5824776976430034 0.8128466840361138 0
    outer loop
      vertex 19.832893006503582 -24.944088369607925 4.35
      vertex 19.832893006503582 -24.944088369607925 0
      vertex 18.237157128751278 -23.800600208342075 4.35
    endloop
  endfacet
  facet normal 0.6343932853150274 0.7730104524178223 0
    outer loop
      vertex 16.719625547528267 -22.555194221436977 0
      vertex 16.719625547528267 -22.555194221436977 4.35
      vertex 18.237157128751278 -23.800600208342075 0
    endloop
  endfacet
  facet normal 0.6343932853150274 0.7730104524178223 0
    outer loop
      vertex 18.237157128751278 -23.800600208342075 4.35
      vertex 18.237157128751278 -23.800600208342075 0
      vertex 16.719625547528267 -22.555194221436977 4.35
    endloop
  endfacet
  facet normal 0.6835923000256636 0.7298640745684248 0
    outer loop
      vertex 15.286796562373638 -21.213203437626362 0
      vertex 15.286796562373638 -21.213203437626362 4.35
      vertex 16.719625547528267 -22.555194221436977 0
    endloop
  endfacet
  facet normal 0.6835923000256636 0.7298640745684248 0
    outer loop
      vertex 16.719625547528267 -22.555194221436977 4.35
      vertex 16.719625547528267 -22.555194221436977 0
      vertex 15.286796562373638 -21.213203437626362 4.35
    endloop
  endfacet
  facet normal 0.7298640745684248 0.6835923000256636 0
    outer loop
      vertex 13.944805778563023 -19.780374452471733 0
      vertex 13.944805778563023 -19.780374452471733 4.35
      vertex 15.286796562373638 -21.213203437626362 0
    endloop
  endfacet
  facet normal 0.7298640745684248 0.6835923000256636 0
    outer loop
      vertex 15.286796562373638 -21.213203437626362 4.35
      vertex 15.286796562373638 -21.213203437626362 0
      vertex 13.944805778563023 -19.780374452471733 4.35
    endloop
  endfacet
  facet normal 0.7730104524178223 0.6343932853150274 0
    outer loop
      vertex 12.699399791657925 -18.262842871248722 0
      vertex 12.699399791657925 -18.262842871248722 4.35
      vertex 13.944805778563023 -19.780374452471733 0
    endloop
  endfacet
  facet normal 0.7730104524178223 0.6343932853150274 0
    outer loop
      vertex 13.944805778563023 -19.780374452471733 4.35
      vertex 13.944805778563023 -19.780374452471733 0
      vertex 12.699399791657925 -18.262842871248722 4.35
    endloop
  endfacet
  facet normal 0.8128466840361138 0.5824776976430034 0
    outer loop
      vertex 11.555911630392075 -16.667106993496418 0
      vertex 11.555911630392075 -16.667106993496418 4.35
      vertex 12.699399791657925 -18.262842871248722 0
    endloop
  endfacet
  facet normal 0.8128466840361138 0.5824776976430034 0
    outer loop
      vertex 12.699399791657925 -18.262842871248722 4.35
      vertex 12.699399791657925 -18.262842871248722 0
      vertex 11.555911630392075 -16.667106993496418 4.35
    endloop
  endfacet
  facet normal 0.8492021813580571 0.5280678509213731 0
    outer loop
      vertex 10.519237883388996 -15 0
      vertex 10.519237883388996 -15 4.35
      vertex 11.555911630392075 -16.667106993496418 0
    endloop
  endfacet
  facet normal 0.8492021813580571 0.5280678509213731 0
    outer loop
      vertex 11.555911630392075 -16.667106993496418 4.35
      vertex 11.555911630392075 -16.667106993496418 0
      vertex 10.519237883388996 -15 4.35
    endloop
  endfacet
  facet normal 0.8819212650259368 0.4713967355583311 0
    outer loop
      vertex 9.593817755579948 -13.268660709261894 0
      vertex 9.593817755579948 -13.268660709261894 4.35
      vertex 10.519237883388996 -15 0
    endloop
  endfacet
  facet normal 0.8819212650259368 0.4713967355583311 0
    outer loop
      vertex 10.519237883388996 -15 4.35
      vertex 10.519237883388996 -15 0
      vertex 9.593817755579948 -13.268660709261894 4.35
    endloop
  endfacet
  facet normal 0.9108638248666291 0.412707029924782 0
    outer loop
      vertex 8.78361402451992 -11.480502970516682 0
      vertex 8.78361402451992 -11.480502970516682 4.35
      vertex 9.593817755579948 -13.268660709261894 0
    endloop
  endfacet
  facet normal 0.9108638248666291 0.412707029924782 0
    outer loop
      vertex 9.593817755579948 -13.268660709261894 4.35
      vertex 9.593817755579948 -13.268660709261894 0
      vertex 8.78361402451992 -11.480502970516682 4.35
    endloop
  endfacet
  facet normal 0.9359059261846493 0.35225004944279825 0
    outer loop
      vertex 8.092096112668514 -9.643183961510658 0
      vertex 8.092096112668514 -9.643183961510658 4.35
      vertex 8.78361402451992 -11.480502970516682 0
    endloop
  endfacet
  facet normal 0.9359059261846493 0.35225004944279825 0
    outer loop
      vertex 8.78361402451992 -11.480502970516682 4.35
      vertex 8.78361402451992 -11.480502970516682 0
      vertex 8.092096112668514 -9.643183961510658 4.35
    endloop
  endfacet
  facet normal 0.956940335767022 0.29028467713969897 0
    outer loop
      vertex 7.522225208580494 -7.764571353793144 0
      vertex 7.522225208580494 -7.764571353793144 4.35
      vertex 8.092096112668514 -9.643183961510658 0
    endloop
  endfacet
  facet normal 0.956940335767022 0.29028467713969897 0
    outer loop
      vertex 8.092096112668514 -9.643183961510658 4.35
      vertex 8.092096112668514 -9.643183961510658 0
      vertex 7.522225208580494 -7.764571353793144 4.35
    endloop
  endfacet
  facet normal 0.9738769794468604 0.22707626230731257 0
    outer loop
      vertex 7.076441586017609 -5.852709658443928 0
      vertex 7.076441586017609 -5.852709658443928 4.35
      vertex 7.522225208580494 -7.764571353793144 0
    endloop
  endfacet
  facet normal 0.9738769794468604 0.22707626230731257 0
    outer loop
      vertex 7.522225208580494 -7.764571353793144 4.35
      vertex 7.522225208580494 -7.764571353793144 0
      vertex 7.076441586017609 -5.852709658443928 4.35
    endloop
  endfacet
  facet normal 0.9866433321592996 0.1628954729438304 0
    outer loop
      vertex 6.756654158234596 -3.9157857671380043 0
      vertex 6.756654158234596 -3.9157857671380043 4.35
      vertex 7.076441586017609 -5.852709658443928 0
    endloop
  endfacet
  facet normal 0.9866433321592996 0.1628954729438304 0
    outer loop
      vertex 7.076441586017609 -5.852709658443928 4.35
      vertex 7.076441586017609 -5.852709658443928 0
      vertex 6.756654158234596 -3.9157857671380043 4.35
    endloop
  endfacet
  facet normal 0.9951847268043855 0.0980171389874271 0
    outer loop
      vertex 6.564232304692268 -1.9620938748121262 0
      vertex 6.564232304692268 -1.9620938748121262 4.35
      vertex 6.756654158234596 -3.9157857671380043 0
    endloop
  endfacet
  facet normal 0.9951847268043855 0.0980171389874271 0
    outer loop
      vertex 6.756654158234596 -3.9157857671380043 4.35
      vertex 6.756654158234596 -3.9157857671380043 0
      vertex 6.564232304692268 -1.9620938748121262 4.35
    endloop
  endfacet
  facet normal 0.9994645874444017 0.032719083798173614 0
    outer loop
      vertex 6.5 0 0
      vertex 6.5 0 4.35
      vertex 6.564232304692268 -1.9620938748121262 0
    endloop
  endfacet
  facet normal 0.9994645874444017 0.032719083798173614 0
    outer loop
      vertex 6.564232304692268 -1.9620938748121262 4.35
      vertex 6.564232304692268 -1.9620938748121262 0
      vertex 6.5 0 4.35
    endloop
  endfacet
  facet normal 0.9994645874444017 -0.032719083798173614 0
    outer loop
      vertex 6.564232304692268 1.9620938748121262 0
      vertex 6.564232304692268 1.9620938748121262 4.35
      vertex 6.5 0 0
    endloop
  endfacet
  facet normal 0.9994645874444017 -0.032719083798173614 0
    outer loop
      vertex 6.5 0 4.35
      vertex 6.5 0 0
      vertex 6.564232304692268 1.9620938748121262 4.35
    endloop
  endfacet
  facet normal 0.9951847268043855 -0.0980171389874271 0
    outer loop
      vertex 6.756654158234596 3.9157857671380043 0
      vertex 6.756654158234596 3.9157857671380043 4.35
      vertex 6.564232304692268 1.9620938748121262 0
    endloop
  endfacet
  facet normal 0.9951847268043855 -0.0980171389874271 0
    outer loop
      vertex 6.564232304692268 1.9620938748121262 4.35
      vertex 6.564232304692268 1.9620938748121262 0
      vertex 6.756654158234596 3.9157857671380043 4.35
    endloop
  endfacet
  facet normal 0.9866433321592996 -0.1628954729438304 0
    outer loop
      vertex 7.076441586017609 5.852709658443928 0
      vertex 7.076441586017609 5.852709658443928 4.35
      vertex 6.756654158234596 3.9157857671380043 0
    endloop
  endfacet
  facet normal 0.9866433321592996 -0.1628954729438304 0
    outer loop
      vertex 6.756654158234596 3.9157857671380043 4.35
      vertex 6.756654158234596 3.9157857671380043 0
      vertex 7.076441586017609 5.852709658443928 4.35
    endloop
  endfacet
  facet normal 0.9738769794468604 -0.22707626230731257 0
    outer loop
      vertex 7.522225208580494 7.764571353793144 0
      vertex 7.522225208580494 7.764571353793144 4.35
      vertex 7.076441586017609 5.852709658443928 0
    endloop
  endfacet
  facet normal 0.9738769794468604 -0.22707626230731257 0
    outer loop
      vertex 7.076441586017609 5.852709658443928 4.35
      vertex 7.076441586017609 5.852709658443928 0
      vertex 7.522225208580494 7.764571353793144 4.35
    endloop
  endfacet
  facet normal 0.956940335767022 -0.29028467713969897 0
    outer loop
      vertex 8.092096112668514 9.643183961510658 0
      vertex 8.092096112668514 9.643183961510658 4.35
      vertex 7.522225208580494 7.764571353793144 0
    endloop
  endfacet
  facet normal 0.956940335767022 -0.29028467713969897 0
    outer loop
      vertex 7.522225208580494 7.764571353793144 4.35
      vertex 7.522225208580494 7.764571353793144 0
      vertex 8.092096112668514 9.643183961510658 4.35
    endloop
  endfacet
  facet normal 0.9359059261846493 -0.35225004944279825 0
    outer loop
      vertex 8.78361402451992 11.480502970516682 0
      vertex 8.78361402451992 11.480502970516682 4.35
      vertex 8.092096112668514 9.643183961510658 0
    endloop
  endfacet
  facet normal 0.9359059261846493 -0.35225004944279825 0
    outer loop
      vertex 8.092096112668514 9.643183961510658 4.35
      vertex 8.092096112668514 9.643183961510658 0
      vertex 8.78361402451992 11.480502970516682 4.35
    endloop
  endfacet
  facet normal 0.9108638248666291 -0.412707029924782 0
    outer loop
      vertex 9.593817755579948 13.268660709261894 0
      vertex 9.593817755579948 13.268660709261894 4.35
      vertex 8.78361402451992 11.480502970516682 0
    endloop
  endfacet
  facet normal 0.9108638248666291 -0.412707029924782 0
    outer loop
      vertex 8.78361402451992 11.480502970516682 4.35
      vertex 8.78361402451992 11.480502970516682 0
      vertex 9.593817755579948 13.268660709261894 4.35
    endloop
  endfacet
  facet normal 0.8819212650259368 -0.4713967355583311 0
    outer loop
      vertex 10.519237883388996 15 0
      vertex 10.519237883388996 15 4.35
      vertex 9.593817755579948 13.268660709261894 0
    endloop
  endfacet
  facet normal 0.8819212650259368 -0.4713967355583311 0
    outer loop
      vertex 9.593817755579948 13.268660709261894 4.35
      vertex 9.593817755579948 13.268660709261894 0
      vertex 10.519237883388996 15 4.35
    endloop
  endfacet
  facet normal 0.8492021813580571 -0.5280678509213731 0
    outer loop
      vertex 11.555911630392075 16.667106993496418 0
      vertex 11.555911630392075 16.667106993496418 4.35
      vertex 10.519237883388996 15 0
    endloop
  endfacet
  facet normal 0.8492021813580571 -0.5280678509213731 0
    outer loop
      vertex 10.519237883388996 15 4.35
      vertex 10.519237883388996 15 0
      vertex 11.555911630392075 16.667106993496418 4.35
    endloop
  endfacet
  facet normal 0.8128466840361138 -0.5824776976430034 0
    outer loop
      vertex 12.699399791657925 18.262842871248722 0
      vertex 12.699399791657925 18.262842871248722 4.35
      vertex 11.555911630392075 16.667106993496418 0
    endloop
  endfacet
  facet normal 0.8128466840361138 -0.5824776976430034 0
    outer loop
      vertex 11.555911630392075 16.667106993496418 4.35
      vertex 11.555911630392075 16.667106993496418 0
      vertex 12.699399791657925 18.262842871248722 4.35
    endloop
  endfacet
  facet normal 0.7730104524178223 -0.6343932853150274 0
    outer loop
      vertex 13.944805778563023 19.780374452471733 0
      vertex 13.944805778563023 19.780374452471733 4.35
      vertex 12.699399791657925 18.262842871248722 0
    endloop
  endfacet
  facet normal 0.7730104524178223 -0.6343932853150274 0
    outer loop
      vertex 12.699399791657925 18.262842871248722 4.35
      vertex 12.699399791657925 18.262842871248722 0
      vertex 13.944805778563023 19.780374452471733 4.35
    endloop
  endfacet
  facet normal 0.7298640745684248 -0.6835923000256636 0
    outer loop
      vertex 15.286796562373638 21.213203437626362 0
      vertex 15.286796562373638 21.213203437626362 4.35
      vertex 13.944805778563023 19.780374452471733 0
    endloop
  endfacet
  facet normal 0.7298640745684248 -0.6835923000256636 0
    outer loop
      vertex 13.944805778563023 19.780374452471733 4.35
      vertex 13.944805778563023 19.780374452471733 0
      vertex 15.286796562373638 21.213203437626362 4.35
    endloop
  endfacet
  facet normal 0.6835923000256636 -0.7298640745684248 0
    outer loop
      vertex 16.719625547528267 22.555194221436977 0
      vertex 16.719625547528267 22.555194221436977 4.35
      vertex 15.286796562373638 21.213203437626362 0
    endloop
  endfacet
  facet normal 0.6835923000256636 -0.7298640745684248 0
    outer loop
      vertex 15.286796562373638 21.213203437626362 4.35
      vertex 15.286796562373638 21.213203437626362 0
      vertex 16.719625547528267 22.555194221436977 4.35
    endloop
  endfacet
  facet normal 0.6343932853150274 -0.7730104524178223 0
    outer loop
      vertex 18.237157128751278 23.800600208342075 0
      vertex 18.237157128751278 23.800600208342075 4.35
      vertex 16.719625547528267 22.555194221436977 0
    endloop
  endfacet
  facet normal 0.6343932853150274 -0.7730104524178223 0
    outer loop
      vertex 16.719625547528267 22.555194221436977 4.35
      vertex 16.719625547528267 22.555194221436977 0
      vertex 18.237157128751278 23.800600208342075 4.35
    endloop
  endfacet
  facet normal 0.5824776976430034 -0.8128466840361138 0
    outer loop
      vertex 19.832893006503582 24.944088369607925 0
      vertex 19.832893006503582 24.944088369607925 4.35
      vertex 18.237157128751278 23.800600208342075 0
    endloop
  endfacet
  facet normal 0.5824776976430034 -0.8128466840361138 0
    outer loop
      vertex 18.237157128751278 23.800600208342075 4.35
      vertex 18.237157128751278 23.800600208342075 0
      vertex 19.832893006503582 24.944088369607925 4.35
    endloop
  endfacet
  facet normal 0.5280678509213731 -0.8492021813580571 0
    outer loop
      vertex 21.5 25.980762116611004 0
      vertex 21.5 25.980762116611004 4.35
      vertex 19.832893006503582 24.944088369607925 0
    endloop
  endfacet
  facet normal 0.5280678509213731 -0.8492021813580571 0
    outer loop
      vertex 19.832893006503582 24.944088369607925 4.35
      vertex 19.832893006503582 24.944088369607925 0
      vertex 21.5 25.980762116611004 4.35
    endloop
  endfacet
  facet normal 0.4713967355583311 -0.8819212650259368 0
    outer loop
      vertex 23.231339290738106 26.90618224442005 0
      vertex 23.231339290738106 26.90618224442005 4.35
      vertex 21.5 25.980762116611004 0
    endloop
  endfacet
  facet normal 0.4713967355583311 -0.8819212650259368 0
    outer loop
      vertex 21.5 25.980762116611004 4.35
      vertex 21.5 25.980762116611004 0
      vertex 23.231339290738106 26.90618224442005 4.35
    endloop
  endfacet
  facet normal 0.412707029924782 -0.9108638248666291 0
    outer loop
      vertex 25.01949702948332 27.71638597548008 0
      vertex 25.01949702948332 27.71638597548008 4.35
      vertex 23.231339290738106 26.90618224442005 0
    endloop
  endfacet
  facet normal 0.412707029924782 -0.9108638248666291 0
    outer loop
      vertex 23.231339290738106 26.90618224442005 4.35
      vertex 23.231339290738106 26.90618224442005 0
      vertex 25.01949702948332 27.71638597548008 4.35
    endloop
  endfacet
  facet normal 0.35225004944279825 -0.9359059261846493 0
    outer loop
      vertex 26.85681603848934 28.407903887331486 0
      vertex 26.85681603848934 28.407903887331486 4.35
      vertex 25.01949702948332 27.71638597548008 0
    endloop
  endfacet
  facet normal 0.35225004944279825 -0.9359059261846493 0
    outer loop
      vertex 25.01949702948332 27.71638597548008 4.35
      vertex 25.01949702948332 27.71638597548008 0
      vertex 26.85681603848934 28.407903887331486 4.35
    endloop
  endfacet
  facet normal 0.29028467713969897 -0.956940335767022 0
    outer loop
      vertex 28.735428646206856 28.977774791419506 0
      vertex 28.735428646206856 28.977774791419506 4.35
      vertex 26.85681603848934 28.407903887331486 0
    endloop
  endfacet
  facet normal 0.29028467713969897 -0.956940335767022 0
    outer loop
      vertex 26.85681603848934 28.407903887331486 4.35
      vertex 26.85681603848934 28.407903887331486 0
      vertex 28.735428646206856 28.977774791419506 4.35
    endloop
  endfacet
  facet normal 0.22707626230731257 -0.9738769794468604 0
    outer loop
      vertex 30.647290341556072 29.42355841398239 0
      vertex 30.647290341556072 29.42355841398239 4.35
      vertex 28.735428646206856 28.977774791419506 0
    endloop
  endfacet
  facet normal 0.22707626230731257 -0.9738769794468604 0
    outer loop
      vertex 28.735428646206856 28.977774791419506 4.35
      vertex 28.735428646206856 28.977774791419506 0
      vertex 30.647290341556072 29.42355841398239 4.35
    endloop
  endfacet
  facet normal 0.1628954729438304 -0.9866433321592996 0
    outer loop
      vertex 32.584214232861996 29.743345841765404 0
      vertex 32.584214232861996 29.743345841765404 4.35
      vertex 30.647290341556072 29.42355841398239 0
    endloop
  endfacet
  facet normal 0.1628954729438304 -0.9866433321592996 0
    outer loop
      vertex 30.647290341556072 29.42355841398239 4.35
      vertex 30.647290341556072 29.42355841398239 0
      vertex 32.584214232861996 29.743345841765404 4.35
    endloop
  endfacet
  facet normal 0.0980171389874271 -0.9951847268043855 0
    outer loop
      vertex 34.537906125187874 29.93576769530773 0
      vertex 34.537906125187874 29.93576769530773 4.35
      vertex 32.584214232861996 29.743345841765404 0
    endloop
  endfacet
  facet normal 0.0980171389874271 -0.9951847268043855 0
    outer loop
      vertex 32.584214232861996 29.743345841765404 4.35
      vertex 32.584214232861996 29.743345841765404 0
      vertex 34.537906125187874 29.93576769530773 4.35
    endloop
  endfacet
  facet normal 0.032719083798173614 -0.9994645874444017 0
    outer loop
      vertex 36.5 30 0
      vertex 36.5 30 4.35
      vertex 34.537906125187874 29.93576769530773 0
    endloop
  endfacet
  facet normal 0.032719083798173614 -0.9994645874444017 0
    outer loop
      vertex 34.537906125187874 29.93576769530773 4.35
      vertex 34.537906125187874 29.93576769530773 0
      vertex 36.5 30 4.35
    endloop
  endfacet
  facet normal -0.032719083798173614 -0.9994645874444017 0
    outer loop
      vertex 38.462093874812126 29.93576769530773 0
      vertex 38.462093874812126 29.93576769530773 4.35
      vertex 36.5 30 0
    endloop
  endfacet
  facet normal -0.032719083798173614 -0.9994645874444017 0
    outer loop
      vertex 36.5 30 4.35
      vertex 36.5 30 0
      vertex 38.462093874812126 29.93576769530773 4.35
    endloop
  endfacet
  facet normal -0.0980171389874271 -0.9951847268043855 0
    outer loop
      vertex 40.415785767138004 29.743345841765404 0
      vertex 40.415785767138004 29.743345841765404 4.35
      vertex 38.462093874812126 29.93576769530773 0
    endloop
  endfacet
  facet normal -0.0980171389874271 -0.9951847268043855 0
    outer loop
      vertex 38.462093874812126 29.93576769530773 4.35
      vertex 38.462093874812126 29.93576769530773 0
      vertex 40.415785767138004 29.743345841765404 4.35
    endloop
  endfacet
  facet normal -0.1628954729438304 -0.9866433321592996 0
    outer loop
      vertex 42.35270965844393 29.42355841398239 0
      vertex 42.35270965844393 29.42355841398239 4.35
      vertex 40.415785767138004 29.743345841765404 0
    endloop
  endfacet
  facet normal -0.1628954729438304 -0.9866433321592996 0
    outer loop
      vertex 40.415785767138004 29.743345841765404 4.35
      vertex 40.415785767138004 29.743345841765404 0
      vertex 42.35270965844393 29.42355841398239 4.35
    endloop
  endfacet
  facet normal -0.22707626230731257 -0.9738769794468604 0
    outer loop
      vertex 44.264571353793144 28.977774791419506 0
      vertex 44.264571353793144 28.977774791419506 4.35
      vertex 42.35270965844393 29.42355841398239 0
    endloop
  endfacet
  facet normal -0.22707626230731257 -0.9738769794468604 0
    outer loop
      vertex 42.35270965844393 29.42355841398239 4.35
      vertex 42.35270965844393 29.42355841398239 0
      vertex 44.264571353793144 28.977774791419506 4.35
    endloop
  endfacet
  facet normal -0.29028467713969897 -0.956940335767022 0
    outer loop
      vertex 46.14318396151066 28.407903887331486 0
      vertex 46.14318396151066 28.407903887331486 4.35
      vertex 44.264571353793144 28.977774791419506 0
    endloop
  endfacet
  facet normal -0.29028467713969897 -0.956940335767022 0
    outer loop
      vertex 44.264571353793144 28.977774791419506 4.35
      vertex 44.264571353793144 28.977774791419506 0
      vertex 46.14318396151066 28.407903887331486 4.35
    endloop
  endfacet
  facet normal -0.35225004944279825 -0.9359059261846493 0
    outer loop
      vertex 47.98050297051668 27.71638597548008 0
      vertex 47.98050297051668 27.71638597548008 4.35
      vertex 46.14318396151066 28.407903887331486 0
    endloop
  endfacet
  facet normal -0.35225004944279825 -0.9359059261846493 0
    outer loop
      vertex 46.14318396151066 28.407903887331486 4.35
      vertex 46.14318396151066 28.407903887331486 0
      vertex 47.98050297051668 27.71638597548008 4.35
    endloop
  endfacet
  facet normal -0.412707029924782 -0.9108638248666291 0
    outer loop
      vertex 49.768660709261894 26.90618224442005 0
      vertex 49.768660709261894 26.90618224442005 4.35
      vertex 47.98050297051668 27.71638597548008 0
    endloop
  endfacet
  facet normal -0.412707029924782 -0.9108638248666291 0
    outer loop
      vertex 47.98050297051668 27.71638597548008 4.35
      vertex 47.98050297051668 27.71638597548008 0
      vertex 49.768660709261894 26.90618224442005 4.35
    endloop
  endfacet
  facet normal -0.4713967355583311 -0.8819212650259368 0
    outer loop
      vertex 51.5 25.980762116611004 0
      vertex 51.5 25.980762116611004 4.35
      vertex 49.768660709261894 26.90618224442005 0
    endloop
  endfacet
  facet normal -0.4713967355583311 -0.8819212650259368 0
    outer loop
      vertex 49.768660709261894 26.90618224442005 4.35
      vertex 49.768660709261894 26.90618224442005 0
      vertex 51.5 25.980762116611004 4.35
    endloop
  endfacet
  facet normal -0.5280678509213731 -0.8492021813580571 0
    outer loop
      vertex 53.16710699349642 24.944088369607925 0
      vertex 53.16710699349642 24.944088369607925 4.35
      vertex 51.5 25.980762116611004 0
    endloop
  endfacet
  facet normal -0.5280678509213731 -0.8492021813580571 0
    outer loop
      vertex 51.5 25.980762116611004 4.35
      vertex 51.5 25.980762116611004 0
      vertex 53.16710699349642 24.944088369607925 4.35
    endloop
  endfacet
  facet normal -0.5824776976430034 -0.8128466840361138 0
    outer loop
      vertex 54.76284287124872 23.800600208342075 0
      vertex 54.76284287124872 23.800600208342075 4.35
      vertex 53.16710699349642 24.944088369607925 0
    endloop
  endfacet
  facet normal -0.5824776976430034 -0.8128466840361138 0
    outer loop
      vertex 53.16710699349642 24.944088369607925 4.35
      vertex 53.16710699349642 24.944088369607925 0
      vertex 54.76284287124872 23.800600208342075 4.35
    endloop
  endfacet
  facet normal -0.6343932853150274 -0.7730104524178223 0
    outer loop
      vertex 56.28037445247173 22.555194221436977 0
      vertex 56.28037445247173 22.555194221436977 4.35
      vertex 54.76284287124872 23.800600208342075 0
    endloop
  endfacet
  facet normal -0.6343932853150274 -0.7730104524178223 0
    outer loop
      vertex 54.76284287124872 23.800600208342075 4.35
      vertex 54.76284287124872 23.800600208342075 0
      vertex 56.28037445247173 22.555194221436977 4.35
    endloop
  endfacet
  facet normal -0.6835923000256636 -0.7298640745684248 0
    outer loop
      vertex 57.71320343762636 21.213203437626362 0
      vertex 57.71320343762636 21.213203437626362 4.35
      vertex 56.28037445247173 22.555194221436977 0
    endloop
  endfacet
  facet normal -0.6835923000256636 -0.7298640745684248 0
    outer loop
      vertex 56.28037445247173 22.555194221436977 4.35
      vertex 56.28037445247173 22.555194221436977 0
      vertex 57.71320343762636 21.213203437626362 4.35
    endloop
  endfacet
  facet normal -0.7298640745684248 -0.6835923000256636 0
    outer loop
      vertex 59.05519422143698 19.780374452471733 0
      vertex 59.05519422143698 19.780374452471733 4.35
      vertex 57.71320343762636 21.213203437626362 0
    endloop
  endfacet
  facet normal -0.7298640745684248 -0.6835923000256636 0
    outer loop
      vertex 57.71320343762636 21.213203437626362 4.35
      vertex 57.71320343762636 21.213203437626362 0
      vertex 59.05519422143698 19.780374452471733 4.35
    endloop
  endfacet
  facet normal -0.7730104524178223 -0.6343932853150274 0
    outer loop
      vertex 60.300600208342075 18.262842871248722 0
      vertex 60.300600208342075 18.262842871248722 4.35
      vertex 59.05519422143698 19.780374452471733 0
    endloop
  endfacet
  facet normal -0.7730104524178223 -0.6343932853150274 0
    outer loop
      vertex 59.05519422143698 19.780374452471733 4.35
      vertex 59.05519422143698 19.780374452471733 0
      vertex 60.300600208342075 18.262842871248722 4.35
    endloop
  endfacet
  facet normal -0.8128466840361138 -0.5824776976430034 0
    outer loop
      vertex 61.444088369607925 16.667106993496418 0
      vertex 61.444088369607925 16.667106993496418 4.35
      vertex 60.300600208342075 18.262842871248722 0
    endloop
  endfacet
  facet normal -0.8128466840361138 -0.5824776976430034 0
    outer loop
      vertex 60.300600208342075 18.262842871248722 4.35
      vertex 60.300600208342075 18.262842871248722 0
      vertex 61.444088369607925 16.667106993496418 4.35
    endloop
  endfacet
  facet normal -0.8492021813580571 -0.5280678509213731 0
    outer loop
      vertex 62.480762116611004 15 0
      vertex 62.480762116611004 15 4.35
      vertex 61.444088369607925 16.667106993496418 0
    endloop
  endfacet
  facet normal -0.8492021813580571 -0.5280678509213731 0
    outer loop
      vertex 61.444088369607925 16.667106993496418 4.35
      vertex 61.444088369607925 16.667106993496418 0
      vertex 62.480762116611004 15 4.35
    endloop
  endfacet
  facet normal -0.8819212650259368 -0.4713967355583311 0
    outer loop
      vertex 63.40618224442005 13.268660709261894 0
      vertex 63.40618224442005 13.268660709261894 4.35
      vertex 62.480762116611004 15 0
    endloop
  endfacet
  facet normal -0.8819212650259368 -0.4713967355583311 0
    outer loop
      vertex 62.480762116611004 15 4.35
      vertex 62.480762116611004 15 0
      vertex 63.40618224442005 13.268660709261894 4.35
    endloop
  endfacet
  facet normal -0.9108638248666291 -0.412707029924782 0
    outer loop
      vertex 64.21638597548008 11.480502970516682 0
      vertex 64.21638597548008 11.480502970516682 4.35
      vertex 63.40618224442005 13.268660709261894 0
    endloop
  endfacet
  facet normal -0.9108638248666291 -0.412707029924782 0
    outer loop
      vertex 63.40618224442005 13.268660709261894 4.35
      vertex 63.40618224442005 13.268660709261894 0
      vertex 64.21638597548008 11.480502970516682 4.35
    endloop
  endfacet
  facet normal -0.9359059261846493 -0.35225004944279825 0
    outer loop
      vertex 64.90790388733149 9.643183961510658 0
      vertex 64.90790388733149 9.643183961510658 4.35
      vertex 64.21638597548008 11.480502970516682 0
    endloop
  endfacet
  facet normal -0.9359059261846493 -0.35225004944279825 0
    outer loop
      vertex 64.21638597548008 11.480502970516682 4.35
      vertex 64.21638597548008 11.480502970516682 0
      vertex 64.90790388733149 9.643183961510658 4.35
    endloop
  endfacet
  facet normal -0.956940335767022 -0.29028467713969897 0
    outer loop
      vertex 65.4777747914195 7.764571353793144 0
      vertex 65.4777747914195 7.764571353793144 4.35
      vertex 64.90790388733149 9.643183961510658 0
    endloop
  endfacet
  facet normal -0.956940335767022 -0.29028467713969897 0
    outer loop
      vertex 64.90790388733149 9.643183961510658 4.35
      vertex 64.90790388733149 9.643183961510658 0
      vertex 65.4777747914195 7.764571353793144 4.35
    endloop
  endfacet
  facet normal -0.9738769794468604 -0.22707626230731257 0
    outer loop
      vertex 65.92355841398239 5.852709658443928 0
      vertex 65.92355841398239 5.852709658443928 4.35
      vertex 65.4777747914195 7.764571353793144 0
    endloop
  endfacet
  facet normal -0.9738769794468604 -0.22707626230731257 0
    outer loop
      vertex 65.4777747914195 7.764571353793144 4.35
      vertex 65.4777747914195 7.764571353793144 0
      vertex 65.92355841398239 5.852709658443928 4.35
    endloop
  endfacet
  facet normal -0.9866433321592996 -0.1628954729438304 0
    outer loop
      vertex 66.2433458417654 3.9157857671380043 0
      vertex 66.2433458417654 3.9157857671380043 4.35
      vertex 65.92355841398239 5.852709658443928 0
    endloop
  endfacet
  facet normal -0.9866433321592996 -0.1628954729438304 0
    outer loop
      vertex 65.92355841398239 5.852709658443928 4.35
      vertex 65.92355841398239 5.852709658443928 0
      vertex 66.2433458417654 3.9157857671380043 4.35
    endloop
  endfacet
  facet normal -0.9951847268043855 -0.0980171389874271 0
    outer loop
      vertex 66.43576769530773 1.9620938748121262 0
      vertex 66.43576769530773 1.9620938748121262 4.35
      vertex 66.2433458417654 3.9157857671380043 0
    endloop
  endfacet
  facet normal -0.9951847268043855 -0.0980171389874271 0
    outer loop
      vertex 66.2433458417654 3.9157857671380043 4.35
      vertex 66.2433458417654 3.9157857671380043 0
      vertex 66.43576769530773 1.9620938748121262 4.35
    endloop
  endfacet
  facet normal -0.9994645874444017 -0.032719083798173614 0
    outer loop
      vertex 66.5 0 0
      vertex 66.5 0 4.35
      vertex 66.43576769530773 1.9620938748121262 0
    endloop
  endfacet
  facet normal -0.9994645874444017 -0.032719083798173614 0
    outer loop
      vertex 66.43576769530773 1.9620938748121262 4.35
      vertex 66.43576769530773 1.9620938748121262 0
      vertex 66.5 0 4.35
    endloop
  endfacet
  facet normal -0.9994645874444017 0.032719083798173614 0
    outer loop
      vertex 66.43576769530773 -1.9620938748121262 0
      vertex 66.43576769530773 -1.9620938748121262 4.35
      vertex 66.5 0 0
    endloop
  endfacet
  facet normal -0.9994645874444017 0.032719083798173614 0
    outer loop
      vertex 66.5 0 4.35
      vertex 66.5 0 0
      vertex 66.43576769530773 -1.9620938748121262 4.35
    endloop
  endfacet
  facet normal -0.9951847268043855 0.0980171389874271 0
    outer loop
      vertex 66.2433458417654 -3.9157857671380043 0
      vertex 66.2433458417654 -3.9157857671380043 4.35
      vertex 66.43576769530773 -1.9620938748121262 0
    endloop
  endfacet
  facet normal -0.9951847268043855 0.0980171389874271 0
    outer loop
      vertex 66.43576769530773 -1.9620938748121262 4.35
      vertex 66.43576769530773 -1.9620938748121262 0
      vertex 66.2433458417654 -3.9157857671380043 4.35
    endloop
  endfacet
  facet normal -0.9866433321592996 0.1628954729438304 0
    outer loop
      vertex 65.92355841398239 -5.852709658443928 0
      vertex 65.92355841398239 -5.852709658443928 4.35
      vertex 66.2433458417654 -3.9157857671380043 0
    endloop
  endfacet
  facet normal -0.9866433321592996 0.1628954729438304 0
    outer loop
      vertex 66.2433458417654 -3.9157857671380043 4.35
      vertex 66.2433458417654 -3.9157857671380043 0
      vertex 65.92355841398239 -5.852709658443928 4.35
    endloop
  endfacet
  facet normal -0.9738769794468604 0.22707626230731257 0
    outer loop
      vertex 65.4777747914195 -7.764571353793144 0
      vertex 65.4777747914195 -7.764571353793144 4.35
      vertex 65.92355841398239 -5.852709658443928 0
    endloop
  endfacet
  facet normal -0.9738769794468604 0.22707626230731257 0
    outer loop
      vertex 65.92355841398239 -5.852709658443928 4.35
      vertex 65.92355841398239 -5.852709658443928 0
      vertex 65.4777747914195 -7.764571353793144 4.35
    endloop
  endfacet
  facet normal -0.956940335767022 0.29028467713969897 0
    outer loop
      vertex 64.90790388733149 -9.643183961510658 0
      vertex 64.90790388733149 -9.643183961510658 4.35
      vertex 65.4777747914195 -7.764571353793144 0
    endloop
  endfacet
  facet normal -0.956940335767022 0.29028467713969897 0
    outer loop
      vertex 65.4777747914195 -7.764571353793144 4.35
      vertex 65.4777747914195 -7.764571353793144 0
      vertex 64.90790388733149 -9.643183961510658 4.35
    endloop
  endfacet
  facet normal -0.9359059261846493 0.35225004944279825 0
    outer loop
      vertex 64.21638597548008 -11.480502970516682 0
      vertex 64.21638597548008 -11.480502970516682 4.35
      vertex 64.90790388733149 -9.643183961510658 0
    endloop
  endfacet
  facet normal -0.9359059261846493 0.35225004944279825 0
    outer loop
      vertex 64.90790388733149 -9.643183961510658 4.35
      vertex 64.90790388733149 -9.643183961510658 0
      vertex 64.21638597548008 -11.480502970516682 4.35
    endloop
  endfacet
  facet normal -0.9108638248666291 0.412707029924782 0
    outer loop
      vertex 63.40618224442005 -13.268660709261894 0
      vertex 63.40618224442005 -13.268660709261894 4.35
      vertex 64.21638597548008 -11.480502970516682 0
    endloop
  endfacet
  facet normal -0.9108638248666291 0.412707029924782 0
    outer loop
      vertex 64.21638597548008 -11.480502970516682 4.35
      vertex 64.21638597548008 -11.480502970516682 0
      vertex 63.40618224442005 -13.268660709261894 4.35
    endloop
  endfacet
  facet normal -0.8819212650259368 0.4713967355583311 0
    outer loop
      vertex 62.480762116611004 -15 0
      vertex 62.480762116611004 -15 4.35
      vertex 63.40618224442005 -13.268660709261894 0
    endloop
  endfacet
  facet normal -0.8819212650259368 0.4713967355583311 0
    outer loop
      vertex 63.40618224442005 -13.268660709261894 4.35
      vertex 63.40618224442005 -13.268660709261894 0
      vertex 62.480762116611004 -15 4.35
    endloop
  endfacet
  facet normal -0.8492021813580571 0.5280678509213731 0
    outer loop
      vertex 61.444088369607925 -16.667106993496418 0
      vertex 61.444088369607925 -16.667106993496418 4.35
      vertex 62.480762116611004 -15 0
    endloop
  endfacet
  facet normal -0.8492021813580571 0.5280678509213731 0
    outer loop
      vertex 62.480762116611004 -15 4.35
      vertex 62.480762116611004 -15 0
      vertex 61.444088369607925 -16.667106993496418 4.35
    endloop
  endfacet
  facet normal -0.8128466840361138 0.5824776976430034 0
    outer loop
      vertex 60.300600208342075 -18.262842871248722 0
      vertex 60.300600208342075 -18.262842871248722 4.35
      vertex 61.444088369607925 -16.667106993496418 0
    endloop
  endfacet
  facet normal -0.8128466840361138 0.5824776976430034 0
    outer loop
      vertex 61.444088369607925 -16.667106993496418 4.35
      vertex 61.444088369607925 -16.667106993496418 0
      vertex 60.300600208342075 -18.262842871248722 4.35
    endloop
  endfacet
  facet normal -0.7730104524178223 0.6343932853150274 0
    outer loop
      vertex 59.05519422143698 -19.780374452471733 0
      vertex 59.05519422143698 -19.780374452471733 4.35
      vertex 60.300600208342075 -18.262842871248722 0
    endloop
  endfacet
  facet normal -0.7730104524178223 0.6343932853150274 0
    outer loop
      vertex 60.300600208342075 -18.262842871248722 4.35
      vertex 60.300600208342075 -18.262842871248722 0
      vertex 59.05519422143698 -19.780374452471733 4.35
    endloop
  endfacet
  facet normal -0.7298640745684248 0.6835923000256636 0
    outer loop
      vertex 57.71320343762636 -21.213203437626362 0
      vertex 57.71320343762636 -21.213203437626362 4.35
      vertex 59.05519422143698 -19.780374452471733 0
    endloop
  endfacet
  facet normal -0.7298640745684248 0.6835923000256636 0
    outer loop
      vertex 59.05519422143698 -19.780374452471733 4.35
      vertex 59.05519422143698 -19.780374452471733 0
      vertex 57.71320343762636 -21.213203437626362 4.35
    endloop
  endfacet
  facet normal -0.6835923000256636 0.7298640745684248 0
    outer loop
      vertex 56.28037445247173 -22.555194221436977 0
      vertex 56.28037445247173 -22.555194221436977 4.35
      vertex 57.71320343762636 -21.213203437626362 0
    endloop
  endfacet
  facet normal -0.6835923000256636 0.7298640745684248 0
    outer loop
      vertex 57.71320343762636 -21.213203437626362 4.35
      vertex 57.71320343762636 -21.213203437626362 0
      vertex 56.28037445247173 -22.555194221436977 4.35
    endloop
  endfacet
  facet normal -0.6343932853150274 0.7730104524178223 0
    outer loop
      vertex 54.76284287124872 -23.800600208342075 0
      vertex 54.76284287124872 -23.800600208342075 4.35
      vertex 56.28037445247173 -22.555194221436977 0
    endloop
  endfacet
  facet normal -0.6343932853150274 0.7730104524178223 0
    outer loop
      vertex 56.28037445247173 -22.555194221436977 4.35
      vertex 56.28037445247173 -22.555194221436977 0
      vertex 54.76284287124872 -23.800600208342075 4.35
    endloop
  endfacet
  facet normal -0.5824776976430034 0.8128466840361138 0
    outer loop
      vertex 53.16710699349642 -24.944088369607925 0
      vertex 53.16710699349642 -24.944088369607925 4.35
      vertex 54.76284287124872 -23.800600208342075 0
    endloop
  endfacet
  facet normal -0.5824776976430034 0.8128466840361138 0
    outer loop
      vertex 54.76284287124872 -23.800600208342075 4.35
      vertex 54.76284287124872 -23.800600208342075 0
      vertex 53.16710699349642 -24.944088369607925 4.35
    endloop
  endfacet
  facet normal -0.5280678509213731 0.8492021813580571 0
    outer loop
      vertex 51.5 -25.980762116611004 0
      vertex 51.5 -25.980762116611004 4.35
      vertex 53.16710699349642 -24.944088369607925 0
    endloop
  endfacet
  facet normal -0.5280678509213731 0.8492021813580571 0
    outer loop
      vertex 53.16710699349642 -24.944088369607925 4.35
      vertex 53.16710699349642 -24.944088369607925 0
      vertex 51.5 -25.980762116611004 4.35
    endloop
  endfacet
  facet normal -0.4713967355583311 0.8819212650259368 0
    outer loop
      vertex 49.768660709261894 -26.90618224442005 0
      vertex 49.768660709261894 -26.90618224442005 4.35
      vertex 51.5 -25.980762116611004 0
    endloop
  endfacet
  facet normal -0.4713967355583311 0.8819212650259368 0
    outer loop
      vertex 51.5 -25.980762116611004 4.35
      vertex 51.5 -25.980762116611004 0
      vertex 49.768660709261894 -26.90618224442005 4.35
    endloop
  endfacet
  facet normal -0.412707029924782 0.9108638248666291 0
    outer loop
      vertex 47.98050297051668 -27.71638597548008 0
      vertex 47.98050297051668 -27.71638597548008 4.35
      vertex 49.768660709261894 -26.90618224442005 0
    endloop
  endfacet
  facet normal -0.412707029924782 0.9108638248666291 0
    outer loop
      vertex 49.768660709261894 -26.90618224442005 4.35
      vertex 49.768660709261894 -26.90618224442005 0
      vertex 47.98050297051668 -27.71638597548008 4.35
    endloop
  endfacet
  facet normal -0.35225004944279825 0.9359059261846493 0
    outer loop
      vertex 46.14318396151066 -28.407903887331486 0
      vertex 46.14318396151066 -28.407903887331486 4.35
      vertex 47.98050297051668 -27.71638597548008 0
    endloop
  endfacet
  facet normal -0.35225004944279825 0.9359059261846493 0
    outer loop
      vertex 47.98050297051668 -27.71638597548008 4.35
      vertex 47.98050297051668 -27.71638597548008 0
      vertex 46.14318396151066 -28.407903887331486 4.35
    endloop
  endfacet
  facet normal -0.29028467713969897 0.956940335767022 0
    outer loop
      vertex 44.264571353793144 -28.977774791419506 0
      vertex 44.264571353793144 -28.977774791419506 4.35
      vertex 46.14318396151066 -28.407903887331486 0
    endloop
  endfacet
  facet normal -0.29028467713969897 0.956940335767022 0
    outer loop
      vertex 46.14318396151066 -28.407903887331486 4.35
      vertex 46.14318396151066 -28.407903887331486 0
      vertex 44.264571353793144 -28.977774791419506 4.35
    endloop
  endfacet
  facet normal -0.22707626230731257 0.9738769794468604 0
    outer loop
      vertex 42.35270965844393 -29.42355841398239 0
      vertex 42.35270965844393 -29.42355841398239 4.35
      vertex 44.264571353793144 -28.977774791419506 0
    endloop
  endfacet
  facet normal -0.22707626230731257 0.9738769794468604 0
    outer loop
      vertex 44.264571353793144 -28.977774791419506 4.35
      vertex 44.264571353793144 -28.977774791419506 0
      vertex 42.35270965844393 -29.42355841398239 4.35
    endloop
  endfacet
  facet normal -0.1628954729438304 0.9866433321592996 0
    outer loop
      vertex 40.415785767138004 -29.743345841765404 0
      vertex 40.415785767138004 -29.743345841765404 4.35
      vertex 42.35270965844393 -29.42355841398239 0
    endloop
  endfacet
  facet normal -0.1628954729438304 0.9866433321592996 0
    outer loop
      vertex 42.35270965844393 -29.42355841398239 4.35
      vertex 42.35270965844393 -29.42355841398239 0
      vertex 40.415785767138004 -29.743345841765404 4.35
    endloop
  endfacet
  facet normal -0.09801708059094283 0.9951847325559354 0
    outer loop
      vertex 40.28631968051195 -29.75609713047743 0
      vertex 40.28631968051195 -29.75609713047743 4.35
      vertex 40.415785767138004 -29.743345841765404 0
    endloop
  endfacet
  facet normal -0.09801708059094283 0.9951847325559354 0
    outer loop
      vertex 40.415785767138004 -29.743345841765404 4.35
      vertex 40.415785767138004 -29.743345841765404 0
      vertex 40.28631968051195 -29.75609713047743 4.35
    endloop
  endfacet
  facet normal -0.9108638327645997 -0.41270701249358904 0
    outer loop
      vertex 40.332534968853 -29.858096450567245 0
      vertex 40.332534968853 -29.858096450567245 4.35
      vertex 40.28631968051195 -29.75609713047743 0
    endloop
  endfacet
  facet normal -0.9108638327645997 -0.41270701249358904 0
    outer loop
      vertex 40.28631968051195 -29.75609713047743 4.35
      vertex 40.28631968051195 -29.75609713047743 0
      vertex 40.332534968853 -29.858096450567245 4.35
    endloop
  endfacet
  facet normal -0.9359059348001255 -0.352250026552026 0
    outer loop
      vertex 40.38324628025293 -29.99283318221569 0
      vertex 40.38324628025293 -29.99283318221569 4.35
      vertex 40.332534968853 -29.858096450567245 0
    endloop
  endfacet
  facet normal -0.9359059348001255 -0.352250026552026 0
    outer loop
      vertex 40.332534968853 -29.858096450567245 4.35
      vertex 40.332534968853 -29.858096450567245 0
      vertex 40.38324628025293 -29.99283318221569 4.35
    endloop
  endfacet
  facet normal -0.9569403261936907 -0.2902847086987408 0
    outer loop
      vertex 40.42503681778908 -30.130598105490208 0
      vertex 40.42503681778908 -30.130598105490208 4.35
      vertex 40.38324628025293 -29.99283318221569 0
    endloop
  endfacet
  facet normal -0.9569403261936907 -0.2902847086987408 0
    outer loop
      vertex 40.38324628025293 -29.99283318221569 4.35
      vertex 40.38324628025293 -29.99283318221569 0
      vertex 40.42503681778908 -30.130598105490208 4.35
    endloop
  endfacet
  facet normal -0.9738769862109585 -0.22707623329767604 0
    outer loop
      vertex 40.45772761106491 -30.270801290869713 0
      vertex 40.45772761106491 -30.270801290869713 4.35
      vertex 40.42503681778908 -30.130598105490208 0
    endloop
  endfacet
  facet normal -0.9738769862109585 -0.22707623329767604 0
    outer loop
      vertex 40.42503681778908 -30.130598105490208 4.35
      vertex 40.42503681778908 -30.130598105490208 0
      vertex 40.45772761106491 -30.270801290869713 4.35
    endloop
  endfacet
  facet normal -0.9866433276091399 -0.16289550050373786 0
    outer loop
      vertex 40.48117869347334 -30.412842378020287 0
      vertex 40.48117869347334 -30.412842378020287 4.35
      vertex 40.45772761106491 -30.270801290869713 0
    endloop
  endfacet
  facet normal -0.9866433276091399 -0.16289550050373786 0
    outer loop
      vertex 40.45772761106491 -30.270801290869713 4.35
      vertex 40.45772761106491 -30.270801290869713 0
      vertex 40.48117869347334 -30.412842378020287 4.35
    endloop
  endfacet
  facet normal -0.995184725569599 -0.09801715152442476 0
    outer loop
      vertex 40.495289631187916 -30.556113116443157 0
      vertex 40.495289631187916 -30.556113116443157 4.35
      vertex 40.48117869347334 -30.412842378020287 0
    endloop
  endfacet
  facet normal -0.995184725569599 -0.09801715152442476 0
    outer loop
      vertex 40.48117869347334 -30.412842378020287 4.35
      vertex 40.48117869347334 -30.412842378020287 0
      vertex 40.495289631187916 -30.556113116443157 4.35
    endloop
  endfacet
  facet normal -0.9994645875072616 -0.032719081877998255 0
    outer loop
      vertex 40.5 -30.700000002980232 0
      vertex 40.5 -30.700000002980232 4.35
      vertex 40.495289631187916 -30.556113116443157 0
    endloop
  endfacet
  facet normal -0.9994645875072616 -0.032719081877998255 0
    outer loop
      vertex 40.495289631187916 -30.556113116443157 4.35
      vertex 40.495289631187916 -30.556113116443157 0
      vertex 40.5 -30.700000002980232 4.35
    endloop
  endfacet
  facet normal -1 0 0
    outer loop
      vertex 40.5 -36.29999999701977 0
      vertex 40.5 -36.29999999701977 4.35
      vertex 40.5 -30.700000002980232 0
    endloop
  endfacet
  facet normal -1 0 0
    outer loop
      vertex 40.5 -30.700000002980232 4.35
      vertex 40.5 -30.700000002980232 0
      vertex 40.5 -36.29999999701977 4.35
    endloop
  endfacet
  facet normal -0.9994645875072616 0.032719081877998255 0
    outer loop
      vertex 40.495289631187916 -36.44388688355684 0
      vertex 40.495289631187916 -36.44388688355684 4.35
      vertex 40.5 -36.29999999701977 0
    endloop
  endfacet
  facet normal -0.9994645875072616 0.032719081877998255 0
    outer loop
      vertex 40.5 -36.29999999701977 4.35
      vertex 40.5 -36.29999999701977 0
      vertex 40.495289631187916 -36.44388688355684 4.35
    endloop
  endfacet
  facet normal -0.995184725569599 0.09801715152442476 0
    outer loop
      vertex 40.48117869347334 -36.58715762197971 0
      vertex 40.48117869347334 -36.58715762197971 4.35
      vertex 40.495289631187916 -36.44388688355684 0
    endloop
  endfacet
  facet normal -0.995184725569599 0.09801715152442476 0
    outer loop
      vertex 40.495289631187916 -36.44388688355684 4.35
      vertex 40.495289631187916 -36.44388688355684 0
      vertex 40.48117869347334 -36.58715762197971 4.35
    endloop
  endfacet
  facet normal -0.9866433276091399 0.16289550050373786 0
    outer loop
      vertex 40.45772761106491 -36.72919870913029 0
      vertex 40.45772761106491 -36.72919870913029 4.35
      vertex 40.48117869347334 -36.58715762197971 0
    endloop
  endfacet
  facet normal -0.9866433276091399 0.16289550050373786 0
    outer loop
      vertex 40.48117869347334 -36.58715762197971 4.35
      vertex 40.48117869347334 -36.58715762197971 0
      vertex 40.45772761106491 -36.72919870913029 4.35
    endloop
  endfacet
  facet normal -0.9738769862109585 0.22707623329767604 0
    outer loop
      vertex 40.42503681778908 -36.86940189450979 0
      vertex 40.42503681778908 -36.86940189450979 4.35
      vertex 40.45772761106491 -36.72919870913029 0
    endloop
  endfacet
  facet normal -0.9738769862109585 0.22707623329767604 0
    outer loop
      vertex 40.45772761106491 -36.72919870913029 4.35
      vertex 40.45772761106491 -36.72919870913029 0
      vertex 40.42503681778908 -36.86940189450979 4.35
    endloop
  endfacet
  facet normal -0.9569403261936907 0.2902847086987408 0
    outer loop
      vertex 40.38324628025293 -37.00716681778431 0
      vertex 40.38324628025293 -37.00716681778431 4.35
      vertex 40.42503681778908 -36.86940189450979 0
    endloop
  endfacet
  facet normal -0.9569403261936907 0.2902847086987408 0
    outer loop
      vertex 40.42503681778908 -36.86940189450979 4.35
      vertex 40.42503681778908 -36.86940189450979 0
      vertex 40.38324628025293 -37.00716681778431 4.35
    endloop
  endfacet
  facet normal -0.9359059348001255 0.352250026552026 0
    outer loop
      vertex 40.332534968853 -37.141903549432755 0
      vertex 40.332534968853 -37.141903549432755 4.35
      vertex 40.38324628025293 -37.00716681778431 0
    endloop
  endfacet
  facet normal -0.9359059348001255 0.352250026552026 0
    outer loop
      vertex 40.38324628025293 -37.00716681778431 4.35
      vertex 40.38324628025293 -37.00716681778431 0
      vertex 40.332534968853 -37.141903549432755 4.35
    endloop
  endfacet
  facet normal -0.9108638300445371 0.4127070184968952 0
    outer loop
      vertex 40.273120030760765 -37.2730351164937 0
      vertex 40.273120030760765 -37.2730351164937 4.35
      vertex 40.332534968853 -37.141903549432755 0
    endloop
  endfacet
  facet normal -0.9108638300445371 0.4127070184968952 0
    outer loop
      vertex 40.332534968853 -37.141903549432755 4.35
      vertex 40.332534968853 -37.141903549432755 0
      vertex 40.273120030760765 -37.2730351164937 4.35
    endloop
  endfacet
  facet normal -0.8819212671033585 0.4713967316717486 0
    outer loop
      vertex 40.20525588840246 -37.399999998509884 0
      vertex 40.20525588840246 -37.399999998509884 4.35
      vertex 40.273120030760765 -37.2730351164937 0
    endloop
  endfacet
  facet normal -0.8819212671033585 0.4713967316717486 0
    outer loop
      vertex 40.273120030760765 -37.2730351164937 4.35
      vertex 40.273120030760765 -37.2730351164937 0
      vertex 40.20525588840246 -37.399999998509884 4.35
    endloop
  endfacet
  facet normal -0.8492021735219449 0.5280678635228664 0
    outer loop
      vertex 40.12923314422369 -37.52225451171398 0
      vertex 40.12923314422369 -37.52225451171398 4.35
      vertex 40.20525588840246 -37.399999998509884 0
    endloop
  endfacet
  facet normal -0.8492021735219449 0.5280678635228664 0
    outer loop
      vertex 40.20525588840246 -37.399999998509884 4.35
      vertex 40.20525588840246 -37.399999998509884 0
      vertex 40.12923314422369 -37.52225451171398 4.35
    endloop
  endfacet
  facet normal -0.8128466740119754 0.5824777116316723 0
    outer loop
      vertex 40.04537734389305 -37.63927514106035 0
      vertex 40.04537734389305 -37.63927514106035 4.35
      vertex 40.12923314422369 -37.52225451171398 0
    endloop
  endfacet
  facet normal -0.8128466740119754 0.5824777116316723 0
    outer loop
      vertex 40.12923314422369 -37.52225451171398 4.35
      vertex 40.12923314422369 -37.52225451171398 0
      vertex 40.04537734389305 -37.63927514106035 4.35
    endloop
  endfacet
  facet normal -0.7730104661530045 0.6343932685786593 0
    outer loop
      vertex 39.954047575592995 -37.75056079030037 0
      vertex 39.954047575592995 -37.75056079030037 4.35
      vertex 40.04537734389305 -37.63927514106035 0
    endloop
  endfacet
  facet normal -0.7730104661530045 0.6343932685786593 0
    outer loop
      vertex 40.04537734389305 -37.63927514106035 4.35
      vertex 40.04537734389305 -37.63927514106035 0
      vertex 39.954047575592995 -37.75056079030037 4.35
    endloop
  endfacet
  facet normal -0.7298640464865995 0.6835923300083221 0
    outer loop
      vertex 39.85563491284847 -37.85563491284847 0
      vertex 39.85563491284847 -37.85563491284847 4.35
      vertex 39.954047575592995 -37.75056079030037 0
    endloop
  endfacet
  facet normal -0.7298640464865995 0.6835923300083221 0
    outer loop
      vertex 39.954047575592995 -37.75056079030037 4.35
      vertex 39.954047575592995 -37.75056079030037 0
      vertex 39.85563491284847 -37.85563491284847 4.35
    endloop
  endfacet
  facet normal -0.6835923300083221 0.7298640464865995 0
    outer loop
      vertex 39.75056079030037 -37.954047575592995 0
      vertex 39.75056079030037 -37.954047575592995 4.35
      vertex 39.85563491284847 -37.85563491284847 0
    endloop
  endfacet
  facet normal -0.6835923300083221 0.7298640464865995 0
    outer loop
      vertex 39.85563491284847 -37.85563491284847 4.35
      vertex 39.85563491284847 -37.85563491284847 0
      vertex 39.75056079030037 -37.954047575592995 4.35
    endloop
  endfacet
  facet normal -0.6343932685786593 0.7730104661530045 0
    outer loop
      vertex 39.63927514106035 -38.04537734389305 0
      vertex 39.63927514106035 -38.04537734389305 4.35
      vertex 39.75056079030037 -37.954047575592995 0
    endloop
  endfacet
  facet normal -0.6343932685786593 0.7730104661530045 0
    outer loop
      vertex 39.75056079030037 -37.954047575592995 4.35
      vertex 39.75056079030037 -37.954047575592995 0
      vertex 39.63927514106035 -38.04537734389305 4.35
    endloop
  endfacet
  facet normal -0.5824777116316723 0.8128466740119754 0
    outer loop
      vertex 39.52225451171398 -38.12923314422369 0
      vertex 39.52225451171398 -38.12923314422369 4.35
      vertex 39.63927514106035 -38.04537734389305 0
    endloop
  endfacet
  facet normal -0.5824777116316723 0.8128466740119754 0
    outer loop
      vertex 39.63927514106035 -38.04537734389305 4.35
      vertex 39.63927514106035 -38.04537734389305 0
      vertex 39.52225451171398 -38.12923314422369 4.35
    endloop
  endfacet
  facet normal -0.5280678635228664 0.8492021735219449 0
    outer loop
      vertex 39.399999998509884 -38.20525588840246 0
      vertex 39.399999998509884 -38.20525588840246 4.35
      vertex 39.52225451171398 -38.12923314422369 0
    endloop
  endfacet
  facet normal -0.5280678635228664 0.8492021735219449 0
    outer loop
      vertex 39.52225451171398 -38.12923314422369 4.35
      vertex 39.52225451171398 -38.12923314422369 0
      vertex 39.399999998509884 -38.20525588840246 4.35
    endloop
  endfacet
  facet normal -0.4713967316717486 0.8819212671033585 0
    outer loop
      vertex 39.2730351164937 -38.273120030760765 0
      vertex 39.2730351164937 -38.273120030760765 4.35
      vertex 39.399999998509884 -38.20525588840246 0
    endloop
  endfacet
  facet normal -0.4713967316717486 0.8819212671033585 0
    outer loop
      vertex 39.399999998509884 -38.20525588840246 4.35
      vertex 39.399999998509884 -38.20525588840246 0
      vertex 39.2730351164937 -38.273120030760765 4.35
    endloop
  endfacet
  facet normal -0.4127070184968952 0.9108638300445371 0
    outer loop
      vertex 39.141903549432755 -38.332534968853 0
      vertex 39.141903549432755 -38.332534968853 4.35
      vertex 39.2730351164937 -38.273120030760765 0
    endloop
  endfacet
  facet normal -0.4127070184968952 0.9108638300445371 0
    outer loop
      vertex 39.2730351164937 -38.273120030760765 4.35
      vertex 39.2730351164937 -38.273120030760765 0
      vertex 39.141903549432755 -38.332534968853 4.35
    endloop
  endfacet
  facet normal -0.352250026552026 0.9359059348001255 0
    outer loop
      vertex 39.00716681778431 -38.38324628025293 0
      vertex 39.00716681778431 -38.38324628025293 4.35
      vertex 39.141903549432755 -38.332534968853 0
    endloop
  endfacet
  facet normal -0.352250026552026 0.9359059348001255 0
    outer loop
      vertex 39.141903549432755 -38.332534968853 4.35
      vertex 39.141903549432755 -38.332534968853 0
      vertex 39.00716681778431 -38.38324628025293 4.35
    endloop
  endfacet
  facet normal -0.2902847086987408 0.9569403261936907 0
    outer loop
      vertex 38.86940189450979 -38.42503681778908 0
      vertex 38.86940189450979 -38.42503681778908 4.35
      vertex 39.00716681778431 -38.38324628025293 0
    endloop
  endfacet
  facet normal -0.2902847086987408 0.9569403261936907 0
    outer loop
      vertex 39.00716681778431 -38.38324628025293 4.35
      vertex 39.00716681778431 -38.38324628025293 0
      vertex 38.86940189450979 -38.42503681778908 4.35
    endloop
  endfacet
  facet normal -0.22707623329767604 0.9738769862109585 0
    outer loop
      vertex 38.72919870913029 -38.45772761106491 0
      vertex 38.72919870913029 -38.45772761106491 4.35
      vertex 38.86940189450979 -38.42503681778908 0
    endloop
  endfacet
  facet normal -0.22707623329767604 0.9738769862109585 0
    outer loop
      vertex 38.86940189450979 -38.42503681778908 4.35
      vertex 38.86940189450979 -38.42503681778908 0
      vertex 38.72919870913029 -38.45772761106491 4.35
    endloop
  endfacet
  facet normal -0.16289550050373786 0.9866433276091399 0
    outer loop
      vertex 38.58715762197971 -38.48117869347334 0
      vertex 38.58715762197971 -38.48117869347334 4.35
      vertex 38.72919870913029 -38.45772761106491 0
    endloop
  endfacet
  facet normal -0.16289550050373786 0.9866433276091399 0
    outer loop
      vertex 38.72919870913029 -38.45772761106491 4.35
      vertex 38.72919870913029 -38.45772761106491 0
      vertex 38.58715762197971 -38.48117869347334 4.35
    endloop
  endfacet
  facet normal -0.09801715152442476 0.995184725569599 0
    outer loop
      vertex 38.44388688355684 -38.495289631187916 0
      vertex 38.44388688355684 -38.495289631187916 4.35
      vertex 38.58715762197971 -38.48117869347334 0
    endloop
  endfacet
  facet normal -0.09801715152442476 0.995184725569599 0
    outer loop
      vertex 38.58715762197971 -38.48117869347334 4.35
      vertex 38.58715762197971 -38.48117869347334 0
      vertex 38.44388688355684 -38.495289631187916 4.35
    endloop
  endfacet
  facet normal -0.032719081877998255 0.9994645875072616 0
    outer loop
      vertex 38.29999999701977 -38.5 0
      vertex 38.29999999701977 -38.5 4.35
      vertex 38.44388688355684 -38.495289631187916 0
    endloop
  endfacet
  facet normal -0.032719081877998255 0.9994645875072616 0
    outer loop
      vertex 38.44388688355684 -38.495289631187916 4.35
      vertex 38.44388688355684 -38.495289631187916 0
      vertex 38.29999999701977 -38.5 4.35
    endloop
  endfacet
  facet normal 0 1 0
    outer loop
      vertex 34.70000000298023 -38.5 0
      vertex 34.70000000298023 -38.5 4.35
      vertex 38.29999999701977 -38.5 0
    endloop
  endfacet
  facet normal 0 1 0
    outer loop
      vertex 38.29999999701977 -38.5 4.35
      vertex 38.29999999701977 -38.5 0
      vertex 34.70000000298023 -38.5 4.35
    endloop
  endfacet
  facet normal 0 0 1
    outer loop
      vertex 40.415785767138004 -29.743345841765404 4.35
      vertex 40.28631968051195 -29.75609713047743 4.35
      vertex 40.332534968853 -29.858096450567245 4.35
    endloop
  endfacet
  facet normal 0 0 1
    outer loop
      vertex -40.332534968853 -29.858096450567245 4.35
      vertex -40.28631968051195 -29.75609713047743 4.35
      vertex -40.415785767138004 -29.743345841765404 4.35
    endloop
  endfacet
  facet normal 0 0 1
    outer loop
      vertex 32.667465031147 -29.858096450567245 4.35
      vertex 32.71368031203747 -29.75609713047743 4.35
      vertex 32.584214232861996 -29.743345841765404 4.35
    endloop
  endfacet
  facet normal 0 0 1
    outer loop
      vertex -32.584214232861996 -29.743345841765404 4.35
      vertex -32.71368031203747 -29.75609713047743 4.35
      vertex -32.667465031147 -29.858096450567245 4.35
    endloop
  endfacet
  facet normal 0 0 1
    outer loop
      vertex 6.564232304692268 -1.9620938748121262 4.35
      vertex 6.5 0 4.35
      vertex -6.5 0 4.35
    endloop
  endfacet
  facet normal 0 0 1
    outer loop
      vertex 6.564232304692268 -1.9620938748121262 4.35
      vertex -6.5 0 4.35
      vertex -6.564232304692268 -1.9620938748121262 4.35
    endloop
  endfacet
  facet normal 0 0 1
    outer loop
      vertex -6.564232304692268 1.9620938748121262 4.35
      vertex -6.5 0 4.35
      vertex 6.5 0 4.35
    endloop
  endfacet
  facet normal 0 0 1
    outer loop
      vertex -6.564232304692268 1.9620938748121262 4.35
      vertex 6.5 0 4.35
      vertex 6.564232304692268 1.9620938748121262 4.35
    endloop
  endfacet
  facet normal 0 0 1
    outer loop
      vertex 6.756654158234596 -3.9157857671380043 4.35
      vertex 6.564232304692268 -1.9620938748121262 4.35
      vertex -6.564232304692268 -1.9620938748121262 4.35
    endloop
  endfacet
  facet normal 0 0 1
    outer loop
      vertex 6.756654158234596 -3.9157857671380043 4.35
      vertex -6.564232304692268 -1.9620938748121262 4.35
      vertex -6.756654158234596 -3.9157857671380043 4.35
    endloop
  endfacet
  facet normal 0 0 1
    outer loop
      vertex -6.756654158234596 3.9157857671380043 4.35
      vertex -6.564232304692268 1.9620938748121262 4.35
      vertex 6.564232304692268 1.9620938748121262 4.35
    endloop
  endfacet
  facet normal 0 0 1
    outer loop
      vertex -6.756654158234596 3.9157857671380043 4.35
      vertex 6.564232304692268 1.9620938748121262 4.35
      vertex 6.756654158234596 3.9157857671380043 4.35
    endloop
  endfacet
  facet normal 0 0 1
    outer loop
      vertex 7.076441586017609 -5.852709658443928 4.35
      vertex 6.756654158234596 -3.9157857671380043 4.35
      vertex -6.756654158234596 -3.9157857671380043 4.35
    endloop
  endfacet
  facet normal 0 0 1
    outer loop
      vertex 7.076441586017609 -5.852709658443928 4.35
      vertex -6.756654158234596 -3.9157857671380043 4.35
      vertex -7.076441586017609 -5.852709658443928 4.35
    endloop
  endfacet
  facet normal 0 0 1
    outer loop
      vertex -7.076441586017609 5.852709658443928 4.35
      vertex -6.756654158234596 3.9157857671380043 4.35
      vertex 6.756654158234596 3.9157857671380043 4.35
    endloop
  endfacet
  facet normal 0 0 1
    outer loop
      vertex -7.076441586017609 5.852709658443928 4.35
      vertex 6.756654158234596 3.9157857671380043 4.35
      vertex 7.076441586017609 5.852709658443928 4.35
    endloop
  endfacet
  facet normal 0 0 1
    outer loop
      vertex 7.522225208580494 -7.764571353793144 4.35
      vertex 7.076441586017609 -5.852709658443928 4.35
      vertex -7.076441586017609 -5.852709658443928 4.35
    endloop
  endfacet
  facet normal 0 0 1
    outer loop
      vertex 7.522225208580494 -7.764571353793144 4.35
      vertex -7.076441586017609 -5.852709658443928 4.35
      vertex -7.522225208580494 -7.764571353793144 4.35
    endloop
  endfacet
  facet normal 0 0 1
    outer loop
      vertex -7.522225208580494 7.764571353793144 4.35
      vertex -7.076441586017609 5.852709658443928 4.35
      vertex 7.076441586017609 5.852709658443928 4.35
    endloop
  endfacet
  facet normal 0 0 1
    outer loop
      vertex -7.522225208580494 7.764571353793144 4.35
      vertex 7.076441586017609 5.852709658443928 4.35
      vertex 7.522225208580494 7.764571353793144 4.35
    endloop
  endfacet
  facet normal 0 0 1
    outer loop
      vertex 8.092096112668514 -9.643183961510658 4.35
      vertex 7.522225208580494 -7.764571353793144 4.35
      vertex -7.522225208580494 -7.764571353793144 4.35
    endloop
  endfacet
  facet normal 0 0 1
    outer loop
      vertex 8.092096112668514 -9.643183961510658 4.35
      vertex -7.522225208580494 -7.764571353793144 4.35
      vertex -8.092096112668514 -9.643183961510658 4.35
    endloop
  endfacet
  facet normal 0 0 1
    outer loop
      vertex -8.092096112668514 9.643183961510658 4.35
      vertex -7.522225208580494 7.764571353793144 4.35
      vertex 7.522225208580494 7.764571353793144 4.35
    endloop
  endfacet
  facet normal 0 0 1
    outer loop
      vertex -8.092096112668514 9.643183961510658 4.35
      vertex 7.522225208580494 7.764571353793144 4.35
      vertex 8.092096112668514 9.643183961510658 4.35
    endloop
  endfacet
  facet normal 0 0 1
    outer loop
      vertex 8.78361402451992 -11.480502970516682 4.35
      vertex 8.092096112668514 -9.643183961510658 4.35
      vertex -8.092096112668514 -9.643183961510658 4.35
    endloop
  endfacet
  facet normal 0 0 1
    outer loop
      vertex 8.78361402451992 -11.480502970516682 4.35
      vertex -8.092096112668514 -9.643183961510658 4.35
      vertex -8.78361402451992 -11.480502970516682 4.35
    endloop
  endfacet
  facet normal 0 0 1
    outer loop
      vertex -8.78361402451992 11.480502970516682 4.35
      vertex -8.092096112668514 9.643183961510658 4.35
      vertex 8.092096112668514 9.643183961510658 4.35
    endloop
  endfacet
  facet normal 0 0 1
    outer loop
      vertex -8.78361402451992 11.480502970516682 4.35
      vertex 8.092096112668514 9.643183961510658 4.35
      vertex 8.78361402451992 11.480502970516682 4.35
    endloop
  endfacet
  facet normal 0 0 1
    outer loop
      vertex 9.593817755579948 -13.268660709261894 4.35
      vertex 8.78361402451992 -11.480502970516682 4.35
      vertex -8.78361402451992 -11.480502970516682 4.35
    endloop
  endfacet
  facet normal 0 0 1
    outer loop
      vertex 9.593817755579948 -13.268660709261894 4.35
      vertex -8.78361402451992 -11.480502970516682 4.35
      vertex -9.593817755579948 -13.268660709261894 4.35
    endloop
  endfacet
  facet normal 0 0 1
    outer loop
      vertex -9.593817755579948 13.268660709261894 4.35
      vertex -8.78361402451992 11.480502970516682 4.35
      vertex 8.78361402451992 11.480502970516682 4.35
    endloop
  endfacet
  facet normal 0 0 1
    outer loop
      vertex -9.593817755579948 13.268660709261894 4.35
      vertex 8.78361402451992 11.480502970516682 4.35
      vertex 9.593817755579948 13.268660709261894 4.35
    endloop
  endfacet
  facet normal 0 0 1
    outer loop
      vertex 10.519237883388996 -15 4.35
      vertex 9.593817755579948 -13.268660709261894 4.35
      vertex -9.593817755579948 -13.268660709261894 4.35
    endloop
  endfacet
  facet normal 0 0 1
    outer loop
      vertex 10.519237883388996 -15 4.35
      vertex -9.593817755579948 -13.268660709261894 4.35
      vertex -10.519237883388996 -15 4.35
    endloop
  endfacet
  facet normal 0 0 1
    outer loop
      vertex -10.519237883388996 15 4.35
      vertex -9.593817755579948 13.268660709261894 4.35
      vertex 9.593817755579948 13.268660709261894 4.35
    endloop
  endfacet
  facet normal 0 0 1
    outer loop
      vertex -10.519237883388996 15 4.35
      vertex 9.593817755579948 13.268660709261894 4.35
      vertex 10.519237883388996 15 4.35
    endloop
  endfacet
  facet normal 0 0 1
    outer loop
      vertex 11.555911630392075 -16.667106993496418 4.35
      vertex 10.519237883388996 -15 4.35
      vertex -10.519237883388996 -15 4.35
    endloop
  endfacet
  facet normal 0 0 1
    outer loop
      vertex 11.555911630392075 -16.667106993496418 4.35
      vertex -10.519237883388996 -15 4.35
      vertex -11.555911630392075 -16.667106993496418 4.35
    endloop
  endfacet
  facet normal 0 0 1
    outer loop
      vertex -11.555911630392075 16.667106993496418 4.35
      vertex -10.519237883388996 15 4.35
      vertex 10.519237883388996 15 4.35
    endloop
  endfacet
  facet normal 0 0 1
    outer loop
      vertex -11.555911630392075 16.667106993496418 4.35
      vertex 10.519237883388996 15 4.35
      vertex 11.555911630392075 16.667106993496418 4.35
    endloop
  endfacet
  facet normal 0 0 1
    outer loop
      vertex 40.415785767138004 -29.743345841765404 4.35
      vertex 40.332534968853 -29.858096450567245 4.35
      vertex 40.38324628025293 -29.99283318221569 4.35
    endloop
  endfacet
  facet normal 0 0 1
    outer loop
      vertex 42.35270965844393 -29.42355841398239 4.35
      vertex 40.415785767138004 -29.743345841765404 4.35
      vertex 40.38324628025293 -29.99283318221569 4.35
    endloop
  endfacet
  facet normal 0 0 1
    outer loop
      vertex 42.35270965844393 -29.42355841398239 4.35
      vertex 40.38324628025293 -29.99283318221569 4.35
      vertex 40.42503681778908 -30.130598105490208 4.35
    endloop
  endfacet
  facet normal 0 0 1
    outer loop
      vertex 42.35270965844393 -29.42355841398239 4.35
      vertex 40.42503681778908 -30.130598105490208 4.35
      vertex 40.45772761106491 -30.270801290869713 4.35
    endloop
  endfacet
  facet normal 0 0 1
    outer loop
      vertex 42.35270965844393 -29.42355841398239 4.35
      vertex 40.45772761106491 -30.270801290869713 4.35
      vertex 40.48117869347334 -30.412842378020287 4.35
    endloop
  endfacet
  facet normal 0 0 1
    outer loop
      vertex 42.35270965844393 -29.42355841398239 4.35
      vertex 40.48117869347334 -30.412842378020287 4.35
      vertex 40.495289631187916 -30.556113116443157 4.35
    endloop
  endfacet
  facet normal 0 0 1
    outer loop
      vertex 42.35270965844393 -29.42355841398239 4.35
      vertex 40.495289631187916 -30.556113116443157 4.35
      vertex 40.5 -30.700000002980232 4.35
    endloop
  endfacet
  facet normal 0 0 1
    outer loop
      vertex -40.38324628025293 -29.99283318221569 4.35
      vertex -40.332534968853 -29.858096450567245 4.35
      vertex -40.415785767138004 -29.743345841765404 4.35
    endloop
  endfacet
  facet normal 0 0 1
    outer loop
      vertex -40.38324628025293 -29.99283318221569 4.35
      vertex -40.415785767138004 -29.743345841765404 4.35
      vertex -42.35270965844393 -29.42355841398239 4.35
    endloop
  endfacet
  facet normal 0 0 1
    outer loop
      vertex -40.42503681778908 -30.130598105490208 4.35
      vertex -40.38324628025293 -29.99283318221569 4.35
      vertex -42.35270965844393 -29.42355841398239 4.35
    endloop
  endfacet
  facet normal 0 0 1
    outer loop
      vertex -40.45772761106491 -30.270801290869713 4.35
      vertex -40.42503681778908 -30.130598105490208 4.35
      vertex -42.35270965844393 -29.42355841398239 4.35
    endloop
  endfacet
  facet normal 0 0 1
    outer loop
      vertex -40.48117869347334 -30.412842378020287 4.35
      vertex -40.45772761106491 -30.270801290869713 4.35
      vertex -42.35270965844393 -29.42355841398239 4.35
    endloop
  endfacet
  facet normal 0 0 1
    outer loop
      vertex -40.495289631187916 -30.556113116443157 4.35
      vertex -40.48117869347334 -30.412842378020287 4.35
      vertex -42.35270965844393 -29.42355841398239 4.35
    endloop
  endfacet
  facet normal 0 0 1
    outer loop
      vertex -40.5 -30.700000002980232 4.35
      vertex -40.495289631187916 -30.556113116443157 4.35
      vertex -42.35270965844393 -29.42355841398239 4.35
    endloop
  endfacet
  facet normal 0 0 1
    outer loop
      vertex 32.61675371974707 -29.99283318221569 4.35
      vertex 32.667465031147 -29.858096450567245 4.35
      vertex 32.584214232861996 -29.743345841765404 4.35
    endloop
  endfacet
  facet normal 0 0 1
    outer loop
      vertex 32.61675371974707 -29.99283318221569 4.35
      vertex 32.584214232861996 -29.743345841765404 4.35
      vertex 30.647290341556072 -29.42355841398239 4.35
    endloop
  endfacet
  facet normal 0 0 1
    outer loop
      vertex 32.57496318221092 -30.130598105490208 4.35
      vertex 32.61675371974707 -29.99283318221569 4.35
      vertex 30.647290341556072 -29.42355841398239 4.35
    endloop
  endfacet
  facet normal 0 0 1
    outer loop
      vertex 32.54227238893509 -30.270801290869713 4.35
      vertex 32.57496318221092 -30.130598105490208 4.35
      vertex 30.647290341556072 -29.42355841398239 4.35
    endloop
  endfacet
  facet normal 0 0 1
    outer loop
      vertex 32.51882130652666 -30.412842378020287 4.35
      vertex 32.54227238893509 -30.270801290869713 4.35
      vertex 30.647290341556072 -29.42355841398239 4.35
    endloop
  endfacet
  facet normal 0 0 1
    outer loop
      vertex 32.504710368812084 -30.556113116443157 4.35
      vertex 32.51882130652666 -30.412842378020287 4.35
      vertex 30.647290341556072 -29.42355841398239 4.35
    endloop
  endfacet
  facet normal 0 0 1
    outer loop
      vertex 32.5 -30.700000002980232 4.35
      vertex 32.504710368812084 -30.556113116443157 4.35
      vertex 30.647290341556072 -29.42355841398239 4.35
    endloop
  endfacet
  facet normal 0 0 1
    outer loop
      vertex -32.584214232861996 -29.743345841765404 4.35
      vertex -32.667465031147 -29.858096450567245 4.35
      vertex -32.61675371974707 -29.99283318221569 4.35
    endloop
  endfacet
  facet normal 0 0 1
    outer loop
      vertex -30.647290341556072 -29.42355841398239 4.35
      vertex -32.584214232861996 -29.743345841765404 4.35
      vertex -32.61675371974707 -29.99283318221569 4.35
    endloop
  endfacet
  facet normal 0 0 1
    outer loop
      vertex -30.647290341556072 -29.42355841398239 4.35
      vertex -32.61675371974707 -29.99283318221569 4.35
      vertex -32.57496318221092 -30.130598105490208 4.35
    endloop
  endfacet
  facet normal 0 0 1
    outer loop
      vertex -30.647290341556072 -29.42355841398239 4.35
      vertex -32.57496318221092 -30.130598105490208 4.35
      vertex -32.54227238893509 -30.270801290869713 4.35
    endloop
  endfacet
  facet normal 0 0 1
    outer loop
      vertex -30.647290341556072 -29.42355841398239 4.35
      vertex -32.54227238893509 -30.270801290869713 4.35
      vertex -32.51882130652666 -30.412842378020287 4.35
    endloop
  endfacet
  facet normal 0 0 1
    outer loop
      vertex -30.647290341556072 -29.42355841398239 4.35
      vertex -32.51882130652666 -30.412842378020287 4.35
      vertex -32.504710368812084 -30.556113116443157 4.35
    endloop
  endfacet
  facet normal 0 0 1
    outer loop
      vertex -30.647290341556072 -29.42355841398239 4.35
      vertex -32.504710368812084 -30.556113116443157 4.35
      vertex -32.5 -30.700000002980232 4.35
    endloop
  endfacet
  facet normal 0 0 1
    outer loop
      vertex 42.35270965844393 -29.42355841398239 4.35
      vertex 40.5 -30.700000002980232 4.35
      vertex 40.5 -36.29999999701977 4.35
    endloop
  endfacet
  facet normal 0 0 1
    outer loop
      vertex 44.264571353793144 -28.977774791419506 4.35
      vertex 42.35270965844393 -29.42355841398239 4.35
      vertex 40.5 -36.29999999701977 4.35
    endloop
  endfacet
  facet normal 0 0 1
    outer loop
      vertex -40.5 -36.29999999701977 4.35
      vertex -40.5 -30.700000002980232 4.35
      vertex -42.35270965844393 -29.42355841398239 4.35
    endloop
  endfacet
  facet normal 0 0 1
    outer loop
      vertex -40.5 -36.29999999701977 4.35
      vertex -42.35270965844393 -29.42355841398239 4.35
      vertex -44.264571353793144 -28.977774791419506 4.35
    endloop
  endfacet
  facet normal 0 0 1
    outer loop
      vertex 32.5 -36.29999999701977 4.35
      vertex 32.5 -30.700000002980232 4.35
      vertex 30.647290341556072 -29.42355841398239 4.35
    endloop
  endfacet
  facet normal 0 0 1
    outer loop
      vertex 32.5 -36.29999999701977 4.35
      vertex 30.647290341556072 -29.42355841398239 4.35
      vertex 28.735428646206856 -28.977774791419506 4.35
    endloop
  endfacet
  facet normal 0 0 1
    outer loop
      vertex -30.647290341556072 -29.42355841398239 4.35
      vertex -32.5 -30.700000002980232 4.35
      vertex -32.5 -36.29999999701977 4.35
    endloop
  endfacet
  facet normal 0 0 1
    outer loop
      vertex -28.735428646206856 -28.977774791419506 4.35
      vertex -30.647290341556072 -29.42355841398239 4.35
      vertex -32.5 -36.29999999701977 4.35
    endloop
  endfacet
  facet normal 0 0 1
    outer loop
      vertex 12.699399791657925 -18.262842871248722 4.35
      vertex 11.555911630392075 -16.667106993496418 4.35
      vertex -11.555911630392075 -16.667106993496418 4.35
    endloop
  endfacet
  facet normal 0 0 1
    outer loop
      vertex 12.699399791657925 -18.262842871248722 4.35
      vertex -11.555911630392075 -16.667106993496418 4.35
      vertex -12.699399791657925 -18.262842871248722 4.35
    endloop
  endfacet
  facet normal 0 0 1
    outer loop
      vertex -12.699399791657925 18.262842871248722 4.35
      vertex -11.555911630392075 16.667106993496418 4.35
      vertex 11.555911630392075 16.667106993496418 4.35
    endloop
  endfacet
  facet normal 0 0 1
    outer loop
      vertex -12.699399791657925 18.262842871248722 4.35
      vertex 11.555911630392075 16.667106993496418 4.35
      vertex 12.699399791657925 18.262842871248722 4.35
    endloop
  endfacet
  facet normal 0 0 1
    outer loop
      vertex 13.944805778563023 -19.780374452471733 4.35
      vertex 12.699399791657925 -18.262842871248722 4.35
      vertex -12.699399791657925 -18.262842871248722 4.35
    endloop
  endfacet
  facet normal 0 0 1
    outer loop
      vertex 13.944805778563023 -19.780374452471733 4.35
      vertex -12.699399791657925 -18.262842871248722 4.35
      vertex -13.944805778563023 -19.780374452471733 4.35
    endloop
  endfacet
  facet normal 0 0 1
    outer loop
      vertex -13.944805778563023 19.780374452471733 4.35
      vertex -12.699399791657925 18.262842871248722 4.35
      vertex 12.699399791657925 18.262842871248722 4.35
    endloop
  endfacet
  facet normal 0 0 1
    outer loop
      vertex -13.944805778563023 19.780374452471733 4.35
      vertex 12.699399791657925 18.262842871248722 4.35
      vertex 13.944805778563023 19.780374452471733 4.35
    endloop
  endfacet
  facet normal 0 0 1
    outer loop
      vertex 15.286796562373638 -21.213203437626362 4.35
      vertex 13.944805778563023 -19.780374452471733 4.35
      vertex -13.944805778563023 -19.780374452471733 4.35
    endloop
  endfacet
  facet normal 0 0 1
    outer loop
      vertex 15.286796562373638 -21.213203437626362 4.35
      vertex -13.944805778563023 -19.780374452471733 4.35
      vertex -15.286796562373638 -21.213203437626362 4.35
    endloop
  endfacet
  facet normal 0 0 1
    outer loop
      vertex -15.286796562373638 21.213203437626362 4.35
      vertex -13.944805778563023 19.780374452471733 4.35
      vertex 13.944805778563023 19.780374452471733 4.35
    endloop
  endfacet
  facet normal 0 0 1
    outer loop
      vertex -15.286796562373638 21.213203437626362 4.35
      vertex 13.944805778563023 19.780374452471733 4.35
      vertex 15.286796562373638 21.213203437626362 4.35
    endloop
  endfacet
  facet normal 0 0 1
    outer loop
      vertex 46.14318396151066 -28.407903887331486 4.35
      vertex 44.264571353793144 -28.977774791419506 4.35
      vertex 40.5 -36.29999999701977 4.35
    endloop
  endfacet
  facet normal 0 0 1
    outer loop
      vertex -40.5 -36.29999999701977 4.35
      vertex -44.264571353793144 -28.977774791419506 4.35
      vertex -46.14318396151066 -28.407903887331486 4.35
    endloop
  endfacet
  facet normal 0 0 1
    outer loop
      vertex 32.5 -36.29999999701977 4.35
      vertex 28.735428646206856 -28.977774791419506 4.35
      vertex 26.85681603848934 -28.407903887331486 4.35
    endloop
  endfacet
  facet normal 0 0 1
    outer loop
      vertex -26.85681603848934 -28.407903887331486 4.35
      vertex -28.735428646206856 -28.977774791419506 4.35
      vertex -32.5 -36.29999999701977 4.35
    endloop
  endfacet
  facet normal 0 0 1
    outer loop
      vertex 16.719625547528267 -22.555194221436977 4.35
      vertex 15.286796562373638 -21.213203437626362 4.35
      vertex -15.286796562373638 -21.213203437626362 4.35
    endloop
  endfacet
  facet normal 0 0 1
    outer loop
      vertex 16.719625547528267 -22.555194221436977 4.35
      vertex -15.286796562373638 -21.213203437626362 4.35
      vertex -16.719625547528267 -22.555194221436977 4.35
    endloop
  endfacet
  facet normal 0 0 1
    outer loop
      vertex -16.719625547528267 22.555194221436977 4.35
      vertex -15.286796562373638 21.213203437626362 4.35
      vertex 15.286796562373638 21.213203437626362 4.35
    endloop
  endfacet
  facet normal 0 0 1
    outer loop
      vertex -16.719625547528267 22.555194221436977 4.35
      vertex 15.286796562373638 21.213203437626362 4.35
      vertex 16.719625547528267 22.555194221436977 4.35
    endloop
  endfacet
  facet normal 0 0 1
    outer loop
      vertex 18.237157128751278 -23.800600208342075 4.35
      vertex 16.719625547528267 -22.555194221436977 4.35
      vertex -16.719625547528267 -22.555194221436977 4.35
    endloop
  endfacet
  facet normal 0 0 1
    outer loop
      vertex 18.237157128751278 -23.800600208342075 4.35
      vertex -16.719625547528267 -22.555194221436977 4.35
      vertex -18.237157128751278 -23.800600208342075 4.35
    endloop
  endfacet
  facet normal 0 0 1
    outer loop
      vertex -18.237157128751278 23.800600208342075 4.35
      vertex -16.719625547528267 22.555194221436977 4.35
      vertex 16.719625547528267 22.555194221436977 4.35
    endloop
  endfacet
  facet normal 0 0 1
    outer loop
      vertex -18.237157128751278 23.800600208342075 4.35
      vertex 16.719625547528267 22.555194221436977 4.35
      vertex 18.237157128751278 23.800600208342075 4.35
    endloop
  endfacet
  facet normal 0 0 1
    outer loop
      vertex 66.43576769530773 1.9620938748121262 4.35
      vertex 66.5 0 4.35
      vertex 71.875 42.830422334373 4.35
    endloop
  endfacet
  facet normal 0 0 1
    outer loop
      vertex 66.2433458417654 3.9157857671380043 4.35
      vertex 66.43576769530773 1.9620938748121262 4.35
      vertex 71.875 42.830422334373 4.35
    endloop
  endfacet
  facet normal 0 0 1
    outer loop
      vertex 65.92355841398239 5.852709658443928 4.35
      vertex 66.2433458417654 3.9157857671380043 4.35
      vertex 71.875 42.830422334373 4.35
    endloop
  endfacet
  facet normal 0 0 1
    outer loop
      vertex 65.4777747914195 7.764571353793144 4.35
      vertex 65.92355841398239 5.852709658443928 4.35
      vertex 71.875 42.830422334373 4.35
    endloop
  endfacet
  facet normal 0 0 1
    outer loop
      vertex 64.90790388733149 9.643183961510658 4.35
      vertex 65.4777747914195 7.764571353793144 4.35
      vertex 71.875 42.830422334373 4.35
    endloop
  endfacet
  facet normal 0 0 1
    outer loop
      vertex 64.21638597548008 11.480502970516682 4.35
      vertex 64.90790388733149 9.643183961510658 4.35
      vertex 71.875 42.830422334373 4.35
    endloop
  endfacet
  facet normal 0 0 1
    outer loop
      vertex 63.40618224442005 13.268660709261894 4.35
      vertex 64.21638597548008 11.480502970516682 4.35
      vertex 71.875 42.830422334373 4.35
    endloop
  endfacet
  facet normal 0 0 1
    outer loop
      vertex 62.480762116611004 15 4.35
      vertex 63.40618224442005 13.268660709261894 4.35
      vertex 71.875 42.830422334373 4.35
    endloop
  endfacet
  facet normal 0 0 1
    outer loop
      vertex 61.444088369607925 16.667106993496418 4.35
      vertex 62.480762116611004 15 4.35
      vertex 71.875 42.830422334373 4.35
    endloop
  endfacet
  facet normal 0 0 1
    outer loop
      vertex 60.300600208342075 18.262842871248722 4.35
      vertex 61.444088369607925 16.667106993496418 4.35
      vertex 71.875 42.830422334373 4.35
    endloop
  endfacet
  facet normal 0 0 1
    outer loop
      vertex 59.05519422143698 19.780374452471733 4.35
      vertex 60.300600208342075 18.262842871248722 4.35
      vertex 71.875 42.830422334373 4.35
    endloop
  endfacet
  facet normal 0 0 1
    outer loop
      vertex 57.71320343762636 21.213203437626362 4.35
      vertex 59.05519422143698 19.780374452471733 4.35
      vertex 71.875 42.830422334373 4.35
    endloop
  endfacet
  facet normal 0 0 1
    outer loop
      vertex 56.28037445247173 22.555194221436977 4.35
      vertex 57.71320343762636 21.213203437626362 4.35
      vertex 71.875 42.830422334373 4.35
    endloop
  endfacet
  facet normal 0 0 1
    outer loop
      vertex 54.76284287124872 23.800600208342075 4.35
      vertex 56.28037445247173 22.555194221436977 4.35
      vertex 71.875 42.830422334373 4.35
    endloop
  endfacet
  facet normal 0 0 1
    outer loop
      vertex 53.16710699349642 24.944088369607925 4.35
      vertex 54.76284287124872 23.800600208342075 4.35
      vertex 71.875 42.830422334373 4.35
    endloop
  endfacet
  facet normal 0 0 1
    outer loop
      vertex 51.5 25.980762116611004 4.35
      vertex 53.16710699349642 24.944088369607925 4.35
      vertex 71.875 42.830422334373 4.35
    endloop
  endfacet
  facet normal 0 0 1
    outer loop
      vertex 49.768660709261894 26.90618224442005 4.35
      vertex 51.5 25.980762116611004 4.35
      vertex 71.875 42.830422334373 4.35
    endloop
  endfacet
  facet normal 0 0 1
    outer loop
      vertex 47.98050297051668 27.71638597548008 4.35
      vertex 49.768660709261894 26.90618224442005 4.35
      vertex 71.875 42.830422334373 4.35
    endloop
  endfacet
  facet normal 0 0 1
    outer loop
      vertex 47.98050297051668 27.71638597548008 4.35
      vertex 71.875 42.830422334373 4.35
      vertex 71.85813902318478 43.34547197818756 4.35
    endloop
  endfacet
  facet normal 0 0 1
    outer loop
      vertex 47.98050297051668 27.71638597548008 4.35
      vertex 71.85813902318478 43.34547197818756 4.35
      vertex 71.80762828141451 43.85831610113382 4.35
    endloop
  endfacet
  facet normal 0 0 1
    outer loop
      vertex 47.98050297051668 27.71638597548008 4.35
      vertex 71.80762828141451 43.85831610113382 4.35
      vertex 71.72368407994509 44.3667586222291 4.35
    endloop
  endfacet
  facet normal 0 0 1
    outer loop
      vertex 47.98050297051668 27.71638597548008 4.35
      vertex 71.72368407994509 44.3667586222291 4.35
      vertex 71.60666587948799 44.868622317910194 4.35
    endloop
  endfacet
  facet normal 0 0 1
    outer loop
      vertex 47.98050297051668 27.71638597548008 4.35
      vertex 71.60666587948799 44.868622317910194 4.35
      vertex 71.45707476884127 45.36175812035799 4.35
    endloop
  endfacet
  facet normal 0 0 1
    outer loop
      vertex 47.98050297051668 27.71638597548008 4.35
      vertex 71.45707476884127 45.36175812035799 4.35
      vertex 71.27555131912231 45.844054363667965 4.35
    endloop
  endfacet
  facet normal 0 0 1
    outer loop
      vertex 47.98050297051668 27.71638597548008 4.35
      vertex 71.27555131912231 45.844054363667965 4.35
      vertex 71.06287284195423 46.31344576925039 4.35
    endloop
  endfacet
  facet normal 0 0 1
    outer loop
      vertex 47.98050297051668 27.71638597548008 4.35
      vertex 71.06287284195423 46.31344576925039 4.35
      vertex 70.8199500516057 46.767922334373 4.35
    endloop
  endfacet
  facet normal 0 0 1
    outer loop
      vertex 47.98050297051668 27.71638597548008 4.35
      vertex 70.8199500516057 46.767922334373 4.35
      vertex 70.54782319813967 47.20553792268038 4.35
    endloop
  endfacet
  facet normal 0 0 1
    outer loop
      vertex 47.98050297051668 27.71638597548008 4.35
      vertex 70.54782319813967 47.20553792268038 4.35
      vertex 70.24765755236149 47.62441858649254 4.35
    endloop
  endfacet
  facet normal 0 0 1
    outer loop
      vertex 47.98050297051668 27.71638597548008 4.35
      vertex 70.24765755236149 47.62441858649254 4.35
      vertex 69.92073848098516 48.02277062833309 4.35
    endloop
  endfacet
  facet normal 0 0 1
    outer loop
      vertex 47.98050297051668 27.71638597548008 4.35
      vertex 69.92073848098516 48.02277062833309 4.35
      vertex 69.56846590340137 48.39888823777437 4.35
    endloop
  endfacet
  facet normal 0 0 1
    outer loop
      vertex 47.98050297051668 27.71638597548008 4.35
      vertex 69.56846590340137 48.39888823777437 4.35
      vertex 69.1923482939601 48.75116081535816 4.35
    endloop
  endfacet
  facet normal 0 0 1
    outer loop
      vertex 47.98050297051668 27.71638597548008 4.35
      vertex 69.1923482939601 48.75116081535816 4.35
      vertex 68.79399625211954 49.078079886734486 4.35
    endloop
  endfacet
  facet normal 0 0 1
    outer loop
      vertex 47.98050297051668 27.71638597548008 4.35
      vertex 68.79399625211954 49.078079886734486 4.35
      vertex 68.37511558830738 49.378245532512665 4.35
    endloop
  endfacet
  facet normal 0 0 1
    outer loop
      vertex 47.98050297051668 27.71638597548008 4.35
      vertex 68.37511558830738 49.378245532512665 4.35
      vertex 67.9375 49.6503723859787 4.35
    endloop
  endfacet
  facet normal 0 0 1
    outer loop
      vertex 47.98050297051668 27.71638597548008 4.35
      vertex 67.9375 49.6503723859787 4.35
      vertex 67.4830234348774 49.89329517632723 4.35
    endloop
  endfacet
  facet normal 0 0 1
    outer loop
      vertex 47.98050297051668 27.71638597548008 4.35
      vertex 67.4830234348774 49.89329517632723 4.35
      vertex 67.01363202929497 50.10597365349531 4.35
    endloop
  endfacet
  facet normal 0 0 1
    outer loop
      vertex 47.98050297051668 27.71638597548008 4.35
      vertex 67.01363202929497 50.10597365349531 4.35
      vertex 66.531335785985 50.287497103214264 4.35
    endloop
  endfacet
  facet normal 0 0 1
    outer loop
      vertex 47.98050297051668 27.71638597548008 4.35
      vertex 66.531335785985 50.287497103214264 4.35
      vertex 66.0381999835372 50.43708821386099 4.35
    endloop
  endfacet
  facet normal 0 0 1
    outer loop
      vertex 47.98050297051668 27.71638597548008 4.35
      vertex 66.0381999835372 50.43708821386099 4.35
      vertex 65.5363362878561 50.554106414318085 4.35
    endloop
  endfacet
  facet normal 0 0 1
    outer loop
      vertex 47.98050297051668 27.71638597548008 4.35
      vertex 65.5363362878561 50.554106414318085 4.35
      vertex 65.02789376676083 50.638050615787506 4.35
    endloop
  endfacet
  facet normal 0 0 1
    outer loop
      vertex 47.98050297051668 27.71638597548008 4.35
      vertex 65.02789376676083 50.638050615787506 4.35
      vertex 64.51504964381456 50.688561357557774 4.35
    endloop
  endfacet
  facet normal 0 0 1
    outer loop
      vertex 47.98050297051668 27.71638597548008 4.35
      vertex 64.51504964381456 50.688561357557774 4.35
      vertex 64 50.705422334373 4.35
    endloop
  endfacet
  facet normal 0 0 1
    outer loop
      vertex 46.14318396151066 28.407903887331486 4.35
      vertex 47.98050297051668 27.71638597548008 4.35
      vertex 64 50.705422334373 4.35
    endloop
  endfacet
  facet normal 0 0 1
    outer loop
      vertex 44.264571353793144 28.977774791419506 4.35
      vertex 46.14318396151066 28.407903887331486 4.35
      vertex 64 50.705422334373 4.35
    endloop
  endfacet
  facet normal 0 0 1
    outer loop
      vertex 42.35270965844393 29.42355841398239 4.35
      vertex 44.264571353793144 28.977774791419506 4.35
      vertex 64 50.705422334373 4.35
    endloop
  endfacet
  facet normal 0 0 1
    outer loop
      vertex 40.415785767138004 29.743345841765404 4.35
      vertex 42.35270965844393 29.42355841398239 4.35
      vertex 64 50.705422334373 4.35
    endloop
  endfacet
  facet normal 0 0 1
    outer loop
      vertex 38.462093874812126 29.93576769530773 4.35
      vertex 40.415785767138004 29.743345841765404 4.35
      vertex 64 50.705422334373 4.35
    endloop
  endfacet
  facet normal 0 0 1
    outer loop
      vertex 36.5 30 4.35
      vertex 38.462093874812126 29.93576769530773 4.35
      vertex 64 50.705422334373 4.35
    endloop
  endfacet
  facet normal 0 0 1
    outer loop
      vertex 19.832893006503582 -24.944088369607925 4.35
      vertex 18.237157128751278 -23.800600208342075 4.35
      vertex -18.237157128751278 -23.800600208342075 4.35
    endloop
  endfacet
  facet normal 0 0 1
    outer loop
      vertex 19.832893006503582 -24.944088369607925 4.35
      vertex -18.237157128751278 -23.800600208342075 4.35
      vertex -19.832893006503582 -24.944088369607925 4.35
    endloop
  endfacet
  facet normal 0 0 1
    outer loop
      vertex -19.832893006503582 24.944088369607925 4.35
      vertex -18.237157128751278 23.800600208342075 4.35
      vertex 18.237157128751278 23.800600208342075 4.35
    endloop
  endfacet
  facet normal 0 0 1
    outer loop
      vertex -19.832893006503582 24.944088369607925 4.35
      vertex 18.237157128751278 23.800600208342075 4.35
      vertex 19.832893006503582 24.944088369607925 4.35
    endloop
  endfacet
  facet normal 0 0 1
    outer loop
      vertex 34.537906125187874 29.93576769530773 4.35
      vertex 36.5 30 4.35
      vertex 64 50.705422334373 4.35
    endloop
  endfacet
  facet normal 0 0 1
    outer loop
      vertex 71.875 -42.830422334373 4.35
      vertex 71.875 42.830422334373 4.35
      vertex 66.5 0 4.35
    endloop
  endfacet
  facet normal 0 0 1
    outer loop
      vertex 71.875 -42.830422334373 4.35
      vertex 66.5 0 4.35
      vertex 66.43576769530773 -1.9620938748121262 4.35
    endloop
  endfacet
  facet normal 0 0 1
    outer loop
      vertex 71.875 -42.830422334373 4.35
      vertex 66.43576769530773 -1.9620938748121262 4.35
      vertex 66.2433458417654 -3.9157857671380043 4.35
    endloop
  endfacet
  facet normal 0 0 1
    outer loop
      vertex 71.875 -42.830422334373 4.35
      vertex 66.2433458417654 -3.9157857671380043 4.35
      vertex 65.92355841398239 -5.852709658443928 4.35
    endloop
  endfacet
  facet normal 0 0 1
    outer loop
      vertex 71.875 -42.830422334373 4.35
      vertex 65.92355841398239 -5.852709658443928 4.35
      vertex 65.4777747914195 -7.764571353793144 4.35
    endloop
  endfacet
  facet normal 0 0 1
    outer loop
      vertex 71.875 -42.830422334373 4.35
      vertex 65.4777747914195 -7.764571353793144 4.35
      vertex 64.90790388733149 -9.643183961510658 4.35
    endloop
  endfacet
  facet normal 0 0 1
    outer loop
      vertex 71.875 -42.830422334373 4.35
      vertex 64.90790388733149 -9.643183961510658 4.35
      vertex 64.21638597548008 -11.480502970516682 4.35
    endloop
  endfacet
  facet normal 0 0 1
    outer loop
      vertex 71.875 -42.830422334373 4.35
      vertex 64.21638597548008 -11.480502970516682 4.35
      vertex 63.40618224442005 -13.268660709261894 4.35
    endloop
  endfacet
  facet normal 0 0 1
    outer loop
      vertex 71.875 -42.830422334373 4.35
      vertex 63.40618224442005 -13.268660709261894 4.35
      vertex 62.480762116611004 -15 4.35
    endloop
  endfacet
  facet normal 0 0 1
    outer loop
      vertex 71.875 -42.830422334373 4.35
      vertex 62.480762116611004 -15 4.35
      vertex 61.444088369607925 -16.667106993496418 4.35
    endloop
  endfacet
  facet normal 0 0 1
    outer loop
      vertex 71.875 -42.830422334373 4.35
      vertex 61.444088369607925 -16.667106993496418 4.35
      vertex 60.300600208342075 -18.262842871248722 4.35
    endloop
  endfacet
  facet normal 0 0 1
    outer loop
      vertex 71.875 -42.830422334373 4.35
      vertex 60.300600208342075 -18.262842871248722 4.35
      vertex 59.05519422143698 -19.780374452471733 4.35
    endloop
  endfacet
  facet normal 0 0 1
    outer loop
      vertex 71.875 -42.830422334373 4.35
      vertex 59.05519422143698 -19.780374452471733 4.35
      vertex 57.71320343762636 -21.213203437626362 4.35
    endloop
  endfacet
  facet normal 0 0 1
    outer loop
      vertex 71.875 -42.830422334373 4.35
      vertex 57.71320343762636 -21.213203437626362 4.35
      vertex 56.28037445247173 -22.555194221436977 4.35
    endloop
  endfacet
  facet normal 0 0 1
    outer loop
      vertex 71.875 -42.830422334373 4.35
      vertex 56.28037445247173 -22.555194221436977 4.35
      vertex 54.76284287124872 -23.800600208342075 4.35
    endloop
  endfacet
  facet normal 0 0 1
    outer loop
      vertex 71.875 -42.830422334373 4.35
      vertex 54.76284287124872 -23.800600208342075 4.35
      vertex 53.16710699349642 -24.944088369607925 4.35
    endloop
  endfacet
  facet normal 0 0 1
    outer loop
      vertex 71.875 -42.830422334373 4.35
      vertex 53.16710699349642 -24.944088369607925 4.35
      vertex 51.5 -25.980762116611004 4.35
    endloop
  endfacet
  facet normal 0 0 1
    outer loop
      vertex 71.875 -42.830422334373 4.35
      vertex 51.5 -25.980762116611004 4.35
      vertex 49.768660709261894 -26.90618224442005 4.35
    endloop
  endfacet
  facet normal 0 0 1
    outer loop
      vertex 71.875 -42.830422334373 4.35
      vertex 49.768660709261894 -26.90618224442005 4.35
      vertex 47.98050297051668 -27.71638597548008 4.35
    endloop
  endfacet
  facet normal 0 0 1
    outer loop
      vertex 71.85813902318478 -43.34547197818756 4.35
      vertex 71.875 -42.830422334373 4.35
      vertex 47.98050297051668 -27.71638597548008 4.35
    endloop
  endfacet
  facet normal 0 0 1
    outer loop
      vertex 71.80762828141451 -43.85831610113382 4.35
      vertex 71.85813902318478 -43.34547197818756 4.35
      vertex 47.98050297051668 -27.71638597548008 4.35
    endloop
  endfacet
  facet normal 0 0 1
    outer loop
      vertex 71.72368407994509 -44.3667586222291 4.35
      vertex 71.80762828141451 -43.85831610113382 4.35
      vertex 47.98050297051668 -27.71638597548008 4.35
    endloop
  endfacet
  facet normal 0 0 1
    outer loop
      vertex 71.60666587948799 -44.868622317910194 4.35
      vertex 71.72368407994509 -44.3667586222291 4.35
      vertex 47.98050297051668 -27.71638597548008 4.35
    endloop
  endfacet
  facet normal 0 0 1
    outer loop
      vertex 71.45707476884127 -45.36175812035799 4.35
      vertex 71.60666587948799 -44.868622317910194 4.35
      vertex 47.98050297051668 -27.71638597548008 4.35
    endloop
  endfacet
  facet normal 0 0 1
    outer loop
      vertex 71.27555131912231 -45.844054363667965 4.35
      vertex 71.45707476884127 -45.36175812035799 4.35
      vertex 47.98050297051668 -27.71638597548008 4.35
    endloop
  endfacet
  facet normal 0 0 1
    outer loop
      vertex 71.06287284195423 -46.31344576925039 4.35
      vertex 71.27555131912231 -45.844054363667965 4.35
      vertex 47.98050297051668 -27.71638597548008 4.35
    endloop
  endfacet
  facet normal 0 0 1
    outer loop
      vertex 70.8199500516057 -46.767922334373 4.35
      vertex 71.06287284195423 -46.31344576925039 4.35
      vertex 47.98050297051668 -27.71638597548008 4.35
    endloop
  endfacet
  facet normal 0 0 1
    outer loop
      vertex 70.54782319813967 -47.20553792268038 4.35
      vertex 70.8199500516057 -46.767922334373 4.35
      vertex 47.98050297051668 -27.71638597548008 4.35
    endloop
  endfacet
  facet normal 0 0 1
    outer loop
      vertex 70.24765755236149 -47.62441858649254 4.35
      vertex 70.54782319813967 -47.20553792268038 4.35
      vertex 47.98050297051668 -27.71638597548008 4.35
    endloop
  endfacet
  facet normal 0 0 1
    outer loop
      vertex 69.92073848098516 -48.02277062833309 4.35
      vertex 70.24765755236149 -47.62441858649254 4.35
      vertex 47.98050297051668 -27.71638597548008 4.35
    endloop
  endfacet
  facet normal 0 0 1
    outer loop
      vertex 69.56846590340137 -48.39888823777437 4.35
      vertex 69.92073848098516 -48.02277062833309 4.35
      vertex 47.98050297051668 -27.71638597548008 4.35
    endloop
  endfacet
  facet normal 0 0 1
    outer loop
      vertex 69.1923482939601 -48.75116081535816 4.35
      vertex 69.56846590340137 -48.39888823777437 4.35
      vertex 47.98050297051668 -27.71638597548008 4.35
    endloop
  endfacet
  facet normal 0 0 1
    outer loop
      vertex 68.79399625211954 -49.078079886734486 4.35
      vertex 69.1923482939601 -48.75116081535816 4.35
      vertex 47.98050297051668 -27.71638597548008 4.35
    endloop
  endfacet
  facet normal 0 0 1
    outer loop
      vertex 68.37511558830738 -49.378245532512665 4.35
      vertex 68.79399625211954 -49.078079886734486 4.35
      vertex 47.98050297051668 -27.71638597548008 4.35
    endloop
  endfacet
  facet normal 0 0 1
    outer loop
      vertex 67.9375 -49.6503723859787 4.35
      vertex 68.37511558830738 -49.378245532512665 4.35
      vertex 47.98050297051668 -27.71638597548008 4.35
    endloop
  endfacet
  facet normal 0 0 1
    outer loop
      vertex 67.4830234348774 -49.89329517632723 4.35
      vertex 67.9375 -49.6503723859787 4.35
      vertex 47.98050297051668 -27.71638597548008 4.35
    endloop
  endfacet
  facet normal 0 0 1
    outer loop
      vertex 67.01363202929497 -50.10597365349531 4.35
      vertex 67.4830234348774 -49.89329517632723 4.35
      vertex 47.98050297051668 -27.71638597548008 4.35
    endloop
  endfacet
  facet normal 0 0 1
    outer loop
      vertex 66.531335785985 -50.287497103214264 4.35
      vertex 67.01363202929497 -50.10597365349531 4.35
      vertex 47.98050297051668 -27.71638597548008 4.35
    endloop
  endfacet
  facet normal 0 0 1
    outer loop
      vertex 66.0381999835372 -50.43708821386099 4.35
      vertex 66.531335785985 -50.287497103214264 4.35
      vertex 47.98050297051668 -27.71638597548008 4.35
    endloop
  endfacet
  facet normal 0 0 1
    outer loop
      vertex 65.5363362878561 -50.554106414318085 4.35
      vertex 66.0381999835372 -50.43708821386099 4.35
      vertex 47.98050297051668 -27.71638597548008 4.35
    endloop
  endfacet
  facet normal 0 0 1
    outer loop
      vertex 65.02789376676083 -50.638050615787506 4.35
      vertex 65.5363362878561 -50.554106414318085 4.35
      vertex 47.98050297051668 -27.71638597548008 4.35
    endloop
  endfacet
  facet normal 0 0 1
    outer loop
      vertex 64.51504964381456 -50.688561357557774 4.35
      vertex 65.02789376676083 -50.638050615787506 4.35
      vertex 47.98050297051668 -27.71638597548008 4.35
    endloop
  endfacet
  facet normal 0 0 1
    outer loop
      vertex 64 -50.705422334373 4.35
      vertex 64.51504964381456 -50.688561357557774 4.35
      vertex 47.98050297051668 -27.71638597548008 4.35
    endloop
  endfacet
  facet normal 0 0 1
    outer loop
      vertex 64 -50.705422334373 4.35
      vertex 47.98050297051668 -27.71638597548008 4.35
      vertex 46.14318396151066 -28.407903887331486 4.35
    endloop
  endfacet
  facet normal 0 0 1
    outer loop
      vertex 64 -50.705422334373 4.35
      vertex 46.14318396151066 -28.407903887331486 4.35
      vertex 40.5 -36.29999999701977 4.35
    endloop
  endfacet
  facet normal 0 0 1
    outer loop
      vertex 64 -50.705422334373 4.35
      vertex 40.5 -36.29999999701977 4.35
      vertex 40.495289631187916 -36.44388688355684 4.35
    endloop
  endfacet
  facet normal 0 0 1
    outer loop
      vertex 64 -50.705422334373 4.35
      vertex 40.495289631187916 -36.44388688355684 4.35
      vertex 40.48117869347334 -36.58715762197971 4.35
    endloop
  endfacet
  facet normal 0 0 1
    outer loop
      vertex 64 -50.705422334373 4.35
      vertex 40.48117869347334 -36.58715762197971 4.35
      vertex 40.45772761106491 -36.72919870913029 4.35
    endloop
  endfacet
  facet normal 0 0 1
    outer loop
      vertex 64 -50.705422334373 4.35
      vertex 40.45772761106491 -36.72919870913029 4.35
      vertex 40.42503681778908 -36.86940189450979 4.35
    endloop
  endfacet
  facet normal 0 0 1
    outer loop
      vertex 64 -50.705422334373 4.35
      vertex 40.42503681778908 -36.86940189450979 4.35
      vertex 40.38324628025293 -37.00716681778431 4.35
    endloop
  endfacet
  facet normal 0 0 1
    outer loop
      vertex 64 -50.705422334373 4.35
      vertex 40.38324628025293 -37.00716681778431 4.35
      vertex 40.332534968853 -37.141903549432755 4.35
    endloop
  endfacet
  facet normal 0 0 1
    outer loop
      vertex 64 -50.705422334373 4.35
      vertex 40.332534968853 -37.141903549432755 4.35
      vertex 40.273120030760765 -37.2730351164937 4.35
    endloop
  endfacet
  facet normal 0 0 1
    outer loop
      vertex 64 -50.705422334373 4.35
      vertex 40.273120030760765 -37.2730351164937 4.35
      vertex 40.20525588840246 -37.399999998509884 4.35
    endloop
  endfacet
  facet normal 0 0 1
    outer loop
      vertex 64 -50.705422334373 4.35
      vertex 40.20525588840246 -37.399999998509884 4.35
      vertex 40.12923314422369 -37.52225451171398 4.35
    endloop
  endfacet
  facet normal 0 0 1
    outer loop
      vertex 64 -50.705422334373 4.35
      vertex 40.12923314422369 -37.52225451171398 4.35
      vertex 40.04537734389305 -37.63927514106035 4.35
    endloop
  endfacet
  facet normal 0 0 1
    outer loop
      vertex 64 -50.705422334373 4.35
      vertex 40.04537734389305 -37.63927514106035 4.35
      vertex 39.954047575592995 -37.75056079030037 4.35
    endloop
  endfacet
  facet normal 0 0 1
    outer loop
      vertex 64 -50.705422334373 4.35
      vertex 39.954047575592995 -37.75056079030037 4.35
      vertex 39.85563491284847 -37.85563491284847 4.35
    endloop
  endfacet
  facet normal 0 0 1
    outer loop
      vertex 64 -50.705422334373 4.35
      vertex 39.85563491284847 -37.85563491284847 4.35
      vertex 39.75056079030037 -37.954047575592995 4.35
    endloop
  endfacet
  facet normal 0 0 1
    outer loop
      vertex 64 -50.705422334373 4.35
      vertex 39.75056079030037 -37.954047575592995 4.35
      vertex 39.63927514106035 -38.04537734389305 4.35
    endloop
  endfacet
  facet normal 0 0 1
    outer loop
      vertex 64 -50.705422334373 4.35
      vertex 39.63927514106035 -38.04537734389305 4.35
      vertex 39.52225451171398 -38.12923314422369 4.35
    endloop
  endfacet
  facet normal 0 0 1
    outer loop
      vertex 64 -50.705422334373 4.35
      vertex 39.52225451171398 -38.12923314422369 4.35
      vertex 39.399999998509884 -38.20525588840246 4.35
    endloop
  endfacet
  facet normal 0 0 1
    outer loop
      vertex 64 -50.705422334373 4.35
      vertex 39.399999998509884 -38.20525588840246 4.35
      vertex 39.2730351164937 -38.273120030760765 4.35
    endloop
  endfacet
  facet normal 0 0 1
    outer loop
      vertex 64 -50.705422334373 4.35
      vertex 39.2730351164937 -38.273120030760765 4.35
      vertex 39.141903549432755 -38.332534968853 4.35
    endloop
  endfacet
  facet normal 0 0 1
    outer loop
      vertex 64 -50.705422334373 4.35
      vertex 39.141903549432755 -38.332534968853 4.35
      vertex 39.00716681778431 -38.38324628025293 4.35
    endloop
  endfacet
  facet normal 0 0 1
    outer loop
      vertex 64 -50.705422334373 4.35
      vertex 39.00716681778431 -38.38324628025293 4.35
      vertex 38.86940189450979 -38.42503681778908 4.35
    endloop
  endfacet
  facet normal 0 0 1
    outer loop
      vertex 64 -50.705422334373 4.35
      vertex 38.86940189450979 -38.42503681778908 4.35
      vertex 38.72919870913029 -38.45772761106491 4.35
    endloop
  endfacet
  facet normal 0 0 1
    outer loop
      vertex 64 -50.705422334373 4.35
      vertex 38.72919870913029 -38.45772761106491 4.35
      vertex 38.58715762197971 -38.48117869347334 4.35
    endloop
  endfacet
  facet normal 0 0 1
    outer loop
      vertex -40.5 -36.29999999701977 4.35
      vertex -46.14318396151066 -28.407903887331486 4.35
      vertex -47.98050297051668 -27.71638597548008 4.35
    endloop
  endfacet
  facet normal 0 0 1
    outer loop
      vertex -40.495289631187916 -36.44388688355684 4.35
      vertex -40.5 -36.29999999701977 4.35
      vertex -47.98050297051668 -27.71638597548008 4.35
    endloop
  endfacet
  facet normal 0 0 1
    outer loop
      vertex -40.48117869347334 -36.58715762197971 4.35
      vertex -40.495289631187916 -36.44388688355684 4.35
      vertex -47.98050297051668 -27.71638597548008 4.35
    endloop
  endfacet
  facet normal 0 0 1
    outer loop
      vertex 32.5 -36.29999999701977 4.35
      vertex 26.85681603848934 -28.407903887331486 4.35
      vertex 25.01949702948332 -27.71638597548008 4.35
    endloop
  endfacet
  facet normal 0 0 1
    outer loop
      vertex 32.504710368812084 -36.44388688355684 4.35
      vertex 32.5 -36.29999999701977 4.35
      vertex 25.01949702948332 -27.71638597548008 4.35
    endloop
  endfacet
  facet normal 0 0 1
    outer loop
      vertex 32.51882130652666 -36.58715762197971 4.35
      vertex 32.504710368812084 -36.44388688355684 4.35
      vertex 25.01949702948332 -27.71638597548008 4.35
    endloop
  endfacet
  facet normal 0 0 1
    outer loop
      vertex -25.01949702948332 -27.71638597548008 4.35
      vertex -26.85681603848934 -28.407903887331486 4.35
      vertex -32.5 -36.29999999701977 4.35
    endloop
  endfacet
  facet normal 0 0 1
    outer loop
      vertex -25.01949702948332 -27.71638597548008 4.35
      vertex -32.5 -36.29999999701977 4.35
      vertex -32.504710368812084 -36.44388688355684 4.35
    endloop
  endfacet
  facet normal 0 0 1
    outer loop
      vertex -25.01949702948332 -27.71638597548008 4.35
      vertex -32.504710368812084 -36.44388688355684 4.35
      vertex -32.51882130652666 -36.58715762197971 4.35
    endloop
  endfacet
  facet normal 0 0 1
    outer loop
      vertex -64 -50.705422334373 4.35
      vertex 64 -50.705422334373 4.35
      vertex 38.58715762197971 -38.48117869347334 4.35
    endloop
  endfacet
  facet normal 0 0 1
    outer loop
      vertex -64 -50.705422334373 4.35
      vertex 38.58715762197971 -38.48117869347334 4.35
      vertex 38.44388688355684 -38.495289631187916 4.35
    endloop
  endfacet
  facet normal 0 0 1
    outer loop
      vertex -64 -50.705422334373 4.35
      vertex 38.44388688355684 -38.495289631187916 4.35
      vertex 38.29999999701977 -38.5 4.35
    endloop
  endfacet
  facet normal 0 0 1
    outer loop
      vertex -64 -50.705422334373 4.35
      vertex 38.29999999701977 -38.5 4.35
      vertex 34.70000000298023 -38.5 4.35
    endloop
  endfacet
  facet normal 0 0 1
    outer loop
      vertex -64 -50.705422334373 4.35
      vertex 34.70000000298023 -38.5 4.35
      vertex 34.55611311644316 -38.495289631187916 4.35
    endloop
  endfacet
  facet normal 0 0 1
    outer loop
      vertex -64 -50.705422334373 4.35
      vertex 34.55611311644316 -38.495289631187916 4.35
      vertex 34.41284237802029 -38.48117869347334 4.35
    endloop
  endfacet
  facet normal 0 0 1
    outer loop
      vertex -64 -50.705422334373 4.35
      vertex 34.41284237802029 -38.48117869347334 4.35
      vertex 34.27080129086971 -38.45772761106491 4.35
    endloop
  endfacet
  facet normal 0 0 1
    outer loop
      vertex -64 -50.705422334373 4.35
      vertex 34.27080129086971 -38.45772761106491 4.35
      vertex 34.13059810549021 -38.42503681778908 4.35
    endloop
  endfacet
  facet normal 0 0 1
    outer loop
      vertex 21.5 -25.980762116611004 4.35
      vertex 19.832893006503582 -24.944088369607925 4.35
      vertex -19.832893006503582 -24.944088369607925 4.35
    endloop
  endfacet
  facet normal 0 0 1
    outer loop
      vertex 21.5 -25.980762116611004 4.35
      vertex -19.832893006503582 -24.944088369607925 4.35
      vertex -21.5 -25.980762116611004 4.35
    endloop
  endfacet
  facet normal 0 0 1
    outer loop
      vertex -21.5 25.980762116611004 4.35
      vertex -19.832893006503582 24.944088369607925 4.35
      vertex 19.832893006503582 24.944088369607925 4.35
    endloop
  endfacet
  facet normal 0 0 1
    outer loop
      vertex -21.5 25.980762116611004 4.35
      vertex 19.832893006503582 24.944088369607925 4.35
      vertex 21.5 25.980762116611004 4.35
    endloop
  endfacet
  facet normal 0 0 1
    outer loop
      vertex -64 -50.705422334373 4.35
      vertex 34.13059810549021 -38.42503681778908 4.35
      vertex 33.99283318221569 -38.38324628025293 4.35
    endloop
  endfacet
  facet normal 0 0 1
    outer loop
      vertex -64 -50.705422334373 4.35
      vertex 33.99283318221569 -38.38324628025293 4.35
      vertex 33.858096450567245 -38.332534968853 4.35
    endloop
  endfacet
  facet normal 0 0 1
    outer loop
      vertex -64 -50.705422334373 4.35
      vertex 33.858096450567245 -38.332534968853 4.35
      vertex 33.7269648835063 -38.273120030760765 4.35
    endloop
  endfacet
  facet normal 0 0 1
    outer loop
      vertex -64 -50.705422334373 4.35
      vertex 33.7269648835063 -38.273120030760765 4.35
      vertex 33.600000001490116 -38.20525588840246 4.35
    endloop
  endfacet
  facet normal 0 0 1
    outer loop
      vertex -64 -50.705422334373 4.35
      vertex 33.600000001490116 -38.20525588840246 4.35
      vertex 33.47774548828602 -38.12923314422369 4.35
    endloop
  endfacet
  facet normal 0 0 1
    outer loop
      vertex -64 -50.705422334373 4.35
      vertex 33.47774548828602 -38.12923314422369 4.35
      vertex 33.36072485893965 -38.04537734389305 4.35
    endloop
  endfacet
  facet normal 0 0 1
    outer loop
      vertex -64 -50.705422334373 4.35
      vertex 33.36072485893965 -38.04537734389305 4.35
      vertex 33.24943920969963 -37.954047575592995 4.35
    endloop
  endfacet
  facet normal 0 0 1
    outer loop
      vertex -64 -50.705422334373 4.35
      vertex 33.24943920969963 -37.954047575592995 4.35
      vertex 33.14436508715153 -37.85563491284847 4.35
    endloop
  endfacet
  facet normal 0 0 1
    outer loop
      vertex -64 -50.705422334373 4.35
      vertex 33.14436508715153 -37.85563491284847 4.35
      vertex 33.045952424407005 -37.75056079030037 4.35
    endloop
  endfacet
  facet normal 0 0 1
    outer loop
      vertex -64 -50.705422334373 4.35
      vertex 33.045952424407005 -37.75056079030037 4.35
      vertex 32.95462265610695 -37.63927514106035 4.35
    endloop
  endfacet
  facet normal 0 0 1
    outer loop
      vertex -64 -50.705422334373 4.35
      vertex 32.95462265610695 -37.63927514106035 4.35
      vertex 32.87076685577631 -37.52225451171398 4.35
    endloop
  endfacet
  facet normal 0 0 1
    outer loop
      vertex -64 -50.705422334373 4.35
      vertex 32.87076685577631 -37.52225451171398 4.35
      vertex 32.79474411159754 -37.399999998509884 4.35
    endloop
  endfacet
  facet normal 0 0 1
    outer loop
      vertex -40.45772761106491 -36.72919870913029 4.35
      vertex -40.48117869347334 -36.58715762197971 4.35
      vertex -47.98050297051668 -27.71638597548008 4.35
    endloop
  endfacet
  facet normal 0 0 1
    outer loop
      vertex 32.54227238893509 -36.72919870913029 4.35
      vertex 32.51882130652666 -36.58715762197971 4.35
      vertex 25.01949702948332 -27.71638597548008 4.35
    endloop
  endfacet
  facet normal 0 0 1
    outer loop
      vertex -25.01949702948332 -27.71638597548008 4.35
      vertex -32.51882130652666 -36.58715762197971 4.35
      vertex -32.54227238893509 -36.72919870913029 4.35
    endloop
  endfacet
  facet normal 0 0 1
    outer loop
      vertex -64 -50.705422334373 4.35
      vertex 32.79474411159754 -37.399999998509884 4.35
      vertex 32.726879969239235 -37.2730351164937 4.35
    endloop
  endfacet
  facet normal 0 0 1
    outer loop
      vertex -64 -50.705422334373 4.35
      vertex 32.726879969239235 -37.2730351164937 4.35
      vertex 32.667465031147 -37.141903549432755 4.35
    endloop
  endfacet
  facet normal 0 0 1
    outer loop
      vertex -64 -50.705422334373 4.35
      vertex 32.667465031147 -37.141903549432755 4.35
      vertex 32.61675371974707 -37.00716681778431 4.35
    endloop
  endfacet
  facet normal 0 0 1
    outer loop
      vertex -64 -50.705422334373 4.35
      vertex 32.61675371974707 -37.00716681778431 4.35
      vertex 32.57496318221092 -36.86940189450979 4.35
    endloop
  endfacet
  facet normal 0 0 1
    outer loop
      vertex -64 -50.705422334373 4.35
      vertex 32.57496318221092 -36.86940189450979 4.35
      vertex 32.54227238893509 -36.72919870913029 4.35
    endloop
  endfacet
  facet normal 0 0 1
    outer loop
      vertex 32.584214232861996 29.743345841765404 4.35
      vertex 34.537906125187874 29.93576769530773 4.35
      vertex 64 50.705422334373 4.35
    endloop
  endfacet
  facet normal 0 0 1
    outer loop
      vertex 23.231339290738106 -26.90618224442005 4.35
      vertex 21.5 -25.980762116611004 4.35
      vertex -21.5 -25.980762116611004 4.35
    endloop
  endfacet
  facet normal 0 0 1
    outer loop
      vertex 23.231339290738106 -26.90618224442005 4.35
      vertex -21.5 -25.980762116611004 4.35
      vertex -23.231339290738106 -26.90618224442005 4.35
    endloop
  endfacet
  facet normal 0 0 1
    outer loop
      vertex -23.231339290738106 26.90618224442005 4.35
      vertex -21.5 25.980762116611004 4.35
      vertex 21.5 25.980762116611004 4.35
    endloop
  endfacet
  facet normal 0 0 1
    outer loop
      vertex -23.231339290738106 26.90618224442005 4.35
      vertex 21.5 25.980762116611004 4.35
      vertex 23.231339290738106 26.90618224442005 4.35
    endloop
  endfacet
  facet normal 0 0 1
    outer loop
      vertex -40.42503681778908 -36.86940189450979 4.35
      vertex -40.45772761106491 -36.72919870913029 4.35
      vertex -47.98050297051668 -27.71638597548008 4.35
    endloop
  endfacet
  facet normal 0 0 1
    outer loop
      vertex -25.01949702948332 -27.71638597548008 4.35
      vertex -32.54227238893509 -36.72919870913029 4.35
      vertex -32.57496318221092 -36.86940189450979 4.35
    endloop
  endfacet
  facet normal 0 0 1
    outer loop
      vertex -40.42503681778908 -36.86940189450979 4.35
      vertex -47.98050297051668 -27.71638597548008 4.35
      vertex -49.768660709261894 -26.90618224442005 4.35
    endloop
  endfacet
  facet normal 0 0 1
    outer loop
      vertex -40.38324628025293 -37.00716681778431 4.35
      vertex -40.42503681778908 -36.86940189450979 4.35
      vertex -49.768660709261894 -26.90618224442005 4.35
    endloop
  endfacet
  facet normal 0 0 1
    outer loop
      vertex -23.231339290738106 -26.90618224442005 4.35
      vertex -25.01949702948332 -27.71638597548008 4.35
      vertex -32.57496318221092 -36.86940189450979 4.35
    endloop
  endfacet
  facet normal 0 0 1
    outer loop
      vertex 23.231339290738106 -26.90618224442005 4.35
      vertex -23.231339290738106 -26.90618224442005 4.35
      vertex -32.57496318221092 -36.86940189450979 4.35
    endloop
  endfacet
  facet normal 0 0 1
    outer loop
      vertex 23.231339290738106 -26.90618224442005 4.35
      vertex -32.57496318221092 -36.86940189450979 4.35
      vertex -32.61675371974707 -37.00716681778431 4.35
    endloop
  endfacet
  facet normal 0 0 1
    outer loop
      vertex 23.231339290738106 -26.90618224442005 4.35
      vertex -32.61675371974707 -37.00716681778431 4.35
      vertex -32.667465031147 -37.141903549432755 4.35
    endloop
  endfacet
  facet normal 0 0 1
    outer loop
      vertex 23.231339290738106 -26.90618224442005 4.35
      vertex -32.667465031147 -37.141903549432755 4.35
      vertex -32.726879969239235 -37.2730351164937 4.35
    endloop
  endfacet
  facet normal 0 0 1
    outer loop
      vertex 23.231339290738106 -26.90618224442005 4.35
      vertex -32.726879969239235 -37.2730351164937 4.35
      vertex -32.79474411159754 -37.399999998509884 4.35
    endloop
  endfacet
  facet normal 0 0 1
    outer loop
      vertex 23.231339290738106 -26.90618224442005 4.35
      vertex -32.79474411159754 -37.399999998509884 4.35
      vertex -32.87076685577631 -37.52225451171398 4.35
    endloop
  endfacet
  facet normal 0 0 1
    outer loop
      vertex 23.231339290738106 -26.90618224442005 4.35
      vertex -32.87076685577631 -37.52225451171398 4.35
      vertex -32.95462265610695 -37.63927514106035 4.35
    endloop
  endfacet
  facet normal 0 0 1
    outer loop
      vertex 23.231339290738106 -26.90618224442005 4.35
      vertex -32.95462265610695 -37.63927514106035 4.35
      vertex -33.045952424407005 -37.75056079030037 4.35
    endloop
  endfacet
  facet normal 0 0 1
    outer loop
      vertex 23.231339290738106 -26.90618224442005 4.35
      vertex -33.045952424407005 -37.75056079030037 4.35
      vertex -33.14436508715153 -37.85563491284847 4.35
    endloop
  endfacet
  facet normal 0 0 1
    outer loop
      vertex 25.01949702948332 -27.71638597548008 4.35
      vertex 23.231339290738106 -26.90618224442005 4.35
      vertex -33.14436508715153 -37.85563491284847 4.35
    endloop
  endfacet
  facet normal 0 0 1
    outer loop
      vertex 32.54227238893509 -36.72919870913029 4.35
      vertex 25.01949702948332 -27.71638597548008 4.35
      vertex -33.14436508715153 -37.85563491284847 4.35
    endloop
  endfacet
  facet normal 0 0 1
    outer loop
      vertex 32.54227238893509 -36.72919870913029 4.35
      vertex -33.14436508715153 -37.85563491284847 4.35
      vertex -33.24943920969963 -37.954047575592995 4.35
    endloop
  endfacet
  facet normal 0 0 1
    outer loop
      vertex 32.54227238893509 -36.72919870913029 4.35
      vertex -33.24943920969963 -37.954047575592995 4.35
      vertex -33.36072485893965 -38.04537734389305 4.35
    endloop
  endfacet
  facet normal 0 0 1
    outer loop
      vertex 32.54227238893509 -36.72919870913029 4.35
      vertex -33.36072485893965 -38.04537734389305 4.35
      vertex -33.47774548828602 -38.12923314422369 4.35
    endloop
  endfacet
  facet normal 0 0 1
    outer loop
      vertex 32.54227238893509 -36.72919870913029 4.35
      vertex -33.47774548828602 -38.12923314422369 4.35
      vertex -33.600000001490116 -38.20525588840246 4.35
    endloop
  endfacet
  facet normal 0 0 1
    outer loop
      vertex 32.54227238893509 -36.72919870913029 4.35
      vertex -33.600000001490116 -38.20525588840246 4.35
      vertex -33.7269648835063 -38.273120030760765 4.35
    endloop
  endfacet
  facet normal 0 0 1
    outer loop
      vertex 32.584214232861996 29.743345841765404 4.35
      vertex 64 50.705422334373 4.35
      vertex -64 50.705422334373 4.35
    endloop
  endfacet
  facet normal 0 0 1
    outer loop
      vertex 30.647290341556072 29.42355841398239 4.35
      vertex 32.584214232861996 29.743345841765404 4.35
      vertex -64 50.705422334373 4.35
    endloop
  endfacet
  facet normal 0 0 1
    outer loop
      vertex -25.01949702948332 27.71638597548008 4.35
      vertex -23.231339290738106 26.90618224442005 4.35
      vertex 23.231339290738106 26.90618224442005 4.35
    endloop
  endfacet
  facet normal 0 0 1
    outer loop
      vertex -25.01949702948332 27.71638597548008 4.35
      vertex 23.231339290738106 26.90618224442005 4.35
      vertex 25.01949702948332 27.71638597548008 4.35
    endloop
  endfacet
  facet normal 0 0 1
    outer loop
      vertex 28.735428646206856 28.977774791419506 4.35
      vertex 30.647290341556072 29.42355841398239 4.35
      vertex -64 50.705422334373 4.35
    endloop
  endfacet
  facet normal 0 0 1
    outer loop
      vertex 26.85681603848934 28.407903887331486 4.35
      vertex 28.735428646206856 28.977774791419506 4.35
      vertex -64 50.705422334373 4.35
    endloop
  endfacet
  facet normal 0 0 1
    outer loop
      vertex 32.54227238893509 -36.72919870913029 4.35
      vertex -33.7269648835063 -38.273120030760765 4.35
      vertex -33.858096450567245 -38.332534968853 4.35
    endloop
  endfacet
  facet normal 0 0 1
    outer loop
      vertex -64 -50.705422334373 4.35
      vertex 32.54227238893509 -36.72919870913029 4.35
      vertex -33.858096450567245 -38.332534968853 4.35
    endloop
  endfacet
  facet normal 0 0 1
    outer loop
      vertex -64 -50.705422334373 4.35
      vertex -33.858096450567245 -38.332534968853 4.35
      vertex -33.99283318221569 -38.38324628025293 4.35
    endloop
  endfacet
  facet normal 0 0 1
    outer loop
      vertex -64 -50.705422334373 4.35
      vertex -33.99283318221569 -38.38324628025293 4.35
      vertex -34.13059810549021 -38.42503681778908 4.35
    endloop
  endfacet
  facet normal 0 0 1
    outer loop
      vertex -64 -50.705422334373 4.35
      vertex -34.13059810549021 -38.42503681778908 4.35
      vertex -34.27080129086971 -38.45772761106491 4.35
    endloop
  endfacet
  facet normal 0 0 1
    outer loop
      vertex -64 -50.705422334373 4.35
      vertex -34.27080129086971 -38.45772761106491 4.35
      vertex -34.41284237802029 -38.48117869347334 4.35
    endloop
  endfacet
  facet normal 0 0 1
    outer loop
      vertex -64 -50.705422334373 4.35
      vertex -34.41284237802029 -38.48117869347334 4.35
      vertex -34.55611311644316 -38.495289631187916 4.35
    endloop
  endfacet
  facet normal 0 0 1
    outer loop
      vertex -64 -50.705422334373 4.35
      vertex -34.55611311644316 -38.495289631187916 4.35
      vertex -34.70000000298023 -38.5 4.35
    endloop
  endfacet
  facet normal 0 0 1
    outer loop
      vertex -64 -50.705422334373 4.35
      vertex -34.70000000298023 -38.5 4.35
      vertex -38.29999999701977 -38.5 4.35
    endloop
  endfacet
  facet normal 0 0 1
    outer loop
      vertex -64 -50.705422334373 4.35
      vertex -38.29999999701977 -38.5 4.35
      vertex -38.44388688355684 -38.495289631187916 4.35
    endloop
  endfacet
  facet normal 0 0 1
    outer loop
      vertex -64 -50.705422334373 4.35
      vertex -38.44388688355684 -38.495289631187916 4.35
      vertex -38.58715762197971 -38.48117869347334 4.35
    endloop
  endfacet
  facet normal 0 0 1
    outer loop
      vertex -64 -50.705422334373 4.35
      vertex -38.58715762197971 -38.48117869347334 4.35
      vertex -38.72919870913029 -38.45772761106491 4.35
    endloop
  endfacet
  facet normal 0 0 1
    outer loop
      vertex -64 -50.705422334373 4.35
      vertex -38.72919870913029 -38.45772761106491 4.35
      vertex -38.86940189450979 -38.42503681778908 4.35
    endloop
  endfacet
  facet normal 0 0 1
    outer loop
      vertex -64 -50.705422334373 4.35
      vertex -38.86940189450979 -38.42503681778908 4.35
      vertex -39.00716681778431 -38.38324628025293 4.35
    endloop
  endfacet
  facet normal 0 0 1
    outer loop
      vertex -64 -50.705422334373 4.35
      vertex -39.00716681778431 -38.38324628025293 4.35
      vertex -39.141903549432755 -38.332534968853 4.35
    endloop
  endfacet
  facet normal 0 0 1
    outer loop
      vertex -64 -50.705422334373 4.35
      vertex -39.141903549432755 -38.332534968853 4.35
      vertex -39.2730351164937 -38.273120030760765 4.35
    endloop
  endfacet
  facet normal 0 0 1
    outer loop
      vertex -64 -50.705422334373 4.35
      vertex -39.2730351164937 -38.273120030760765 4.35
      vertex -39.399999998509884 -38.20525588840246 4.35
    endloop
  endfacet
  facet normal 0 0 1
    outer loop
      vertex -64 -50.705422334373 4.35
      vertex -39.399999998509884 -38.20525588840246 4.35
      vertex -39.52225451171398 -38.12923314422369 4.35
    endloop
  endfacet
  facet normal 0 0 1
    outer loop
      vertex -64 -50.705422334373 4.35
      vertex -39.52225451171398 -38.12923314422369 4.35
      vertex -39.63927514106035 -38.04537734389305 4.35
    endloop
  endfacet
  facet normal 0 0 1
    outer loop
      vertex -64 -50.705422334373 4.35
      vertex -39.63927514106035 -38.04537734389305 4.35
      vertex -39.75056079030037 -37.954047575592995 4.35
    endloop
  endfacet
  facet normal 0 0 1
    outer loop
      vertex -64 -50.705422334373 4.35
      vertex -39.75056079030037 -37.954047575592995 4.35
      vertex -39.85563491284847 -37.85563491284847 4.35
    endloop
  endfacet
  facet normal 0 0 1
    outer loop
      vertex -64 -50.705422334373 4.35
      vertex -39.85563491284847 -37.85563491284847 4.35
      vertex -39.954047575592995 -37.75056079030037 4.35
    endloop
  endfacet
  facet normal 0 0 1
    outer loop
      vertex -64 -50.705422334373 4.35
      vertex -39.954047575592995 -37.75056079030037 4.35
      vertex -40.04537734389305 -37.63927514106035 4.35
    endloop
  endfacet
  facet normal 0 0 1
    outer loop
      vertex -64 -50.705422334373 4.35
      vertex -40.04537734389305 -37.63927514106035 4.35
      vertex -40.12923314422369 -37.52225451171398 4.35
    endloop
  endfacet
  facet normal 0 0 1
    outer loop
      vertex -64 -50.705422334373 4.35
      vertex -40.12923314422369 -37.52225451171398 4.35
      vertex -40.20525588840246 -37.399999998509884 4.35
    endloop
  endfacet
  facet normal 0 0 1
    outer loop
      vertex -64 -50.705422334373 4.35
      vertex -40.20525588840246 -37.399999998509884 4.35
      vertex -40.273120030760765 -37.2730351164937 4.35
    endloop
  endfacet
  facet normal 0 0 1
    outer loop
      vertex -64 -50.705422334373 4.35
      vertex -40.273120030760765 -37.2730351164937 4.35
      vertex -40.332534968853 -37.141903549432755 4.35
    endloop
  endfacet
  facet normal 0 0 1
    outer loop
      vertex -64 -50.705422334373 4.35
      vertex -40.332534968853 -37.141903549432755 4.35
      vertex -40.38324628025293 -37.00716681778431 4.35
    endloop
  endfacet
  facet normal 0 0 1
    outer loop
      vertex -64 -50.705422334373 4.35
      vertex -40.38324628025293 -37.00716681778431 4.35
      vertex -49.768660709261894 -26.90618224442005 4.35
    endloop
  endfacet
  facet normal 0 0 1
    outer loop
      vertex -64 -50.705422334373 4.35
      vertex -49.768660709261894 -26.90618224442005 4.35
      vertex -51.5 -25.980762116611004 4.35
    endloop
  endfacet
  facet normal 0 0 1
    outer loop
      vertex -64 -50.705422334373 4.35
      vertex -51.5 -25.980762116611004 4.35
      vertex -53.16710699349642 -24.944088369607925 4.35
    endloop
  endfacet
  facet normal 0 0 1
    outer loop
      vertex -64 -50.705422334373 4.35
      vertex -53.16710699349642 -24.944088369607925 4.35
      vertex -54.76284287124872 -23.800600208342075 4.35
    endloop
  endfacet
  facet normal 0 0 1
    outer loop
      vertex -64.51504964381456 -50.688561357557774 4.35
      vertex -64 -50.705422334373 4.35
      vertex -54.76284287124872 -23.800600208342075 4.35
    endloop
  endfacet
  facet normal 0 0 1
    outer loop
      vertex -65.02789376676083 -50.638050615787506 4.35
      vertex -64.51504964381456 -50.688561357557774 4.35
      vertex -54.76284287124872 -23.800600208342075 4.35
    endloop
  endfacet
  facet normal 0 0 1
    outer loop
      vertex -65.5363362878561 -50.554106414318085 4.35
      vertex -65.02789376676083 -50.638050615787506 4.35
      vertex -54.76284287124872 -23.800600208342075 4.35
    endloop
  endfacet
  facet normal 0 0 1
    outer loop
      vertex -66.0381999835372 -50.43708821386099 4.35
      vertex -65.5363362878561 -50.554106414318085 4.35
      vertex -54.76284287124872 -23.800600208342075 4.35
    endloop
  endfacet
  facet normal 0 0 1
    outer loop
      vertex -66.531335785985 -50.287497103214264 4.35
      vertex -66.0381999835372 -50.43708821386099 4.35
      vertex -54.76284287124872 -23.800600208342075 4.35
    endloop
  endfacet
  facet normal 0 0 1
    outer loop
      vertex -67.01363202929497 -50.10597365349531 4.35
      vertex -66.531335785985 -50.287497103214264 4.35
      vertex -54.76284287124872 -23.800600208342075 4.35
    endloop
  endfacet
  facet normal 0 0 1
    outer loop
      vertex -67.4830234348774 -49.89329517632723 4.35
      vertex -67.01363202929497 -50.10597365349531 4.35
      vertex -54.76284287124872 -23.800600208342075 4.35
    endloop
  endfacet
  facet normal 0 0 1
    outer loop
      vertex -67.9375 -49.6503723859787 4.35
      vertex -67.4830234348774 -49.89329517632723 4.35
      vertex -54.76284287124872 -23.800600208342075 4.35
    endloop
  endfacet
  facet normal 0 0 1
    outer loop
      vertex -68.37511558830738 -49.378245532512665 4.35
      vertex -67.9375 -49.6503723859787 4.35
      vertex -54.76284287124872 -23.800600208342075 4.35
    endloop
  endfacet
  facet normal 0 0 1
    outer loop
      vertex -68.79399625211954 -49.078079886734486 4.35
      vertex -68.37511558830738 -49.378245532512665 4.35
      vertex -54.76284287124872 -23.800600208342075 4.35
    endloop
  endfacet
  facet normal 0 0 1
    outer loop
      vertex -69.1923482939601 -48.75116081535816 4.35
      vertex -68.79399625211954 -49.078079886734486 4.35
      vertex -54.76284287124872 -23.800600208342075 4.35
    endloop
  endfacet
  facet normal 0 0 1
    outer loop
      vertex -69.56846590340137 -48.39888823777437 4.35
      vertex -69.1923482939601 -48.75116081535816 4.35
      vertex -54.76284287124872 -23.800600208342075 4.35
    endloop
  endfacet
  facet normal 0 0 1
    outer loop
      vertex -69.92073848098516 -48.02277062833309 4.35
      vertex -69.56846590340137 -48.39888823777437 4.35
      vertex -54.76284287124872 -23.800600208342075 4.35
    endloop
  endfacet
  facet normal 0 0 1
    outer loop
      vertex -70.24765755236149 -47.62441858649254 4.35
      vertex -69.92073848098516 -48.02277062833309 4.35
      vertex -54.76284287124872 -23.800600208342075 4.35
    endloop
  endfacet
  facet normal 0 0 1
    outer loop
      vertex -70.54782319813967 -47.20553792268038 4.35
      vertex -70.24765755236149 -47.62441858649254 4.35
      vertex -54.76284287124872 -23.800600208342075 4.35
    endloop
  endfacet
  facet normal 0 0 1
    outer loop
      vertex -70.8199500516057 -46.767922334373 4.35
      vertex -70.54782319813967 -47.20553792268038 4.35
      vertex -54.76284287124872 -23.800600208342075 4.35
    endloop
  endfacet
  facet normal 0 0 1
    outer loop
      vertex -71.06287284195423 -46.31344576925039 4.35
      vertex -70.8199500516057 -46.767922334373 4.35
      vertex -54.76284287124872 -23.800600208342075 4.35
    endloop
  endfacet
  facet normal 0 0 1
    outer loop
      vertex -71.27555131912231 -45.844054363667965 4.35
      vertex -71.06287284195423 -46.31344576925039 4.35
      vertex -54.76284287124872 -23.800600208342075 4.35
    endloop
  endfacet
  facet normal 0 0 1
    outer loop
      vertex -71.45707476884127 -45.36175812035799 4.35
      vertex -71.27555131912231 -45.844054363667965 4.35
      vertex -54.76284287124872 -23.800600208342075 4.35
    endloop
  endfacet
  facet normal 0 0 1
    outer loop
      vertex -71.60666587948799 -44.868622317910194 4.35
      vertex -71.45707476884127 -45.36175812035799 4.35
      vertex -54.76284287124872 -23.800600208342075 4.35
    endloop
  endfacet
  facet normal 0 0 1
    outer loop
      vertex -71.72368407994509 -44.3667586222291 4.35
      vertex -71.60666587948799 -44.868622317910194 4.35
      vertex -54.76284287124872 -23.800600208342075 4.35
    endloop
  endfacet
  facet normal 0 0 1
    outer loop
      vertex -71.80762828141451 -43.85831610113382 4.35
      vertex -71.72368407994509 -44.3667586222291 4.35
      vertex -54.76284287124872 -23.800600208342075 4.35
    endloop
  endfacet
  facet normal 0 0 1
    outer loop
      vertex -71.85813902318478 -43.34547197818756 4.35
      vertex -71.80762828141451 -43.85831610113382 4.35
      vertex -54.76284287124872 -23.800600208342075 4.35
    endloop
  endfacet
  facet normal 0 0 1
    outer loop
      vertex -71.875 -42.830422334373 4.35
      vertex -71.85813902318478 -43.34547197818756 4.35
      vertex -54.76284287124872 -23.800600208342075 4.35
    endloop
  endfacet
  facet normal 0 0 1
    outer loop
      vertex -71.875 -42.830422334373 4.35
      vertex -54.76284287124872 -23.800600208342075 4.35
      vertex -56.28037445247173 -22.555194221436977 4.35
    endloop
  endfacet
  facet normal 0 0 1
    outer loop
      vertex -71.875 -42.830422334373 4.35
      vertex -56.28037445247173 -22.555194221436977 4.35
      vertex -57.71320343762636 -21.213203437626362 4.35
    endloop
  endfacet
  facet normal 0 0 1
    outer loop
      vertex -71.875 -42.830422334373 4.35
      vertex -57.71320343762636 -21.213203437626362 4.35
      vertex -59.05519422143698 -19.780374452471733 4.35
    endloop
  endfacet
  facet normal 0 0 1
    outer loop
      vertex -71.875 -42.830422334373 4.35
      vertex -59.05519422143698 -19.780374452471733 4.35
      vertex -60.300600208342075 -18.262842871248722 4.35
    endloop
  endfacet
  facet normal 0 0 1
    outer loop
      vertex -71.875 -42.830422334373 4.35
      vertex -60.300600208342075 -18.262842871248722 4.35
      vertex -61.444088369607925 -16.667106993496418 4.35
    endloop
  endfacet
  facet normal 0 0 1
    outer loop
      vertex -71.875 -42.830422334373 4.35
      vertex -61.444088369607925 -16.667106993496418 4.35
      vertex -62.480762116611004 -15 4.35
    endloop
  endfacet
  facet normal 0 0 1
    outer loop
      vertex -71.875 -42.830422334373 4.35
      vertex -62.480762116611004 -15 4.35
      vertex -63.40618224442005 -13.268660709261894 4.35
    endloop
  endfacet
  facet normal 0 0 1
    outer loop
      vertex -71.875 -42.830422334373 4.35
      vertex -63.40618224442005 -13.268660709261894 4.35
      vertex -64.21638597548008 -11.480502970516682 4.35
    endloop
  endfacet
  facet normal 0 0 1
    outer loop
      vertex -71.875 -42.830422334373 4.35
      vertex -64.21638597548008 -11.480502970516682 4.35
      vertex -64.90790388733149 -9.643183961510658 4.35
    endloop
  endfacet
  facet normal 0 0 1
    outer loop
      vertex -71.875 -42.830422334373 4.35
      vertex -64.90790388733149 -9.643183961510658 4.35
      vertex -65.4777747914195 -7.764571353793144 4.35
    endloop
  endfacet
  facet normal 0 0 1
    outer loop
      vertex -71.875 -42.830422334373 4.35
      vertex -65.4777747914195 -7.764571353793144 4.35
      vertex -65.92355841398239 -5.852709658443928 4.35
    endloop
  endfacet
  facet normal 0 0 1
    outer loop
      vertex 25.01949702948332 27.71638597548008 4.35
      vertex 26.85681603848934 28.407903887331486 4.35
      vertex -64 50.705422334373 4.35
    endloop
  endfacet
  facet normal 0 0 1
    outer loop
      vertex -25.01949702948332 27.71638597548008 4.35
      vertex 25.01949702948332 27.71638597548008 4.35
      vertex -64 50.705422334373 4.35
    endloop
  endfacet
  facet normal 0 0 1
    outer loop
      vertex -26.85681603848934 28.407903887331486 4.35
      vertex -25.01949702948332 27.71638597548008 4.35
      vertex -64 50.705422334373 4.35
    endloop
  endfacet
  facet normal 0 0 1
    outer loop
      vertex -28.735428646206856 28.977774791419506 4.35
      vertex -26.85681603848934 28.407903887331486 4.35
      vertex -64 50.705422334373 4.35
    endloop
  endfacet
  facet normal 0 0 1
    outer loop
      vertex -30.647290341556072 29.42355841398239 4.35
      vertex -28.735428646206856 28.977774791419506 4.35
      vertex -64 50.705422334373 4.35
    endloop
  endfacet
  facet normal 0 0 1
    outer loop
      vertex -32.584214232861996 29.743345841765404 4.35
      vertex -30.647290341556072 29.42355841398239 4.35
      vertex -64 50.705422334373 4.35
    endloop
  endfacet
  facet normal 0 0 1
    outer loop
      vertex -34.537906125187874 29.93576769530773 4.35
      vertex -32.584214232861996 29.743345841765404 4.35
      vertex -64 50.705422334373 4.35
    endloop
  endfacet
  facet normal 0 0 1
    outer loop
      vertex -36.5 30 4.35
      vertex -34.537906125187874 29.93576769530773 4.35
      vertex -64 50.705422334373 4.35
    endloop
  endfacet
  facet normal 0 0 1
    outer loop
      vertex -38.462093874812126 29.93576769530773 4.35
      vertex -36.5 30 4.35
      vertex -64 50.705422334373 4.35
    endloop
  endfacet
  facet normal 0 0 1
    outer loop
      vertex -40.415785767138004 29.743345841765404 4.35
      vertex -38.462093874812126 29.93576769530773 4.35
      vertex -64 50.705422334373 4.35
    endloop
  endfacet
  facet normal 0 0 1
    outer loop
      vertex -42.35270965844393 29.42355841398239 4.35
      vertex -40.415785767138004 29.743345841765404 4.35
      vertex -64 50.705422334373 4.35
    endloop
  endfacet
  facet normal 0 0 1
    outer loop
      vertex -44.264571353793144 28.977774791419506 4.35
      vertex -42.35270965844393 29.42355841398239 4.35
      vertex -64 50.705422334373 4.35
    endloop
  endfacet
  facet normal 0 0 1
    outer loop
      vertex -46.14318396151066 28.407903887331486 4.35
      vertex -44.264571353793144 28.977774791419506 4.35
      vertex -64 50.705422334373 4.35
    endloop
  endfacet
  facet normal 0 0 1
    outer loop
      vertex -47.98050297051668 27.71638597548008 4.35
      vertex -46.14318396151066 28.407903887331486 4.35
      vertex -64 50.705422334373 4.35
    endloop
  endfacet
  facet normal 0 0 1
    outer loop
      vertex -49.768660709261894 26.90618224442005 4.35
      vertex -47.98050297051668 27.71638597548008 4.35
      vertex -64 50.705422334373 4.35
    endloop
  endfacet
  facet normal 0 0 1
    outer loop
      vertex -51.5 25.980762116611004 4.35
      vertex -49.768660709261894 26.90618224442005 4.35
      vertex -64 50.705422334373 4.35
    endloop
  endfacet
  facet normal 0 0 1
    outer loop
      vertex -53.16710699349642 24.944088369607925 4.35
      vertex -51.5 25.980762116611004 4.35
      vertex -64 50.705422334373 4.35
    endloop
  endfacet
  facet normal 0 0 1
    outer loop
      vertex -54.76284287124872 23.800600208342075 4.35
      vertex -53.16710699349642 24.944088369607925 4.35
      vertex -64 50.705422334373 4.35
    endloop
  endfacet
  facet normal 0 0 1
    outer loop
      vertex -54.76284287124872 23.800600208342075 4.35
      vertex -64 50.705422334373 4.35
      vertex -64.51504964381456 50.688561357557774 4.35
    endloop
  endfacet
  facet normal 0 0 1
    outer loop
      vertex -54.76284287124872 23.800600208342075 4.35
      vertex -64.51504964381456 50.688561357557774 4.35
      vertex -65.02789376676083 50.638050615787506 4.35
    endloop
  endfacet
  facet normal 0 0 1
    outer loop
      vertex -54.76284287124872 23.800600208342075 4.35
      vertex -65.02789376676083 50.638050615787506 4.35
      vertex -65.5363362878561 50.554106414318085 4.35
    endloop
  endfacet
  facet normal 0 0 1
    outer loop
      vertex -54.76284287124872 23.800600208342075 4.35
      vertex -65.5363362878561 50.554106414318085 4.35
      vertex -66.0381999835372 50.43708821386099 4.35
    endloop
  endfacet
  facet normal 0 0 1
    outer loop
      vertex -54.76284287124872 23.800600208342075 4.35
      vertex -66.0381999835372 50.43708821386099 4.35
      vertex -66.531335785985 50.287497103214264 4.35
    endloop
  endfacet
  facet normal 0 0 1
    outer loop
      vertex -54.76284287124872 23.800600208342075 4.35
      vertex -66.531335785985 50.287497103214264 4.35
      vertex -67.01363202929497 50.10597365349531 4.35
    endloop
  endfacet
  facet normal 0 0 1
    outer loop
      vertex -54.76284287124872 23.800600208342075 4.35
      vertex -67.01363202929497 50.10597365349531 4.35
      vertex -67.4830234348774 49.89329517632723 4.35
    endloop
  endfacet
  facet normal 0 0 1
    outer loop
      vertex -54.76284287124872 23.800600208342075 4.35
      vertex -67.4830234348774 49.89329517632723 4.35
      vertex -67.9375 49.6503723859787 4.35
    endloop
  endfacet
  facet normal 0 0 1
    outer loop
      vertex -54.76284287124872 23.800600208342075 4.35
      vertex -67.9375 49.6503723859787 4.35
      vertex -68.37511558830738 49.378245532512665 4.35
    endloop
  endfacet
  facet normal 0 0 1
    outer loop
      vertex -54.76284287124872 23.800600208342075 4.35
      vertex -68.37511558830738 49.378245532512665 4.35
      vertex -68.79399625211954 49.078079886734486 4.35
    endloop
  endfacet
  facet normal 0 0 1
    outer loop
      vertex -54.76284287124872 23.800600208342075 4.35
      vertex -68.79399625211954 49.078079886734486 4.35
      vertex -69.1923482939601 48.75116081535816 4.35
    endloop
  endfacet
  facet normal 0 0 1
    outer loop
      vertex -54.76284287124872 23.800600208342075 4.35
      vertex -69.1923482939601 48.75116081535816 4.35
      vertex -69.56846590340137 48.39888823777437 4.35
    endloop
  endfacet
  facet normal 0 0 1
    outer loop
      vertex -54.76284287124872 23.800600208342075 4.35
      vertex -69.56846590340137 48.39888823777437 4.35
      vertex -69.92073848098516 48.02277062833309 4.35
    endloop
  endfacet
  facet normal 0 0 1
    outer loop
      vertex -54.76284287124872 23.800600208342075 4.35
      vertex -69.92073848098516 48.02277062833309 4.35
      vertex -70.24765755236149 47.62441858649254 4.35
    endloop
  endfacet
  facet normal 0 0 1
    outer loop
      vertex -54.76284287124872 23.800600208342075 4.35
      vertex -70.24765755236149 47.62441858649254 4.35
      vertex -70.54782319813967 47.20553792268038 4.35
    endloop
  endfacet
  facet normal 0 0 1
    outer loop
      vertex -54.76284287124872 23.800600208342075 4.35
      vertex -70.54782319813967 47.20553792268038 4.35
      vertex -70.8199500516057 46.767922334373 4.35
    endloop
  endfacet
  facet normal 0 0 1
    outer loop
      vertex -54.76284287124872 23.800600208342075 4.35
      vertex -70.8199500516057 46.767922334373 4.35
      vertex -71.06287284195423 46.31344576925039 4.35
    endloop
  endfacet
  facet normal 0 0 1
    outer loop
      vertex -54.76284287124872 23.800600208342075 4.35
      vertex -71.06287284195423 46.31344576925039 4.35
      vertex -71.27555131912231 45.844054363667965 4.35
    endloop
  endfacet
  facet normal 0 0 1
    outer loop
      vertex -54.76284287124872 23.800600208342075 4.35
      vertex -71.27555131912231 45.844054363667965 4.35
      vertex -71.45707476884127 45.36175812035799 4.35
    endloop
  endfacet
  facet normal 0 0 1
    outer loop
      vertex -54.76284287124872 23.800600208342075 4.35
      vertex -71.45707476884127 45.36175812035799 4.35
      vertex -71.60666587948799 44.868622317910194 4.35
    endloop
  endfacet
  facet normal 0 0 1
    outer loop
      vertex -54.76284287124872 23.800600208342075 4.35
      vertex -71.60666587948799 44.868622317910194 4.35
      vertex -71.72368407994509 44.3667586222291 4.35
    endloop
  endfacet
  facet normal 0 0 1
    outer loop
      vertex -54.76284287124872 23.800600208342075 4.35
      vertex -71.72368407994509 44.3667586222291 4.35
      vertex -71.80762828141451 43.85831610113382 4.35
    endloop
  endfacet
  facet normal 0 0 1
    outer loop
      vertex -54.76284287124872 23.800600208342075 4.35
      vertex -71.80762828141451 43.85831610113382 4.35
      vertex -71.85813902318478 43.34547197818756 4.35
    endloop
  endfacet
  facet normal 0 0 1
    outer loop
      vertex -54.76284287124872 23.800600208342075 4.35
      vertex -71.85813902318478 43.34547197818756 4.35
      vertex -71.875 42.830422334373 4.35
    endloop
  endfacet
  facet normal 0 0 1
    outer loop
      vertex -56.28037445247173 22.555194221436977 4.35
      vertex -54.76284287124872 23.800600208342075 4.35
      vertex -71.875 42.830422334373 4.35
    endloop
  endfacet
  facet normal 0 0 1
    outer loop
      vertex -57.71320343762636 21.213203437626362 4.35
      vertex -56.28037445247173 22.555194221436977 4.35
      vertex -71.875 42.830422334373 4.35
    endloop
  endfacet
  facet normal 0 0 1
    outer loop
      vertex -59.05519422143698 19.780374452471733 4.35
      vertex -57.71320343762636 21.213203437626362 4.35
      vertex -71.875 42.830422334373 4.35
    endloop
  endfacet
  facet normal 0 0 1
    outer loop
      vertex -60.300600208342075 18.262842871248722 4.35
      vertex -59.05519422143698 19.780374452471733 4.35
      vertex -71.875 42.830422334373 4.35
    endloop
  endfacet
  facet normal 0 0 1
    outer loop
      vertex -61.444088369607925 16.667106993496418 4.35
      vertex -60.300600208342075 18.262842871248722 4.35
      vertex -71.875 42.830422334373 4.35
    endloop
  endfacet
  facet normal 0 0 1
    outer loop
      vertex -62.480762116611004 15 4.35
      vertex -61.444088369607925 16.667106993496418 4.35
      vertex -71.875 42.830422334373 4.35
    endloop
  endfacet
  facet normal 0 0 1
    outer loop
      vertex -63.40618224442005 13.268660709261894 4.35
      vertex -62.480762116611004 15 4.35
      vertex -71.875 42.830422334373 4.35
    endloop
  endfacet
  facet normal 0 0 1
    outer loop
      vertex -64.21638597548008 11.480502970516682 4.35
      vertex -63.40618224442005 13.268660709261894 4.35
      vertex -71.875 42.830422334373 4.35
    endloop
  endfacet
  facet normal 0 0 1
    outer loop
      vertex -64.90790388733149 9.643183961510658 4.35
      vertex -64.21638597548008 11.480502970516682 4.35
      vertex -71.875 42.830422334373 4.35
    endloop
  endfacet
  facet normal 0 0 1
    outer loop
      vertex -65.4777747914195 7.764571353793144 4.35
      vertex -64.90790388733149 9.643183961510658 4.35
      vertex -71.875 42.830422334373 4.35
    endloop
  endfacet
  facet normal 0 0 1
    outer loop
      vertex -65.92355841398239 5.852709658443928 4.35
      vertex -65.4777747914195 7.764571353793144 4.35
      vertex -71.875 42.830422334373 4.35
    endloop
  endfacet
  facet normal 0 0 1
    outer loop
      vertex -71.875 -42.830422334373 4.35
      vertex -65.92355841398239 -5.852709658443928 4.35
      vertex -66.2433458417654 -3.9157857671380043 4.35
    endloop
  endfacet
  facet normal 0 0 1
    outer loop
      vertex -71.875 42.830422334373 4.35
      vertex -71.875 -42.830422334373 4.35
      vertex -66.2433458417654 -3.9157857671380043 4.35
    endloop
  endfacet
  facet normal 0 0 1
    outer loop
      vertex -71.875 42.830422334373 4.35
      vertex -66.2433458417654 -3.9157857671380043 4.35
      vertex -66.43576769530773 -1.9620938748121262 4.35
    endloop
  endfacet
  facet normal 0 0 1
    outer loop
      vertex -71.875 42.830422334373 4.35
      vertex -66.43576769530773 -1.9620938748121262 4.35
      vertex -66.5 0 4.35
    endloop
  endfacet
  facet normal 0 0 1
    outer loop
      vertex -71.875 42.830422334373 4.35
      vertex -66.5 0 4.35
      vertex -66.43576769530773 1.9620938748121262 4.35
    endloop
  endfacet
  facet normal 0 0 1
    outer loop
      vertex -71.875 42.830422334373 4.35
      vertex -66.43576769530773 1.9620938748121262 4.35
      vertex -66.2433458417654 3.9157857671380043 4.35
    endloop
  endfacet
  facet normal 0 0 1
    outer loop
      vertex -65.92355841398239 5.852709658443928 4.35
      vertex -71.875 42.830422334373 4.35
      vertex -66.2433458417654 3.9157857671380043 4.35
    endloop
  endfacet
  facet normal 0 0 -1
    outer loop
      vertex 40.332534968853 -29.858096450567245 0
      vertex 40.28631968051195 -29.75609713047743 0
      vertex 40.415785767138004 -29.743345841765404 0
    endloop
  endfacet
  facet normal 0 0 -1
    outer loop
      vertex -40.415785767138004 -29.743345841765404 0
      vertex -40.28631968051195 -29.75609713047743 0
      vertex -40.332534968853 -29.858096450567245 0
    endloop
  endfacet
  facet normal 0 0 -1
    outer loop
      vertex 32.584214232861996 -29.743345841765404 0
      vertex 32.71368031203747 -29.75609713047743 0
      vertex 32.667465031147 -29.858096450567245 0
    endloop
  endfacet
  facet normal 0 0 -1
    outer loop
      vertex -32.667465031147 -29.858096450567245 0
      vertex -32.71368031203747 -29.75609713047743 0
      vertex -32.584214232861996 -29.743345841765404 0
    endloop
  endfacet
  facet normal 0 0 -1
    outer loop
      vertex -6.5 0 0
      vertex 6.5 0 0
      vertex 6.564232304692268 -1.9620938748121262 0
    endloop
  endfacet
  facet normal 0 0 -1
    outer loop
      vertex -6.564232304692268 -1.9620938748121262 0
      vertex -6.5 0 0
      vertex 6.564232304692268 -1.9620938748121262 0
    endloop
  endfacet
  facet normal 0 0 -1
    outer loop
      vertex 6.5 0 0
      vertex -6.5 0 0
      vertex -6.564232304692268 1.9620938748121262 0
    endloop
  endfacet
  facet normal 0 0 -1
    outer loop
      vertex 6.564232304692268 1.9620938748121262 0
      vertex 6.5 0 0
      vertex -6.564232304692268 1.9620938748121262 0
    endloop
  endfacet
  facet normal 0 0 -1
    outer loop
      vertex -6.564232304692268 -1.9620938748121262 0
      vertex 6.564232304692268 -1.9620938748121262 0
      vertex 6.756654158234596 -3.9157857671380043 0
    endloop
  endfacet
  facet normal 0 0 -1
    outer loop
      vertex -6.756654158234596 -3.9157857671380043 0
      vertex -6.564232304692268 -1.9620938748121262 0
      vertex 6.756654158234596 -3.9157857671380043 0
    endloop
  endfacet
  facet normal 0 0 -1
    outer loop
      vertex 6.564232304692268 1.9620938748121262 0
      vertex -6.564232304692268 1.9620938748121262 0
      vertex -6.756654158234596 3.9157857671380043 0
    endloop
  endfacet
  facet normal 0 0 -1
    outer loop
      vertex 6.756654158234596 3.9157857671380043 0
      vertex 6.564232304692268 1.9620938748121262 0
      vertex -6.756654158234596 3.9157857671380043 0
    endloop
  endfacet
  facet normal 0 0 -1
    outer loop
      vertex -6.756654158234596 -3.9157857671380043 0
      vertex 6.756654158234596 -3.9157857671380043 0
      vertex 7.076441586017609 -5.852709658443928 0
    endloop
  endfacet
  facet normal 0 0 -1
    outer loop
      vertex -7.076441586017609 -5.852709658443928 0
      vertex -6.756654158234596 -3.9157857671380043 0
      vertex 7.076441586017609 -5.852709658443928 0
    endloop
  endfacet
  facet normal 0 0 -1
    outer loop
      vertex 6.756654158234596 3.9157857671380043 0
      vertex -6.756654158234596 3.9157857671380043 0
      vertex -7.076441586017609 5.852709658443928 0
    endloop
  endfacet
  facet normal 0 0 -1
    outer loop
      vertex 7.076441586017609 5.852709658443928 0
      vertex 6.756654158234596 3.9157857671380043 0
      vertex -7.076441586017609 5.852709658443928 0
    endloop
  endfacet
  facet normal 0 0 -1
    outer loop
      vertex -7.076441586017609 -5.852709658443928 0
      vertex 7.076441586017609 -5.852709658443928 0
      vertex 7.522225208580494 -7.764571353793144 0
    endloop
  endfacet
  facet normal 0 0 -1
    outer loop
      vertex -7.522225208580494 -7.764571353793144 0
      vertex -7.076441586017609 -5.852709658443928 0
      vertex 7.522225208580494 -7.764571353793144 0
    endloop
  endfacet
  facet normal 0 0 -1
    outer loop
      vertex 7.076441586017609 5.852709658443928 0
      vertex -7.076441586017609 5.852709658443928 0
      vertex -7.522225208580494 7.764571353793144 0
    endloop
  endfacet
  facet normal 0 0 -1
    outer loop
      vertex 7.522225208580494 7.764571353793144 0
      vertex 7.076441586017609 5.852709658443928 0
      vertex -7.522225208580494 7.764571353793144 0
    endloop
  endfacet
  facet normal 0 0 -1
    outer loop
      vertex -7.522225208580494 -7.764571353793144 0
      vertex 7.522225208580494 -7.764571353793144 0
      vertex 8.092096112668514 -9.643183961510658 0
    endloop
  endfacet
  facet normal 0 0 -1
    outer loop
      vertex -8.092096112668514 -9.643183961510658 0
      vertex -7.522225208580494 -7.764571353793144 0
      vertex 8.092096112668514 -9.643183961510658 0
    endloop
  endfacet
  facet normal 0 0 -1
    outer loop
      vertex 7.522225208580494 7.764571353793144 0
      vertex -7.522225208580494 7.764571353793144 0
      vertex -8.092096112668514 9.643183961510658 0
    endloop
  endfacet
  facet normal 0 0 -1
    outer loop
      vertex 8.092096112668514 9.643183961510658 0
      vertex 7.522225208580494 7.764571353793144 0
      vertex -8.092096112668514 9.643183961510658 0
    endloop
  endfacet
  facet normal 0 0 -1
    outer loop
      vertex -8.092096112668514 -9.643183961510658 0
      vertex 8.092096112668514 -9.643183961510658 0
      vertex 8.78361402451992 -11.480502970516682 0
    endloop
  endfacet
  facet normal 0 0 -1
    outer loop
      vertex -8.78361402451992 -11.480502970516682 0
      vertex -8.092096112668514 -9.643183961510658 0
      vertex 8.78361402451992 -11.480502970516682 0
    endloop
  endfacet
  facet normal 0 0 -1
    outer loop
      vertex 8.092096112668514 9.643183961510658 0
      vertex -8.092096112668514 9.643183961510658 0
      vertex -8.78361402451992 11.480502970516682 0
    endloop
  endfacet
  facet normal 0 0 -1
    outer loop
      vertex 8.78361402451992 11.480502970516682 0
      vertex 8.092096112668514 9.643183961510658 0
      vertex -8.78361402451992 11.480502970516682 0
    endloop
  endfacet
  facet normal 0 0 -1
    outer loop
      vertex -8.78361402451992 -11.480502970516682 0
      vertex 8.78361402451992 -11.480502970516682 0
      vertex 9.593817755579948 -13.268660709261894 0
    endloop
  endfacet
  facet normal 0 0 -1
    outer loop
      vertex -9.593817755579948 -13.268660709261894 0
      vertex -8.78361402451992 -11.480502970516682 0
      vertex 9.593817755579948 -13.268660709261894 0
    endloop
  endfacet
  facet normal 0 0 -1
    outer loop
      vertex 8.78361402451992 11.480502970516682 0
      vertex -8.78361402451992 11.480502970516682 0
      vertex -9.593817755579948 13.268660709261894 0
    endloop
  endfacet
  facet normal 0 0 -1
    outer loop
      vertex 9.593817755579948 13.268660709261894 0
      vertex 8.78361402451992 11.480502970516682 0
      vertex -9.593817755579948 13.268660709261894 0
    endloop
  endfacet
  facet normal 0 0 -1
    outer loop
      vertex -9.593817755579948 -13.268660709261894 0
      vertex 9.593817755579948 -13.268660709261894 0
      vertex 10.519237883388996 -15 0
    endloop
  endfacet
  facet normal 0 0 -1
    outer loop
      vertex -10.519237883388996 -15 0
      vertex -9.593817755579948 -13.268660709261894 0
      vertex 10.519237883388996 -15 0
    endloop
  endfacet
  facet normal 0 0 -1
    outer loop
      vertex 9.593817755579948 13.268660709261894 0
      vertex -9.593817755579948 13.268660709261894 0
      vertex -10.519237883388996 15 0
    endloop
  endfacet
  facet normal 0 0 -1
    outer loop
      vertex 10.519237883388996 15 0
      vertex 9.593817755579948 13.268660709261894 0
      vertex -10.519237883388996 15 0
    endloop
  endfacet
  facet normal 0 0 -1
    outer loop
      vertex -10.519237883388996 -15 0
      vertex 10.519237883388996 -15 0
      vertex 11.555911630392075 -16.667106993496418 0
    endloop
  endfacet
  facet normal 0 0 -1
    outer loop
      vertex -11.555911630392075 -16.667106993496418 0
      vertex -10.519237883388996 -15 0
      vertex 11.555911630392075 -16.667106993496418 0
    endloop
  endfacet
  facet normal 0 0 -1
    outer loop
      vertex 10.519237883388996 15 0
      vertex -10.519237883388996 15 0
      vertex -11.555911630392075 16.667106993496418 0
    endloop
  endfacet
  facet normal 0 0 -1
    outer loop
      vertex 11.555911630392075 16.667106993496418 0
      vertex 10.519237883388996 15 0
      vertex -11.555911630392075 16.667106993496418 0
    endloop
  endfacet
  facet normal 0 0 -1
    outer loop
      vertex 40.38324628025293 -29.99283318221569 0
      vertex 40.332534968853 -29.858096450567245 0
      vertex 40.415785767138004 -29.743345841765404 0
    endloop
  endfacet
  facet normal 0 0 -1
    outer loop
      vertex 40.38324628025293 -29.99283318221569 0
      vertex 40.415785767138004 -29.743345841765404 0
      vertex 42.35270965844393 -29.42355841398239 0
    endloop
  endfacet
  facet normal 0 0 -1
    outer loop
      vertex 40.42503681778908 -30.130598105490208 0
      vertex 40.38324628025293 -29.99283318221569 0
      vertex 42.35270965844393 -29.42355841398239 0
    endloop
  endfacet
  facet normal 0 0 -1
    outer loop
      vertex 40.45772761106491 -30.270801290869713 0
      vertex 40.42503681778908 -30.130598105490208 0
      vertex 42.35270965844393 -29.42355841398239 0
    endloop
  endfacet
  facet normal 0 0 -1
    outer loop
      vertex 40.48117869347334 -30.412842378020287 0
      vertex 40.45772761106491 -30.270801290869713 0
      vertex 42.35270965844393 -29.42355841398239 0
    endloop
  endfacet
  facet normal 0 0 -1
    outer loop
      vertex 40.495289631187916 -30.556113116443157 0
      vertex 40.48117869347334 -30.412842378020287 0
      vertex 42.35270965844393 -29.42355841398239 0
    endloop
  endfacet
  facet normal 0 0 -1
    outer loop
      vertex 40.5 -30.700000002980232 0
      vertex 40.495289631187916 -30.556113116443157 0
      vertex 42.35270965844393 -29.42355841398239 0
    endloop
  endfacet
  facet normal 0 0 -1
    outer loop
      vertex -40.415785767138004 -29.743345841765404 0
      vertex -40.332534968853 -29.858096450567245 0
      vertex -40.38324628025293 -29.99283318221569 0
    endloop
  endfacet
  facet normal 0 0 -1
    outer loop
      vertex -42.35270965844393 -29.42355841398239 0
      vertex -40.415785767138004 -29.743345841765404 0
      vertex -40.38324628025293 -29.99283318221569 0
    endloop
  endfacet
  facet normal 0 0 -1
    outer loop
      vertex -42.35270965844393 -29.42355841398239 0
      vertex -40.38324628025293 -29.99283318221569 0
      vertex -40.42503681778908 -30.130598105490208 0
    endloop
  endfacet
  facet normal 0 0 -1
    outer loop
      vertex -42.35270965844393 -29.42355841398239 0
      vertex -40.42503681778908 -30.130598105490208 0
      vertex -40.45772761106491 -30.270801290869713 0
    endloop
  endfacet
  facet normal 0 0 -1
    outer loop
      vertex -42.35270965844393 -29.42355841398239 0
      vertex -40.45772761106491 -30.270801290869713 0
      vertex -40.48117869347334 -30.412842378020287 0
    endloop
  endfacet
  facet normal 0 0 -1
    outer loop
      vertex -42.35270965844393 -29.42355841398239 0
      vertex -40.48117869347334 -30.412842378020287 0
      vertex -40.495289631187916 -30.556113116443157 0
    endloop
  endfacet
  facet normal 0 0 -1
    outer loop
      vertex -42.35270965844393 -29.42355841398239 0
      vertex -40.495289631187916 -30.556113116443157 0
      vertex -40.5 -30.700000002980232 0
    endloop
  endfacet
  facet normal 0 0 -1
    outer loop
      vertex 32.584214232861996 -29.743345841765404 0
      vertex 32.667465031147 -29.858096450567245 0
      vertex 32.61675371974707 -29.99283318221569 0
    endloop
  endfacet
  facet normal 0 0 -1
    outer loop
      vertex 30.647290341556072 -29.42355841398239 0
      vertex 32.584214232861996 -29.743345841765404 0
      vertex 32.61675371974707 -29.99283318221569 0
    endloop
  endfacet
  facet normal 0 0 -1
    outer loop
      vertex 30.647290341556072 -29.42355841398239 0
      vertex 32.61675371974707 -29.99283318221569 0
      vertex 32.57496318221092 -30.130598105490208 0
    endloop
  endfacet
  facet normal 0 0 -1
    outer loop
      vertex 30.647290341556072 -29.42355841398239 0
      vertex 32.57496318221092 -30.130598105490208 0
      vertex 32.54227238893509 -30.270801290869713 0
    endloop
  endfacet
  facet normal 0 0 -1
    outer loop
      vertex 30.647290341556072 -29.42355841398239 0
      vertex 32.54227238893509 -30.270801290869713 0
      vertex 32.51882130652666 -30.412842378020287 0
    endloop
  endfacet
  facet normal 0 0 -1
    outer loop
      vertex 30.647290341556072 -29.42355841398239 0
      vertex 32.51882130652666 -30.412842378020287 0
      vertex 32.504710368812084 -30.556113116443157 0
    endloop
  endfacet
  facet normal 0 0 -1
    outer loop
      vertex 30.647290341556072 -29.42355841398239 0
      vertex 32.504710368812084 -30.556113116443157 0
      vertex 32.5 -30.700000002980232 0
    endloop
  endfacet
  facet normal 0 0 -1
    outer loop
      vertex -32.61675371974707 -29.99283318221569 0
      vertex -32.667465031147 -29.858096450567245 0
      vertex -32.584214232861996 -29.743345841765404 0
    endloop
  endfacet
  facet normal 0 0 -1
    outer loop
      vertex -32.61675371974707 -29.99283318221569 0
      vertex -32.584214232861996 -29.743345841765404 0
      vertex -30.647290341556072 -29.42355841398239 0
    endloop
  endfacet
  facet normal 0 0 -1
    outer loop
      vertex -32.57496318221092 -30.130598105490208 0
      vertex -32.61675371974707 -29.99283318221569 0
      vertex -30.647290341556072 -29.42355841398239 0
    endloop
  endfacet
  facet normal 0 0 -1
    outer loop
      vertex -32.54227238893509 -30.270801290869713 0
      vertex -32.57496318221092 -30.130598105490208 0
      vertex -30.647290341556072 -29.42355841398239 0
    endloop
  endfacet
  facet normal 0 0 -1
    outer loop
      vertex -32.51882130652666 -30.412842378020287 0
      vertex -32.54227238893509 -30.270801290869713 0
      vertex -30.647290341556072 -29.42355841398239 0
    endloop
  endfacet
  facet normal 0 0 -1
    outer loop
      vertex -32.504710368812084 -30.556113116443157 0
      vertex -32.51882130652666 -30.412842378020287 0
      vertex -30.647290341556072 -29.42355841398239 0
    endloop
  endfacet
  facet normal 0 0 -1
    outer loop
      vertex -32.5 -30.700000002980232 0
      vertex -32.504710368812084 -30.556113116443157 0
      vertex -30.647290341556072 -29.42355841398239 0
    endloop
  endfacet
  facet normal 0 0 -1
    outer loop
      vertex 40.5 -36.29999999701977 0
      vertex 40.5 -30.700000002980232 0
      vertex 42.35270965844393 -29.42355841398239 0
    endloop
  endfacet
  facet normal 0 0 -1
    outer loop
      vertex 40.5 -36.29999999701977 0
      vertex 42.35270965844393 -29.42355841398239 0
      vertex 44.264571353793144 -28.977774791419506 0
    endloop
  endfacet
  facet normal 0 0 -1
    outer loop
      vertex -42.35270965844393 -29.42355841398239 0
      vertex -40.5 -30.700000002980232 0
      vertex -40.5 -36.29999999701977 0
    endloop
  endfacet
  facet normal 0 0 -1
    outer loop
      vertex -44.264571353793144 -28.977774791419506 0
      vertex -42.35270965844393 -29.42355841398239 0
      vertex -40.5 -36.29999999701977 0
    endloop
  endfacet
  facet normal 0 0 -1
    outer loop
      vertex 30.647290341556072 -29.42355841398239 0
      vertex 32.5 -30.700000002980232 0
      vertex 32.5 -36.29999999701977 0
    endloop
  endfacet
  facet normal 0 0 -1
    outer loop
      vertex 28.735428646206856 -28.977774791419506 0
      vertex 30.647290341556072 -29.42355841398239 0
      vertex 32.5 -36.29999999701977 0
    endloop
  endfacet
  facet normal 0 0 -1
    outer loop
      vertex -32.5 -36.29999999701977 0
      vertex -32.5 -30.700000002980232 0
      vertex -30.647290341556072 -29.42355841398239 0
    endloop
  endfacet
  facet normal 0 0 -1
    outer loop
      vertex -32.5 -36.29999999701977 0
      vertex -30.647290341556072 -29.42355841398239 0
      vertex -28.735428646206856 -28.977774791419506 0
    endloop
  endfacet
  facet normal 0 0 -1
    outer loop
      vertex -11.555911630392075 -16.667106993496418 0
      vertex 11.555911630392075 -16.667106993496418 0
      vertex 12.699399791657925 -18.262842871248722 0
    endloop
  endfacet
  facet normal 0 0 -1
    outer loop
      vertex -12.699399791657925 -18.262842871248722 0
      vertex -11.555911630392075 -16.667106993496418 0
      vertex 12.699399791657925 -18.262842871248722 0
    endloop
  endfacet
  facet normal 0 0 -1
    outer loop
      vertex 11.555911630392075 16.667106993496418 0
      vertex -11.555911630392075 16.667106993496418 0
      vertex -12.699399791657925 18.262842871248722 0
    endloop
  endfacet
  facet normal 0 0 -1
    outer loop
      vertex 12.699399791657925 18.262842871248722 0
      vertex 11.555911630392075 16.667106993496418 0
      vertex -12.699399791657925 18.262842871248722 0
    endloop
  endfacet
  facet normal 0 0 -1
    outer loop
      vertex -12.699399791657925 -18.262842871248722 0
      vertex 12.699399791657925 -18.262842871248722 0
      vertex 13.944805778563023 -19.780374452471733 0
    endloop
  endfacet
  facet normal 0 0 -1
    outer loop
      vertex -13.944805778563023 -19.780374452471733 0
      vertex -12.699399791657925 -18.262842871248722 0
      vertex 13.944805778563023 -19.780374452471733 0
    endloop
  endfacet
  facet normal 0 0 -1
    outer loop
      vertex 12.699399791657925 18.262842871248722 0
      vertex -12.699399791657925 18.262842871248722 0
      vertex -13.944805778563023 19.780374452471733 0
    endloop
  endfacet
  facet normal 0 0 -1
    outer loop
      vertex 13.944805778563023 19.780374452471733 0
      vertex 12.699399791657925 18.262842871248722 0
      vertex -13.944805778563023 19.780374452471733 0
    endloop
  endfacet
  facet normal 0 0 -1
    outer loop
      vertex -13.944805778563023 -19.780374452471733 0
      vertex 13.944805778563023 -19.780374452471733 0
      vertex 15.286796562373638 -21.213203437626362 0
    endloop
  endfacet
  facet normal 0 0 -1
    outer loop
      vertex -15.286796562373638 -21.213203437626362 0
      vertex -13.944805778563023 -19.780374452471733 0
      vertex 15.286796562373638 -21.213203437626362 0
    endloop
  endfacet
  facet normal 0 0 -1
    outer loop
      vertex 13.944805778563023 19.780374452471733 0
      vertex -13.944805778563023 19.780374452471733 0
      vertex -15.286796562373638 21.213203437626362 0
    endloop
  endfacet
  facet normal 0 0 -1
    outer loop
      vertex 15.286796562373638 21.213203437626362 0
      vertex 13.944805778563023 19.780374452471733 0
      vertex -15.286796562373638 21.213203437626362 0
    endloop
  endfacet
  facet normal 0 0 -1
    outer loop
      vertex 40.5 -36.29999999701977 0
      vertex 44.264571353793144 -28.977774791419506 0
      vertex 46.14318396151066 -28.407903887331486 0
    endloop
  endfacet
  facet normal 0 0 -1
    outer loop
      vertex -46.14318396151066 -28.407903887331486 0
      vertex -44.264571353793144 -28.977774791419506 0
      vertex -40.5 -36.29999999701977 0
    endloop
  endfacet
  facet normal 0 0 -1
    outer loop
      vertex 26.85681603848934 -28.407903887331486 0
      vertex 28.735428646206856 -28.977774791419506 0
      vertex 32.5 -36.29999999701977 0
    endloop
  endfacet
  facet normal 0 0 -1
    outer loop
      vertex -32.5 -36.29999999701977 0
      vertex -28.735428646206856 -28.977774791419506 0
      vertex -26.85681603848934 -28.407903887331486 0
    endloop
  endfacet
  facet normal 0 0 -1
    outer loop
      vertex -15.286796562373638 -21.213203437626362 0
      vertex 15.286796562373638 -21.213203437626362 0
      vertex 16.719625547528267 -22.555194221436977 0
    endloop
  endfacet
  facet normal 0 0 -1
    outer loop
      vertex -16.719625547528267 -22.555194221436977 0
      vertex -15.286796562373638 -21.213203437626362 0
      vertex 16.719625547528267 -22.555194221436977 0
    endloop
  endfacet
  facet normal 0 0 -1
    outer loop
      vertex 15.286796562373638 21.213203437626362 0
      vertex -15.286796562373638 21.213203437626362 0
      vertex -16.719625547528267 22.555194221436977 0
    endloop
  endfacet
  facet normal 0 0 -1
    outer loop
      vertex 16.719625547528267 22.555194221436977 0
      vertex 15.286796562373638 21.213203437626362 0
      vertex -16.719625547528267 22.555194221436977 0
    endloop
  endfacet
  facet normal 0 0 -1
    outer loop
      vertex -16.719625547528267 -22.555194221436977 0
      vertex 16.719625547528267 -22.555194221436977 0
      vertex 18.237157128751278 -23.800600208342075 0
    endloop
  endfacet
  facet normal 0 0 -1
    outer loop
      vertex -18.237157128751278 -23.800600208342075 0
      vertex -16.719625547528267 -22.555194221436977 0
      vertex 18.237157128751278 -23.800600208342075 0
    endloop
  endfacet
  facet normal 0 0 -1
    outer loop
      vertex 16.719625547528267 22.555194221436977 0
      vertex -16.719625547528267 22.555194221436977 0
      vertex -18.237157128751278 23.800600208342075 0
    endloop
  endfacet
  facet normal 0 0 -1
    outer loop
      vertex 18.237157128751278 23.800600208342075 0
      vertex 16.719625547528267 22.555194221436977 0
      vertex -18.237157128751278 23.800600208342075 0
    endloop
  endfacet
  facet normal 0 0 -1
    outer loop
      vertex 71.875 42.830422334373 0
      vertex 66.5 0 0
      vertex 66.43576769530773 1.9620938748121262 0
    endloop
  endfacet
  facet normal 0 0 -1
    outer loop
      vertex 71.875 42.830422334373 0
      vertex 66.43576769530773 1.9620938748121262 0
      vertex 66.2433458417654 3.9157857671380043 0
    endloop
  endfacet
  facet normal 0 0 -1
    outer loop
      vertex 71.875 42.830422334373 0
      vertex 66.2433458417654 3.9157857671380043 0
      vertex 65.92355841398239 5.852709658443928 0
    endloop
  endfacet
  facet normal 0 0 -1
    outer loop
      vertex 71.875 42.830422334373 0
      vertex 65.92355841398239 5.852709658443928 0
      vertex 65.4777747914195 7.764571353793144 0
    endloop
  endfacet
  facet normal 0 0 -1
    outer loop
      vertex 71.875 42.830422334373 0
      vertex 65.4777747914195 7.764571353793144 0
      vertex 64.90790388733149 9.643183961510658 0
    endloop
  endfacet
  facet normal 0 0 -1
    outer loop
      vertex 71.875 42.830422334373 0
      vertex 64.90790388733149 9.643183961510658 0
      vertex 64.21638597548008 11.480502970516682 0
    endloop
  endfacet
  facet normal 0 0 -1
    outer loop
      vertex 71.875 42.830422334373 0
      vertex 64.21638597548008 11.480502970516682 0
      vertex 63.40618224442005 13.268660709261894 0
    endloop
  endfacet
  facet normal 0 0 -1
    outer loop
      vertex 71.875 42.830422334373 0
      vertex 63.40618224442005 13.268660709261894 0
      vertex 62.480762116611004 15 0
    endloop
  endfacet
  facet normal 0 0 -1
    outer loop
      vertex 71.875 42.830422334373 0
      vertex 62.480762116611004 15 0
      vertex 61.444088369607925 16.667106993496418 0
    endloop
  endfacet
  facet normal 0 0 -1
    outer loop
      vertex 71.875 42.830422334373 0
      vertex 61.444088369607925 16.667106993496418 0
      vertex 60.300600208342075 18.262842871248722 0
    endloop
  endfacet
  facet normal 0 0 -1
    outer loop
      vertex 71.875 42.830422334373 0
      vertex 60.300600208342075 18.262842871248722 0
      vertex 59.05519422143698 19.780374452471733 0
    endloop
  endfacet
  facet normal 0 0 -1
    outer loop
      vertex 71.875 42.830422334373 0
      vertex 59.05519422143698 19.780374452471733 0
      vertex 57.71320343762636 21.213203437626362 0
    endloop
  endfacet
  facet normal 0 0 -1
    outer loop
      vertex 71.875 42.830422334373 0
      vertex 57.71320343762636 21.213203437626362 0
      vertex 56.28037445247173 22.555194221436977 0
    endloop
  endfacet
  facet normal 0 0 -1
    outer loop
      vertex 71.875 42.830422334373 0
      vertex 56.28037445247173 22.555194221436977 0
      vertex 54.76284287124872 23.800600208342075 0
    endloop
  endfacet
  facet normal 0 0 -1
    outer loop
      vertex 71.875 42.830422334373 0
      vertex 54.76284287124872 23.800600208342075 0
      vertex 53.16710699349642 24.944088369607925 0
    endloop
  endfacet
  facet normal 0 0 -1
    outer loop
      vertex 71.875 42.830422334373 0
      vertex 53.16710699349642 24.944088369607925 0
      vertex 51.5 25.980762116611004 0
    endloop
  endfacet
  facet normal 0 0 -1
    outer loop
      vertex 71.875 42.830422334373 0
      vertex 51.5 25.980762116611004 0
      vertex 49.768660709261894 26.90618224442005 0
    endloop
  endfacet
  facet normal 0 0 -1
    outer loop
      vertex 71.875 42.830422334373 0
      vertex 49.768660709261894 26.90618224442005 0
      vertex 47.98050297051668 27.71638597548008 0
    endloop
  endfacet
  facet normal 0 0 -1
    outer loop
      vertex 71.85813902318478 43.34547197818756 0
      vertex 71.875 42.830422334373 0
      vertex 47.98050297051668 27.71638597548008 0
    endloop
  endfacet
  facet normal 0 0 -1
    outer loop
      vertex 71.80762828141451 43.85831610113382 0
      vertex 71.85813902318478 43.34547197818756 0
      vertex 47.98050297051668 27.71638597548008 0
    endloop
  endfacet
  facet normal 0 0 -1
    outer loop
      vertex 71.72368407994509 44.3667586222291 0
      vertex 71.80762828141451 43.85831610113382 0
      vertex 47.98050297051668 27.71638597548008 0
    endloop
  endfacet
  facet normal 0 0 -1
    outer loop
      vertex 71.60666587948799 44.868622317910194 0
      vertex 71.72368407994509 44.3667586222291 0
      vertex 47.98050297051668 27.71638597548008 0
    endloop
  endfacet
  facet normal 0 0 -1
    outer loop
      vertex 71.45707476884127 45.36175812035799 0
      vertex 71.60666587948799 44.868622317910194 0
      vertex 47.98050297051668 27.71638597548008 0
    endloop
  endfacet
  facet normal 0 0 -1
    outer loop
      vertex 71.27555131912231 45.844054363667965 0
      vertex 71.45707476884127 45.36175812035799 0
      vertex 47.98050297051668 27.71638597548008 0
    endloop
  endfacet
  facet normal 0 0 -1
    outer loop
      vertex 71.06287284195423 46.31344576925039 0
      vertex 71.27555131912231 45.844054363667965 0
      vertex 47.98050297051668 27.71638597548008 0
    endloop
  endfacet
  facet normal 0 0 -1
    outer loop
      vertex 70.8199500516057 46.767922334373 0
      vertex 71.06287284195423 46.31344576925039 0
      vertex 47.98050297051668 27.71638597548008 0
    endloop
  endfacet
  facet normal 0 0 -1
    outer loop
      vertex 70.54782319813967 47.20553792268038 0
      vertex 70.8199500516057 46.767922334373 0
      vertex 47.98050297051668 27.71638597548008 0
    endloop
  endfacet
  facet normal 0 0 -1
    outer loop
      vertex 70.24765755236149 47.62441858649254 0
      vertex 70.54782319813967 47.20553792268038 0
      vertex 47.98050297051668 27.71638597548008 0
    endloop
  endfacet
  facet normal 0 0 -1
    outer loop
      vertex 69.92073848098516 48.02277062833309 0
      vertex 70.24765755236149 47.62441858649254 0
      vertex 47.98050297051668 27.71638597548008 0
    endloop
  endfacet
  facet normal 0 0 -1
    outer loop
      vertex 69.56846590340137 48.39888823777437 0
      vertex 69.92073848098516 48.02277062833309 0
      vertex 47.98050297051668 27.71638597548008 0
    endloop
  endfacet
  facet normal 0 0 -1
    outer loop
      vertex 69.1923482939601 48.75116081535816 0
      vertex 69.56846590340137 48.39888823777437 0
      vertex 47.98050297051668 27.71638597548008 0
    endloop
  endfacet
  facet normal 0 0 -1
    outer loop
      vertex 68.79399625211954 49.078079886734486 0
      vertex 69.1923482939601 48.75116081535816 0
      vertex 47.98050297051668 27.71638597548008 0
    endloop
  endfacet
  facet normal 0 0 -1
    outer loop
      vertex 68.37511558830738 49.378245532512665 0
      vertex 68.79399625211954 49.078079886734486 0
      vertex 47.98050297051668 27.71638597548008 0
    endloop
  endfacet
  facet normal 0 0 -1
    outer loop
      vertex 67.9375 49.6503723859787 0
      vertex 68.37511558830738 49.378245532512665 0
      vertex 47.98050297051668 27.71638597548008 0
    endloop
  endfacet
  facet normal 0 0 -1
    outer loop
      vertex 67.4830234348774 49.89329517632723 0
      vertex 67.9375 49.6503723859787 0
      vertex 47.98050297051668 27.71638597548008 0
    endloop
  endfacet
  facet normal 0 0 -1
    outer loop
      vertex 67.01363202929497 50.10597365349531 0
      vertex 67.4830234348774 49.89329517632723 0
      vertex 47.98050297051668 27.71638597548008 0
    endloop
  endfacet
  facet normal 0 0 -1
    outer loop
      vertex 66.531335785985 50.287497103214264 0
      vertex 67.01363202929497 50.10597365349531 0
      vertex 47.98050297051668 27.71638597548008 0
    endloop
  endfacet
  facet normal 0 0 -1
    outer loop
      vertex 66.0381999835372 50.43708821386099 0
      vertex 66.531335785985 50.287497103214264 0
      vertex 47.98050297051668 27.71638597548008 0
    endloop
  endfacet
  facet normal 0 0 -1
    outer loop
      vertex 65.5363362878561 50.554106414318085 0
      vertex 66.0381999835372 50.43708821386099 0
      vertex 47.98050297051668 27.71638597548008 0
    endloop
  endfacet
  facet normal 0 0 -1
    outer loop
      vertex 65.02789376676083 50.638050615787506 0
      vertex 65.5363362878561 50.554106414318085 0
      vertex 47.98050297051668 27.71638597548008 0
    endloop
  endfacet
  facet normal 0 0 -1
    outer loop
      vertex 64.51504964381456 50.688561357557774 0
      vertex 65.02789376676083 50.638050615787506 0
      vertex 47.98050297051668 27.71638597548008 0
    endloop
  endfacet
  facet normal 0 0 -1
    outer loop
      vertex 64 50.705422334373 0
      vertex 64.51504964381456 50.688561357557774 0
      vertex 47.98050297051668 27.71638597548008 0
    endloop
  endfacet
  facet normal 0 0 -1
    outer loop
      vertex 64 50.705422334373 0
      vertex 47.98050297051668 27.71638597548008 0
      vertex 46.14318396151066 28.407903887331486 0
    endloop
  endfacet
  facet normal 0 0 -1
    outer loop
      vertex 64 50.705422334373 0
      vertex 46.14318396151066 28.407903887331486 0
      vertex 44.264571353793144 28.977774791419506 0
    endloop
  endfacet
  facet normal 0 0 -1
    outer loop
      vertex 64 50.705422334373 0
      vertex 44.264571353793144 28.977774791419506 0
      vertex 42.35270965844393 29.42355841398239 0
    endloop
  endfacet
  facet normal 0 0 -1
    outer loop
      vertex 64 50.705422334373 0
      vertex 42.35270965844393 29.42355841398239 0
      vertex 40.415785767138004 29.743345841765404 0
    endloop
  endfacet
  facet normal 0 0 -1
    outer loop
      vertex 64 50.705422334373 0
      vertex 40.415785767138004 29.743345841765404 0
      vertex 38.462093874812126 29.93576769530773 0
    endloop
  endfacet
  facet normal 0 0 -1
    outer loop
      vertex 64 50.705422334373 0
      vertex 38.462093874812126 29.93576769530773 0
      vertex 36.5 30 0
    endloop
  endfacet
  facet normal 0 0 -1
    outer loop
      vertex -18.237157128751278 -23.800600208342075 0
      vertex 18.237157128751278 -23.800600208342075 0
      vertex 19.832893006503582 -24.944088369607925 0
    endloop
  endfacet
  facet normal 0 0 -1
    outer loop
      vertex -19.832893006503582 -24.944088369607925 0
      vertex -18.237157128751278 -23.800600208342075 0
      vertex 19.832893006503582 -24.944088369607925 0
    endloop
  endfacet
  facet normal 0 0 -1
    outer loop
      vertex 18.237157128751278 23.800600208342075 0
      vertex -18.237157128751278 23.800600208342075 0
      vertex -19.832893006503582 24.944088369607925 0
    endloop
  endfacet
  facet normal 0 0 -1
    outer loop
      vertex 19.832893006503582 24.944088369607925 0
      vertex 18.237157128751278 23.800600208342075 0
      vertex -19.832893006503582 24.944088369607925 0
    endloop
  endfacet
  facet normal 0 0 -1
    outer loop
      vertex 64 50.705422334373 0
      vertex 36.5 30 0
      vertex 34.537906125187874 29.93576769530773 0
    endloop
  endfacet
  facet normal 0 0 -1
    outer loop
      vertex 66.5 0 0
      vertex 71.875 42.830422334373 0
      vertex 71.875 -42.830422334373 0
    endloop
  endfacet
  facet normal 0 0 -1
    outer loop
      vertex 66.43576769530773 -1.9620938748121262 0
      vertex 66.5 0 0
      vertex 71.875 -42.830422334373 0
    endloop
  endfacet
  facet normal 0 0 -1
    outer loop
      vertex 66.2433458417654 -3.9157857671380043 0
      vertex 66.43576769530773 -1.9620938748121262 0
      vertex 71.875 -42.830422334373 0
    endloop
  endfacet
  facet normal 0 0 -1
    outer loop
      vertex 65.92355841398239 -5.852709658443928 0
      vertex 66.2433458417654 -3.9157857671380043 0
      vertex 71.875 -42.830422334373 0
    endloop
  endfacet
  facet normal 0 0 -1
    outer loop
      vertex 65.4777747914195 -7.764571353793144 0
      vertex 65.92355841398239 -5.852709658443928 0
      vertex 71.875 -42.830422334373 0
    endloop
  endfacet
  facet normal 0 0 -1
    outer loop
      vertex 64.90790388733149 -9.643183961510658 0
      vertex 65.4777747914195 -7.764571353793144 0
      vertex 71.875 -42.830422334373 0
    endloop
  endfacet
  facet normal 0 0 -1
    outer loop
      vertex 64.21638597548008 -11.480502970516682 0
      vertex 64.90790388733149 -9.643183961510658 0
      vertex 71.875 -42.830422334373 0
    endloop
  endfacet
  facet normal 0 0 -1
    outer loop
      vertex 63.40618224442005 -13.268660709261894 0
      vertex 64.21638597548008 -11.480502970516682 0
      vertex 71.875 -42.830422334373 0
    endloop
  endfacet
  facet normal 0 0 -1
    outer loop
      vertex 62.480762116611004 -15 0
      vertex 63.40618224442005 -13.268660709261894 0
      vertex 71.875 -42.830422334373 0
    endloop
  endfacet
  facet normal 0 0 -1
    outer loop
      vertex 61.444088369607925 -16.667106993496418 0
      vertex 62.480762116611004 -15 0
      vertex 71.875 -42.830422334373 0
    endloop
  endfacet
  facet normal 0 0 -1
    outer loop
      vertex 60.300600208342075 -18.262842871248722 0
      vertex 61.444088369607925 -16.667106993496418 0
      vertex 71.875 -42.830422334373 0
    endloop
  endfacet
  facet normal 0 0 -1
    outer loop
      vertex 59.05519422143698 -19.780374452471733 0
      vertex 60.300600208342075 -18.262842871248722 0
      vertex 71.875 -42.830422334373 0
    endloop
  endfacet
  facet normal 0 0 -1
    outer loop
      vertex 57.71320343762636 -21.213203437626362 0
      vertex 59.05519422143698 -19.780374452471733 0
      vertex 71.875 -42.830422334373 0
    endloop
  endfacet
  facet normal 0 0 -1
    outer loop
      vertex 56.28037445247173 -22.555194221436977 0
      vertex 57.71320343762636 -21.213203437626362 0
      vertex 71.875 -42.830422334373 0
    endloop
  endfacet
  facet normal 0 0 -1
    outer loop
      vertex 54.76284287124872 -23.800600208342075 0
      vertex 56.28037445247173 -22.555194221436977 0
      vertex 71.875 -42.830422334373 0
    endloop
  endfacet
  facet normal 0 0 -1
    outer loop
      vertex 53.16710699349642 -24.944088369607925 0
      vertex 54.76284287124872 -23.800600208342075 0
      vertex 71.875 -42.830422334373 0
    endloop
  endfacet
  facet normal 0 0 -1
    outer loop
      vertex 51.5 -25.980762116611004 0
      vertex 53.16710699349642 -24.944088369607925 0
      vertex 71.875 -42.830422334373 0
    endloop
  endfacet
  facet normal 0 0 -1
    outer loop
      vertex 49.768660709261894 -26.90618224442005 0
      vertex 51.5 -25.980762116611004 0
      vertex 71.875 -42.830422334373 0
    endloop
  endfacet
  facet normal 0 0 -1
    outer loop
      vertex 47.98050297051668 -27.71638597548008 0
      vertex 49.768660709261894 -26.90618224442005 0
      vertex 71.875 -42.830422334373 0
    endloop
  endfacet
  facet normal 0 0 -1
    outer loop
      vertex 47.98050297051668 -27.71638597548008 0
      vertex 71.875 -42.830422334373 0
      vertex 71.85813902318478 -43.34547197818756 0
    endloop
  endfacet
  facet normal 0 0 -1
    outer loop
      vertex 47.98050297051668 -27.71638597548008 0
      vertex 71.85813902318478 -43.34547197818756 0
      vertex 71.80762828141451 -43.85831610113382 0
    endloop
  endfacet
  facet normal 0 0 -1
    outer loop
      vertex 47.98050297051668 -27.71638597548008 0
      vertex 71.80762828141451 -43.85831610113382 0
      vertex 71.72368407994509 -44.3667586222291 0
    endloop
  endfacet
  facet normal 0 0 -1
    outer loop
      vertex 47.98050297051668 -27.71638597548008 0
      vertex 71.72368407994509 -44.3667586222291 0
      vertex 71.60666587948799 -44.868622317910194 0
    endloop
  endfacet
  facet normal 0 0 -1
    outer loop
      vertex 47.98050297051668 -27.71638597548008 0
      vertex 71.60666587948799 -44.868622317910194 0
      vertex 71.45707476884127 -45.36175812035799 0
    endloop
  endfacet
  facet normal 0 0 -1
    outer loop
      vertex 47.98050297051668 -27.71638597548008 0
      vertex 71.45707476884127 -45.36175812035799 0
      vertex 71.27555131912231 -45.844054363667965 0
    endloop
  endfacet
  facet normal 0 0 -1
    outer loop
      vertex 47.98050297051668 -27.71638597548008 0
      vertex 71.27555131912231 -45.844054363667965 0
      vertex 71.06287284195423 -46.31344576925039 0
    endloop
  endfacet
  facet normal 0 0 -1
    outer loop
      vertex 47.98050297051668 -27.71638597548008 0
      vertex 71.06287284195423 -46.31344576925039 0
      vertex 70.8199500516057 -46.767922334373 0
    endloop
  endfacet
  facet normal 0 0 -1
    outer loop
      vertex 47.98050297051668 -27.71638597548008 0
      vertex 70.8199500516057 -46.767922334373 0
      vertex 70.54782319813967 -47.20553792268038 0
    endloop
  endfacet
  facet normal 0 0 -1
    outer loop
      vertex 47.98050297051668 -27.71638597548008 0
      vertex 70.54782319813967 -47.20553792268038 0
      vertex 70.24765755236149 -47.62441858649254 0
    endloop
  endfacet
  facet normal 0 0 -1
    outer loop
      vertex 47.98050297051668 -27.71638597548008 0
      vertex 70.24765755236149 -47.62441858649254 0
      vertex 69.92073848098516 -48.02277062833309 0
    endloop
  endfacet
  facet normal 0 0 -1
    outer loop
      vertex 47.98050297051668 -27.71638597548008 0
      vertex 69.92073848098516 -48.02277062833309 0
      vertex 69.56846590340137 -48.39888823777437 0
    endloop
  endfacet
  facet normal 0 0 -1
    outer loop
      vertex 47.98050297051668 -27.71638597548008 0
      vertex 69.56846590340137 -48.39888823777437 0
      vertex 69.1923482939601 -48.75116081535816 0
    endloop
  endfacet
  facet normal 0 0 -1
    outer loop
      vertex 47.98050297051668 -27.71638597548008 0
      vertex 69.1923482939601 -48.75116081535816 0
      vertex 68.79399625211954 -49.078079886734486 0
    endloop
  endfacet
  facet normal 0 0 -1
    outer loop
      vertex 47.98050297051668 -27.71638597548008 0
      vertex 68.79399625211954 -49.078079886734486 0
      vertex 68.37511558830738 -49.378245532512665 0
    endloop
  endfacet
  facet normal 0 0 -1
    outer loop
      vertex 47.98050297051668 -27.71638597548008 0
      vertex 68.37511558830738 -49.378245532512665 0
      vertex 67.9375 -49.6503723859787 0
    endloop
  endfacet
  facet normal 0 0 -1
    outer loop
      vertex 47.98050297051668 -27.71638597548008 0
      vertex 67.9375 -49.6503723859787 0
      vertex 67.4830234348774 -49.89329517632723 0
    endloop
  endfacet
  facet normal 0 0 -1
    outer loop
      vertex 47.98050297051668 -27.71638597548008 0
      vertex 67.4830234348774 -49.89329517632723 0
      vertex 67.01363202929497 -50.10597365349531 0
    endloop
  endfacet
  facet normal 0 0 -1
    outer loop
      vertex 47.98050297051668 -27.71638597548008 0
      vertex 67.01363202929497 -50.10597365349531 0
      vertex 66.531335785985 -50.287497103214264 0
    endloop
  endfacet
  facet normal 0 0 -1
    outer loop
      vertex 47.98050297051668 -27.71638597548008 0
      vertex 66.531335785985 -50.287497103214264 0
      vertex 66.0381999835372 -50.43708821386099 0
    endloop
  endfacet
  facet normal 0 0 -1
    outer loop
      vertex 47.98050297051668 -27.71638597548008 0
      vertex 66.0381999835372 -50.43708821386099 0
      vertex 65.5363362878561 -50.554106414318085 0
    endloop
  endfacet
  facet normal 0 0 -1
    outer loop
      vertex 47.98050297051668 -27.71638597548008 0
      vertex 65.5363362878561 -50.554106414318085 0
      vertex 65.02789376676083 -50.638050615787506 0
    endloop
  endfacet
  facet normal 0 0 -1
    outer loop
      vertex 47.98050297051668 -27.71638597548008 0
      vertex 65.02789376676083 -50.638050615787506 0
      vertex 64.51504964381456 -50.688561357557774 0
    endloop
  endfacet
  facet normal 0 0 -1
    outer loop
      vertex 47.98050297051668 -27.71638597548008 0
      vertex 64.51504964381456 -50.688561357557774 0
      vertex 64 -50.705422334373 0
    endloop
  endfacet
  facet normal 0 0 -1
    outer loop
      vertex 46.14318396151066 -28.407903887331486 0
      vertex 47.98050297051668 -27.71638597548008 0
      vertex 64 -50.705422334373 0
    endloop
  endfacet
  facet normal 0 0 -1
    outer loop
      vertex 40.5 -36.29999999701977 0
      vertex 46.14318396151066 -28.407903887331486 0
      vertex 64 -50.705422334373 0
    endloop
  endfacet
  facet normal 0 0 -1
    outer loop
      vertex 40.495289631187916 -36.44388688355684 0
      vertex 40.5 -36.29999999701977 0
      vertex 64 -50.705422334373 0
    endloop
  endfacet
  facet normal 0 0 -1
    outer loop
      vertex 40.48117869347334 -36.58715762197971 0
      vertex 40.495289631187916 -36.44388688355684 0
      vertex 64 -50.705422334373 0
    endloop
  endfacet
  facet normal 0 0 -1
    outer loop
      vertex 40.45772761106491 -36.72919870913029 0
      vertex 40.48117869347334 -36.58715762197971 0
      vertex 64 -50.705422334373 0
    endloop
  endfacet
  facet normal 0 0 -1
    outer loop
      vertex 40.42503681778908 -36.86940189450979 0
      vertex 40.45772761106491 -36.72919870913029 0
      vertex 64 -50.705422334373 0
    endloop
  endfacet
  facet normal 0 0 -1
    outer loop
      vertex 40.38324628025293 -37.00716681778431 0
      vertex 40.42503681778908 -36.86940189450979 0
      vertex 64 -50.705422334373 0
    endloop
  endfacet
  facet normal 0 0 -1
    outer loop
      vertex 40.332534968853 -37.141903549432755 0
      vertex 40.38324628025293 -37.00716681778431 0
      vertex 64 -50.705422334373 0
    endloop
  endfacet
  facet normal 0 0 -1
    outer loop
      vertex 40.273120030760765 -37.2730351164937 0
      vertex 40.332534968853 -37.141903549432755 0
      vertex 64 -50.705422334373 0
    endloop
  endfacet
  facet normal 0 0 -1
    outer loop
      vertex 40.20525588840246 -37.399999998509884 0
      vertex 40.273120030760765 -37.2730351164937 0
      vertex 64 -50.705422334373 0
    endloop
  endfacet
  facet normal 0 0 -1
    outer loop
      vertex 40.12923314422369 -37.52225451171398 0
      vertex 40.20525588840246 -37.399999998509884 0
      vertex 64 -50.705422334373 0
    endloop
  endfacet
  facet normal 0 0 -1
    outer loop
      vertex 40.04537734389305 -37.63927514106035 0
      vertex 40.12923314422369 -37.52225451171398 0
      vertex 64 -50.705422334373 0
    endloop
  endfacet
  facet normal 0 0 -1
    outer loop
      vertex 39.954047575592995 -37.75056079030037 0
      vertex 40.04537734389305 -37.63927514106035 0
      vertex 64 -50.705422334373 0
    endloop
  endfacet
  facet normal 0 0 -1
    outer loop
      vertex 39.85563491284847 -37.85563491284847 0
      vertex 39.954047575592995 -37.75056079030037 0
      vertex 64 -50.705422334373 0
    endloop
  endfacet
  facet normal 0 0 -1
    outer loop
      vertex 39.75056079030037 -37.954047575592995 0
      vertex 39.85563491284847 -37.85563491284847 0
      vertex 64 -50.705422334373 0
    endloop
  endfacet
  facet normal 0 0 -1
    outer loop
      vertex 39.63927514106035 -38.04537734389305 0
      vertex 39.75056079030037 -37.954047575592995 0
      vertex 64 -50.705422334373 0
    endloop
  endfacet
  facet normal 0 0 -1
    outer loop
      vertex 39.52225451171398 -38.12923314422369 0
      vertex 39.63927514106035 -38.04537734389305 0
      vertex 64 -50.705422334373 0
    endloop
  endfacet
  facet normal 0 0 -1
    outer loop
      vertex 39.399999998509884 -38.20525588840246 0
      vertex 39.52225451171398 -38.12923314422369 0
      vertex 64 -50.705422334373 0
    endloop
  endfacet
  facet normal 0 0 -1
    outer loop
      vertex 39.2730351164937 -38.273120030760765 0
      vertex 39.399999998509884 -38.20525588840246 0
      vertex 64 -50.705422334373 0
    endloop
  endfacet
  facet normal 0 0 -1
    outer loop
      vertex 39.141903549432755 -38.332534968853 0
      vertex 39.2730351164937 -38.273120030760765 0
      vertex 64 -50.705422334373 0
    endloop
  endfacet
  facet normal 0 0 -1
    outer loop
      vertex 39.00716681778431 -38.38324628025293 0
      vertex 39.141903549432755 -38.332534968853 0
      vertex 64 -50.705422334373 0
    endloop
  endfacet
  facet normal 0 0 -1
    outer loop
      vertex 38.86940189450979 -38.42503681778908 0
      vertex 39.00716681778431 -38.38324628025293 0
      vertex 64 -50.705422334373 0
    endloop
  endfacet
  facet normal 0 0 -1
    outer loop
      vertex 38.72919870913029 -38.45772761106491 0
      vertex 38.86940189450979 -38.42503681778908 0
      vertex 64 -50.705422334373 0
    endloop
  endfacet
  facet normal 0 0 -1
    outer loop
      vertex 38.58715762197971 -38.48117869347334 0
      vertex 38.72919870913029 -38.45772761106491 0
      vertex 64 -50.705422334373 0
    endloop
  endfacet
  facet normal 0 0 -1
    outer loop
      vertex -47.98050297051668 -27.71638597548008 0
      vertex -46.14318396151066 -28.407903887331486 0
      vertex -40.5 -36.29999999701977 0
    endloop
  endfacet
  facet normal 0 0 -1
    outer loop
      vertex -47.98050297051668 -27.71638597548008 0
      vertex -40.5 -36.29999999701977 0
      vertex -40.495289631187916 -36.44388688355684 0
    endloop
  endfacet
  facet normal 0 0 -1
    outer loop
      vertex -47.98050297051668 -27.71638597548008 0
      vertex -40.495289631187916 -36.44388688355684 0
      vertex -40.48117869347334 -36.58715762197971 0
    endloop
  endfacet
  facet normal 0 0 -1
    outer loop
      vertex 25.01949702948332 -27.71638597548008 0
      vertex 26.85681603848934 -28.407903887331486 0
      vertex 32.5 -36.29999999701977 0
    endloop
  endfacet
  facet normal 0 0 -1
    outer loop
      vertex 25.01949702948332 -27.71638597548008 0
      vertex 32.5 -36.29999999701977 0
      vertex 32.504710368812084 -36.44388688355684 0
    endloop
  endfacet
  facet normal 0 0 -1
    outer loop
      vertex 25.01949702948332 -27.71638597548008 0
      vertex 32.504710368812084 -36.44388688355684 0
      vertex 32.51882130652666 -36.58715762197971 0
    endloop
  endfacet
  facet normal 0 0 -1
    outer loop
      vertex -32.5 -36.29999999701977 0
      vertex -26.85681603848934 -28.407903887331486 0
      vertex -25.01949702948332 -27.71638597548008 0
    endloop
  endfacet
  facet normal 0 0 -1
    outer loop
      vertex -32.504710368812084 -36.44388688355684 0
      vertex -32.5 -36.29999999701977 0
      vertex -25.01949702948332 -27.71638597548008 0
    endloop
  endfacet
  facet normal 0 0 -1
    outer loop
      vertex -32.51882130652666 -36.58715762197971 0
      vertex -32.504710368812084 -36.44388688355684 0
      vertex -25.01949702948332 -27.71638597548008 0
    endloop
  endfacet
  facet normal 0 0 -1
    outer loop
      vertex 38.58715762197971 -38.48117869347334 0
      vertex 64 -50.705422334373 0
      vertex -64 -50.705422334373 0
    endloop
  endfacet
  facet normal 0 0 -1
    outer loop
      vertex 38.44388688355684 -38.495289631187916 0
      vertex 38.58715762197971 -38.48117869347334 0
      vertex -64 -50.705422334373 0
    endloop
  endfacet
  facet normal 0 0 -1
    outer loop
      vertex 38.29999999701977 -38.5 0
      vertex 38.44388688355684 -38.495289631187916 0
      vertex -64 -50.705422334373 0
    endloop
  endfacet
  facet normal 0 0 -1
    outer loop
      vertex 34.70000000298023 -38.5 0
      vertex 38.29999999701977 -38.5 0
      vertex -64 -50.705422334373 0
    endloop
  endfacet
  facet normal 0 0 -1
    outer loop
      vertex 34.55611311644316 -38.495289631187916 0
      vertex 34.70000000298023 -38.5 0
      vertex -64 -50.705422334373 0
    endloop
  endfacet
  facet normal 0 0 -1
    outer loop
      vertex 34.41284237802029 -38.48117869347334 0
      vertex 34.55611311644316 -38.495289631187916 0
      vertex -64 -50.705422334373 0
    endloop
  endfacet
  facet normal 0 0 -1
    outer loop
      vertex 34.27080129086971 -38.45772761106491 0
      vertex 34.41284237802029 -38.48117869347334 0
      vertex -64 -50.705422334373 0
    endloop
  endfacet
  facet normal 0 0 -1
    outer loop
      vertex 34.13059810549021 -38.42503681778908 0
      vertex 34.27080129086971 -38.45772761106491 0
      vertex -64 -50.705422334373 0
    endloop
  endfacet
  facet normal 0 0 -1
    outer loop
      vertex -19.832893006503582 -24.944088369607925 0
      vertex 19.832893006503582 -24.944088369607925 0
      vertex 21.5 -25.980762116611004 0
    endloop
  endfacet
  facet normal 0 0 -1
    outer loop
      vertex -21.5 -25.980762116611004 0
      vertex -19.832893006503582 -24.944088369607925 0
      vertex 21.5 -25.980762116611004 0
    endloop
  endfacet
  facet normal 0 0 -1
    outer loop
      vertex 19.832893006503582 24.944088369607925 0
      vertex -19.832893006503582 24.944088369607925 0
      vertex -21.5 25.980762116611004 0
    endloop
  endfacet
  facet normal 0 0 -1
    outer loop
      vertex 21.5 25.980762116611004 0
      vertex 19.832893006503582 24.944088369607925 0
      vertex -21.5 25.980762116611004 0
    endloop
  endfacet
  facet normal 0 0 -1
    outer loop
      vertex 33.99283318221569 -38.38324628025293 0
      vertex 34.13059810549021 -38.42503681778908 0
      vertex -64 -50.705422334373 0
    endloop
  endfacet
  facet normal 0 0 -1
    outer loop
      vertex 33.858096450567245 -38.332534968853 0
      vertex 33.99283318221569 -38.38324628025293 0
      vertex -64 -50.705422334373 0
    endloop
  endfacet
  facet normal 0 0 -1
    outer loop
      vertex 33.7269648835063 -38.273120030760765 0
      vertex 33.858096450567245 -38.332534968853 0
      vertex -64 -50.705422334373 0
    endloop
  endfacet
  facet normal 0 0 -1
    outer loop
      vertex 33.600000001490116 -38.20525588840246 0
      vertex 33.7269648835063 -38.273120030760765 0
      vertex -64 -50.705422334373 0
    endloop
  endfacet
  facet normal 0 0 -1
    outer loop
      vertex 33.47774548828602 -38.12923314422369 0
      vertex 33.600000001490116 -38.20525588840246 0
      vertex -64 -50.705422334373 0
    endloop
  endfacet
  facet normal 0 0 -1
    outer loop
      vertex 33.36072485893965 -38.04537734389305 0
      vertex 33.47774548828602 -38.12923314422369 0
      vertex -64 -50.705422334373 0
    endloop
  endfacet
  facet normal 0 0 -1
    outer loop
      vertex 33.24943920969963 -37.954047575592995 0
      vertex 33.36072485893965 -38.04537734389305 0
      vertex -64 -50.705422334373 0
    endloop
  endfacet
  facet normal 0 0 -1
    outer loop
      vertex 33.14436508715153 -37.85563491284847 0
      vertex 33.24943920969963 -37.954047575592995 0
      vertex -64 -50.705422334373 0
    endloop
  endfacet
  facet normal 0 0 -1
    outer loop
      vertex 33.045952424407005 -37.75056079030037 0
      vertex 33.14436508715153 -37.85563491284847 0
      vertex -64 -50.705422334373 0
    endloop
  endfacet
  facet normal 0 0 -1
    outer loop
      vertex 32.95462265610695 -37.63927514106035 0
      vertex 33.045952424407005 -37.75056079030037 0
      vertex -64 -50.705422334373 0
    endloop
  endfacet
  facet normal 0 0 -1
    outer loop
      vertex 32.87076685577631 -37.52225451171398 0
      vertex 32.95462265610695 -37.63927514106035 0
      vertex -64 -50.705422334373 0
    endloop
  endfacet
  facet normal 0 0 -1
    outer loop
      vertex 32.79474411159754 -37.399999998509884 0
      vertex 32.87076685577631 -37.52225451171398 0
      vertex -64 -50.705422334373 0
    endloop
  endfacet
  facet normal 0 0 -1
    outer loop
      vertex -47.98050297051668 -27.71638597548008 0
      vertex -40.48117869347334 -36.58715762197971 0
      vertex -40.45772761106491 -36.72919870913029 0
    endloop
  endfacet
  facet normal 0 0 -1
    outer loop
      vertex 25.01949702948332 -27.71638597548008 0
      vertex 32.51882130652666 -36.58715762197971 0
      vertex 32.54227238893509 -36.72919870913029 0
    endloop
  endfacet
  facet normal 0 0 -1
    outer loop
      vertex -32.54227238893509 -36.72919870913029 0
      vertex -32.51882130652666 -36.58715762197971 0
      vertex -25.01949702948332 -27.71638597548008 0
    endloop
  endfacet
  facet normal 0 0 -1
    outer loop
      vertex 32.726879969239235 -37.2730351164937 0
      vertex 32.79474411159754 -37.399999998509884 0
      vertex -64 -50.705422334373 0
    endloop
  endfacet
  facet normal 0 0 -1
    outer loop
      vertex 32.667465031147 -37.141903549432755 0
      vertex 32.726879969239235 -37.2730351164937 0
      vertex -64 -50.705422334373 0
    endloop
  endfacet
  facet normal 0 0 -1
    outer loop
      vertex 32.61675371974707 -37.00716681778431 0
      vertex 32.667465031147 -37.141903549432755 0
      vertex -64 -50.705422334373 0
    endloop
  endfacet
  facet normal 0 0 -1
    outer loop
      vertex 32.57496318221092 -36.86940189450979 0
      vertex 32.61675371974707 -37.00716681778431 0
      vertex -64 -50.705422334373 0
    endloop
  endfacet
  facet normal 0 0 -1
    outer loop
      vertex 32.54227238893509 -36.72919870913029 0
      vertex 32.57496318221092 -36.86940189450979 0
      vertex -64 -50.705422334373 0
    endloop
  endfacet
  facet normal 0 0 -1
    outer loop
      vertex 64 50.705422334373 0
      vertex 34.537906125187874 29.93576769530773 0
      vertex 32.584214232861996 29.743345841765404 0
    endloop
  endfacet
  facet normal 0 0 -1
    outer loop
      vertex -21.5 -25.980762116611004 0
      vertex 21.5 -25.980762116611004 0
      vertex 23.231339290738106 -26.90618224442005 0
    endloop
  endfacet
  facet normal 0 0 -1
    outer loop
      vertex -23.231339290738106 -26.90618224442005 0
      vertex -21.5 -25.980762116611004 0
      vertex 23.231339290738106 -26.90618224442005 0
    endloop
  endfacet
  facet normal 0 0 -1
    outer loop
      vertex 21.5 25.980762116611004 0
      vertex -21.5 25.980762116611004 0
      vertex -23.231339290738106 26.90618224442005 0
    endloop
  endfacet
  facet normal 0 0 -1
    outer loop
      vertex 23.231339290738106 26.90618224442005 0
      vertex 21.5 25.980762116611004 0
      vertex -23.231339290738106 26.90618224442005 0
    endloop
  endfacet
  facet normal 0 0 -1
    outer loop
      vertex -47.98050297051668 -27.71638597548008 0
      vertex -40.45772761106491 -36.72919870913029 0
      vertex -40.42503681778908 -36.86940189450979 0
    endloop
  endfacet
  facet normal 0 0 -1
    outer loop
      vertex -32.57496318221092 -36.86940189450979 0
      vertex -32.54227238893509 -36.72919870913029 0
      vertex -25.01949702948332 -27.71638597548008 0
    endloop
  endfacet
  facet normal 0 0 -1
    outer loop
      vertex -49.768660709261894 -26.90618224442005 0
      vertex -47.98050297051668 -27.71638597548008 0
      vertex -40.42503681778908 -36.86940189450979 0
    endloop
  endfacet
  facet normal 0 0 -1
    outer loop
      vertex -49.768660709261894 -26.90618224442005 0
      vertex -40.42503681778908 -36.86940189450979 0
      vertex -40.38324628025293 -37.00716681778431 0
    endloop
  endfacet
  facet normal 0 0 -1
    outer loop
      vertex -32.57496318221092 -36.86940189450979 0
      vertex -25.01949702948332 -27.71638597548008 0
      vertex -23.231339290738106 -26.90618224442005 0
    endloop
  endfacet
  facet normal 0 0 -1
    outer loop
      vertex -32.57496318221092 -36.86940189450979 0
      vertex -23.231339290738106 -26.90618224442005 0
      vertex 23.231339290738106 -26.90618224442005 0
    endloop
  endfacet
  facet normal 0 0 -1
    outer loop
      vertex -32.61675371974707 -37.00716681778431 0
      vertex -32.57496318221092 -36.86940189450979 0
      vertex 23.231339290738106 -26.90618224442005 0
    endloop
  endfacet
  facet normal 0 0 -1
    outer loop
      vertex -32.667465031147 -37.141903549432755 0
      vertex -32.61675371974707 -37.00716681778431 0
      vertex 23.231339290738106 -26.90618224442005 0
    endloop
  endfacet
  facet normal 0 0 -1
    outer loop
      vertex -32.726879969239235 -37.2730351164937 0
      vertex -32.667465031147 -37.141903549432755 0
      vertex 23.231339290738106 -26.90618224442005 0
    endloop
  endfacet
  facet normal 0 0 -1
    outer loop
      vertex -32.79474411159754 -37.399999998509884 0
      vertex -32.726879969239235 -37.2730351164937 0
      vertex 23.231339290738106 -26.90618224442005 0
    endloop
  endfacet
  facet normal 0 0 -1
    outer loop
      vertex -32.87076685577631 -37.52225451171398 0
      vertex -32.79474411159754 -37.399999998509884 0
      vertex 23.231339290738106 -26.90618224442005 0
    endloop
  endfacet
  facet normal 0 0 -1
    outer loop
      vertex -32.95462265610695 -37.63927514106035 0
      vertex -32.87076685577631 -37.52225451171398 0
      vertex 23.231339290738106 -26.90618224442005 0
    endloop
  endfacet
  facet normal 0 0 -1
    outer loop
      vertex -33.045952424407005 -37.75056079030037 0
      vertex -32.95462265610695 -37.63927514106035 0
      vertex 23.231339290738106 -26.90618224442005 0
    endloop
  endfacet
  facet normal 0 0 -1
    outer loop
      vertex -33.14436508715153 -37.85563491284847 0
      vertex -33.045952424407005 -37.75056079030037 0
      vertex 23.231339290738106 -26.90618224442005 0
    endloop
  endfacet
  facet normal 0 0 -1
    outer loop
      vertex -33.14436508715153 -37.85563491284847 0
      vertex 23.231339290738106 -26.90618224442005 0
      vertex 25.01949702948332 -27.71638597548008 0
    endloop
  endfacet
  facet normal 0 0 -1
    outer loop
      vertex -33.14436508715153 -37.85563491284847 0
      vertex 25.01949702948332 -27.71638597548008 0
      vertex 32.54227238893509 -36.72919870913029 0
    endloop
  endfacet
  facet normal 0 0 -1
    outer loop
      vertex -33.24943920969963 -37.954047575592995 0
      vertex -33.14436508715153 -37.85563491284847 0
      vertex 32.54227238893509 -36.72919870913029 0
    endloop
  endfacet
  facet normal 0 0 -1
    outer loop
      vertex -33.36072485893965 -38.04537734389305 0
      vertex -33.24943920969963 -37.954047575592995 0
      vertex 32.54227238893509 -36.72919870913029 0
    endloop
  endfacet
  facet normal 0 0 -1
    outer loop
      vertex -33.47774548828602 -38.12923314422369 0
      vertex -33.36072485893965 -38.04537734389305 0
      vertex 32.54227238893509 -36.72919870913029 0
    endloop
  endfacet
  facet normal 0 0 -1
    outer loop
      vertex -33.600000001490116 -38.20525588840246 0
      vertex -33.47774548828602 -38.12923314422369 0
      vertex 32.54227238893509 -36.72919870913029 0
    endloop
  endfacet
  facet normal 0 0 -1
    outer loop
      vertex -33.7269648835063 -38.273120030760765 0
      vertex -33.600000001490116 -38.20525588840246 0
      vertex 32.54227238893509 -36.72919870913029 0
    endloop
  endfacet
  facet normal 0 0 -1
    outer loop
      vertex -64 50.705422334373 0
      vertex 64 50.705422334373 0
      vertex 32.584214232861996 29.743345841765404 0
    endloop
  endfacet
  facet normal 0 0 -1
    outer loop
      vertex -64 50.705422334373 0
      vertex 32.584214232861996 29.743345841765404 0
      vertex 30.647290341556072 29.42355841398239 0
    endloop
  endfacet
  facet normal 0 0 -1
    outer loop
      vertex 23.231339290738106 26.90618224442005 0
      vertex -23.231339290738106 26.90618224442005 0
      vertex -25.01949702948332 27.71638597548008 0
    endloop
  endfacet
  facet normal 0 0 -1
    outer loop
      vertex 25.01949702948332 27.71638597548008 0
      vertex 23.231339290738106 26.90618224442005 0
      vertex -25.01949702948332 27.71638597548008 0
    endloop
  endfacet
  facet normal 0 0 -1
    outer loop
      vertex -64 50.705422334373 0
      vertex 30.647290341556072 29.42355841398239 0
      vertex 28.735428646206856 28.977774791419506 0
    endloop
  endfacet
  facet normal 0 0 -1
    outer loop
      vertex -64 50.705422334373 0
      vertex 28.735428646206856 28.977774791419506 0
      vertex 26.85681603848934 28.407903887331486 0
    endloop
  endfacet
  facet normal 0 0 -1
    outer loop
      vertex -33.858096450567245 -38.332534968853 0
      vertex -33.7269648835063 -38.273120030760765 0
      vertex 32.54227238893509 -36.72919870913029 0
    endloop
  endfacet
  facet normal 0 0 -1
    outer loop
      vertex -33.858096450567245 -38.332534968853 0
      vertex 32.54227238893509 -36.72919870913029 0
      vertex -64 -50.705422334373 0
    endloop
  endfacet
  facet normal 0 0 -1
    outer loop
      vertex -33.99283318221569 -38.38324628025293 0
      vertex -33.858096450567245 -38.332534968853 0
      vertex -64 -50.705422334373 0
    endloop
  endfacet
  facet normal 0 0 -1
    outer loop
      vertex -34.13059810549021 -38.42503681778908 0
      vertex -33.99283318221569 -38.38324628025293 0
      vertex -64 -50.705422334373 0
    endloop
  endfacet
  facet normal 0 0 -1
    outer loop
      vertex -34.27080129086971 -38.45772761106491 0
      vertex -34.13059810549021 -38.42503681778908 0
      vertex -64 -50.705422334373 0
    endloop
  endfacet
  facet normal 0 0 -1
    outer loop
      vertex -34.41284237802029 -38.48117869347334 0
      vertex -34.27080129086971 -38.45772761106491 0
      vertex -64 -50.705422334373 0
    endloop
  endfacet
  facet normal 0 0 -1
    outer loop
      vertex -34.55611311644316 -38.495289631187916 0
      vertex -34.41284237802029 -38.48117869347334 0
      vertex -64 -50.705422334373 0
    endloop
  endfacet
  facet normal 0 0 -1
    outer loop
      vertex -34.70000000298023 -38.5 0
      vertex -34.55611311644316 -38.495289631187916 0
      vertex -64 -50.705422334373 0
    endloop
  endfacet
  facet normal 0 0 -1
    outer loop
      vertex -38.29999999701977 -38.5 0
      vertex -34.70000000298023 -38.5 0
      vertex -64 -50.705422334373 0
    endloop
  endfacet
  facet normal 0 0 -1
    outer loop
      vertex -38.44388688355684 -38.495289631187916 0
      vertex -38.29999999701977 -38.5 0
      vertex -64 -50.705422334373 0
    endloop
  endfacet
  facet normal 0 0 -1
    outer loop
      vertex -38.58715762197971 -38.48117869347334 0
      vertex -38.44388688355684 -38.495289631187916 0
      vertex -64 -50.705422334373 0
    endloop
  endfacet
  facet normal 0 0 -1
    outer loop
      vertex -38.72919870913029 -38.45772761106491 0
      vertex -38.58715762197971 -38.48117869347334 0
      vertex -64 -50.705422334373 0
    endloop
  endfacet
  facet normal 0 0 -1
    outer loop
      vertex -38.86940189450979 -38.42503681778908 0
      vertex -38.72919870913029 -38.45772761106491 0
      vertex -64 -50.705422334373 0
    endloop
  endfacet
  facet normal 0 0 -1
    outer loop
      vertex -39.00716681778431 -38.38324628025293 0
      vertex -38.86940189450979 -38.42503681778908 0
      vertex -64 -50.705422334373 0
    endloop
  endfacet
  facet normal 0 0 -1
    outer loop
      vertex -39.141903549432755 -38.332534968853 0
      vertex -39.00716681778431 -38.38324628025293 0
      vertex -64 -50.705422334373 0
    endloop
  endfacet
  facet normal 0 0 -1
    outer loop
      vertex -39.2730351164937 -38.273120030760765 0
      vertex -39.141903549432755 -38.332534968853 0
      vertex -64 -50.705422334373 0
    endloop
  endfacet
  facet normal 0 0 -1
    outer loop
      vertex -39.399999998509884 -38.20525588840246 0
      vertex -39.2730351164937 -38.273120030760765 0
      vertex -64 -50.705422334373 0
    endloop
  endfacet
  facet normal 0 0 -1
    outer loop
      vertex -39.52225451171398 -38.12923314422369 0
      vertex -39.399999998509884 -38.20525588840246 0
      vertex -64 -50.705422334373 0
    endloop
  endfacet
  facet normal 0 0 -1
    outer loop
      vertex -39.63927514106035 -38.04537734389305 0
      vertex -39.52225451171398 -38.12923314422369 0
      vertex -64 -50.705422334373 0
    endloop
  endfacet
  facet normal 0 0 -1
    outer loop
      vertex -39.75056079030037 -37.954047575592995 0
      vertex -39.63927514106035 -38.04537734389305 0
      vertex -64 -50.705422334373 0
    endloop
  endfacet
  facet normal 0 0 -1
    outer loop
      vertex -39.85563491284847 -37.85563491284847 0
      vertex -39.75056079030037 -37.954047575592995 0
      vertex -64 -50.705422334373 0
    endloop
  endfacet
  facet normal 0 0 -1
    outer loop
      vertex -39.954047575592995 -37.75056079030037 0
      vertex -39.85563491284847 -37.85563491284847 0
      vertex -64 -50.705422334373 0
    endloop
  endfacet
  facet normal 0 0 -1
    outer loop
      vertex -40.04537734389305 -37.63927514106035 0
      vertex -39.954047575592995 -37.75056079030037 0
      vertex -64 -50.705422334373 0
    endloop
  endfacet
  facet normal 0 0 -1
    outer loop
      vertex -40.12923314422369 -37.52225451171398 0
      vertex -40.04537734389305 -37.63927514106035 0
      vertex -64 -50.705422334373 0
    endloop
  endfacet
  facet normal 0 0 -1
    outer loop
      vertex -40.20525588840246 -37.399999998509884 0
      vertex -40.12923314422369 -37.52225451171398 0
      vertex -64 -50.705422334373 0
    endloop
  endfacet
  facet normal 0 0 -1
    outer loop
      vertex -40.273120030760765 -37.2730351164937 0
      vertex -40.20525588840246 -37.399999998509884 0
      vertex -64 -50.705422334373 0
    endloop
  endfacet
  facet normal 0 0 -1
    outer loop
      vertex -40.332534968853 -37.141903549432755 0
      vertex -40.273120030760765 -37.2730351164937 0
      vertex -64 -50.705422334373 0
    endloop
  endfacet
  facet normal 0 0 -1
    outer loop
      vertex -40.38324628025293 -37.00716681778431 0
      vertex -40.332534968853 -37.141903549432755 0
      vertex -64 -50.705422334373 0
    endloop
  endfacet
  facet normal 0 0 -1
    outer loop
      vertex -49.768660709261894 -26.90618224442005 0
      vertex -40.38324628025293 -37.00716681778431 0
      vertex -64 -50.705422334373 0
    endloop
  endfacet
  facet normal 0 0 -1
    outer loop
      vertex -51.5 -25.980762116611004 0
      vertex -49.768660709261894 -26.90618224442005 0
      vertex -64 -50.705422334373 0
    endloop
  endfacet
  facet normal 0 0 -1
    outer loop
      vertex -53.16710699349642 -24.944088369607925 0
      vertex -51.5 -25.980762116611004 0
      vertex -64 -50.705422334373 0
    endloop
  endfacet
  facet normal 0 0 -1
    outer loop
      vertex -54.76284287124872 -23.800600208342075 0
      vertex -53.16710699349642 -24.944088369607925 0
      vertex -64 -50.705422334373 0
    endloop
  endfacet
  facet normal 0 0 -1
    outer loop
      vertex -54.76284287124872 -23.800600208342075 0
      vertex -64 -50.705422334373 0
      vertex -64.51504964381456 -50.688561357557774 0
    endloop
  endfacet
  facet normal 0 0 -1
    outer loop
      vertex -54.76284287124872 -23.800600208342075 0
      vertex -64.51504964381456 -50.688561357557774 0
      vertex -65.02789376676083 -50.638050615787506 0
    endloop
  endfacet
  facet normal 0 0 -1
    outer loop
      vertex -54.76284287124872 -23.800600208342075 0
      vertex -65.02789376676083 -50.638050615787506 0
      vertex -65.5363362878561 -50.554106414318085 0
    endloop
  endfacet
  facet normal 0 0 -1
    outer loop
      vertex -54.76284287124872 -23.800600208342075 0
      vertex -65.5363362878561 -50.554106414318085 0
      vertex -66.0381999835372 -50.43708821386099 0
    endloop
  endfacet
  facet normal 0 0 -1
    outer loop
      vertex -54.76284287124872 -23.800600208342075 0
      vertex -66.0381999835372 -50.43708821386099 0
      vertex -66.531335785985 -50.287497103214264 0
    endloop
  endfacet
  facet normal 0 0 -1
    outer loop
      vertex -54.76284287124872 -23.800600208342075 0
      vertex -66.531335785985 -50.287497103214264 0
      vertex -67.01363202929497 -50.10597365349531 0
    endloop
  endfacet
  facet normal 0 0 -1
    outer loop
      vertex -54.76284287124872 -23.800600208342075 0
      vertex -67.01363202929497 -50.10597365349531 0
      vertex -67.4830234348774 -49.89329517632723 0
    endloop
  endfacet
  facet normal 0 0 -1
    outer loop
      vertex -54.76284287124872 -23.800600208342075 0
      vertex -67.4830234348774 -49.89329517632723 0
      vertex -67.9375 -49.6503723859787 0
    endloop
  endfacet
  facet normal 0 0 -1
    outer loop
      vertex -54.76284287124872 -23.800600208342075 0
      vertex -67.9375 -49.6503723859787 0
      vertex -68.37511558830738 -49.378245532512665 0
    endloop
  endfacet
  facet normal 0 0 -1
    outer loop
      vertex -54.76284287124872 -23.800600208342075 0
      vertex -68.37511558830738 -49.378245532512665 0
      vertex -68.79399625211954 -49.078079886734486 0
    endloop
  endfacet
  facet normal 0 0 -1
    outer loop
      vertex -54.76284287124872 -23.800600208342075 0
      vertex -68.79399625211954 -49.078079886734486 0
      vertex -69.1923482939601 -48.75116081535816 0
    endloop
  endfacet
  facet normal 0 0 -1
    outer loop
      vertex -54.76284287124872 -23.800600208342075 0
      vertex -69.1923482939601 -48.75116081535816 0
      vertex -69.56846590340137 -48.39888823777437 0
    endloop
  endfacet
  facet normal 0 0 -1
    outer loop
      vertex -54.76284287124872 -23.800600208342075 0
      vertex -69.56846590340137 -48.39888823777437 0
      vertex -69.92073848098516 -48.02277062833309 0
    endloop
  endfacet
  facet normal 0 0 -1
    outer loop
      vertex -54.76284287124872 -23.800600208342075 0
      vertex -69.92073848098516 -48.02277062833309 0
      vertex -70.24765755236149 -47.62441858649254 0
    endloop
  endfacet
  facet normal 0 0 -1
    outer loop
      vertex -54.76284287124872 -23.800600208342075 0
      vertex -70.24765755236149 -47.62441858649254 0
      vertex -70.54782319813967 -47.20553792268038 0
    endloop
  endfacet
  facet normal 0 0 -1
    outer loop
      vertex -54.76284287124872 -23.800600208342075 0
      vertex -70.54782319813967 -47.20553792268038 0
      vertex -70.8199500516057 -46.767922334373 0
    endloop
  endfacet
  facet normal 0 0 -1
    outer loop
      vertex -54.76284287124872 -23.800600208342075 0
      vertex -70.8199500516057 -46.767922334373 0
      vertex -71.06287284195423 -46.31344576925039 0
    endloop
  endfacet
  facet normal 0 0 -1
    outer loop
      vertex -54.76284287124872 -23.800600208342075 0
      vertex -71.06287284195423 -46.31344576925039 0
      vertex -71.27555131912231 -45.844054363667965 0
    endloop
  endfacet
  facet normal 0 0 -1
    outer loop
      vertex -54.76284287124872 -23.800600208342075 0
      vertex -71.27555131912231 -45.844054363667965 0
      vertex -71.45707476884127 -45.36175812035799 0
    endloop
  endfacet
  facet normal 0 0 -1
    outer loop
      vertex -54.76284287124872 -23.800600208342075 0
      vertex -71.45707476884127 -45.36175812035799 0
      vertex -71.60666587948799 -44.868622317910194 0
    endloop
  endfacet
  facet normal 0 0 -1
    outer loop
      vertex -54.76284287124872 -23.800600208342075 0
      vertex -71.60666587948799 -44.868622317910194 0
      vertex -71.72368407994509 -44.3667586222291 0
    endloop
  endfacet
  facet normal 0 0 -1
    outer loop
      vertex -54.76284287124872 -23.800600208342075 0
      vertex -71.72368407994509 -44.3667586222291 0
      vertex -71.80762828141451 -43.85831610113382 0
    endloop
  endfacet
  facet normal 0 0 -1
    outer loop
      vertex -54.76284287124872 -23.800600208342075 0
      vertex -71.80762828141451 -43.85831610113382 0
      vertex -71.85813902318478 -43.34547197818756 0
    endloop
  endfacet
  facet normal 0 0 -1
    outer loop
      vertex -54.76284287124872 -23.800600208342075 0
      vertex -71.85813902318478 -43.34547197818756 0
      vertex -71.875 -42.830422334373 0
    endloop
  endfacet
  facet normal 0 0 -1
    outer loop
      vertex -56.28037445247173 -22.555194221436977 0
      vertex -54.76284287124872 -23.800600208342075 0
      vertex -71.875 -42.830422334373 0
    endloop
  endfacet
  facet normal 0 0 -1
    outer loop
      vertex -57.71320343762636 -21.213203437626362 0
      vertex -56.28037445247173 -22.555194221436977 0
      vertex -71.875 -42.830422334373 0
    endloop
  endfacet
  facet normal 0 0 -1
    outer loop
      vertex -59.05519422143698 -19.780374452471733 0
      vertex -57.71320343762636 -21.213203437626362 0
      vertex -71.875 -42.830422334373 0
    endloop
  endfacet
  facet normal 0 0 -1
    outer loop
      vertex -60.300600208342075 -18.262842871248722 0
      vertex -59.05519422143698 -19.780374452471733 0
      vertex -71.875 -42.830422334373 0
    endloop
  endfacet
  facet normal 0 0 -1
    outer loop
      vertex -61.444088369607925 -16.667106993496418 0
      vertex -60.300600208342075 -18.262842871248722 0
      vertex -71.875 -42.830422334373 0
    endloop
  endfacet
  facet normal 0 0 -1
    outer loop
      vertex -62.480762116611004 -15 0
      vertex -61.444088369607925 -16.667106993496418 0
      vertex -71.875 -42.830422334373 0
    endloop
  endfacet
  facet normal 0 0 -1
    outer loop
      vertex -63.40618224442005 -13.268660709261894 0
      vertex -62.480762116611004 -15 0
      vertex -71.875 -42.830422334373 0
    endloop
  endfacet
  facet normal 0 0 -1
    outer loop
      vertex -64.21638597548008 -11.480502970516682 0
      vertex -63.40618224442005 -13.268660709261894 0
      vertex -71.875 -42.830422334373 0
    endloop
  endfacet
  facet normal 0 0 -1
    outer loop
      vertex -64.90790388733149 -9.643183961510658 0
      vertex -64.21638597548008 -11.480502970516682 0
      vertex -71.875 -42.830422334373 0
    endloop
  endfacet
  facet normal 0 0 -1
    outer loop
      vertex -65.4777747914195 -7.764571353793144 0
      vertex -64.90790388733149 -9.643183961510658 0
      vertex -71.875 -42.830422334373 0
    endloop
  endfacet
  facet normal 0 0 -1
    outer loop
      vertex -65.92355841398239 -5.852709658443928 0
      vertex -65.4777747914195 -7.764571353793144 0
      vertex -71.875 -42.830422334373 0
    endloop
  endfacet
  facet normal 0 0 -1
    outer loop
      vertex -64 50.705422334373 0
      vertex 26.85681603848934 28.407903887331486 0
      vertex 25.01949702948332 27.71638597548008 0
    endloop
  endfacet
  facet normal 0 0 -1
    outer loop
      vertex -64 50.705422334373 0
      vertex 25.01949702948332 27.71638597548008 0
      vertex -25.01949702948332 27.71638597548008 0
    endloop
  endfacet
  facet normal 0 0 -1
    outer loop
      vertex -64 50.705422334373 0
      vertex -25.01949702948332 27.71638597548008 0
      vertex -26.85681603848934 28.407903887331486 0
    endloop
  endfacet
  facet normal 0 0 -1
    outer loop
      vertex -64 50.705422334373 0
      vertex -26.85681603848934 28.407903887331486 0
      vertex -28.735428646206856 28.977774791419506 0
    endloop
  endfacet
  facet normal 0 0 -1
    outer loop
      vertex -64 50.705422334373 0
      vertex -28.735428646206856 28.977774791419506 0
      vertex -30.647290341556072 29.42355841398239 0
    endloop
  endfacet
  facet normal 0 0 -1
    outer loop
      vertex -64 50.705422334373 0
      vertex -30.647290341556072 29.42355841398239 0
      vertex -32.584214232861996 29.743345841765404 0
    endloop
  endfacet
  facet normal 0 0 -1
    outer loop
      vertex -64 50.705422334373 0
      vertex -32.584214232861996 29.743345841765404 0
      vertex -34.537906125187874 29.93576769530773 0
    endloop
  endfacet
  facet normal 0 0 -1
    outer loop
      vertex -64 50.705422334373 0
      vertex -34.537906125187874 29.93576769530773 0
      vertex -36.5 30 0
    endloop
  endfacet
  facet normal 0 0 -1
    outer loop
      vertex -64 50.705422334373 0
      vertex -36.5 30 0
      vertex -38.462093874812126 29.93576769530773 0
    endloop
  endfacet
  facet normal 0 0 -1
    outer loop
      vertex -64 50.705422334373 0
      vertex -38.462093874812126 29.93576769530773 0
      vertex -40.415785767138004 29.743345841765404 0
    endloop
  endfacet
  facet normal 0 0 -1
    outer loop
      vertex -64 50.705422334373 0
      vertex -40.415785767138004 29.743345841765404 0
      vertex -42.35270965844393 29.42355841398239 0
    endloop
  endfacet
  facet normal 0 0 -1
    outer loop
      vertex -64 50.705422334373 0
      vertex -42.35270965844393 29.42355841398239 0
      vertex -44.264571353793144 28.977774791419506 0
    endloop
  endfacet
  facet normal 0 0 -1
    outer loop
      vertex -64 50.705422334373 0
      vertex -44.264571353793144 28.977774791419506 0
      vertex -46.14318396151066 28.407903887331486 0
    endloop
  endfacet
  facet normal 0 0 -1
    outer loop
      vertex -64 50.705422334373 0
      vertex -46.14318396151066 28.407903887331486 0
      vertex -47.98050297051668 27.71638597548008 0
    endloop
  endfacet
  facet normal 0 0 -1
    outer loop
      vertex -64 50.705422334373 0
      vertex -47.98050297051668 27.71638597548008 0
      vertex -49.768660709261894 26.90618224442005 0
    endloop
  endfacet
  facet normal 0 0 -1
    outer loop
      vertex -64 50.705422334373 0
      vertex -49.768660709261894 26.90618224442005 0
      vertex -51.5 25.980762116611004 0
    endloop
  endfacet
  facet normal 0 0 -1
    outer loop
      vertex -64 50.705422334373 0
      vertex -51.5 25.980762116611004 0
      vertex -53.16710699349642 24.944088369607925 0
    endloop
  endfacet
  facet normal 0 0 -1
    outer loop
      vertex -64 50.705422334373 0
      vertex -53.16710699349642 24.944088369607925 0
      vertex -54.76284287124872 23.800600208342075 0
    endloop
  endfacet
  facet normal 0 0 -1
    outer loop
      vertex -64.51504964381456 50.688561357557774 0
      vertex -64 50.705422334373 0
      vertex -54.76284287124872 23.800600208342075 0
    endloop
  endfacet
  facet normal 0 0 -1
    outer loop
      vertex -65.02789376676083 50.638050615787506 0
      vertex -64.51504964381456 50.688561357557774 0
      vertex -54.76284287124872 23.800600208342075 0
    endloop
  endfacet
  facet normal 0 0 -1
    outer loop
      vertex -65.5363362878561 50.554106414318085 0
      vertex -65.02789376676083 50.638050615787506 0
      vertex -54.76284287124872 23.800600208342075 0
    endloop
  endfacet
  facet normal 0 0 -1
    outer loop
      vertex -66.0381999835372 50.43708821386099 0
      vertex -65.5363362878561 50.554106414318085 0
      vertex -54.76284287124872 23.800600208342075 0
    endloop
  endfacet
  facet normal 0 0 -1
    outer loop
      vertex -66.531335785985 50.287497103214264 0
      vertex -66.0381999835372 50.43708821386099 0
      vertex -54.76284287124872 23.800600208342075 0
    endloop
  endfacet
  facet normal 0 0 -1
    outer loop
      vertex -67.01363202929497 50.10597365349531 0
      vertex -66.531335785985 50.287497103214264 0
      vertex -54.76284287124872 23.800600208342075 0
    endloop
  endfacet
  facet normal 0 0 -1
    outer loop
      vertex -67.4830234348774 49.89329517632723 0
      vertex -67.01363202929497 50.10597365349531 0
      vertex -54.76284287124872 23.800600208342075 0
    endloop
  endfacet
  facet normal 0 0 -1
    outer loop
      vertex -67.9375 49.6503723859787 0
      vertex -67.4830234348774 49.89329517632723 0
      vertex -54.76284287124872 23.800600208342075 0
    endloop
  endfacet
  facet normal 0 0 -1
    outer loop
      vertex -68.37511558830738 49.378245532512665 0
      vertex -67.9375 49.6503723859787 0
      vertex -54.76284287124872 23.800600208342075 0
    endloop
  endfacet
  facet normal 0 0 -1
    outer loop
      vertex -68.79399625211954 49.078079886734486 0
      vertex -68.37511558830738 49.378245532512665 0
      vertex -54.76284287124872 23.800600208342075 0
    endloop
  endfacet
  facet normal 0 0 -1
    outer loop
      vertex -69.1923482939601 48.75116081535816 0
      vertex -68.79399625211954 49.078079886734486 0
      vertex -54.76284287124872 23.800600208342075 0
    endloop
  endfacet
  facet normal 0 0 -1
    outer loop
      vertex -69.56846590340137 48.39888823777437 0
      vertex -69.1923482939601 48.75116081535816 0
      vertex -54.76284287124872 23.800600208342075 0
    endloop
  endfacet
  facet normal 0 0 -1
    outer loop
      vertex -69.92073848098516 48.02277062833309 0
      vertex -69.56846590340137 48.39888823777437 0
      vertex -54.76284287124872 23.800600208342075 0
    endloop
  endfacet
  facet normal 0 0 -1
    outer loop
      vertex -70.24765755236149 47.62441858649254 0
      vertex -69.92073848098516 48.02277062833309 0
      vertex -54.76284287124872 23.800600208342075 0
    endloop
  endfacet
  facet normal 0 0 -1
    outer loop
      vertex -70.54782319813967 47.20553792268038 0
      vertex -70.24765755236149 47.62441858649254 0
      vertex -54.76284287124872 23.800600208342075 0
    endloop
  endfacet
  facet normal 0 0 -1
    outer loop
      vertex -70.8199500516057 46.767922334373 0
      vertex -70.54782319813967 47.20553792268038 0
      vertex -54.76284287124872 23.800600208342075 0
    endloop
  endfacet
  facet normal 0 0 -1
    outer loop
      vertex -71.06287284195423 46.31344576925039 0
      vertex -70.8199500516057 46.767922334373 0
      vertex -54.76284287124872 23.800600208342075 0
    endloop
  endfacet
  facet normal 0 0 -1
    outer loop
      vertex -71.27555131912231 45.844054363667965 0
      vertex -71.06287284195423 46.31344576925039 0
      vertex -54.76284287124872 23.800600208342075 0
    endloop
  endfacet
  facet normal 0 0 -1
    outer loop
      vertex -71.45707476884127 45.36175812035799 0
      vertex -71.27555131912231 45.844054363667965 0
      vertex -54.76284287124872 23.800600208342075 0
    endloop
  endfacet
  facet normal 0 0 -1
    outer loop
      vertex -71.60666587948799 44.868622317910194 0
      vertex -71.45707476884127 45.36175812035799 0
      vertex -54.76284287124872 23.800600208342075 0
    endloop
  endfacet
  facet normal 0 0 -1
    outer loop
      vertex -71.72368407994509 44.3667586222291 0
      vertex -71.60666587948799 44.868622317910194 0
      vertex -54.76284287124872 23.800600208342075 0
    endloop
  endfacet
  facet normal 0 0 -1
    outer loop
      vertex -71.80762828141451 43.85831610113382 0
      vertex -71.72368407994509 44.3667586222291 0
      vertex -54.76284287124872 23.800600208342075 0
    endloop
  endfacet
  facet normal 0 0 -1
    outer loop
      vertex -71.85813902318478 43.34547197818756 0
      vertex -71.80762828141451 43.85831610113382 0
      vertex -54.76284287124872 23.800600208342075 0
    endloop
  endfacet
  facet normal 0 0 -1
    outer loop
      vertex -71.875 42.830422334373 0
      vertex -71.85813902318478 43.34547197818756 0
      vertex -54.76284287124872 23.800600208342075 0
    endloop
  endfacet
  facet normal 0 0 -1
    outer loop
      vertex -71.875 42.830422334373 0
      vertex -54.76284287124872 23.800600208342075 0
      vertex -56.28037445247173 22.555194221436977 0
    endloop
  endfacet
  facet normal 0 0 -1
    outer loop
      vertex -71.875 42.830422334373 0
      vertex -56.28037445247173 22.555194221436977 0
      vertex -57.71320343762636 21.213203437626362 0
    endloop
  endfacet
  facet normal 0 0 -1
    outer loop
      vertex -71.875 42.830422334373 0
      vertex -57.71320343762636 21.213203437626362 0
      vertex -59.05519422143698 19.780374452471733 0
    endloop
  endfacet
  facet normal 0 0 -1
    outer loop
      vertex -71.875 42.830422334373 0
      vertex -59.05519422143698 19.780374452471733 0
      vertex -60.300600208342075 18.262842871248722 0
    endloop
  endfacet
  facet normal 0 0 -1
    outer loop
      vertex -71.875 42.830422334373 0
      vertex -60.300600208342075 18.262842871248722 0
      vertex -61.444088369607925 16.667106993496418 0
    endloop
  endfacet
  facet normal 0 0 -1
    outer loop
      vertex -71.875 42.830422334373 0
      vertex -61.444088369607925 16.667106993496418 0
      vertex -62.480762116611004 15 0
    endloop
  endfacet
  facet normal 0 0 -1
    outer loop
      vertex -71.875 42.830422334373 0
      vertex -62.480762116611004 15 0
      vertex -63.40618224442005 13.268660709261894 0
    endloop
  endfacet
  facet normal 0 0 -1
    outer loop
      vertex -71.875 42.830422334373 0
      vertex -63.40618224442005 13.268660709261894 0
      vertex -64.21638597548008 11.480502970516682 0
    endloop
  endfacet
  facet normal 0 0 -1
    outer loop
      vertex -71.875 42.830422334373 0
      vertex -64.21638597548008 11.480502970516682 0
      vertex -64.90790388733149 9.643183961510658 0
    endloop
  endfacet
  facet normal 0 0 -1
    outer loop
      vertex -71.875 42.830422334373 0
      vertex -64.90790388733149 9.643183961510658 0
      vertex -65.4777747914195 7.764571353793144 0
    endloop
  endfacet
  facet normal 0 0 -1
    outer loop
      vertex -71.875 42.830422334373 0
      vertex -65.4777747914195 7.764571353793144 0
      vertex -65.92355841398239 5.852709658443928 0
    endloop
  endfacet
  facet normal 0 0 -1
    outer loop
      vertex -66.2433458417654 -3.9157857671380043 0
      vertex -65.92355841398239 -5.852709658443928 0
      vertex -71.875 -42.830422334373 0
    endloop
  endfacet
  facet normal 0 0 -1
    outer loop
      vertex -66.2433458417654 -3.9157857671380043 0
      vertex -71.875 -42.830422334373 0
      vertex -71.875 42.830422334373 0
    endloop
  endfacet
  facet normal 0 0 -1
    outer loop
      vertex -66.43576769530773 -1.9620938748121262 0
      vertex -66.2433458417654 -3.9157857671380043 0
      vertex -71.875 42.830422334373 0
    endloop
  endfacet
  facet normal 0 0 -1
    outer loop
      vertex -66.5 0 0
      vertex -66.43576769530773 -1.9620938748121262 0
      vertex -71.875 42.830422334373 0
    endloop
  endfacet
  facet normal 0 0 -1
    outer loop
      vertex -66.43576769530773 1.9620938748121262 0
      vertex -66.5 0 0
      vertex -71.875 42.830422334373 0
    endloop
  endfacet
  facet normal 0 0 -1
    outer loop
      vertex -66.2433458417654 3.9157857671380043 0
      vertex -66.43576769530773 1.9620938748121262 0
      vertex -71.875 42.830422334373 0
    endloop
  endfacet
  facet normal 0 0 -1
    outer loop
      vertex -66.2433458417654 3.9157857671380043 0
      vertex -71.875 42.830422334373 0
      vertex -65.92355841398239 5.852709658443928 0
    endloop
  endfacet
endsolid OpenSCAD_Model
